NO,共通ID,施設・場所名,住所,洪水,崖崩れ、土石流及び地滑り,高潮,地震,津波,大規模な火事,内水氾濫,火山現象,指定避難所との住所同一,緯度,経度,備考
1,E0160900002202,えりも岬小学校体育館,北海道えりも町字えりも岬239,1,1,1,,,1,1,,,41.9381223,143.2397521,
2,E0160900002201,えりも岬小学校グラウンド,北海道えりも町字えりも岬239,1,1,1,1,,1,1,,,41.9373135,143.2400077,
3,E0160900003201,えりも岬保育所,北海道えりも町字えりも岬54-1,1,1,1,,,1,1,,,41.935,143.24143,
4,E0160900001201,林業総合センター,北海道えりも町字えりも岬２３６地先,1,1,1,,1,1,1,,1,41.9386466,143.2384633,
5,E0160900004201,高橋宅前高台,北海道えりも町字歌別101-3,1,1,1,1,,1,1,,,41.994007,143.162772,
6,E0160900005201,歌別共同作業所,北海道えりも町字歌別244-3,1,,1,,1,1,1,,1,41.9865762,143.1645892,
7,E0160900006201,歌別生活館,北海道えりも町字歌別252,,1,1,,,1,1,,1,41.997664,143.166358,
8,E0160900007201,中央保育所避難路高台,北海道えりも町字歌別260-4,1,1,1,1,,1,1,,,41.998614,143.16596,
9,E0160900008201,清掃センター駐車場,北海道えりも町字歌別286-1,1,1,1,1,1,1,1,,,42.0015,143.1742,
10,E0160900009201,岩間板金作業所横,北海道えりも町字歌別42-7,1,1,1,1,,1,1,,,41.999375,143.161553,
11,E0160900010201,上歌別生活館,北海道えりも町字歌別512-4,1,1,1,,1,1,1,,1,42.0229242,143.2019449,
12,E0160900011201,近浦神社境内,北海道えりも町字近浦273,1,,1,1,,1,1,,,42.05734,143.07906,
13,E0160900012201,近浦団地高台,北海道えりも町字近浦277-1,1,,1,1,1,1,1,,1,42.0589,143.0769,
14,E0160900012202,近浦高台プレハブ,北海道えりも町字近浦277-1,1,1,1,1,1,1,1,,1,42.057922,143.074709,
15,E0160900013201,近浦多目的集会施設,北海道えりも町字近浦277-43,1,1,,,,1,1,,1,42.05956,143.0725597,
16,E0160900014201,とまべつ憩いの湯ちゃっぷ広場,北海道えりも町字庶野16,1,1,1,1,,1,1,,,41.992778,143.243698,
17,E0160900014202,とまべつ憩いの湯ちゃっぷ,北海道えりも町字庶野16,1,1,1,,,1,1,,,41.992977,143.243512,
18,E0160900015201,庶野共同作業所,北海道えりも町字庶野307-1,1,1,1,,,1,1,,1,42.0292241,143.2869536,
19,E0160900016201,吉田商店　ガソリンスタンド付近,北海道えりも町字庶野346,1,1,1,1,1,1,1,,,42.0359,143.2881,
20,E0160900017201,庶野さくら公園,北海道えりも町字庶野550,1,1,1,1,1,1,1,,,42.044286,143.292381,
21,E0160900018201,庶野保育所,北海道えりも町字庶野579-4,1,1,1,,1,1,1,,1,42.044383,143.293906,
22,E0160900019201,庶野生活館,北海道えりも町字庶野582-4,1,,,,,1,1,,1,42.0435915,143.2939354,
23,E0160900021201,桜岡生活館,北海道えりも町字庶野807-2,1,1,1,,1,1,1,,1,42.0217662,143.2552735,
24,E0160900020201,美島共同作業所,北海道えりも町字庶野６７７－１地先,1,1,1,,1,1,1,,1,42.04916,143.3027899,
25,E0160900022201,スポーツ公園,北海道えりも町字新浜207-1,1,1,1,1,,1,1,,,42.0068402,143.1569776,
26,E0160900023202,えりも中学校グラウンド,北海道えりも町字新浜207-3,1,1,1,1,1,1,1,,1,42.0102441,143.1531333,
27,E0160900023204,えりも中学校,北海道えりも町字新浜207-3,1,1,1,,1,1,1,,1,42.0104486,143.1541387,
28,E0160900023201,町民体育館,北海道えりも町字新浜207-3,1,1,1,,,1,1,,1,42.0109685,143.1535277,
29,E0160900023203,えりも中学校体育館,北海道えりも町字新浜207-3,1,1,1,,1,1,1,,1,42.0100486,143.1548887,
30,E0160900024202,えりも高校体育館,北海道えりも町字新浜208-2,1,1,1,,1,1,1,,1,42.007966,143.15954,
31,E0160900024203,えりも高校,北海道えりも町字新浜208-2,1,1,1,,1,1,1,,1,42.0079,143.15898,
32,E0160900024201,えりも高校グラウンド,北海道えりも町字新浜208-2,1,1,1,1,1,1,1,,1,42.007116,143.159642,
33,E0160900025202,えりも小学校体育館,北海道えりも町字新浜242-1,1,1,1,,1,1,1,,1,42.0114751,143.1530332,
34,E0160900025203,えりも小学校,北海道えりも町字新浜242-1,1,1,1,,1,1,1,,1,42.0120128,143.1524499,
35,E0160900025201,えりも小学校グラウンド,北海道えりも町字新浜242-1,1,1,1,1,1,1,1,,1,42.0113106,143.1521222,
36,E0160900026201,やまと苑駐車場,北海道えりも町字大和106-3,1,1,1,1,,1,1,,,42.032253,143.130419,
37,E0160900027201,大和共同作業所,北海道えりも町字大和138-1,1,1,1,,,1,1,,1,42.0293478,143.1318396,
38,E0160900028201,田中宅前付近,北海道えりも町字大和374,1,1,1,1,1,1,1,,,42.0385,143.1297,
39,E0160900029201,西えりも生活館横グラウンド,北海道えりも町字大和624-3,1,1,1,1,,1,1,,1,42.021462,143.14459,
40,E0160900029202,西えりも生活館,北海道えりも町字大和624-3,1,1,1,,,1,1,,1,42.0213181,143.1454,
41,E0160900030201,えりも町浄化センター付近,北海道えりも町字大和664-1,,,1,1,1,1,,,,42.0276,143.1486,
42,E0160900031203,笛舞小学校,北海道えりも町字笛舞478-1,1,1,1,,,1,1,,1,42.0443541,143.1069465,
43,E0160900031202,笛舞小学校体育館,北海道えりも町字笛舞478-1,1,1,1,,,1,1,,1,42.044554,143.1064965,
44,E0160900031201,笛舞小学校グラウンド,北海道えりも町字笛舞478-1,1,1,1,1,,1,1,,1,42.0436208,143.1078298,
45,E0160900032201,笛舞ふれあい館,北海道えりも町字笛舞478-9,1,1,1,,,1,1,,1,42.0433009,143.1073798,
46,E0160900033201,笛舞墓地,北海道えりも町字笛舞491,1,1,1,1,1,1,1,,,42.0463,143.107,
47,E0160900034201,菊地宅前,北海道えりも町字東洋108-51,1,1,1,1,1,1,1,,,41.958625,143.199325,
48,E0160900035201,東洋生活館,北海道えりも町字東洋213-1,1,1,1,,,1,1,,1,41.9561057,143.2082372,
49,E0160900036201,坂岸墓地,北海道えりも町字東洋249,1,1,1,1,1,1,1,,,41.9727,143.1824,
50,E0160900037201,東洋第２生活館,北海道えりも町字東洋275-3,1,1,1,,1,1,1,,1,41.9500668,143.2193366,
51,E0160900038201,えりも岬駐車場,北海道えりも町字東洋366-3,1,1,1,1,1,1,1,,,41.927389,143.243124,
52,E0160900038202,襟裳岬風の館,北海道えりも町字東洋366-3,1,1,1,,1,1,1,,,41.9259194,143.2446635,
53,E0160900039201,東洋共同作業所,北海道えりも町字東洋55-2021,1,1,1,,,1,1,,1,41.9691745,143.1844496,
54,E0160900040201,東洋墓地,北海道えりも町字東洋71-235,1,1,1,1,1,1,1,,,41.957,143.2137,
55,E0160900041201,えりも町役場前駐車場,北海道えりも町字本町206,1,,1,1,,1,1,,,42.015995,143.148576,
56,E0160900042201,福祉センター,北海道えりも町字本町357,1,1,1,,,1,1,,1,42.0138747,143.1502111,
57,E0160900043201,ふれあいの丘団地小公園,北海道えりも町字本町361-1,1,1,1,1,1,1,1,,,42.014786,143.151462,
58,E0160900044201,目黒生活館,北海道えりも町字目黒138,1,1,1,,,1,1,,1,42.1285865,143.3150118,
59,E0160900045201,神社裏高台,北海道えりも町字目黒214-1,1,1,1,1,1,1,1,,,42.1296,143.3147,
60,E0160900046202,旧目黒小学校グラウンド,北海道えりも町字目黒214-6,1,1,1,1,,1,1,,1,42.129726,143.313336,
61,E0160900046201,第３体育館,北海道えりも町字目黒214-6,1,1,1,,,1,1,,1,42.130209,143.31384,
62,E0160900047201,目黒墓地,北海道えりも町字目黒239-3,1,1,1,1,1,1,1,,,42.1326,143.3044,
63,E0160900048201,松本宅裏高台,北海道えりも町字目黒40-6,1,1,1,1,,1,1,,,42.121952,143.314843,
64,E0160900049201,上目黒避難所,北海道えりも町字目黒41-1,1,1,1,1,,1,1,,1,42.122062,143.314602,
65,E0137100001201,共和生活改善センター,北海道せたな町瀬棚区共和312,,1,1,1,1,1,,,,42.443167883968,139.86760628732,
66,E0137100002201,瀬棚中学校,北海道せたな町瀬棚区共和404-1,1,1,1,1,1,1,,,1,42.449578660819,139.85544976653,
67,E0137100003201,瀬棚ふれあいセンター,北海道せたな町瀬棚区共和590-4,1,,1,1,1,1,,,1,42.451742075074,139.86290143131,
68,E0137100004201,元浦地区避難所,北海道せたな町瀬棚区元浦105,1,,1,1,1,1,,,,42.474533060761,139.85041861332,
69,E0137100005201,元浦漁村センター,北海道せたな町瀬棚区元浦439,1,1,1,1,,1,,,,42.500892806272,139.84601442612,
70,E0137100006201,稲荷神社境内,北海道せたな町瀬棚区元浦446,1,,1,1,1,1,,,,42.501145926232,139.84715436494,
71,E0137100007201,瀬棚水産物保管作業所,北海道せたな町瀬棚区三本杉69,1,,1,1,,1,,,,42.45689774227,139.85011252033,
72,E0137100008201,旧馬場川小学校,北海道せたな町瀬棚区西大里310-4,1,1,1,1,1,1,,,1,42.481647815646,139.87338493439,
73,E0137100009201,白岩漁村センター,北海道せたな町瀬棚区島歌165-2,,,1,1,,1,,,,42.517246308764,139.84505818996,
74,E0137100010201,旧島歌小学校,北海道せたな町瀬棚区島歌193,,,1,1,,1,,,,42.517263395263,139.84734433717,
75,E0137100011201,吹込青年研修所,北海道せたな町瀬棚区島歌343,1,,1,1,,1,,,,42.528014955825,139.84762167974,
76,E0137100012201,島歌生活館,北海道せたな町瀬棚区島歌373,1,,1,1,,1,,,,42.537308802581,139.84182553087,
77,E0137100068201,厳嶋神社,北海道せたな町瀬棚区北島歌265-1,1,,1,1,,1,1,,,42.594765,139.827861,
78,E0137100069201,茂津多旅館,北海道せたな町瀬棚区北島歌267,1,,1,1,,1,1,,,42.595112,139.827163,
79,E0137100015201,北島歌青年研修所,北海道せたな町瀬棚区北島歌58,1,,1,1,1,1,,,,42.558300652851,139.83673939839,
80,E0137100016201,瀬棚小学校,北海道せたな町瀬棚区本町513-1,1,1,1,1,,1,,,1,42.454039078633,139.85304965416,
81,E0137100017203,せたな町Ｂ＆Ｇ海洋センター体育館,北海道せたな町瀬棚区本町559,1,,1,1,1,1,,,,42.455078450211,139.85726757277,
82,E0137100017201,三杉球場,北海道せたな町瀬棚区本町559,1,,1,1,1,1,,,,42.454334359829,139.85567970504,
83,E0137100017202,せたなスポーツ広場,北海道せたな町瀬棚区本町559,1,,1,1,1,1,,,,42.454837017599,139.85669894446,
84,E0137100018201,瀬棚町民センター,北海道せたな町瀬棚区本町638,1,1,1,1,1,1,,,,42.45272401575,139.85468538443,
85,E0137100019201,瀬棚老人と母と子の家,北海道せたな町瀬棚区本町767,1,1,1,1,1,1,,,,42.450407984875,139.85186066773,
86,E0137100020201,瀬棚総合福祉センターやすらぎ館,北海道せたな町瀬棚区本町948-7,1,1,1,1,1,1,,,1,42.448142308216,139.85214162513,
87,E0137100021201,花歌生活館,北海道せたな町大成区花歌168-2,1,,1,1,1,1,,,,42.22073491115,139.84799322171,
88,E0137100022201,せたな町貝取澗公営温泉浴場,北海道せたな町大成区貝取澗386-1,1,,1,1,1,1,,,1,42.18894559424,139.89864713123,
89,E0137100023201,丸山団地広場,北海道せたな町大成区久遠311-71,1,1,1,1,1,1,,,,42.223967677601,139.83824500901,
90,E0137100024201,東部ことぶきの家,北海道せたな町大成区久遠357-2,1,,1,1,1,1,,,,42.22233284763,139.83686990439,
91,E0137100025201,特別養護老人ホーム大成長生園,北海道せたな町大成区宮野525-2,1,,1,1,1,1,,,,42.229735883421,139.87469314032,
92,E0137100026201,太田地区防災センター,北海道せたな町大成区太田82,1,,1,1,1,1,,,,42.282488218664,139.78758259526,
93,E0137100027201,旧長磯小学校,北海道せたな町大成区長磯456,1,,1,1,1,1,,,,42.139743298337,139.9209658691,
94,E0137100028201,久遠小学校,北海道せたな町大成区都366,1,1,1,1,1,1,,,1,42.22929404415,139.81806453888,
95,E0137100029201,大成農漁村総合センター,北海道せたな町大成区都387,1,,1,1,1,1,,,1,42.228043222497,139.81973055741,
96,E0137100030201,大成中学校,北海道せたな町大成区都421,1,1,1,1,1,1,,,,42.227785027579,139.81999877831,
97,E0137100031201,大成町民センター,北海道せたな町大成区都425,1,1,1,1,1,1,,,1,42.227380946471,139.82186568567,
98,E0137100032201,富磯生活館,北海道せたな町大成区富磯61-9,1,1,1,1,1,1,,,,42.23336357106,139.7966025307,
99,E0137100033201,旧平田内小学校,北海道せたな町大成区平浜385,1,,1,1,,1,,,,42.213573986227,139.87524563575,
100,E0137100034201,愛知集落センター,北海道せたな町北檜山区愛知837-6,,1,1,1,1,1,,,,42.414991592192,139.91115408694,
101,E0137100035201,旧愛知小学校,北海道せたな町北檜山区愛知928,1,1,1,1,1,1,,,,42.413351950029,139.91136866365,
102,E0137100036201,栄生活会館,北海道せたな町北檜山区栄46-1,1,1,1,1,1,1,,,,42.380830343604,139.87740701431,
103,E0137100037201,兜野神社,北海道せたな町北檜山区兜野162-3,1,1,1,1,1,1,,,,42.407111446234,139.84742771979,
104,E0137100038201,北部桧山衛生センター,北海道せたな町北檜山区共和120-5,1,1,1,1,1,1,,,,42.391022424612,139.84037517592,
105,E0137100039201,生渕生活改善センター,北海道せたな町北檜山区共和616-2,1,1,1,1,1,1,,,,42.384895788787,139.82712443905,
106,E0137100040201,若松小学校,北海道せたな町北檜山区若松461,1,1,1,1,1,1,,,1,42.35429533037,139.90648714992,
107,E0137100041201,若松基幹集落センター（イエローパレス）,北海道せたな町北檜山区若松513-1,1,1,1,1,1,1,,,1,42.357905449192,139.90723999177,
108,E0137100042201,旧若松中学校グラウンド跡地,北海道せたな町北檜山区若松525,1,,1,1,1,1,,,,42.362574239516,139.90711403596,
109,E0137100043201,小川生活改善センター,北海道せたな町北檜山区小川155,1,1,1,1,1,1,,,,42.339471531192,139.88068097294,
110,E0137100044201,旧小倉山小学校,北海道せたな町北檜山区小倉山567,1,1,1,1,1,1,,,,42.484836012926,139.96694822776,
111,E0137100045201,真駒内ダム公園休憩所,北海道せたな町北檜山区松岡158-1,1,1,1,1,1,1,,,,42.480014199953,139.91127271278,
112,E0137100046201,旧新成小学校,北海道せたな町北檜山区新成204-1,1,,1,1,1,1,,,,42.355965535437,139.80116123078,
113,E0137100047201,鵜泊団地母と子の家,北海道せたな町北檜山区新成217-1,1,1,1,1,1,1,,,,42.356817824486,139.8010754001,
114,E0137100048201,旧太櫓小学校,北海道せたな町北檜山区太櫓141,1,,1,1,1,1,,,,42.380443543703,139.81810631931,
115,E0137100049201,はまなす荘,北海道せたな町北檜山区太櫓398,1,,,1,,1,,,,42.373761850324,139.81465107317,
116,E0137100050201,旧ふとろ荘周辺広場,北海道せたな町北檜山区太櫓427,1,,1,1,1,1,,,,42.372311361222,139.81337970608,
117,E0137100051201,旧太櫓小学校グラウンド跡地,北海道せたな町北檜山区太櫓82-1,1,1,1,1,1,1,,,,42.380320337743,139.82392078751,
118,E0137100052201,旧玉川小学校,北海道せたな町北檜山区丹羽1-5,1,1,1,1,1,1,,,,42.431951076966,139.93073721665,
119,E0137100053201,檜山北高等学校,北海道せたな町北檜山区丹羽360,1,1,1,1,1,1,,,,42.430853,139.941266,
120,E0137100054201,丹羽活性化センター（水仙パレス）,北海道せたな町北檜山区丹羽5-7,1,1,1,1,1,1,,,1,42.430314507747,139.93022039555,
121,E0137100055201,温泉ホテルきたひやま,北海道せたな町北檜山区徳島4-16,,1,1,1,1,1,,,1,42.415277441681,139.8803854842,
122,E0137100056201,せたな町高齢者センター（グリーンパレス）,北海道せたな町北檜山区徳島49-1,,1,1,1,1,1,,,,42.41817994247,139.88221328553,
123,E0137100057201,狩場葬苑,北海道せたな町北檜山区徳島554-2,1,1,1,1,1,1,,,,42.437767458908,139.90025184714,
124,E0137100058201,せたな町民ふれあいプラザ,北海道せたな町北檜山区徳島8-1,,1,1,1,1,1,,,1,42.416455758058,139.87962549933,
125,E0137100059201,旧二俣小学校,北海道せたな町北檜山区二俣271,1,1,1,1,1,1,,,,42.313295458415,139.90771592324,
126,E0137100060201,せたな町農業センター管理棟,北海道せたな町北檜山区二俣55-1,1,1,1,1,1,1,,,,42.339584669952,139.92042227767,
127,E0137100061201,旧左股小学校,北海道せたな町北檜山区富里213,1,,1,1,1,1,,,,42.313534955419,139.95360716383,
128,E0137100062201,北檜山小学校,北海道せたな町北檜山区豊岡200,1,1,1,1,1,1,,,1,42.417623241833,139.86893447999,
129,E0137100063202,せたな町民体育館,北海道せたな町北檜山区豊岡212-2,1,1,1,1,1,1,,,1,42.41840666704,139.8739319386,
130,E0137100063201,せたな町青少年センター,北海道せたな町北檜山区豊岡212-2,1,1,1,1,1,1,,,1,42.418010643702,139.87328820844,
131,E0137100064201,北檜山中学校,北海道せたな町北檜山区豊岡233-1,1,1,1,1,1,1,,,1,42.421449693037,139.87643546902,
132,E0137100065201,せたな町真駒内球場,北海道せたな町北檜山区豊岡237-1,1,1,1,1,1,1,,,,42.419975598298,139.87549248103,
133,E0137100066201,せたな町青少年女性研修所,北海道せたな町北檜山区北檜山113,,1,1,1,1,1,,,1,42.413334929271,139.8724157215,
134,E0137100067201,北檜山スポーツ公園グラウンド,北海道せたな町北檜山区北檜山171-1,,1,1,1,1,1,,,,42.41138381064,139.87454216775,
135,E0158600002201,鵡川中央小学校,北海道むかわ町花園1-14,1,,,1,1,,,,1,42.577547098999,141.92917576613,
136,E0158600046201,イモッペ生活館,北海道むかわ町宮戸77-1,1,,,1,1,,,,1,42.574598,141.947608,
137,E0158600006201,汐見一時避難場所,北海道むかわ町汐見89-3,,,,1,1,,,,,42.551487387701,141.94690537346,
138,E0158600045201,春日生活館,北海道むかわ町春日190-2,1,1,,1,,,,,1,42.583204564878,141.99880102925,
139,E0158600009201,消防署鵡川支署（屋上）,北海道むかわ町青葉1-73,,,,,1,,,,,42.582521,141.926625,
140,E0158600010201,川西第１集落センター,北海道むかわ町田浦199-11,1,,,,1,,,,1,42.597905565463,141.9093222111,
141,E0158600012201,むかわ町産業会館,北海道むかわ町美幸2-88,1,,,1,1,,,,,42.574636651879,141.92697082921,
142,E0158600013202,四季の館,北海道むかわ町美幸3-3-1,1,,,1,,,,,1,42.57379578929,141.92512456915,
143,E0158600013201,四季の風,北海道むかわ町美幸3-3-1,,,,,1,,,,1,42.574157391676,141.92509681411,
144,E0158600015201,鵡川高等学校,北海道むかわ町福住4-2-1,1,,,1,1,,,,1,42.583637506649,141.91977565139,
145,E0158600017201,文京ハイツ（３階以上）,北海道むかわ町文京1-18,,,,,1,,,,1,42.578887,141.915724,
146,E0158600017202,鵡川高等学校生徒寮,北海道むかわ町文京1-18,1,,,1,,,,,1,42.579156,141.915351,
147,E0158600018201,町民体育館,北海道むかわ町文京3-4,1,,,1,,,,,1,42.57686631632,141.9186310142,
148,E0158600019201,鵡川中学校,北海道むかわ町文京4-2,1,,,1,,,,,1,42.577194592391,141.91620190157,
149,E0158600020201,穂別小学校,北海道むかわ町穂別114-2,1,1,,1,,,,,1,42.769863844822,142.13960535047,
150,E0158600021201,穂別中学校,北海道むかわ町穂別116,1,1,,1,,,,,1,42.769316467319,142.14230365273,
151,E0158600022201,穂別高等学校,北海道むかわ町穂別127,1,1,,1,,,,,1,42.770986150475,142.13995403764,
152,E0158600023201,穂別町民センター,北海道むかわ町穂別2-1,1,1,,1,,,,,1,42.76125099428,142.13380343795,
153,E0158600024201,穂別スポーツセンター,北海道むかわ町穂別449-4,1,1,,1,,,,,1,42.753052669573,142.1374890041,
154,E0158600028201,稲里生活館,北海道むかわ町穂別稲里243-2,1,1,,1,,,,,1,42.849096849821,142.17037176598,
155,E0158600031201,仁和会館,北海道むかわ町穂別仁和339,1,1,,1,,,,,1,42.660697028627,142.0800274633,
156,E0158600032201,旧仁和小学校体育館,北海道むかわ町穂別仁和344,1,1,,1,,,,,1,42.661304537745,142.07690000758,
157,E0158600034201,富内銀河会館,北海道むかわ町穂別富内81-15,1,1,,1,,,,,1,42.784127590005,142.22006009768,
158,E0158600038201,穂別中央生活館,北海道むかわ町穂別和泉76-1,1,1,,1,,,,,1,42.70652697232,142.12739384598,
159,E0158600039201,川西第２集落センター,北海道むかわ町豊城311-36,1,1,,1,,,,,1,42.598295637585,141.95131207405,
160,E0158600040201,末広団地Ｃ棟（３階以上）,北海道むかわ町末広1-67-1,,,,,1,,,,,42.578139,141.922779,
161,E0139500002201,ニセコモイワスキーリゾート駐車場,北海道ニセコ町字ニセコ448,,,,,,1,,,,42.84858568,140.6285961,
162,E0139500003201,ニセコアンヌプリ国際スキー場駐車場,北海道ニセコ町字ニセコ482-10,,,,,,1,,,,42.84832297,140.6444702,
163,E0139500004201,旧宮田小学校グラウンド,北海道ニセコ町字宮田157,1,1,,1,,1,1,1,,42.779413,140.668023,
164,E0139500006201,近藤小学校グラウンド,北海道ニセコ町字近藤266,1,1,,1,,1,1,1,1,42.796247,140.72598,
165,E0139500008201,道の駅ニセコビュープラザ,北海道ニセコ町字元町77-10,1,1,,1,,1,1,1,,42.79934572,140.7025145,
166,E0139500009201,西富地区町民センター駐車場,北海道ニセコ町字西富171-7,,1,,,,1,,1,1,42.79435774,140.6027159,
167,E0139500012201,ニセコビレッジスキーリゾート駐車場,北海道ニセコ町字東山2,,,,,,1,,,,42.844770648342,140.67383211844,
168,E0139500013201,ニセコ小学校グラウンド,北海道ニセコ町字富士見10,1,1,,1,,1,1,1,,42.80594063,140.6880906,
169,E0139500015201,農村公園（ちびっこ広場）,北海道ニセコ町字富士見123-10,1,1,,1,,1,1,1,,42.804223,140.691841,
170,E0139500016201,町民運動場,北海道ニセコ町字富士見136,1,1,,1,,1,1,1,,42.8034165,140.6943535,
171,E0139500017201,ニセコ町陸上競技場,北海道ニセコ町字富士見138-1,1,1,,1,,1,1,1,,42.80434279,140.6946621,
172,E0139500020201,運動公園,北海道ニセコ町字富士見168-4,1,1,,1,,1,1,1,,42.802418,140.6995689,
173,E0145600002201,旧愛山小学校グラウンド,北海道愛別町字愛山323-2,1,1,,1,,1,1,1,,43.86621817,142.6843095,
174,E0145600005201,旧協和小学校グラウンド,北海道愛別町字協和305,1,1,,1,,1,1,1,1,43.94907763,142.5978678,
175,E0145600008201,旧中里小学校グラウンド,北海道愛別町字中央369,1,1,,1,,1,1,1,,43.90012043,142.6447223,
176,E0145600010201,愛別中学校グラウンド,北海道愛別町字東町221-1,1,1,,1,,1,1,1,1,43.90203518,142.582468,
177,E0145600015201,愛別小学校グラウンド,北海道愛別町字北町234-1,1,1,,1,,1,1,1,1,43.90771081,142.5784123,
178,E0145600017201,スポーツ公園施設（農村公園、野球場、あすなろ広場、山村広場）,北海道愛別町字北町298,1,1,,1,,1,1,1,1,43.91239,142.579043,
179,E0120400197201,メガセンタートライアル旭川店（屋上駐車場）,北海道旭川市６条通14,1,,,,,,,,,43.768772,142.372468,
180,E0120400214201,旭岡公園,北海道旭川市旭岡5,1,1,,1,,1,1,,,43.799055937125,142.32249047684,
181,E0120400014201,旭神中央公園,北海道旭川市旭神一条4-5,,1,,1,,1,,,,43.737752666858,142.38957506178,
182,E0120400203201,ホテルルートイン旭川駅前一条通（１階ロビー，レストラン）,北海道旭川市一条通6-39-1,1,1,,1,,1,1,,,43.766119042792,142.35626879259,
183,E0120400226201,永山しらかば公園,北海道旭川市永山九条1-1-14,,1,,1,,1,,,,43.78010770743,142.40263167637,
184,E0120400228201,永山公園,北海道旭川市永山九条8-5,,1,,1,,1,1,,,43.78976890647,142.42030459011,
185,E0120400033201,永楽公園,北海道旭川市永山北四条6-3,,1,,1,,1,1,,,43.809514103645,142.41031612362,
186,E0120400221201,永山中央公園,北海道旭川市永山六条17,1,1,,1,,1,1,,,43.805585419912,142.43613783138,
187,E0120400235201,花咲スポーツ公園,北海道旭川市花咲町1,,1,,1,,1,1,,,43.792862113455,142.37438897862,
188,E0120400238201,ホテルルートイングランド旭川駅前（３階ロビー，レストラン，会議室）,北海道旭川市宮下通8-1962-1,1,1,,1,,1,1,,,43.764405918962,142.35968691223,
189,E0120400038201,宮前公園,北海道旭川市宮前二条1,,1,,1,,1,1,,,43.75636103154,142.36645821197,
190,E0120400213201,きほく公園,北海道旭川市九条通22,,1,,1,,1,,,,43.768703828142,142.38641718345,
191,E0120400041201,日の出北公園,北海道旭川市工業団地五条2-1,,1,,1,,1,,,,43.779689297555,142.46099733279,
192,E0120400040201,日の出公園,北海道旭川市工業団地三条2-1,,1,,1,,1,,,,43.775364749729,142.46052194547,
193,E0120400201201,春光台公園,北海道旭川市字近文５線5,1,1,,1,,1,1,,,43.807224,142.35466,
194,E0120400051201,春光園,北海道旭川市春光五条7-4,,1,,1,,1,1,,,43.804706297664,142.36510189609,
195,E0120400059201,春の台公園,北海道旭川市春光台五条1-15,1,1,,1,,1,1,,,43.817572723838,142.34517204638,
196,E0120400251201,千代の山公園,北海道旭川市春光台三条3-6,1,1,,1,,1,1,,,43.817616063984,142.35554813257,
197,E0120400057201,鷹の巣公園,北海道旭川市春光台三条8,1,1,,1,,1,1,,,43.826375749798,142.36768272573,
198,E0120400063201,常磐公園,北海道旭川市常磐公園,,1,,1,,1,,,,43.77452067673,142.35707366213,
199,E0120400065201,新富公園,北海道旭川市新富三条2-1,,1,,1,,1,1,,,43.787192766402,142.38907718626,
200,E0120400066201,忠別公園,北海道旭川市神楽一条6,,1,,1,,1,,,,43.76327580866,142.34980835866,
201,E0120400081201,神楽岡公園,北海道旭川市神楽岡公園,1,1,,1,,1,1,,,43.750145654082,142.36734568907,
202,E0120400082201,緑のセンター,北海道旭川市神楽岡公園1,1,,,,,,1,,,43.750983818988,142.36289701014,
203,E0120400076201,パーラートーエー神楽店（２階以上の階）,北海道旭川市神楽五条9-2-7,1,,,,,,1,,,43.754441554658,142.3530052042,
204,E0120400264201,杜のＳＰＡ神楽,北海道旭川市神楽三条12-1-5,1,,,,,,1,,,43.75330044472,142.36033426063,
205,E0120400071201,神楽市民交流センター（２階）,北海道旭川市神楽三条6-1-12,1,,,,,,1,,,43.76066242901,142.34923529034,
206,E0120400072201,クリスタルパーク,北海道旭川市神楽三条7,,1,,1,,1,,,1,43.758751017335,142.35195202026,
207,E0120400074201,大雪アリーナ（２階）,北海道旭川市神楽四条7-1-52,1,,,,,,1,,,43.758990316181,142.34940305756,
208,E0120400263201,旭川宮前保育園,北海道旭川市神楽二条12-1-25,1,,,,,,1,,,43.754887152088,142.36127177238,
209,E0120400090201,はす池公園,北海道旭川市神居九条6-1,1,1,,1,,1,1,,,43.761286292134,142.32374781443,
210,E0120400087201,神居東公園,北海道旭川市神居四条20,,1,,1,,1,1,,,43.746169612099,142.34012140241,
211,E0120400097201,忠和公園,北海道旭川市神居町忠和,,1,,1,,1,,,,43.784368081052,142.31672704054,
212,E0120400099201,旭川市消防団第１９分団詰所,北海道旭川市神居町豊里,1,1,,,,,1,,,43.667447,142.189441,
213,E0120400101201,豊西会館,北海道旭川市神居町豊里3,1,,,,,,1,,,43.683138433078,142.17840349761,
214,E0120400085201,かむい中央公園,北海道旭川市神居二条7-1,,1,,1,,1,,,,43.762939605088,142.33419372049,
215,E0120400103201,ごりょう公園,北海道旭川市西御料二条2-3,1,1,,1,,1,1,,,43.723026971948,142.37434383613,
216,E0120400107201,西神楽公園,北海道旭川市西神楽南一条1,1,1,,1,,1,1,,,43.68331055766,142.39540537725,
217,E0120400126201,旭川２１世紀の森ログハウス,北海道旭川市東旭川町瑞穂888,1,1,,1,,,1,,,43.72076,142.65791,
218,E0120400127201,旭山公園,北海道旭川市東旭川町倉沼,1,1,,1,,1,1,,,43.768709289024,142.47516498988,
219,E0120400008201,東旭川屯田公園,北海道旭川市東旭川南一条6,,1,,1,,1,,,1,43.770251061747,142.44170175019,
220,E0120400199201,東光公園,北海道旭川市東光一条8,1,1,,1,,1,1,,,43.753796,142.417343,
221,E0120400134201,千代田公園,北海道旭川市東光十三条8-2,1,1,,1,,1,1,,,43.741832103904,142.41750918238,
222,E0120400137201,東部中央公園,北海道旭川市東光十八条4,1,1,,1,,1,1,,,43.735507781936,142.40200071137,
223,E0120400200201,東光スポーツ公園,北海道旭川市東光二十五条8,1,1,,1,,1,1,,,43.72993052,142.415383,
224,E0120400142201,共栄公園,北海道旭川市東光六条10-2,1,1,,1,,1,1,,,43.748243005421,142.42143986181,
225,E0120400143201,東光ふれあい公園,北海道旭川市東光六条4-3,1,1,,1,,1,1,,,43.749258827395,142.4010807471,
226,E0120400118201,金星公園,北海道旭川市東三条6-2,,1,,1,,1,,,,43.783289099937,142.37544249622,
227,E0120400211201,大成公園,北海道旭川市八条通14,,1,,1,,1,1,,,43.770033891054,142.37344366538,
228,E0120400198201,東鷹栖いなほ公園,北海道旭川市物流団地１条1,1,1,,1,,1,1,,,43.825475,142.392386,
229,E0120400273201,フレスポ旭川龍谷（駐車場）,北海道旭川市豊岡５条4-4,,1,,1,,1,1,,,43.760944,142.403341,
230,E0120400156201,豊岡東公園,北海道旭川市豊岡十条9-1,1,1,,1,,1,1,,,43.766779037286,142.42138571211,
231,E0120400158201,東豊公園,北海道旭川市豊岡十二条11-149-6,,1,,1,,1,,,,43.768304009096,142.4276151348,
232,E0120400164201,豊岡公園,北海道旭川市豊岡六条3-1,1,1,,1,,1,1,,,43.763503379712,142.39707233629,
233,E0120400169201,ベルクラシック旭川（２階以上の階）,北海道旭川市本町2-437-250,1,,,,,,1,,,43.779684279246,142.35521710243,
234,E0120400177201,末広北公園,北海道旭川市末広五条12-4,,1,,1,,1,1,,,43.82274865628,142.38981279066,
235,E0120400174201,末広中央公園,北海道旭川市末広三条10,,1,,1,,1,1,,,43.817951845518,142.39321383621,
236,E0120400182201,末広東公園,北海道旭川市末広東三条5-1,,1,,1,,1,1,,,43.80237108694,142.39557254443,
237,E0120400180201,鷹実公園,北海道旭川市末広八条3,1,1,,1,,1,1,,,43.816364528145,142.3682363173,
238,E0120400183201,いこい公園,北海道旭川市流通団地三条4,1,1,,1,,1,1,,,43.802715877337,142.40451182333,
239,E0120400186201,緑が丘西緑地,北海道旭川市緑が丘五条1,1,1,,1,,1,1,,,43.734341321693,142.37232028692,
240,E0120400184201,神陵公園,北海道旭川市緑が丘三条3,1,1,,1,,1,1,,1,43.733250872931,142.3785391364,
241,E0120400189201,緑の沢公園,北海道旭川市緑が丘東4,1,1,,1,,1,1,,,43.721191050284,142.38148524713,
242,E0120400191201,西御料公園,北海道旭川市緑が丘南二条1,1,1,,1,,1,1,,,43.731866997776,142.36894097715,
243,E0120400194201,イオンモール旭川西店（３階屋内駐車場及び屋上駐車場）,北海道旭川市緑町23-2161-3,1,,,,,,1,,,43.794047964441,142.32606693047,
244,E0121600005201,旭町健康広場,北海道芦別市旭町56,1,,,1,,1,1,,,43.524309386904,142.19935329735,
245,E0121600009201,健民センターグラウンド,北海道芦別市旭町油谷1,1,1,,1,,1,1,,1,43.544204744921,142.24006745155,
246,E0121600011201,黄金多目的研修センター駐車場,北海道芦別市黄金町638,1,,,1,,1,1,,1,43.581252004446,142.19326042855,
247,E0121600095201,カナディアンワールド公園,北海道芦別市黄金町７３１番地外,1,1,,1,,1,1,,,43.567118755174,142.23412432212,
248,E0121600013201,西山公園,北海道芦別市上芦別町105-345,1,1,,1,,1,1,,,43.493136315535,142.19710355205,
249,E0121600015201,ふるさと公園,北海道芦別市上芦別町118-5,1,1,,1,,1,1,,,43.495762506865,142.18576732686,
250,E0121600017201,上芦別球場,北海道芦別市上芦別町199,1,1,,1,,1,1,,,43.488960837889,142.21554133233,
251,E0121600018201,上芦別三条公園,北海道芦別市上芦別町199-11,1,1,,1,,1,1,,,43.489469827182,142.21424611951,
252,E0121600021201,啓成中学校グラウンド,北海道芦別市上芦別町263-1,1,1,,1,,1,1,,,43.482364497624,142.208272612,
253,E0121600022201,あかね公園,北海道芦別市上芦別町30,1,1,,1,,1,1,,,43.497262560067,142.19342410343,
254,E0121600022202,啓南公園,北海道芦別市上芦別町30,1,1,,1,,,1,,,43.497743418454,142.19620826388,
255,E0121600024201,ひかり公園,北海道芦別市上芦別町537,1,1,,1,,1,1,,,43.493112526315,142.21036228085,
256,E0121600026201,なまこ山総合運動公園,北海道芦別市上芦別町6,1,1,,1,,1,1,,1,43.507475612992,142.20388462209,
257,E0121600027201,滝の里公園,北海道芦別市上芦別町73,1,1,,1,,1,1,,1,43.496132452366,142.20604693543,
258,E0121600028201,上芦別小学校グラウンド,北海道芦別市上芦別町79,1,1,,1,,1,1,,1,43.493317095579,142.20546550195,
259,E0121600029201,星んこ公園,北海道芦別市上芦別町94,1,1,,1,,1,1,,,43.494890955915,142.20045772281,
260,E0121600031201,常磐ふるさと公園,北海道芦別市常磐町554,1,1,,1,,1,1,,,43.547386624843,142.14865454186,
261,E0121600034201,新城多目的研修センター駐車場,北海道芦別市新城町186,1,1,,1,,1,1,,1,43.611742331194,142.20383924751,
262,E0121600035202,旧西芦別小学校グラウンド,北海道芦別市西芦別町1,1,1,,1,,1,1,,,43.493090701726,142.17461649277,
263,E0121600035201,西芦別中央公園,北海道芦別市西芦別町1,1,1,,1,,1,1,,,43.490845174111,142.1769124637,
264,E0121600036201,北日本多目的センター駐車場,北海道芦別市西芦別町43,1,1,,1,,1,1,,1,43.487061346786,142.17345387599,
265,E0121600037201,青葉二条公園,北海道芦別市西芦別町87,1,1,,1,,,1,,,43.483281008518,142.17347286836,
266,E0121600039201,滝里ダム防災施設駐車場,北海道芦別市滝里町288,1,1,,1,,1,1,,1,43.451897866514,142.31432514713,
267,E0121600041201,幸町児童公園,北海道芦別市南１東1-6,1,1,,1,,1,1,,,43.515873942766,142.18794893441,
268,E0121600042201,みどり公園,北海道芦別市南１東2-3,1,1,,1,,1,1,,,43.515063585422,142.192009439,
269,E0121600044201,こばと公園,北海道芦別市南２東3-5,1,1,,1,,1,1,,,43.513682507429,142.1952968874,
270,E0121600045201,ひまわり公園,北海道芦別市南３東2-7,1,1,,1,,1,1,,,43.511334864775,142.19323441609,
271,E0121600048201,栄町児童公園,北海道芦別市北１西1-10,1,1,,1,,,1,,,43.51906946908,142.18519445829,
272,E0121600050201,もとまち公園,北海道芦別市北１東1-4,1,1,,1,,,1,,,43.518154494396,142.18850993098,
273,E0121600052201,若葉公園,北海道芦別市北１東2-11,1,1,,1,,1,1,,,43.519841691629,142.19102519939,
274,E0121600054201,双葉公園,北海道芦別市北２西2-2,1,1,,1,,,1,,,43.520255609286,142.18157541739,
275,E0121600055201,芦別小学校グラウンド,北海道芦別市北２東1-1,1,1,,1,,1,1,,1,43.520898878439,142.1885755453,
276,E0121600057201,みやもと公園,北海道芦別市北３西2-6,1,1,,1,,,1,,,43.52273424201,142.18194078236,
277,E0121600059201,こがね公園,北海道芦別市北３東1-6,1,1,,1,,,1,,,43.522591040388,142.18698322082,
278,E0121600097201,こだま公園,北海道芦別市北３東2-1,1,1,,1,,1,1,,,43.523802,142.189562,
279,E0121600060201,なかよし公園,北海道芦別市北４西1-6,1,1,,1,,,1,,,43.525310924083,142.18302043732,
280,E0121600061201,あすなろ公園,北海道芦別市北４西2-11,1,1,,1,,,1,,,43.52493951273,142.17973537657,
281,E0121600063201,北大通中央分離帯,北海道芦別市北４西3,1,1,,1,,,1,,,43.52400207726,142.18114564628,
282,E0121600064201,さつき公園,北海道芦別市北４西4-3,1,1,,1,,1,1,,,43.524759536829,142.17513602572,
283,E0121600065201,道の駅　スタープラザ芦別駐車場,北海道芦別市北４東1-1,1,1,,1,,1,1,,1,43.525184,142.188481,
284,E0121600066201,らいらっく公園,北海道芦別市北５西1-12,1,1,,1,,1,1,,,43.528776608619,142.18192620715,
285,E0121600067201,そよかぜ公園,北海道芦別市北５西3-6,1,1,,1,,,1,,,43.526995199781,142.17535425258,
286,E0121600068201,ことぶき公園,北海道芦別市北５西4-7,1,1,,1,,1,1,,,43.526381049656,142.17229038113,
287,E0121600069201,あかつき公園,北海道芦別市北５東1-1,1,1,,1,,1,1,,,43.527173626376,142.18801317588,
288,E0121600096201,やよい公園,北海道芦別市北６西3-9,1,1,,1,,1,1,,,43.529558835092,142.17491571627,
289,E0121600070201,渓水公園,北海道芦別市北６西4-2-1,1,1,,1,,,1,,,43.528437125218,142.17321505483,
290,E0121600074201,芦別中学校グラウンド,北海道芦別市北６東7-1,1,1,,1,,1,1,,,43.529842390696,142.18541293576,
291,E0121600077201,くるみ公園,北海道芦別市本町1075,1,1,,1,,1,1,,,43.517556435645,142.1812180733,
292,E0121600078201,やまびこ公園,北海道芦別市本町1136,1,1,,1,,1,1,,,43.517083513348,142.1777640307,
293,E0121600081201,芦別高校グラウンド,北海道芦別市本町40,1,1,,1,,1,1,,1,43.514109155288,142.19692908988,
294,E0121600082201,上芦別公園　（都市公園と重複）,北海道芦別市野花南町196,1,1,,1,,1,1,,,43.482151,142.223163,
295,E0121600084201,野花南農村公園,北海道芦別市野花南町977-1,1,1,,1,,1,1,,,43.472909563743,142.2589848162,
296,E0121600086201,頼城多目的研修センター広場,北海道芦別市頼城町1,1,,,1,,1,1,,,43.45259087948,142.16099890026,
297,E0121600087201,西芦別浄水場敷地,北海道芦別市頼城町125,1,1,,1,,1,1,,1,43.432840177369,142.16401613555,
298,E0121600088202,頼城公園,北海道芦別市頼城町4,1,,,1,,1,1,,,43.451787963096,142.16054857155,
299,E0121600088201,頼城仲町公園,北海道芦別市頼城町4,1,1,,1,,1,1,,,43.45187947948,142.15878367802,
300,E0121600090201,星槎国際高校芦別スクーリングセンターグラウンド,北海道芦別市緑泉町5,1,,,1,,1,1,,,43.461364023138,142.16807456766,
301,E0121600091201,緑泉公園,北海道芦別市緑泉町5-1,1,1,,1,,1,1,,,43.467539116738,142.17238219532,
302,E0158500001202,旧安平小学校グラウンド,北海道安平町安平165,,,,1,,1,,,1,42.81596715,141.8298415,
303,E0158500001203,旧安平小学校,北海道安平町安平165,1,1,,1,,,1,1,1,42.8154734,141.8300637,
304,E0158500001201,安平公民館,北海道安平町安平165,1,1,,1,,,1,,1,42.81549117,141.8290429,
305,E0158500002201,旧安平保育園グラウンド,北海道安平町安平449-9,,,,1,,,,,,42.81444964,141.8352142,
306,E0158500003201,遠浅公民館,北海道安平町遠浅125-1,1,1,,1,,,1,,1,42.72912583,141.7748547,
307,E0158500004201,遠浅公園,北海道安平町遠浅125-2,,,,1,,1,,,,42.72938248,141.774245,
308,E0158500005201,東遠浅生活会館,北海道安平町遠浅508,1,1,,,,,1,,1,42.73240081,141.7919815,
309,E0158500006201,旧遠浅小学校,北海道安平町遠浅580,1,1,,1,,,1,1,1,42.72735296,141.7883521,屋内体育館
310,E0158500007201,さつき会館,北海道安平町早来栄町109-5,,,,1,,,,,1,42.75962562,141.8085282,
311,E0158500008202,デイサービスセンター広場,北海道安平町早来栄町133-42,,,,1,,,,,1,42.75923303,141.8114417,
312,E0158500008201,デイサービスセンター,北海道安平町早来栄町133-42,,,,1,,,,,1,42.75918854,141.811734,
313,E0158500009201,源武会館,北海道安平町早来源武81,1,1,,1,,,1,,1,42.72621428,141.8095,
314,E0158500010202,守田会館グラウンド,北海道安平町早来守田123-2,,,,1,,1,,,1,42.7844642,141.8535124,
315,E0158500010201,守田会館,北海道安平町早来守田123-2,1,1,,,,,,,1,42.78497444,141.8533021,
316,E0158500011201,新栄第二会館,北海道安平町早来新栄164,,1,,1,,,,,1,42.74155395,141.7918055,
317,E0158500012201,新栄第一会館,北海道安平町早来新栄312,1,1,,,,,1,,1,42.74289216,141.8041339,
318,E0158500013202,みずほ館広場,北海道安平町早来瑞穂1211-1,,,,1,,1,,,1,42.82405191,141.8632311,
319,E0158500013201,みずほ館,北海道安平町早来瑞穂1211-1,1,1,,1,,,1,,1,42.82418789,141.8626927,
320,E0158500014201,はだしの広場,北海道安平町早来大町141-3,,,,1,,1,,,,42.7700026,141.8255976,
321,E0158500015201,あかね公園,北海道安平町早来大町141-39,,,,1,,,,,,42.77224836,141.8236304,
322,E0158500016201,しらかば会館,北海道安平町早来大町156-1,1,1,,1,,,1,,1,42.76927073,141.8271049,
323,E0158500053201,早来学園グラウンド,北海道安平町早来大町169-1,,,,1,,,,,1,42.767214,141.826219,
324,E0158500053202,早来学園,北海道安平町早来大町169-1,,,,1,,1,,,1,42.767864,141.826492,
325,E0158500018201,早来研修センター広場,北海道安平町早来大町41,,,,1,,,,,,42.76403049,141.8176453,
326,E0158500019201,富岡会館,北海道安平町早来富岡245-1,1,1,,1,,,1,,1,42.76446817,141.7743702,
327,E0158500020201,町民センター,北海道安平町早来北進102-4,1,1,,1,,,1,,1,42.76541933,141.8223653,
328,E0158500021201,北進会館,北海道安平町早来北進85-5,1,1,,,,,1,,1,42.77206084,141.8315943,
329,E0158500021202,北進会館広場,北海道安平町早来北進85-5,,,,1,,,,,1,42.77208701,141.8319401,
330,E0158500022201,ときわ公園,北海道安平町早来北進98-45,,,,1,,1,,,,42.76330748,141.8285462,
331,E0158500023202,北町会館広場,北海道安平町早来北町51-2,,,,1,,,,,1,42.76175115,141.805858,
332,E0158500023201,北町会館,北海道安平町早来北町51-2,1,1,,1,,,1,,1,42.76194092,141.8057314,
333,E0158500024201,緑丘会館,北海道安平町早来緑丘80-7,1,1,,1,,,1,,1,42.80329767,141.8603715,
334,E0158500025201,南公住広場,北海道安平町追分花園3-123,,,,1,,1,,,,42.8673314,141.8183795,
335,E0158500026201,旭陽会館,北海道安平町追分向陽865,1,1,,1,,,1,,1,42.90187716,141.8571546,
336,E0158500027201,花園若草会館,北海道安平町追分若草1-35,1,1,,1,,,1,,1,42.86638144,141.8177923,
337,E0158500028201,若草公園（広場）,北海道安平町追分若草2-126,,,,1,,1,,,,42.866399,141.81986,
338,E0158500029201,若草３丁目公園（若草わんぱーく）,北海道安平町追分若草3-235,,,,1,,,,,,42.8619864,141.8219443,
339,E0158500030201,青葉３丁目広場,北海道安平町追分青葉3-144,,,,1,,1,,,,42.88531921,141.809004,
340,E0158500031201,ぬくもりセンター,北海道安平町追分中央1-40,,1,,1,,,,,1,42.87498487,141.8106592,
341,E0158500032201,多目的スポーツセンター,北海道安平町追分中央1-49,,1,,1,,,,,1,42.87845209,141.8093442,
342,E0158500033201,追分小学校,北海道安平町追分柏が丘22,1,1,,1,,,1,1,1,42.87473735,141.8162554,
343,E0158500033202,追分小学校グラウンド,北海道安平町追分柏が丘22,,,,1,,1,,,1,42.8753226,141.8174712,
344,E0158500034201,柏が丘球場,北海道安平町追分柏が丘33,,,,1,,1,,,,42.87472792,141.8196106,
345,E0158500035201,道の駅あびらＤ５１ステーション,北海道安平町追分柏が丘49-1,1,,,1,,1,1,,,42.876687368906,141.81808627801,
346,E0158500036201,鹿公園（イベント広場等）,北海道安平町追分白樺2-1-2,,,,1,,1,,,,42.87372182,141.8064212,
347,E0158500037201,鉄道資料館前広場,北海道安平町追分白樺2-14,,,,1,,,,,,42.87675878,141.8062506,
348,E0158500039201,鹿公園北（花回廊の森）,北海道安平町追分白樺2-3-1,,,,1,,1,,,1,42.87576309,141.8055318,
349,E0158500039202,青葉会館,北海道安平町追分白樺2-3-1,1,1,,1,,,1,,1,42.87658078,141.8051041,
350,E0158500040201,鹿公園南（萌えの森）,北海道安平町追分白樺2-5,,,,1,,1,,,,42.87168181,141.807268,
351,E0158500041201,農村文化センター,北海道安平町追分美園161,,1,,1,,,,,1,42.88697952,141.8141603,
352,E0158500042201,豊栄会館,北海道安平町追分豊栄563,1,1,,,,,1,,1,42.85020461,141.8177488,
353,E0158500043201,憩の家,北海道安平町追分本町3-64,1,1,,,,,1,,1,42.87476112,141.8139238,
354,E0158500044201,ふれあいセンターい・ぶ・き,北海道安平町追分本町5-7,,1,,1,,,,,1,42.87239286,141.8126979,
355,E0158500045202,追分中学校グラウンド,北海道安平町追分本町6-56,,,,1,,1,,,1,42.87114647,141.8155873,
356,E0158500045201,追分中学校,北海道安平町追分本町6-56,,1,,1,,,1,1,1,42.87196168,141.8155267,
357,E0158500046201,労働会館,北海道安平町追分本町7-3,1,1,,,,,1,,1,42.87229531,141.81612,２階以上
358,E0158500047202,追分高等学校グラウンド,北海道安平町追分本町7-8,,,,1,,1,,,1,42.87046531,141.8192278,
359,E0158500047201,追分高等学校,北海道安平町追分本町7-8,1,1,,1,,,1,1,1,42.87119692,141.8177483,
360,E0158500048201,明春辺会館,北海道安平町追分弥生496,1,1,,1,,,1,,1,42.84306116,141.8374893,
361,E0158500049201,追分公民館,北海道安平町追分緑が丘200-2,1,1,,1,,,1,1,1,42.8782396,141.81391,
362,E0158500050201,追分公民館駐車場,北海道安平町追分緑が丘201-3,,,,1,,1,,,,42.87844483,141.8133792,
363,E0158500051201,東早来会館,北海道安平町東早来109-2,,1,,1,,,,,1,42.78123436,141.8221904,
364,E0123300002201,つばさ公園,北海道伊達市館山下町2-185,,1,,,,,,1,,42.472896261785,140.84831308452,
365,E0123300003201,館山野球場,北海道伊達市館山町29-1,1,1,1,,1,,,1,,42.479662074155,140.85773566685,
366,E0123300004201,旧市民研修センターグラウンド,北海道伊達市館山町33,1,1,1,,1,,,1,,42.478392112528,140.85998277725,
367,E0123300005201,光陵中学校グラウンド,北海道伊達市館山町49-1,1,1,1,,1,,,1,1,42.482629783053,140.86121707442,
368,E0123300006201,館山公園,北海道伊達市館山町6-8,1,,1,,1,,,1,,42.474815618762,140.85820322531,
369,E0123300007201,元町児童公園,北海道伊達市元町52-16,1,1,,,,,,1,,42.46964142129,140.86851945631,
370,E0123300008201,伊達小学校グラウンド,北海道伊達市元町78-1,1,1,,,,,,1,1,42.468025278785,140.8720238122,
371,E0123300009201,旧有珠小学校グラウンド,北海道伊達市向有珠町195-2,1,1,,,,,,,1,42.510868487196,140.78952662578,
372,E0123300010201,山下町児童公園,北海道伊達市山下町147-19,,1,,,,,,1,,42.472494369071,140.85523408871,
373,E0123300011201,さくら児童公園,北海道伊達市山下町178-18,1,1,,,,,,1,,42.47934068532,140.85019884823,
374,E0123300012201,すみれ児童公園,北海道伊達市山下町270-166,,1,,,,,,1,,42.476820426654,140.85151849506,
375,E0123300013201,鹿島青少年広場,北海道伊達市鹿島町29,1,1,,,,,,1,,42.471257686684,140.86438855492,
376,E0123300014201,伊達中学校グラウンド,北海道伊達市舟岡町226-12,1,1,1,,1,,,1,1,42.468493376949,140.88094354197,
377,E0123300015201,みはらし児童公園,北海道伊達市舟岡町247-166,1,1,1,,1,,,1,,42.453325305571,140.8861424986,
378,E0123300016201,舟見児童公園,北海道伊達市舟岡町328,1,1,1,,1,,,1,,42.460658101372,140.87612913556,
379,E0123300017201,舟岡公園,北海道伊達市舟岡町359,1,1,1,,1,,,1,,42.456846863378,140.88059233136,
380,E0123300018201,みはらし青少年広場,北海道伊達市舟岡町96-108,1,1,1,,1,,,1,,42.452420237557,140.8835361332,
381,E0123300074201,伊達高等養護学校グラウンド,北海道伊達市松ヶ枝町105-13,1,1,1,,1,,,1,1,42.4715,140.888901,
382,E0123300075201,だて歴史の杜,北海道伊達市松ヶ枝町34-1,1,1,1,,1,,,1,1,42.471574983065,140.87700423414,
383,E0123300076201,山の手公園,北海道伊達市松ヶ枝町76-4,1,1,1,,1,,,1,,42.475705701791,140.88140658181,
384,E0123300022201,愛地集会所駐車場,北海道伊達市大滝区愛地町13-10,1,1,1,,1,,,1,1,42.741629552357,141.07447128868,
385,E0123300024201,三階滝公園（トーテムポールの丘）,北海道伊達市大滝区三階滝町１７３外,1,,1,,1,,,1,,42.672192109669,141.10751610376,
386,E0123300027201,総合運動公園（旧大滝中学校グラウンド）,北海道伊達市大滝区大成町1,1,1,1,,1,,,1,,42.648333167973,141.06286574888,
387,E0123300028201,旧北湯沢小学校グラウンド,北海道伊達市大滝区北湯沢温泉町20-2,1,,1,,1,,,1,,42.624335052362,141.02115970233,
388,E0123300031201,大滝保育所グラウンド,北海道伊達市大滝区本郷町84,1,1,1,,1,,,1,1,42.66765616675,141.07447933532,
389,E0123300031202,基幹集落センターふれあい広場・テニスコート・ゲートボール場,北海道伊達市大滝区本郷町84,1,1,1,,1,,,1,1,42.668788211326,141.07499163725,
390,E0123300033201,本町公園,北海道伊達市大滝区本町63-6,1,,1,,1,,,1,,42.673047985252,141.08000736811,
391,E0123300034201,旧大滝小学校グラウンド,北海道伊達市大滝区本町77-1,1,1,1,,1,,,1,,42.66939564138,141.07860189057,
392,E0123300036201,優徳農村公園,北海道伊達市大滝区優徳町113-1,1,,1,,1,,,1,,42.645519962088,141.0505459843,
393,E0123300038201,優徳友情公園,北海道伊達市大滝区優徳町58-1,1,1,1,,1,,,1,,42.638069757891,141.0383794842,
394,E0123300040201,大滝徳舜瞥学校グラウンド,北海道伊達市大滝区優徳町90-11,1,,1,,1,,,1,1,42.644268997142,141.04944933939,
395,E0123300041201,伊達開来高等学校グラウンド,北海道伊達市竹原町44,1,1,1,,1,,,1,1,42.47674837114,140.87468355779,
396,E0123300042201,竹原小公園,北海道伊達市竹原町46-64,1,1,1,,1,,,1,,42.479019950292,140.87469326104,
397,E0123300045201,たちかぜ児童公園,北海道伊達市長和町411-33,,1,,,,,,,,42.488009480249,140.83678339717,
398,E0123300046201,旧長和小学校グラウンド,北海道伊達市長和町462-1,1,1,1,,1,,,,1,42.488803537691,140.84011822787,
399,E0123300048201,元長和小学校グラウンド,北海道伊達市長和町630-1,1,1,1,,1,,,,,42.497744195308,140.84020693753,
400,E0123300049201,旧関内小学校グラウンド,北海道伊達市東関内町70-2,1,1,1,,1,,,,,42.500507571784,140.88564067927,
401,E0123300050201,関内小学校グラウンド,北海道伊達市東関内町78-1,1,1,1,,1,,,,1,42.501108733717,140.88388115015,
402,E0123300051201,まなびの里公園サッカー場,北海道伊達市東有珠町76,1,1,1,,1,,,,1,42.505907208692,140.80577810262,
403,E0123300052201,かぜの子ふれあい公園,北海道伊達市南黄金町37-2,1,1,,,,,,1,,42.38384211659,140.91103635142,
404,E0123300054201,みどり児童公園,北海道伊達市南稀府町266-78,1,1,1,,1,,,1,,42.430868417185,140.91589988389,
405,E0123300056201,まれふふれあい公園,北海道伊達市南稀府町94-42,1,1,1,,1,,,1,,42.427892673429,140.90174646039,
406,E0123300058201,まなびの里公園パークゴルフ場,北海道伊達市南有珠町１４１－２外,1,1,1,,1,,,,,42.506479765145,140.80184255183,
407,E0123300059201,旧達南中学校グラウンド,北海道伊達市北黄金町49-135,1,1,1,,1,,,1,1,42.420918740696,140.91436160813,
408,E0123300061201,末永なかよし公園,北海道伊達市末永町190-50,1,1,1,,1,,,1,,42.483144082049,140.8709105778,
409,E0123300064201,伊達西小学校グラウンド,北海道伊達市末永町8-21,,1,,,,,,1,1,42.47490167796,140.86198868431,
410,E0123300063201,こもれび公園,北海道伊達市末永町81-10,1,1,1,,1,,,1,,42.476749723212,140.86985782329,
411,E0123300066201,有珠白鳥公園,北海道伊達市有珠町10-20,1,1,,,,,,,,42.512331814357,140.79063237926,
412,E0123300069201,東小学校グラウンド,北海道伊達市弄月町207-1,1,1,1,,1,,,1,1,42.467638409709,140.88576892629,
413,E0123300071201,柏児童公園,北海道伊達市弄月町244,1,1,1,,1,,,1,,42.455025819411,140.88694708273,
414,E0148400001201,栄町コミュニティセンター,北海道羽幌町栄町101-73,1,1,1,1,1,1,1,,,44.353964068,141.6982922968,
415,E0148400002201,栄町南集会所,北海道羽幌町栄町175-1,1,1,1,,1,1,1,,,44.349901991922,141.69187941242,
416,E0148400003201,羽幌町スポーツ公園（陸上競技場）,北海道羽幌町栄町243,1,,1,1,1,1,1,,,44.351623027203,141.69916032525,
417,E0148400004201,栄町夕陽ヶ丘団地集会所,北海道羽幌町栄町93,1,1,1,1,1,1,1,,,44.356555017093,141.69336353527,
418,E0148400005201,幸町南集会所,北海道羽幌町幸町53-2,1,1,1,,1,1,1,,,44.359948359735,141.69330945811,
419,E0148400006201,築港集会所,北海道羽幌町港町1-17,1,1,1,1,1,1,1,,,44.368172457214,141.70028521799,
420,E0148400007201,なかよし遊園地,北海道羽幌町港町4-4-2,1,1,1,1,1,1,1,,,44.3655146527607,141.697623948966,
421,E0148400008201,幸町コミュニティセンター,北海道羽幌町港町6-22,1,1,1,1,1,1,1,,,44.364719344425,141.69326117837,
422,E0148400009201,高台地区集会所,北海道羽幌町字高台400,1,1,1,,1,1,1,,,44.389248858315,141.74845941291,
423,E0148400010201,旧光洋小学校校庭,北海道羽幌町字汐見338-1,1,1,1,1,1,1,1,,,44.401794108932,141.72437171361,
424,E0148400011201,曙生活館,北海道羽幌町字曙139,1,1,1,,1,1,1,,,44.366169561486,141.8439806439,
425,E0148400012201,旧曙小学校校庭,北海道羽幌町字曙140-2,1,1,1,1,1,1,1,,,44.366549490211,141.84529406468,
426,E0148400013201,上築西集会所,北海道羽幌町字上築115-11,1,1,1,,1,1,1,,,44.387454068134,141.77395583934,
427,E0148400016201,旧幌北小学校校庭,北海道羽幌町字築別1989,1,1,1,1,1,1,1,,,44.392141992797,141.7647580568,
428,E0148400017201,築別老人寿の家,北海道羽幌町字築別416,1,1,1,,1,1,1,,,44.398680132921,141.75616808152,
429,E0148400018201,築別集会所,北海道羽幌町字築別67-1,1,1,1,,1,1,1,,,44.41241341908,141.73676632261,
430,E0148400019201,旧中央小学校校庭,北海道羽幌町字中央618,1,1,1,1,1,1,1,,,44.336019404314,141.73711521071,
431,E0148400052201,中央集会所,北海道羽幌町字中央623-2,1,1,1,,1,1,1,,,44.335494511444,141.73826856058,
432,E0148400021201,旧朝日小学校校庭,北海道羽幌町字朝日1683-1,1,1,1,1,1,1,1,,,44.356897519364,141.7349084421,
433,E0148400022201,羽幌町総合体育館,北海道羽幌町字朝日31-1,,1,1,1,1,1,1,,1,44.363046209637,141.7117865137,
434,E0148400023201,朝日集会所,北海道羽幌町字朝日393-2,1,1,1,1,1,1,1,,,44.359197381191,141.7339483815,
435,E0148400024201,平集会所,北海道羽幌町字平191,1,1,1,,1,1,1,,,44.307568837453,141.80057003683,
436,E0148400025201,寿生活改善センター,北海道羽幌町寿町178-6,1,1,1,,1,1,1,,,44.352786230111,141.72253788286,
437,E0148400026201,寿町集会所,北海道羽幌町寿町2-2,,1,1,,1,1,1,,,44.360240358883,141.71283648389,
438,E0148400028201,焼尻総合研修センター,北海道羽幌町大字焼尻字東浜260-2,1,1,1,,1,1,1,,1,44.442612524642,141.42520537963,
439,E0148400029202,焼尻小学校グラウンド,北海道羽幌町大字焼尻字豊崎105,1,1,1,1,1,1,1,,,44.444570613822,141.41547523428,
440,E0148400029201,焼尻小中学校,北海道羽幌町大字焼尻字豊崎105,1,1,1,,1,1,1,,,44.443949415468,141.41575954845,
441,E0148400030201,焼尻中学校グラウンド,北海道羽幌町大字焼尻字豊崎189,1,1,1,1,1,1,1,,,44.443251325546,141.41244589756,
442,E0148400031201,焼尻総合グラウンド,北海道羽幌町大字焼尻字緑岡9,1,1,1,1,1,1,1,,,44.438126879906,141.41601750738,
443,E0148400032201,天売弁天展望台,北海道羽幌町大字天売字弁天,1,1,1,1,1,1,1,,,44.437173740265,141.32674275641,
444,E0148400033201,天売へき地保健福祉館,北海道羽幌町大字天売字弁天53,1,1,1,,1,1,1,,,44.431973495441,141.33220021621,
445,E0148400034201,天売小中学校,北海道羽幌町大字天売字和浦121,1,1,1,1,1,1,1,,1,44.425781979228,141.32716536721,
446,E0148400034202,天売小中学校グラウンド,北海道羽幌町大字天売字和浦121,1,,1,1,1,1,1,,1,44.427007899439,141.32739067277,
447,E0148400035201,天売ちびっこランド,北海道羽幌町大字天売字和浦40,1,1,1,,1,1,1,,,44.42494517224,141.32813728159,
448,E0148400036201,天売総合研修センター,北海道羽幌町大字天売字和浦73,1,,1,,1,1,1,,,44.426989203152,141.33038314284,
449,E0148400038201,羽幌保育園跡地,北海道羽幌町南2-1-16,,1,1,1,,1,1,,,44.367024400495,141.7022622298,
450,E0148400039201,幸陽館跡地,北海道羽幌町南4-1,,1,1,1,1,1,1,,,44.365250546766,141.70616850039,
451,E0148400040201,羽幌町老人憩の家,北海道羽幌町南4-4-11-1,,1,1,,1,1,1,,,44.362924185632,141.70168767925,
452,E0148400041201,羽幌小学校,北海道羽幌町南5-5-1,1,1,1,1,1,1,1,,1,44.362046828339,141.70177652358,
453,E0148400041202,羽幌小学校グラウンド,北海道羽幌町南5-5-1,1,1,1,1,1,1,1,,1,44.360581757704,141.70052661418,
454,E0148400042201,羽幌町立中央公民館,北海道羽幌町南6-2-16-1,1,1,1,1,1,1,1,,1,44.362211900912,141.70688181819,
455,E0148400044201,レストパークはぼろ,北海道羽幌町南7-3,1,1,1,1,1,1,1,,,44.361194887794,141.70689537904,
456,E0148400045201,南町運動広場,北海道羽幌町南町1-2,1,1,1,1,1,1,1,,,44.360282561558,141.6985310179,
457,E0148400046201,南町集会所,北海道羽幌町南町16-84,1,1,1,,1,1,1,,,44.357870518192,141.6991908342,
458,E0148400047202,羽幌高等学校グラウンド,北海道羽幌町南町8-3,1,1,1,1,1,1,1,,1,44.357336081297,141.6967544777,
459,E0148400047201,羽幌高等学校,北海道羽幌町南町8-3,1,1,1,1,1,1,1,,1,44.357942090932,141.69533827135,
460,E0148400048201,川北地区青少年育成センター,北海道羽幌町北3-4-1,,1,1,,1,1,1,,,44.370961086308,141.70981038565,
461,E0148400049201,リバーサイド公園,北海道羽幌町北5-1-19,,1,1,1,,1,1,,,44.365810636871,141.70828710028,
462,E0148400050201,羽幌中学校,北海道羽幌町北5-3-2,,1,1,1,1,1,1,,1,44.368925922064,141.71203404327,
463,E0148400050202,羽幌中学校グラウンド,北海道羽幌町北5-3-2,,1,1,1,1,1,1,,1,44.369343909972,141.71287089248,
464,E0148400051201,北町集会所,北海道羽幌町北町55-13,,1,1,,1,1,1,,,44.371869088705,141.71307415751,
465,E0143600002201,川上農村公園,北海道雨竜町字オシラリカ151-3,1,,,1,,1,1,,1,43.67035558,141.8235708,
466,E0143600006201,牧岡農村公園,北海道雨竜町字恵岱別1709,1,1,,1,,1,1,,,43.703923748788,141.87051563135,
467,E0143600008201,雨竜町立スポーツセンター追分グラウンド,北海道雨竜町字洲本127-2,1,1,,1,,1,1,,,43.67926501,141.893221,
468,E0143600010201,史跡公園,北海道雨竜町字満寿2-11,1,1,,1,,1,1,,,43.64587056,141.8699823,
469,E0143600009201,雨竜小・中学校グラウンド,北海道雨竜町字満寿28-26,1,1,,1,,1,1,,1,43.65738981,141.8927761,
470,E0143600012201,メモリアルパーク,北海道雨竜町字満寿33-11,1,1,,1,,1,1,,,43.64343428,141.8860101,
471,E0143600013201,雨竜町立スポーツセンター総合グラウンド,北海道雨竜町字満寿33-3,1,1,,1,,1,1,,1,43.64244107,141.8870915,
472,E0143600016201,追分農村公園,北海道雨竜町字満寿37-16,1,1,,1,,1,1,,,43.676476,141.88875,
473,E0143600018201,渭の津地区コミュニティセンター駐車場,北海道雨竜町字渭の津131-519,1,1,,1,,1,1,,,43.715178371908,141.8866519027,
474,E0143100001201,札的母と子の家,北海道浦臼町字ウラウシナイ170-160,1,1,,,,,,,,43.4189626,141.8058871,
475,E0143100002201,浦臼中学校,北海道浦臼町字ウラウシナイ183-121,1,1,,1,,,,,1,43.431233684328,141.81438241349,
476,E0143100003201,浦臼町保健センター,北海道浦臼町字ウラウシナイ183-27,,1,,1,,,,,1,43.43002442,141.8171554,
477,E0143100004201,浦臼小学校,北海道浦臼町字ウラウシナイ183-4,1,1,,1,,,,,1,43.42760022,141.8148945,
478,E0143100005201,浦臼町ふるさと活性化センター,北海道浦臼町字ウラウシナイ183-76,1,1,,1,,,,,1,43.42979626,141.8168144,【洪水：２階以上】
479,E0143100006201,浦臼町行政センター,北海道浦臼町字ウラウスナイ183-15,1,1,,1,,,,,1,43.43032756,141.8187471,【洪水：２階以上】
480,E0143100007201,鶴沼改善センター,北海道浦臼町字オサツナイ300-20,1,1,,1,,,,,1,43.45695985,141.8406302,
481,E0143100008201,鶴沼第一会館,北海道浦臼町字オサツナイ48-6,1,1,,,,,,,,43.46701315,141.8351577,
482,E0143100009201,浦臼第一会館,北海道浦臼町字キナウスナイ186-361,,1,,,,,,,,43.44267213,141.8241305,
483,E0143100011201,浦臼町Ｂ＆Ｇ海洋センター,北海道浦臼町字浦臼内184-156,1,1,,1,,,,,1,43.42859911,141.8098469,
484,E0143100012201,浦臼町農村センター,北海道浦臼町字浦臼内184-61,1,1,,1,,,,,1,43.42902627,141.8110035,
485,E0143100013201,浦臼第七会館,北海道浦臼町字浦臼内185-110,1,1,,,,,,,,43.42544953,141.8048072,
486,E0143100014201,晩生内地区コミュニティセンター,北海道浦臼町字晩生内227-44,1,1,,1,,,,,1,43.39891355,141.7780619,
487,E0160700001201,乗誓寺,北海道浦河町旭町12,1,1,1,,,,1,,1,42.162321420777,142.78099356071,
488,E0160700002201,定往寺,北海道浦河町旭町27,1,1,1,,,,1,,1,42.163184,142.7817412,
489,E0160700004201,荻伏支所,北海道浦河町荻伏町15,1,1,1,,,,1,,1,42.19706735,142.6799412,
490,E0160700005201,浜荻伏生活館,北海道浦河町荻伏町163,1,,1,,,1,1,,1,42.197557127267,142.66432375767,
491,E0160700006202,荻伏生活改善センター,北海道浦河町荻伏町20,1,1,1,,,1,1,,1,42.19786003,142.6788029,
492,E0160700006201,荻伏青少年広場,北海道浦河町荻伏町20,,,1,1,,1,,,1,42.19761188,142.6793484,
493,E0160700007201,荻伏小学校校庭,北海道浦河町荻伏町356,,,1,1,,1,,,1,42.20067837,142.6844239,
494,E0160700007202,荻伏小学校,北海道浦河町荻伏町356,1,1,1,1,,1,1,,1,42.200325290203,142.6838308619,
495,E0160700008201,基幹集落センター荻伏会館,北海道浦河町荻伏町486-127,1,1,1,1,,1,1,,1,42.20659795,142.6869183,
496,E0160700009202,旧荻伏中学校,北海道浦河町荻伏町527,1,1,1,1,1,1,1,,1,42.210690349212,142.69125285397,津波（2階以上）
497,E0160700009201,旧荻伏中学校校庭,北海道浦河町荻伏町527,,,1,1,,1,,,1,42.210056581843,142.69084150052,
498,E0160700010202,荻伏保育所,北海道浦河町荻伏町555,1,1,1,,1,1,1,,1,42.212716491869,142.69146092513,
499,E0160700010201,荻伏運動広場,北海道浦河町荻伏町555,,,1,1,1,1,,,1,42.21165107,142.6913972,
500,E0160700011201,向別会館,北海道浦河町向が丘西6-582-3,,1,1,,1,1,,,1,42.1957522,142.7772217,
501,E0160700012201,浦河町総合グラウンド,北海道浦河町堺町西1-22,,,1,1,,1,,,,42.17951504,142.7590525,
502,E0160700013201,堺町西２丁目公住前広場,北海道浦河町堺町西2-7,,,1,1,,1,,,,42.17682079,142.7571079,
503,E0160700014201,堺町体育館,北海道浦河町堺町西2-7-1,1,1,1,,,1,1,,1,42.17775738,142.7567772,
504,E0160700015201,子育て支援交流施設,北海道浦河町堺町西2-8-1,1,1,1,,,1,1,,1,42.17888157,142.758259,
505,E0160700016201,堺町小学校校庭,北海道浦河町堺町西3-4-1,,,1,1,,1,,,1,42.18059536,142.7593826,
506,E0160700016202,堺町小学校,北海道浦河町堺町西3-4-1,1,1,1,1,,1,1,,1,42.18024926,142.7598674,
507,E0160700017201,室蘭開発建設部浦河道路事務所前庭,北海道浦河町堺町西4-8-2,,,1,1,,1,,,,42.18335125,142.7637173,
508,E0160700018201,浦河ふれあい公園,北海道浦河町堺町東1-10,,,1,1,,1,,,,42.17684488,142.762383,
509,E0160700019201,基幹集落センター堺町会館,北海道浦河町堺町東1-19-2,1,1,1,,,1,1,,1,42.1780181,142.7616017,
510,E0160700020201,堺町児童公園,北海道浦河町堺町東2-16,,,1,1,,1,,,,42.17700965,142.7647571,
511,E0160700021201,堺町児童館,北海道浦河町堺町東2-16-16,1,1,1,,,1,1,,1,42.17725882,142.7647301,
512,E0160700022201,堺町東２丁目駐車場,北海道浦河町堺町東2-7,,,1,1,,1,,,,42.17537738,142.7633453,
513,E0160700023201,川沿団地公園,北海道浦河町堺町東5-9,,,1,1,,1,,,,42.182061536076,142.76619490489,
514,E0160700024201,浦河第一中学校校庭,北海道浦河町堺町東6-485-4,,,1,1,,1,,,,42.18464639,142.7667198,
515,E0160700025201,浦河第一中学校,北海道浦河町堺町東6-485-6,1,1,1,1,1,1,1,,1,42.18531419,142.7665658,津波（3階以上）
516,E0160700026201,旧井寒台小学校跡地,北海道浦河町字井寒台,,,1,1,1,1,,,,42.17770888,142.7367171,
517,E0160700027201,井寒台公営住宅前,北海道浦河町字井寒台125-1,,,1,1,1,1,,,,42.1777205,142.7466093,
518,E0160700028201,井寒台生活館,北海道浦河町字井寒台189,1,,1,,,1,1,,1,42.17786211,142.7350451,
519,E0160700029201,桜木宅前,北海道浦河町字井寒台371-1,,1,1,1,1,1,,,,42.18278709973,142.72948834722,
520,E0160700030201,絵笛生活改善センター,北海道浦河町字絵笛535,1,1,1,1,1,1,1,,1,42.20317493,142.7390206,
521,E0160700031201,東部保育所,北海道浦河町字杵臼195,1,1,1,,1,1,1,,1,42.173785598128,142.86027001535,
522,E0160700032201,杵臼生活館,北海道浦河町字杵臼515,1,1,1,,1,1,1,,1,42.189842322536,142.87612272698,
523,E0160700033201,上杵臼生活改善センター,北海道浦河町字杵臼530-3,1,,1,,1,1,1,,1,42.22522333295,142.9486124746,
524,E0160700034201,月寒地区漁民センター,北海道浦河町字月寒42-1,1,1,1,,,1,1,,1,42.151201647846,142.80207412209,
525,E0160700035201,北海暁星学院広場,北海道浦河町字向別470,,,1,1,1,1,,,,42.20585109,142.7809286,
526,E0160700036201,向別生活館,北海道浦河町字向別471,,1,1,,1,1,,,1,42.205666124465,142.78062181534,
527,E0160700037201,姉茶生活館,北海道浦河町字姉茶259-2,1,1,1,,1,1,1,,1,42.232483208628,142.73339336931,
528,E0160700038201,瑞穂生活改善センター,北海道浦河町字瑞穂259,1,1,1,,1,1,1,,1,42.236261071936,142.71670143744,
529,E0160700039201,旧ピスカリ館前,北海道浦河町字西舎120-2,,,1,1,1,1,,,,42.181127830855,142.85113048042,
530,E0160700040201,浦河優駿ビレッジアエル,北海道浦河町字西舎141-40,1,1,1,1,1,1,1,,1,42.19166349,142.8479496,
531,E0160700041201,西舎生活館,北海道浦河町字西舎337-1,1,1,1,,1,1,1,,1,42.193606954907,142.86194444418,
532,E0160700042201,旧浦河第二中学校校庭,北海道浦河町字西幌別18,,,1,1,,1,,,1,42.14490869,142.8321551,
533,E0160700042202,旧浦河第二中学校,北海道浦河町字西幌別18,1,1,1,1,,1,1,,1,42.14553254,142.8324046,
534,E0160700043201,西幌別生活館,北海道浦河町字西幌別257,1,1,1,,,1,1,,1,42.143548579612,142.83462155582,
535,E0160700044201,浦河町乗馬公園,北海道浦河町字西幌別327,1,1,1,1,,,1,,1,42.150872307235,142.83702226456,
536,E0160700045202,浦河東部小学校,北海道浦河町字西幌別33,1,1,1,1,,1,1,,1,42.14658977,142.8331854,
537,E0160700045201,浦河東部小学校校庭,北海道浦河町字西幌別33,,,1,1,,1,,,1,42.14612982,142.8328325,
538,E0160700046201,東栄生活館,北海道浦河町字東栄134,1,1,1,,,1,1,,1,42.188348366412,142.69841419326,
539,E0160700047201,上東栄会館,北海道浦河町字東栄291,1,1,1,,1,1,1,,1,42.206448992104,142.70323394232,
540,E0160700048201,富里生活館,北海道浦河町字東栄519,1,1,1,,1,1,1,,1,42.21251715,142.7091302,
541,E0160700049201,うとま沢共和会館,北海道浦河町字東幌別228,1,1,1,,1,,1,,1,42.14737707,142.8683801,
542,E0160700050201,東幌別自治会館,北海道浦河町字東幌別86,1,1,1,,1,,1,,1,42.15057242,142.8561939,
543,E0160700051201,白泉生活改善センター,北海道浦河町字白泉83,1,1,1,,,1,1,,1,42.14212587,142.819564,
544,E0160700052202,旧野深小学校,北海道浦河町字野深1-1,1,1,1,1,1,1,1,,1,42.24424079,142.7344901,
545,E0160700052201,旧野深小学校校庭,北海道浦河町字野深1-1,,,1,1,1,1,,,1,42.243572872608,142.73484674418,
546,E0160700053201,野深生活館,北海道浦河町字野深125,1,1,1,,1,1,1,,1,42.248948615456,142.75682388466,
547,E0160700054202,自然体験実習館柏陽館,北海道浦河町字野深352,1,1,1,1,1,,1,,1,42.276849271703,142.76807235952,
548,E0160700054201,自然体験実習館柏陽館前庭,北海道浦河町字野深352,,,1,1,1,1,,,1,42.277055744398,142.76813784908,
549,E0160700055201,上野深生活改善センター,北海道浦河町字野深391-57,1,1,1,,1,1,1,,1,42.280713211429,142.75393878466,
550,E0160700056201,常盤公園,北海道浦河町常盤町,,,1,1,1,1,,,,42.165315935129,142.78646998228,
551,E0160700057202,浦河小学校,北海道浦河町常盤町14,1,,1,1,1,1,1,,1,42.162290245415,142.77930024114,津波（3階以上）
552,E0160700057201,浦河小学校校庭,北海道浦河町常盤町14,,,1,1,,1,,,1,42.16218394,142.7787167,
553,E0160700058201,光照寺,北海道浦河町常盤町20-1,1,,1,,,,1,,1,42.163961618747,142.77977880556,
554,E0160700059201,常盤児童公園,北海道浦河町常盤町52,,,1,1,,1,,,,42.165442401527,142.78129356257,
555,E0160700060201,総合文化会館,北海道浦河町大通3-52,1,1,1,1,1,1,1,,1,42.162485641478,142.77510626071,津波（3階以上）
556,E0160700061201,浦河町まちなか元気ステーション,北海道浦河町大通3-53,1,,1,1,,1,1,,,42.162258157319,142.77569838993,
557,E0160700062201,正信寺,北海道浦河町大通4-51,1,,1,,,,1,,1,42.1614724,142.778325,
558,E0160700063201,勤労青少年ホーム,北海道浦河町築地1-5-1,1,1,1,,,1,1,,1,42.16728904,142.7683919,
559,E0160700064201,勤労者体育センター,北海道浦河町築地1-5-39,1,1,1,1,,1,1,,1,42.16685177,142.7682136,
560,E0160700065201,ゼロネクストワンアリーナ,北海道浦河町潮見町10,1,1,1,1,1,1,1,,1,42.165640033464,142.7754944,
561,E0160700066201,潮見ヶ丘公園,北海道浦河町潮見町20,,,1,1,1,1,,,,42.16460484,142.7771215,
562,E0160700067201,東町生活館,北海道浦河町東町うしお1-7-4,1,1,1,,,1,1,,1,42.15758237,142.78805032024,
563,E0160700068201,日高地域人材開発センター,北海道浦河町東町うしお2-3-1,1,,1,1,1,1,1,,1,42.15655778,142.7936466,
564,E0160700069201,浦河自動車学校,北海道浦河町東町うしお2-4,,,1,1,1,1,,,,42.157317005454,142.79558550608,
565,E0160700070201,浦河高等学校校庭,北海道浦河町東町かしわ1-5,,,1,1,,1,,,1,42.15992887,142.7899778,
566,E0160700070202,浦河高等学校,北海道浦河町東町かしわ1-5,1,1,1,1,1,1,1,,1,42.15919417,142.7904128,
567,E0160700071201,柏児童公園,北海道浦河町東町かしわ1-7,,,1,1,1,1,,,,42.1592429,142.7934744,
568,E0160700072201,浦河町ふれあい会館駐車場,北海道浦河町東町かしわ3-1,,,1,1,,1,,,,42.16369271,142.7930398,
569,E0160700073201,浦河町ふれあい会館,北海道浦河町東町かしわ3-1-1,1,,1,1,1,1,1,,1,42.163924965061,142.79325501839,
570,E0160700074201,東町保育所,北海道浦河町東町かしわ3-4-31,1,,1,,1,1,1,,1,42.164160041285,142.79402636931,
571,E0160700075201,東町児童公園,北海道浦河町東町ちのみ3-6,,,1,1,1,1,,,,42.166285671146,142.79338564047,
572,E0160700076201,東町ちのみヶ丘団地広場,北海道浦河町東町ちのみ4-7,,,1,1,1,1,,,,42.170663844985,142.79431642698,
573,E0160700077201,緑町会館,北海道浦河町緑町,,,1,,,1,1,,1,42.1792944,142.7679451,
574,E0164900001201,林道厚内線避難場所,北海道浦幌町字オコッペ31-17,,,,,1,,,,,42.813820808566,143.80232215279,
575,E0164900002201,厚内地区軽スポーツセンター,北海道浦幌町字オコッペ31-7,1,1,,1,,,,,,42.808506144663,143.80751580344,
576,E0164900004201,浜厚内高台,北海道浦幌町字チプネオコッペ1-1,,,,,1,,,,,42.800823186464,143.80956503904,
577,E0164900003201,浜厚内生活館,北海道浦幌町字チプネオコッペ1-22,1,1,,1,,,,,,42.799772106033,143.8097006923,
578,E0164900005201,豊北会館,北海道浦幌町字トイトツキ39,,1,,1,,,,,,42.721643046935,143.64785757327,
579,E0164900006201,稲穂会館,北海道浦幌町字稲穂246,1,1,,1,,,,,,42.815642175085,143.60720538158,
580,E0164900007201,川上近隣センター,北海道浦幌町字栄穂105-1,1,1,,1,,,,,,43.124382803158,143.67239561318,
581,E0164900008201,活平地区集会所,北海道浦幌町字活平231,1,1,,1,,,,,,42.986225467886,143.63578940356,
582,E0164900009201,幾千世地区集会所,北海道浦幌町字幾千世244-4,1,1,,1,,,,,,42.873684758774,143.61096648437,
583,E0164900010201,上浦幌ひまわり保育園,北海道浦幌町字貴老路10-6,1,1,,1,,,,,,43.091334266765,143.60611188489,
584,E0164900011201,農業団地センター,北海道浦幌町字貴老路4-4,1,1,,1,,,,,,43.092040888334,143.60596796002,
585,E0164900012201,吉野公民館,北海道浦幌町字吉野111,1,1,,1,1,,,,1,42.776427458512,143.60888271987,
586,E0164900013201,旧吉野小学校,北海道浦幌町字共栄108,1,1,,1,,,,,,42.77414189479,143.61286293953,
587,E0164900014201,斉藤牧場牧草地角避難場所,北海道浦幌町字厚内1-9,,,,,1,,,,,42.811867682104,143.81925644051,
588,E0164900017201,上厚内会館,北海道浦幌町字厚内62-17,1,,,1,,,,,,42.832936998459,143.74876099029,
589,E0164900018201,堺氏の沢避難場所,北海道浦幌町字厚内71-1,,,,,1,,,,,42.823699617975,143.80272190934,
590,E0164900015201,厚内公民館,北海道浦幌町字厚内二条通3,1,1,,1,,,,,1,42.808405,143.814829,
591,E0164900019201,中央公民館,北海道浦幌町字桜町15,1,1,,1,,,,,1,42.809115032181,143.65719594445,
592,E0164900044201,浦幌町役場,北海道浦幌町字桜町15-6,1,1,,1,,,,,,42.808857,143.65834,
593,E0164900020201,浦幌町立浦幌小学校,北海道浦幌町字住吉町1-1,1,1,,1,,,,,1,42.806938922915,143.65264766207,
594,E0164900022201,模範牧場,北海道浦幌町字十勝太187-4,,,,,1,,,,,42.736909337125,143.71575025545,
595,E0164900023201,十勝太コミュニティセンター,北海道浦幌町字十勝太大通東3,,1,,1,,,,,,42.727284746844,143.70058808685,
596,E0164900024201,瀬多来会館,北海道浦幌町字瀬多来145,1,1,,1,,,,,,42.962706595236,143.58814518244,
597,E0164900025201,静内会館,北海道浦幌町字静内東５線南27,1,1,,1,,,,,,42.778007761808,143.69432672221,
598,E0164900026201,川流布会館,北海道浦幌町字川流布147,1,1,,1,,,,,,43.079519094589,143.66309135165,
599,E0164900027201,直別会館,北海道浦幌町字直別西１線27,1,1,,1,,,,,,42.856862131748,143.84079854449,
600,E0164900028201,浦幌町認定こども園,北海道浦幌町字東山町4-2,1,1,,1,,,,,,42.81066262583,143.66101615834,
601,E0164900029201,上浦幌地域会館,北海道浦幌町字美園177-11,1,1,,1,,,,,,43.038768,143.622451,
602,E0164900030201,上浦幌地区軽スポーツセンター,北海道浦幌町字美園259,1,1,,1,,,,,,43.040979230283,143.62158902229,
603,E0164900031201,浦幌町立上浦幌中学校,北海道浦幌町字宝生164-4,1,1,,1,,,,,1,43.083095294584,143.60608945812,
604,E0164900033201,上浦幌公民館,北海道浦幌町字宝生165-1,1,1,,1,,,,,1,43.083064790352,143.60491728863,
605,E0164900034201,浦幌町立上浦幌中央小学校,北海道浦幌町字宝生171-1,1,1,,1,,,,,1,43.085483212586,143.60440572535,
606,E0164900036201,浦幌町総合スポーツセンター,北海道浦幌町字宝町1-2,1,1,,1,,,,,1,42.815116718701,143.65476843763,
607,E0164900039201,浦幌町コスミックホール,北海道浦幌町字本町100,1,1,,1,,,,,,42.8111513536287,143.652618890003,
608,E0164900040201,浦幌町立浦幌中学校,北海道浦幌町字万年339-1,,1,,1,,,,,1,42.800950254079,143.65753937114,
609,E0164900042201,新養老コミュニティセンター,北海道浦幌町字養老117-1,,1,,1,,,,,,42.744800833051,143.63127347093,
610,E0164900043201,中浦幌地区集会所,北海道浦幌町字留真213-1,1,1,,1,,,,,,42.924106028714,143.65617733477,
611,E0151100001201,芦野地域集会所駐車場,北海道猿払村芦野175-229,1,1,1,,1,1,1,,1,45.3038469009268,142.178630935763,
612,E0151100002201,猿払地域集会所駐車場,北海道猿払村猿払127-81,1,1,1,,1,1,1,,1,45.265014340648,142.19501745993,
613,E0151100003201,猿払村役場前広場,北海道猿払村鬼志別西町172-1,1,1,1,,1,1,1,,1,45.33020051349,142.10892653171,
614,E0151100005201,楽楽心駐車場,北海道猿払村鬼志別南町243,1,1,1,,1,1,1,,1,45.327954,142.112209,
615,E0151100007201,鬼志別小学校グランド,北海道猿払村鬼志別北町178,1,1,1,,1,1,1,,1,45.334513480857,142.11363030229,
616,E0151100008201,拓心中学校グランド,北海道猿払村鬼志別北町184,1,1,1,,1,1,1,,1,45.335565218545,142.11580308644,
617,E0151100010201,狩別地域集会所駐車場,北海道猿払村狩別2904-1,1,1,1,,1,1,1,,1,45.246458010958,142.12522732426,
618,E0151100011201,小石交流センター駐車場,北海道猿払村小石291-13,1,,1,,1,1,1,,1,45.312014977638,142.0559809395,
619,E0151100012201,浅茅野小学校グランド,北海道猿払村浅茅野336-1,1,1,1,,1,1,1,,1,45.208146237857,142.23204934995,
620,E0151100013201,浅茅野台地農業研修施設駐車場,北海道猿払村浅茅野台地342-201,1,1,1,,1,1,1,,1,45.19122821183,142.25770995488,
621,E0151100015201,知来別簡易水道配水池敷地,北海道猿払村知来別1236-1,1,1,1,,1,1,1,,,45.37792021849,142.0930401194,
622,E0151100016201,知来別小学校裏山（墓地付近）,北海道猿払村知来別141,1,1,1,,1,1,1,,,45.381378623524,142.08417984214,
623,E0151100017201,浜猿払交流センター駐車場,北海道猿払村浜猿払1075-52,1,1,,,1,,1,,1,45.273573050418,142.23309946353,
624,E0151100018201,道の駅さるふつ公園駐車場（管理棟側）,北海道猿払村浜鬼志別214-1,1,1,1,,1,1,1,,,45.329293528069,142.17706224984,
625,E0151100019201,浜鬼志別小学校グランド,北海道猿払村浜鬼志別278-1,1,1,1,,1,1,1,,1,45.339524285314,142.16514787739,
626,E0155500063201,東小学校グラウンド,北海道遠軽町１条通北5-1-1,1,1,,1,,1,1,,,44.0640456,143.5311108,
627,E0155500064201,東小学校,北海道遠軽町１条北5-1-1,1,1,,1,,1,1,,1,44.06474796,143.5317605,
628,E0155500004201,栄野会館,北海道遠軽町栄野404-1,1,1,,,,1,1,,1,44.01947452,143.4536445,
629,E0155500005201,丸瀬布金山会館,北海道遠軽町丸瀬布金山136,1,1,,,,1,1,,1,44.02360736,143.3563089,
630,E0155500006201,丸瀬布上武利集会所,北海道遠軽町丸瀬布上武利206-3,1,1,,1,,1,1,,1,43.91473527,143.3327945,
631,E0155500007201,丸瀬布農村集落多目的共同利用施設,北海道遠軽町丸瀬布上武利53,1,,,,,1,1,,1,43.93242855,143.3331083,
632,E0155500008201,丸瀬布新町会館,北海道遠軽町丸瀬布新町397-3,1,1,,,,1,1,,1,43.99968971,143.3368829,
633,E0155500009202,丸瀬布中学校,北海道遠軽町丸瀬布新町78,1,1,,1,,1,1,,1,44.0057452,143.343484,
634,E0155500009201,丸瀬布中学校グラウンド,北海道遠軽町丸瀬布新町78,1,1,,1,,1,1,,1,44.00572982,143.3417228,
635,E0155500010201,丸瀬布金湧会館,北海道遠軽町丸瀬布新町95,1,1,,1,,1,1,,1,44.00426325,143.3426111,
636,E0155500011201,丸瀬布中央公民館駐車場,北海道遠軽町丸瀬布水谷町12-3,1,,,1,,1,1,,1,44.00663695,143.3345386,
637,E0155500011202,丸瀬布中央公民館,北海道遠軽町丸瀬布水谷町12-3,1,,,,,1,1,,1,44.00621126,143.3340288,
638,E0155500012201,丸瀬布天神会館,北海道遠軽町丸瀬布水谷町142-1,1,1,,1,,1,1,,1,44.00302753,143.3266162,
639,E0155500013201,丸瀬布老人福祉センター,北海道遠軽町丸瀬布水谷町68-6,1,1,,1,,1,1,,1,44.00424883,143.329952,
640,E0155500014201,丸瀬布西町会館,北海道遠軽町丸瀬布西町3-2,1,1,,1,,1,1,,1,44.00295632,143.3325718,
641,E0155500015201,丸瀬布コミュニティセンター,北海道遠軽町丸瀬布中町115-1,1,1,,1,,1,1,,1,44.00546448,143.3377859,
642,E0155500016202,丸瀬布小学校,北海道遠軽町丸瀬布東町113,1,1,,1,,1,1,,1,44.00865653,143.3419295,
643,E0155500016201,丸瀬布小学校グラウンド,北海道遠軽町丸瀬布東町113,,1,,1,,1,1,,1,44.00888731,143.3432095,
644,E0155500017201,丸瀬布武利会館,北海道遠軽町丸瀬布武利61-2,1,1,,,,1,1,,1,43.9735482,143.3365095,
645,E0155500019201,学田住民センター,北海道遠軽町岩見通北9-1-24,1,1,,1,,1,1,,1,44.072903,143.5266604,
646,E0155500020201,社名淵地域公民館広場,北海道遠軽町社名淵69-1,1,1,,1,,1,1,,1,44.07076829,143.437216,
647,E0155500020202,社名淵地域公民館,北海道遠軽町社名淵69-1,1,1,,,,1,1,,1,44.07044297,143.4378863,
648,E0155500021201,上白滝会館,北海道遠軽町上白滝167,1,1,,,,1,1,,1,43.87524933,143.1423165,
649,E0155500022201,旧三和小中学校グラウンド,北海道遠軽町上白滝202,1,1,,1,,1,1,,,43.87784648,143.1353378,
650,E0155500061201,瀬戸瀬地域公民館,北海道遠軽町瀬戸瀬東町127-1,1,1,,1,,1,1,,1,44.008076,143.434166,
651,E0155500025201,木のおもちゃワールド館「ちゃちゃワールド」,北海道遠軽町生田原143-4,1,1,,1,,1,1,,1,43.92769131,143.528696,
652,E0155500026201,生田原総合支所,北海道遠軽町生田原339-1,,1,,,,1,,,,43.92315569,143.5319693,
653,E0155500027201,生田原集会施設「かぜる西」,北海道遠軽町生田原668-1,1,1,,1,,1,1,,1,43.91014043,143.5354054,
654,E0155500028202,生田原小学校,北海道遠軽町生田原710-1,1,1,,1,,1,1,,1,43.911501,143.53357,
655,E0155500028201,生田原小学校グラウンド,北海道遠軽町生田原710-1,1,1,,1,,1,1,,1,43.91115563,143.532299,
656,E0155500029201,生田原中学校グラウンド,北海道遠軽町生田原712,1,1,,1,,1,1,,1,43.90924308,143.532886,
657,E0155500029202,生田原中学校,北海道遠軽町生田原712,1,1,,1,,1,1,,1,43.91006815,143.5333855,
658,E0155500030202,安国中学校,北海道遠軽町生田原安国22-1,1,1,,1,,1,1,,1,43.99334247,143.5396645,
659,E0155500030201,安国中学校グラウンド,北海道遠軽町生田原安国22-1,1,1,,1,,1,1,,1,43.99263968,143.5403419,
660,E0155500031202,安国小学校,北海道遠軽町生田原安国271-1,1,1,,1,,1,1,,1,43.98674189,143.5383818,
661,E0155500031201,安国小学校グラウンド,北海道遠軽町生田原安国271-1,1,1,,1,,1,1,,1,43.98707023,143.5377116,
662,E0155500032201,安国公民館,北海道遠軽町生田原安国32,1,1,,,,1,1,,1,43.99358225,143.5385993,
663,E0155500033201,生田原女性・若者等活動促進施設「かぜる安国」,北海道遠軽町生田原安国84-1,1,1,,1,,1,1,,1,43.99194751,143.5371442,
664,E0155500035201,キララン清里グラウンド,北海道遠軽町生田原清里956,1,1,,1,,1,1,,1,43.86013262,143.5081072,
665,E0155500035202,生田原宿泊研修施設「キララン清里」,北海道遠軽町生田原清里956,1,1,,,,1,1,,1,43.85989862,143.5074726,
666,E0155500036201,遠軽町総合体育館,北海道遠軽町西町1-2,1,1,,,,1,1,,1,44.05501647,143.5132734,
667,E0155500037201,旧遠軽小学校屋内体育館,北海道遠軽町西町2-11-1,1,1,,,,1,1,,,44.05034717,143.5115555,
668,E0155500038202,遠軽小学校,北海道遠軽町西町3-3-15,1,1,,1,,1,1,,1,44.04693464,143.5070458,
669,E0155500038201,遠軽小学校グラウンド,北海道遠軽町西町3-3-15,1,1,,1,,1,1,,1,44.04645032,143.5061688,
670,E0155500039201,遠軽町図書館駐車場,北海道遠軽町大通南4-1-20,1,1,,1,,1,1,,,44.05450462,143.5189809,
671,E0155500040201,遠軽警察署横広場,北海道遠軽町大通北4-1-37,1,1,,1,,1,1,,,44.06498036,143.5258878,
672,E0155500041201,遠軽中学校グラウンド,北海道遠軽町大通北5-2-1,1,1,,1,,1,1,,1,44.06542967,143.5295052,
673,E0155500041202,遠軽中学校,北海道遠軽町大通北5-2-1,1,1,,,,1,1,,1,44.06453048,143.5293019,
674,E0155500042201,東体育館,北海道遠軽町大通北6-4,1,1,,,,1,1,,1,44.06635187,143.5311008,
675,E0155500043201,遠軽町武道館,北海道遠軽町東町1-6-11,1,1,,1,,1,1,,1,44.05421655,143.5402988,
676,E0155500044202,遠軽コミュニティセンター,北海道遠軽町東町2-2-59,1,1,,,,1,1,,1,44.05256174,143.5397662,
677,E0155500044201,遠軽町基幹集落センター,北海道遠軽町東町2-2-59,1,1,,,,1,1,,1,44.05199802,143.5396325,
678,E0155500045201,南中学校グラウンド,北海道遠軽町東町5-4-82,1,1,,1,,1,1,,1,44.04029736,143.5292441,
679,E0155500045202,南中学校,北海道遠軽町東町5-4-82,1,1,,,,1,1,,1,44.03921839,143.528449,
680,E0155500046202,北海道遠軽高等学校,北海道遠軽町南町1-4-1,1,1,,1,,1,1,,1,44.05124967,143.5270634,
681,E0155500046201,北海道遠軽高等学校グラウンド,北海道遠軽町南町1-4-1,,1,,1,,1,,,1,44.05224388,143.5279297,
682,E0155500047201,遠軽町国産材需要開発センター「木楽館」駐車場,北海道遠軽町南町3-2-224,1,1,,1,,1,1,,,44.0473355,143.5228999,
683,E0155500048201,南小学校グラウンド,北海道遠軽町南町3-4-43,1,1,,1,,1,1,,1,44.04427865,143.5263624,
684,E0155500048202,南小学校,北海道遠軽町南町3-4-43,1,1,,,,1,1,,1,44.04438628,143.5253499,
685,E0155500049201,白滝総合支所駐車場,北海道遠軽町白滝138-1,1,1,,1,,1,1,,1,43.88687336,143.1936653,
686,E0155500049202,白滝国際交流センター,北海道遠軽町白滝138-1,1,1,,1,,1,1,,1,43.88650335,143.1924745,
687,E0155500050201,白滝ふれあいセンター,北海道遠軽町白滝600,1,1,,1,,1,1,,1,43.88687402,143.1883956,
688,E0155500051201,白滝中学校グラウンド,北海道遠軽町白滝942-1,1,1,,1,,1,1,,1,43.87886032,143.1759647,
689,E0155500051202,白滝中学校,北海道遠軽町白滝942-1,1,1,,,,1,1,,1,43.87868557,143.1752267,
690,E0155500052201,支湧別産業会館,北海道遠軽町白滝支湧別93-1,1,1,,,,1,1,,1,43.85194754,143.1578458,
691,E0155500053201,上支湧別農作業準備休憩施設前広場,北海道遠軽町白滝上支湧別511-1,1,1,,1,,1,1,,1,43.829663321934,143.13622227183,
692,E0155500053202,上支湧別農作業準備休憩施設,北海道遠軽町白滝上支湧別511-1,1,1,,1,,1,1,,1,43.829490333628,143.13585370171,
693,E0155500055201,えんがる温水プール,北海道遠軽町福路2-1-2,1,1,,1,,1,1,,1,44.04548214,143.5187347,
694,E0155500056201,豊里体育館,北海道遠軽町豊里240-2,1,1,,1,,1,1,,1,44.03573109,143.5154358,
695,E0155500060201,道の駅　遠軽森のオホーツク,北海道遠軽町野上150-1,,,,1,,,,,,44.022207,143.496817,
696,E0155500057201,野上公民館,北海道遠軽町野上49,1,1,,,,1,1,,,44.01909527,143.4701958,
697,E0155500058201,留岡公民館,北海道遠軽町留岡163-3,1,1,,,,1,1,,,44.07307952,143.4962317,
698,E0148600002201,農業振興センター,北海道遠別町字幸和81,1,1,1,1,1,1,1,,1,44.722024874457,141.80986961211,
699,E0148600003201,北海道遠別農業高等学校,北海道遠別町字北浜74-1,1,1,1,1,1,1,1,,1,44.726130174326,141.79501907917,
700,E0148600004201,遠別小学校,北海道遠別町字本町5-15,1,1,1,1,1,1,1,,1,44.725149428011,141.79669179819,
701,E0148600005201,幼児センター,北海道遠別町字本町5-15-1,1,1,1,1,1,1,1,,1,44.724604399692,141.79620363616,
702,E0136700026201,奥尻町総合庁舎,北海道奥尻町字奥尻428-2,1,1,1,1,1,1,,,1,42.172254,139.512192,
703,E0136700010201,奥尻小学校,北海道奥尻町字宮津40,1,1,1,1,1,1,1,1,1,42.2043303423443,139.544031526696,
704,E0136700016201,青苗支所,北海道奥尻町字青苗411-52,1,1,1,1,1,1,1,1,1,42.0607063164728,139.446822956342,
705,E0136700020201,奥尻高等学校,北海道奥尻町字赤石411-2,1,1,1,1,1,1,1,1,1,42.1485900166238,139.516012262152,
706,E0136700021201,神威脇生活改善センター,北海道奥尻町字湯浜83,1,,1,1,,1,1,1,1,42.1686455562348,139.412012760695,
707,E0136700025201,米岡自治振興会館,北海道奥尻町字米岡232-1,1,1,1,1,1,1,1,1,1,42.0754993761532,139.436661507605,
708,E0136400002201,旭岱寿の家前,北海道乙部町字旭岱352-3,,,,1,1,,,,,41.96520686,140.1933994,
709,E0136400003201,旧栄浜保育園前,北海道乙部町字栄浜227,,,,1,1,,,,,42.00387589,140.1210751,
710,E0136400004201,栄浜八幡神社忠魂碑前,北海道乙部町字栄浜325-1,,,,1,1,,,,,42.002376,140.123105,
711,E0136400007201,増川宅裏山,北海道乙部町字栄野36-1,,,,1,1,,,,,41.99702447,140.1246497,
712,E0136400009201,葛西美喜雄宅地先町道花磯２号線,北海道乙部町字花磯197-1,,,,1,1,,,,,42.04796448,140.0854228,
713,E0136400011201,明和地区町民グランド,北海道乙部町字花磯723,,,,1,1,,,,,42.04007017,140.0893742,
714,E0136400010201,桜井政美宅地先町道潮見花磯線,北海道乙部町字花磯６４－２地先,,,,1,1,,,,,42.04326067,140.0865042,
715,E0136400016201,おとべ温泉憩いの湯前,北海道乙部町字館浦527-1,,,,1,1,,,,,41.9780453,140.1418973,
716,E0136400018201,館浦温泉公園高台,北海道乙部町字館浦528-3,,,,1,1,,,,,41.97735468,140.1428615,
717,E0136400014201,館浦児童公園裏高台,北海道乙部町字館浦４７８－５地先,,,,1,1,,,,,41.97689403,140.1380457,
718,E0136400019201,町道館浦鳥山線（旧国道）,北海道乙部町字館浦７８－２地先,,,,1,1,,,,,41.97750046,140.1353746,
719,E0136400022201,生きがい交流センター前,北海道乙部町字元町323,,,,1,1,,,,,41.96749246,140.1343227,
720,E0136400023201,町道市街地山手通り線,北海道乙部町字元町443-4,,,,1,1,,,,,41.96768685,140.1357785,
721,E0136400025201,町道宮の森公園線駐車場,北海道乙部町字元町488,,,,1,1,,,,,41.96560595,140.1298841,
722,E0136400026201,宮の森公園忠魂碑前広場,北海道乙部町字元町515-1,,,,1,1,,,,,41.9666443,140.1327629,
723,E0136400024201,国道２２９号線坂の上,北海道乙部町字元町４７地先,,,,1,1,,,,,41.96547347,140.1287024,
724,E0136400028201,元和交遊館前,北海道乙部町字元和103-3,,,,1,1,,,,,42.01043516,140.1073574,
725,E0136400031201,旧元和分校グランド,北海道乙部町字元和749-1,,,,1,1,,,,,42.02050339,140.1028644,
726,E0136400033201,町道三ツ谷２号線,北海道乙部町字三ツ谷207,,,,1,1,,,,,42.03147776,140.0973786,
727,E0136400034201,三ツ谷山の上（車旋回場）,北海道乙部町字三ツ谷408-1,,,,1,1,,,,,42.02460547,140.1023639,
728,E0136400035201,滝瀬寿の家前,北海道乙部町字滝瀬205,,,,1,1,,,,1,41.96094849,140.1305798,
729,E0136400037201,潮見希望館前,北海道乙部町字潮見２１６地先,,,,1,1,,,,,42.037562,140.090361,
730,E0136400040201,笹谷正行宅裏山,北海道乙部町字鳥山541,,,,1,1,,,,,41.99622835,140.1261395,
731,E0136400038201,町道館浦鳥山線（旧国道）,北海道乙部町字鳥山３５９地先,,,,1,1,,,,,41.99223174,140.1308515,
732,E0136400042201,山科稔宅前町道姫川９号線,北海道乙部町字姫川437-52,,,,1,1,,,,,41.970812982372,140.18275081666,
733,E0136400043201,旧姫川ふるさと体験交流館グランド,北海道乙部町字姫川523-2,,,,1,1,,,,,41.96894686,140.1868916,
734,E0136400041201,乙部ヘリコプター場外離着陸場,北海道乙部町字姫川１５７－２地先,,,,1,1,,,,,41.97024491,140.1620452,
735,E0136400047201,伊藤鉄弘宅前豊浜地区復旧治山,北海道乙部町字豊浜442-2,,,,1,1,,,,,42.04940973,140.0803979,
736,E0136400046201,大岩高台　豊浜２号線,北海道乙部町字豊浜１４６地先,,,,1,1,,,,,42.052722490017,140.07701138836,
737,E0136400048201,豊浜地区高台,北海道乙部町字豊浜４７３地先,,,,1,1,,,,,42.04801543,140.0822994,
738,E0136400049201,山の上　山腰孝平宅前,北海道乙部町字豊浜４８２地先,,,,1,1,,,,,42.047339,140.083864,
739,E0136400050201,山の上　町道豊浜１号線,北海道乙部町字豊浜６－７地先,,,,1,1,,,,,42.047164791528,140.08435396553,
740,E0136400052201,乙部小学校グランド,北海道乙部町字緑町641-1,,,,1,1,,,,1,41.9688497,140.1372373,
741,E0136400055201,国保病院裏高台,北海道乙部町字緑町704-6,,,,1,1,,,,,41.968183695686,140.14091559264,
742,E0136400056201,町道滝瀬緑町線（低区配水池下）,北海道乙部町字緑町758-1,,,,1,1,,,,,41.96874413,140.1424884,
743,E0136400058201,緑台団地高台（車旋回場）,北海道乙部町字緑町893-4,,,,1,1,,,,,41.969680038246,140.1423234997,
744,E0136400057201,乙部小学校裏高台,北海道乙部町字緑町８０５地先,,,,1,1,,,,,41.96734805,140.1382101,
745,E0147000001201,（道の駅）おといねっぷ駐車場（旭川開発建設部管内）,北海道音威子府村字音威子府155,1,1,,1,,1,1,,,44.72908074,142.2573604,
746,E0147000001202,道の駅おといねっぷ,北海道音威子府村字音威子府155,1,1,,1,,1,1,,,44.729132,142.25784,
747,E0147000002201,音威子府村山村広場,北海道音威子府村字音威子府180,1,1,,1,,1,1,,,44.727760257334,142.26510600185,
748,E0147000003202,おといねっぷ美術工芸高等学校,北海道音威子府村字音威子府181,1,1,,1,,1,1,,1,44.72666126,142.2664801,
749,E0147000003201,おといねっぷ美術工芸高等学校（体育館）,北海道音威子府村字音威子府181,1,1,,1,,1,1,,1,44.72718895,142.2666881,
750,E0147000004201,音威子府村地域交流センター,北海道音威子府村字音威子府192-8,1,1,,1,,1,1,,1,44.72679307,142.2694733,
751,E0147000005201,音威富士スキー場ロッヂ,北海道音威子府村字音威子府200-5,1,1,,1,,1,1,,1,44.72244848,142.2717854,
752,E0147000006201,音威子府村公民館,北海道音威子府村字音威子府444-5,1,1,,1,,1,1,,,44.724896729628,142.26193090007,
753,E0147000007202,音威子府小中学校（体育館）,北海道音威子府村字音威子府450-1,1,1,,1,,1,1,,,44.72620627,142.2639948,
754,E0147000007203,音威子府小中学校,北海道音威子府村字音威子府450-1,1,1,,1,,1,1,,,44.72634558,142.2633055,
755,E0147000007201,音威子府小中学校（グラウンド）,北海道音威子府村字音威子府450-1,1,1,,1,,1,1,,,44.72574611,142.2635729,
756,E0147000008201,音威子府村福祉交流拠点地域複合施設ときわ,北海道音威子府村字音威子府509-88,1,1,,1,,1,1,,1,44.728212540013,142.26056833789,
757,E0147000009202,咲来公民館（体育室）,北海道音威子府村字咲来389-1,1,1,,1,,1,1,,,44.686767102101,142.26466745953,
758,E0147000009201,咲来公民館（広場）,北海道音威子府村字咲来389-1,1,1,,1,,1,1,,,44.686501542956,142.26420712751,
759,E0147000009203,咲来公民館,北海道音威子府村字咲来389-1,1,1,,1,,1,1,,,44.686826836989,142.26411204656,
760,E0147000010201,筬島会館,北海道音威子府村字物満内40-1,1,1,,1,,1,1,,,44.738311264675,142.1971563067,
761,E0163100001201,鈴蘭小学校（グラウンド）,北海道音更町すずらん台北町2-1,,,,1,,1,,,1,42.953912786187,143.18413537116,
762,E0163100001202,鈴蘭小学校,北海道音更町すずらん台北町2-1,1,1,,1,,1,1,,1,42.954951261383,143.18386437724,
763,E0163100042202,道の駅おとふけ（駐車場）,北海道音更町なつぞら2,1,1,,1,,1,1,,1,42.975328,143.182393,
764,E0163100042201,道の駅おとふけ,北海道音更町なつぞら2,1,1,,1,,1,1,,1,42.975273,143.181469,
765,E0163100002202,生涯学習センター（駐車場）,北海道音更町希望が丘1,1,1,,1,,1,1,,,42.99111,143.194449,
766,E0163100002201,家畜集出荷センター（構内）,北海道音更町希望が丘1,,,,1,,1,,,,42.99063671471,143.19320978465,
767,E0163100043201,アクリナちゃっぽ（駐車場）,北海道音更町希望が丘2,1,1,,1,,1,1,,,42.990718,143.190861,
768,E0163100004201,駒場中学校,北海道音更町駒場南1,1,1,,1,,1,1,,1,43.04234195419,143.18648285714,
769,E0163100005201,駒場小学校,北海道音更町駒場北町2,,,,1,,1,,,1,43.051654200883,143.1831835762,
770,E0163100006202,音更小学校,北海道音更町元町1,,,,1,,1,,,1,42.995455867079,143.19634562936,
771,E0163100006201,音更小学校（グラウンド）,北海道音更町元町1,,,,1,,1,,,1,42.996185641878,143.19649578466,
772,E0163100007201,緑陽台小学校（グラウンド）,北海道音更町字下音更北７線西7,,,,1,,1,,,1,42.967132319573,143.19138684603,
773,E0163100007202,緑陽台小学校,北海道音更町字下音更北７線西7,1,1,,1,,1,1,,1,42.968160760956,143.19104888466,
774,E0163100008201,緑南中学校（グラウンド）,北海道音更町字下士幌北２線東25,,,,1,,1,,,1,42.945856,143.231623,
775,E0163100008202,緑南中学校,北海道音更町字下士幌北２線東25,1,1,,1,,1,1,,1,42.94500479959,143.23202724366,
776,E0163100009201,下士幌小学校,北海道音更町字下士幌北２線東51,1,1,,1,,1,1,,1,42.947486833277,143.25972789259,
777,E0163100010201,集団研修施設,北海道音更町字上然別西４線98,,,,1,,1,,,1,43.05126948,143.0983589,
778,E0163100011201,西中音更小学校,北海道音更町字西中音更北１５線7,,,,1,,1,,,1,43.137410604589,143.09770609563,
779,E0163100012201,然別公民館,北海道音更町字然別北８線西45,,,,1,,1,,,1,42.968831602989,143.14826682433,
780,E0163100013201,中音更会館,北海道音更町字中音更西３線6,,,,1,,1,,,1,43.12202202257,143.17777885093,
781,E0163100014201,長流枝寿の家,北海道音更町字長流枝幹線70,,,,1,,1,,,1,42.99435279,143.3191708,
782,E0163100015201,教育支援センター,北海道音更町字東音更西２線25,1,1,,1,,1,1,,1,43.055586952609,143.22108553146,
783,E0163100016201,東士幌小学校,北海道音更町字東音更東４線15,,,,1,,1,,,1,43.04293183,143.2598905,
784,E0163100017201,東士狩小学校,北海道音更町字東士狩西７線52,,,,1,,1,,,1,43.016530888927,143.14699864656,
785,E0163100018201,共和地域会館,北海道音更町字東和西２線54,1,1,,,,,1,,1,43.02288261,143.2196323,
786,E0163100019203,音更町昭和商学校,北海道音更町字東和東１線19,,,,1,,1,,,1,42.995854,143.24199,
787,E0163100019201,昭和公民館（旧昭和小学校）,北海道音更町字東和東１線19,,,,1,,1,,,1,42.995889,143.242129,
788,E0163100019202,昭和地区構造改善センター,北海道音更町字東和東１線19,,,,1,,1,,,1,42.99552,143.24056,
789,E0163100020201,南中音更公民館（旧南中音更小学校）,北海道音更町字南中音更北４線8,,,,1,,1,,,1,43.08846904855,143.07592823002,
790,E0163100021201,豊田公民館,北海道音更町字豊田東４線27,,,,1,,1,,,1,43.093734,143.273403,
791,E0163100046201,道の駅ガーデンスパ十勝川温泉（駐車場）,北海道音更町十勝川温泉北14-1,1,1,,1,,1,1,,,42.933515,143.300186,
792,E0163100022201,十勝川温泉湯の里会館,北海道音更町十勝川温泉北14-2,1,1,,1,,1,1,,1,42.93565528,143.2997609,
793,E0163100023201,開進生活館,北海道音更町新通20-1,,,,1,,1,,,1,42.97782495,143.2063938,
794,E0163100026201,下音更中学校（グラウンド）,北海道音更町中鈴蘭南1-4,,,,1,,1,,,1,42.9536885,143.1940531,
795,E0163100026202,下音更中学校,北海道音更町中鈴蘭南1-4,1,1,,1,,1,1,,1,42.954091207064,143.19560113017,
796,E0163100044201,ひばりが丘緑地パークゴルフ場（駐車場）,北海道音更町宝来南一条7-2,1,1,,1,,1,1,,,42.942205,143.227822,
797,E0163100045201,キックロスおとふけ（駐車場）,北海道音更町宝来南一条8-2,1,1,,1,,1,1,,,42.943564,143.228633,
798,E0163100028201,下音更小学校（グラウンド）,北海道音更町木野西通12-8,,,,1,,1,,,1,42.95836278,143.20162,
799,E0163100028202,下音更小学校,北海道音更町木野西通12-8,1,1,,1,,1,1,,1,42.95899,143.201968,
800,E0163100029205,音更町図書館,北海道音更町木野西通15-7,1,1,,1,,1,1,,1,42.964913,143.200807,
801,E0163100039205,音更町文化センター,北海道音更町木野西通15-8,1,1,,1,,1,1,,1,42.966,143.200566,
802,E0163100039202,音更町文化センター（駐車場）,北海道音更町木野西通15-8,1,1,,1,,1,1,,1,42.966,143.20051,
803,E0163100031201,共栄中学校（グラウンド）,北海道音更町木野西通16-2,,,,1,,1,,,1,42.968963199388,143.20253272024,
804,E0163100031202,共栄中学校,北海道音更町木野西通16-2,1,1,,1,,1,1,,1,42.968284116281,143.20189969008,
805,E0163100032201,共栄コミュニティセンター,北海道音更町木野西通17-1,,,,1,,1,,,1,42.97026642,143.204882,
806,E0163100033201,木野コミュニティセンター,北海道音更町木野西通8-2,1,1,,1,,1,1,,1,42.95159362,143.2020101,
807,E0163100034201,木野東小学校（グラウンド）,北海道音更町木野東通5-6,,,,1,,1,,,1,42.94545012,143.2080598,
808,E0163100034202,木野東小学校,北海道音更町木野東通5-6,,,,1,,1,,,1,42.94640432014,143.20829584047,
809,E0163100035201,柳町小学校（グラウンド）,北海道音更町柳町南区14,,,,1,,1,,,1,42.96821352,143.2116788,
810,E0163100035202,柳町小学校,北海道音更町柳町南区14,,,,1,,1,,,1,42.9690339002,143.21146954232,
811,E0163100036202,音更中学校,北海道音更町雄飛が丘1,1,1,,1,,1,1,,1,42.995412705658,143.19269784708,
812,E0163100036201,音更中学校（グラウンド）,北海道音更町雄飛が丘1,,,,1,,1,,,1,42.99429055,143.193878,
813,E0163100037201,武道館,北海道音更町雄飛が丘3,1,1,,1,,1,1,,1,42.993,143.1937,
814,E0163100037202,総合体育館,北海道音更町雄飛が丘3,1,1,,1,,1,1,,1,42.9922,143.1939,
815,E0163100038201,鈴蘭公園（広場）,北海道音更町鈴蘭公園2,,,,1,,1,,,,42.94466614,143.2010849,
816,E0146800003201,やまびこ学園グランド,北海道下川町一の橋605,1,1,,1,,1,,,,44.321162,142.765049,
817,E0146800031201,下川町公民館,北海道下川町幸町108,1,1,,1,,1,1,,,44.30367,142.634566,
818,E0146800007201,下川町民会館,北海道下川町幸町95,,1,,1,,1,1,,,44.303196,142.635573,
819,E0146800008201,下川町農村活性化センター,北海道下川町上名寄11811,,1,,1,,1,,,,44.311805,142.578528,
820,E0146800011203,下川町土間運動場「桜ヶ丘アリーナ」,北海道下川町西町10262,1,1,,1,,1,1,,,44.294791,142.628053,
821,E0146800011202,下川町野球場,北海道下川町西町10262,1,1,,1,,1,,,,44.295221,142.624781,
822,E0146800011201,下川町山村広場,北海道下川町西町10262,1,1,,1,,1,,,,44.294934,142.626566,
823,E0146800013201,下川町立下川小学校,北海道下川町西町40,,1,,1,,1,1,,,44.302847,142.631498,
824,E0146800015201,下川町民総合グランド,北海道下川町南町342,,1,,1,,1,,,,44.298511,142.635936,
825,E0146800017201,下川町民スポーツセンター,北海道下川町南町351-1,1,1,,1,,1,1,,1,44.298882750898,142.6336005582,
826,E0146800018201,下川町立下川中学校グランド,北海道下川町南町417,1,1,,1,,1,,,1,44.295965,142.635212,
827,E0146800018202,下川町立下川中学校,北海道下川町南町417,1,1,,1,,1,1,,1,44.297051,142.635894,
828,E0146800021201,下川町スキー場,北海道下川町南町4431,1,1,,1,,1,,,,44.294266,142.638566,
829,E0146800024202,北海道下川商業高等学校,北海道下川町北町1371,1,1,,1,,1,1,,1,44.308914,142.640298,
830,E0146800024201,北海道下川商業高等学校グランド,北海道下川町北町1371,1,1,,1,,1,,,1,44.308221,142.639096,
831,E0122700023201,妙法寺（１階庫裡部分）,北海道歌志内市字歌神7-1,1,1,,1,,1,,,,43.51402454,142.0274696,
832,E0122700002201,歌神地区集会所,北海道歌志内市字歌神71-10,,1,,1,,1,,,1,43.51952265,142.0296122,
833,E0122700025201,上歌チビッコ広場,北海道歌志内市字上歌23-10,,,,1,,1,,,,43.52466146,142.0582533,
834,E0122700004201,上歌ストックヤード,北海道歌志内市字上歌24-3,,,,,,1,,,,43.52478315,142.0593247,
835,E0122700005201,神威シルバーハウジング,北海道歌志内市字神威237-1,1,,,1,,1,,,,43.505609,142.017131,
836,E0122700006201,神威第一児童公園,北海道歌志内市字神威256-2,,,,1,,1,,,,43.51011265,142.0249437,
837,E0122700007201,神威神楽岡地区集会所,北海道歌志内市字神威272-1,,,,1,,1,,,1,43.50603693,142.0182503,
838,E0122700008201,中村地区集会所,北海道歌志内市字中村5-20,1,1,,,,1,,,1,43.50076742,142.0054474,
839,E0122700009201,中央団地運動広場,北海道歌志内市字中村5-27,1,1,,1,,1,,,,43.5000109,142.0033729,
840,E0122700010201,道の駅附帯施設,北海道歌志内市字中村72-2,,1,,1,,1,,,,43.50281606,142.0061208,
841,E0122700011201,チロルの湯（２階部分）,北海道歌志内市字中村78-3,1,1,,1,,1,,,1,43.5037839,142.0052232,
842,E0122700012201,東光地区集会所,北海道歌志内市字東光3-9,,1,,1,,1,,,,43.52103607,142.0487338,
843,E0122700013201,文珠第一町内会館,北海道歌志内市字文珠110-7,,1,,,,1,,,,43.49938707,141.9997691,
844,E0122700015201,文珠しらかば団地町内会館,北海道歌志内市字文珠158-50,,,,1,,1,,,,43.49279832,141.9915188,
845,E0122700016201,文珠第三町内会館,北海道歌志内市字文珠191,,,,1,,1,,,,43.49127033,141.9788482,
846,E0122700017201,歌志内学園,北海道歌志内市字文珠200,1,1,,1,,1,,,1,43.49252186,141.98372,
847,E0122700026201,Ｄａ＊マルシェ歌志内店（駐車場部分）,北海道歌志内市字文珠228-14,1,1,,1,,1,,,,43.49675,141.9923,
848,E0122700018201,文珠本通り地区集会所,北海道歌志内市字文珠95-1,,1,,1,,1,,,,43.49613176,141.9936498,
849,E0122700019201,本町第一メモリアルパーク,北海道歌志内市字本町1027,,1,,1,,1,,,,43.52053813,142.043401,
850,E0122700020201,本町第一町内会館,北海道歌志内市字本町155-7,,,,1,,1,,,,43.52363834,142.040722,
851,E0122700021201,本町第二町内会館,北海道歌志内市字本町31-1,,,,1,,1,,,,43.52224971,142.0385172,
852,E0122700022201,コミュニティセンター　（公民館）,北海道歌志内市字本町76,1,1,,1,,1,,,1,43.52211245,142.0430492,
853,E0163700001202,栄コミュニティセンター,北海道芽室町栄３線24,1,1,,1,,,,,1,42.820777,143.066615,
854,E0163700001201,旧栄小学校グラウンド,北海道芽室町栄３線24,1,1,,1,,,,,1,42.8209510510063,143.066660068016,
855,E0163700002201,西芽室地域福祉館,北海道芽室町芽室基線52-4,1,1,,,,,,,1,42.9155127940495,143.008704648206,
856,E0163700003201,芽室西中学校,北海道芽室町芽室南２線30,,1,,1,,,,,1,42.9079166039557,143.03418901197,
857,E0163700094201,高岩地域福祉館,北海道芽室町芽室南３線32,,1,,1,,,,,,42.904506,143.033541,
858,E0163700090201,芽室基線１７番地　敷地内,北海道芽室町基線17-19,1,1,,1,,,,,,42.921035,143.048271,
859,E0163700097201,坂の上コミュニティセンター,北海道芽室町坂の上１０線31,1,1,,1,,,,,,42.843358,143.029042,
860,E0163700006201,旧明正小学校グラウンド,北海道芽室町坂の上１０線47,1,1,,1,,,,,,42.8301477297407,143.021484962687,
861,E0163700007201,渋山林業研修センター,北海道芽室町渋山８線23,,,,1,,,,,1,42.879306,142.984287,
862,E0163700008201,旧祥栄小学校グラウンド,北海道芽室町祥栄西１４線2,1,1,,1,,,,,,42.9658090915615,143.040563050713,
863,E0163700010201,祥栄ふれ愛館,北海道芽室町祥栄北９線26,1,1,,1,,,,,1,42.9650804286802,143.042786318051,
864,E0163700011201,上芽室コミュニティセンター,北海道芽室町上芽室南３線16-1,1,1,,1,,,,,1,42.913149,142.975338,
865,E0163700012201,上美生農村環境改善センター,北海道芽室町上美生４線34,1,1,,1,,,,,1,42.8062249118318,142.957344405871,
866,E0163700013201,上美生小学校グラウンド,北海道芽室町上美生４線38,1,1,,1,,,,,1,42.8030117119413,142.953290313071,
867,E0163700013202,上美生小学校,北海道芽室町上美生４線38,1,1,,1,,,,,1,42.8034477029035,142.954005931212,
868,E0163700014201,上美生中学校グラウンド,北海道芽室町上美生５線31,1,1,,1,,,,,1,42.8070931964792,142.954765024435,
869,E0163700014202,上美生中学校,北海道芽室町上美生５線31,1,1,,1,,,,,1,42.8082384403724,142.955258550893,
870,E0163700016202,上伏古コミュニティセンター,北海道芽室町上伏古９線18,1,1,,1,,,,,,42.796822,143.007424,
871,E0163700016201,旧上伏古小学校グラウンド,北海道芽室町上伏古９線18,1,1,,1,,,,,,42.7963844989057,143.007120838787,
872,E0163700017203,芽室南小学校,北海道芽室町新生南６線25,1,1,,1,,,,,1,42.892648454994,143.058883517576,
873,E0163700017201,南小学校グラウンド,北海道芽室町新生南６線25,1,1,,1,,,,,1,42.8919528172034,143.058647483178,
874,E0163700017202,新生地域福祉館,北海道芽室町新生南６線25,1,1,,1,,,,,1,42.8935897151048,143.057384162738,
875,E0163700081201,新工町団地広場,北海道芽室町西一条7,1,1,,1,,,,,,42.917402,143.045563,
876,E0163700087201,南が丘南街区公園,北海道芽室町西一条南9-2,1,1,,1,,,,,,42.89871,143.047193,
877,E0163700022202,芽室西小学校,北海道芽室町西三条6-2,1,1,,1,,,,,1,42.9158603075079,143.043650146131,
878,E0163700022201,芽室西小学校グラウンド,北海道芽室町西三条6-2,1,1,,1,,,,,1,42.916720677023,143.043473120331,
879,E0163700023201,芽室南公園,北海道芽室町西三条南6,1,1,,1,,,,,,42.9016768021988,143.047200830223,
880,E0163700024201,健康プラザ,北海道芽室町西三条南6-1,1,1,,1,,,,,1,42.9023229206776,143.044849021855,
881,E0163700025201,西園児童公園,北海道芽室町西四条3,1,1,,1,,,,,,42.9121476163705,143.041370268464,
882,E0163700026201,めむろ西子どもセンター,北海道芽室町西四条4-1-7,1,1,,1,,,,,1,42.9135277720511,143.042152961884,
883,E0163700084201,菖蒲園西側駐車場,北海道芽室町西四条8,,1,,1,,,,,,42.918036,143.041764,
884,E0163700104201,西士狩地域福祉館,北海道芽室町西士狩北４線,,1,,1,,,,,,42.942813,143.099413,
885,E0163700031201,旧西士狩小学校グラウンド,北海道芽室町西士狩北４線48,,1,,1,,,,,,42.9434141387026,143.092190209828,
886,E0163700028201,ピウカ公園,北海道芽室町西七条3,,1,,1,,,,,,42.9112046750694,143.039288874268,
887,E0163700029201,緑町児童公園,北海道芽室町西七条6-1-14,,1,,1,,,,,,42.9161392414068,143.037314768435,
888,E0163700019201,大和福祉館駐車場,北海道芽室町西二条1-4,1,1,,1,,,,,1,42.910368,143.045042,
889,E0163700020201,大和児童公園,北海道芽室町西二条2-7,1,1,,1,,,,,,42.9112518224771,143.04400956214,
890,E0163700086201,錦町西児童公園,北海道芽室町西二条南3-1,1,1,,1,,,,,,42.906577,143.046195,
891,E0163700021202,芽室南地区コミュニティセンター,北海道芽室町西二条南6-1,1,1,,1,,,,,1,42.9029300282624,143.047426624725,
892,E0163700021203,南地区コミュニティセンター駐車場,北海道芽室町西二条南6-1,1,1,,1,,,,,1,42.902907,143.046973,
893,E0163700021201,めむろてつなん保育所,北海道芽室町西二条南6-1,1,1,,1,,,,,1,42.9025685150803,143.04685263199,
894,E0163700085201,西８条６丁目２番地１２　敷地内,北海道芽室町西八条6-2,,1,,1,,,,,,42.914981,143.035338,
895,E0163700083201,芽室西地区コミュニティセンター駐車場,北海道芽室町西六条5,,1,,1,,,,,,42.914886,143.038122,
896,E0163700032201,旧中伏古小学校グラウンド,北海道芽室町中伏古５線18,1,1,,1,,,,,,42.8576342989178,143.070879371407,
897,E0163700098201,中伏古コミュニティセンター,北海道芽室町中伏古６線17,1,1,,1,,,,,,42.857917,143.069689,
898,E0163700089201,芽室高校グラウンド,北海道芽室町東めむろ一条北1-6,1,1,,1,,,,,1,42.913763,143.071617,
899,E0163700089202,芽室高等学校,北海道芽室町東めむろ一条北1-6,1,1,,1,,,,,1,42.913099,143.071671,
900,E0163700055201,東めむろコミュニティセンター,北海道芽室町東めむろ二条北1-4-7,1,1,,1,,,,,1,42.9138127530829,143.073750378306,
901,E0163700074201,センターシティ駐車場,北海道芽室町東一条2-9-3,1,1,,1,,,,,,42.91148,143.050192,
902,E0163700111201,幸町児童公園,北海道芽室町東一条4,1,1,,1,,,,,,42.913433,143.049046,
903,E0163700099201,東芽室地域福祉館,北海道芽室町東芽室南３線,1,1,,1,,,,,,42.910714,143.083411,
904,E0163700100201,東工産業振興センター,北海道芽室町東芽室北１線,1,1,,1,,,,,,42.927331,143.096763,
905,E0163700059201,株式会社明治十勝工場,北海道芽室町東芽室北１線15-2,1,1,,1,,,,,1,42.92891,143.08836,
906,E0163700060201,東工北２公園,北海道芽室町東芽室北１線20,1,1,,1,,,,,,42.9269032449949,143.087963048423,
907,E0163700061201,東工北１公園,北海道芽室町東芽室北１線6,1,1,,1,,,,,,42.9291971258173,143.102983418902,
908,E0163700038201,中央公民館,北海道芽室町東三条3-1,1,1,,1,,,,,1,42.9129846370464,143.05252602095,
909,E0163700077201,あいあい公園,北海道芽室町東三条4,1,1,,1,,,,,,42.914706,143.053142,
910,E0163700076201,総合体育館テニスコート南側駐車場,北海道芽室町東三条8,1,1,,1,,,,,,42.918575,143.049569,
911,E0163700076202,総合体育館東側駐車場,北海道芽室町東三条8,1,1,,1,,,,,,42.919,143.052809,
912,E0163700041201,総合体育館,北海道芽室町東三条8-1,1,1,,1,,,,,1,42.9190497313218,143.05119942417,
913,E0163700042201,南町児童公園,北海道芽室町東三条南6,,1,,1,,,,,,42.9027456331075,143.053745420222,
914,E0163700078201,図書館西側広場,北海道芽室町東四条3,1,1,,1,,,,,,42.912517,143.05297,
915,E0163700044201,保健福祉センター,北海道芽室町東四条4-5-5,1,1,,1,,,,,1,42.9142058759236,143.054346261463,
916,E0163700045201,芽室小学校グラウンド,北海道芽室町東四条南2-1,,1,,1,,,,,1,42.9074136920806,143.05644908691,
917,E0163700045202,芽室小学校,北海道芽室町東四条南2-1,,1,,1,,,,,1,42.9082020743776,143.056430110665,
918,E0163700080201,ひばり児童公園,北海道芽室町東七条5-1,1,1,,1,,,,,,42.915778,143.059676,
919,E0163700088201,青葉町地域福祉館広場,北海道芽室町東七条7,1,1,,1,,,,,,42.918705,143.059274,
920,E0163700053201,弥生児童公園,北海道芽室町東八条8-3,1,1,,1,,,,,,42.9192952958356,143.059213895991,
921,E0163700047201,弥生北町児童公園,北海道芽室町東六条10-9-12,1,,,1,,,,,,42.9239799205845,143.055969441148,
922,E0163700079201,美園児童公園,北海道芽室町東六条3-4,1,1,,1,,,,,,42.913362,143.057412,
923,E0163700048201,芽室中学校,北海道芽室町東六条南3-1,,1,,1,,,,,1,42.9070569356073,143.058499789886,
924,E0163700049201,発達支援センター,北海道芽室町東六条南4-1,,1,,1,,,,,1,42.90625,143.057753,
925,E0163700062201,集団研修施設かっこうグラウンド,北海道芽室町美生２線38,1,1,,1,,,,,,42.8653608179117,143.016702119312,
926,E0163700064203,平和地域福祉館,北海道芽室町平和西１６線19,1,1,,,,,,,1,43.000214,143.023775,
927,E0163700064201,旧平和小学校グラウンド,北海道芽室町平和西１６線19,1,1,,1,,,,,1,42.9999825822062,143.024126473872,
928,E0163700065201,芽室太生活館,北海道芽室町北芽室北４線38,,1,,1,,,,,1,42.938863,143.038881,
929,E0163700066202,北伏古コミュニティセンター,北海道芽室町北伏古南9,1,1,,1,,,,,,42.883052,143.110759,
930,E0163700091201,北明やまざと幼稚園グラウンド,北海道芽室町北明西７線18,,,,1,,,,,1,42.98331,143.085763,
931,E0163700091202,北明コミュニティセンター,北海道芽室町北明西７線18,,,,1,,,,,1,42.982792,143.086828,
932,E0163700068201,めむろ駅前プラザ,北海道芽室町本通1-19,1,1,,1,,,,,1,42.910372,143.049065,
933,E0163700109201,帯広信用金庫　芽室支店駐車場,北海道芽室町本通2-20-1,1,1,,1,,,,,,42.911735,143.047847,
934,E0163700070201,芽室公園,北海道芽室町本通8-1,1,1,,1,,,,,,42.9194859672025,143.045562470168,
935,E0163700071201,錦町児童公園,北海道芽室町本通南3-2-1,1,1,,1,,,,,,42.9068321686557,143.048423917537,
936,E0163700072201,旧毛根小学校グラウンド,北海道芽室町毛根北５線9,,1,,1,,,,,,42.9437439972729,143.014041367974,
937,E0163700073202,毛根コミュニティセンター,北海道芽室町毛根北５線9-11,,1,,1,,,,,1,42.943716,143.015538,
938,E0163700096201,雄馬別コミュニティセンター,北海道芽室町雄馬別１３線25,1,1,,1,,,,,,42.766375,142.962813,
939,E0121000052201,明成中学校,北海道岩見沢市かえで町1-1-1,1,1,,1,,1,1,,1,43.201398,141.789889,
940,E0121000008201,日の出小学校,北海道岩見沢市かえで町2-1-1,1,1,,1,,1,1,,1,43.20017016,141.7921661,
941,E0121000006201,市民会館・文化センター,北海道岩見沢市九条西4-1-1,1,1,,1,,1,1,,1,43.19705729,141.767912,
942,E0121000007201,南小学校,北海道岩見沢市九条東2-1,1,1,,1,,1,1,,1,43.20042071,141.7742501,
943,E0121000009201,岐阜地区集会所,北海道岩見沢市栗沢町岐阜207-2,1,1,,1,,1,1,,1,43.09217526,141.7212997,
944,E0121000010201,宮村地区集会所,北海道岩見沢市栗沢町宮村186,1,1,,1,,1,1,,,43.16218452,141.8386326,
945,E0121000011201,栗丘地区集会所,北海道岩見沢市栗沢町栗丘201-11,1,1,,1,,1,1,,1,43.08964678,141.7478143,
946,E0121000013201,最上北栄地区集会所,北海道岩見沢市栗沢町最上2-45,1,1,,1,,1,1,,1,43.1214183,141.7483982,
947,E0121000012201,弥生ヶ丘地区集会所,北海道岩見沢市栗沢町最上298-17,1,1,,1,,1,1,,,43.11856936,141.7504377,
948,E0121000014201,栗沢Ｂ＆Ｇ海洋センター,北海道岩見沢市栗沢町最上506-1,1,1,,1,,1,1,,1,43.10962292,141.7513389,
949,E0121000015201,上幌地区集会所,北海道岩見沢市栗沢町上幌350-1,1,1,,,,1,1,,1,43.14682512,141.8045255,
950,E0121000016201,美流渡コミュニティセンター,北海道岩見沢市栗沢町美流渡栄町93,1,1,,1,,1,1,,1,43.163059,141.915293,
951,E0121000017201,必成地区集会所,北海道岩見沢市栗沢町必成195-4,1,1,,1,,1,1,,1,43.12027758,141.735574,
952,E0121000018201,西地区集会所,北海道岩見沢市栗沢町北斗601-1,,1,,1,,1,1,,1,43.12708308,141.6865975,
953,E0121000019201,栗沢市民センター,北海道岩見沢市栗沢町北本町168-36,1,1,,1,,1,1,,1,43.121433,141.742777,
954,E0121000020201,万字地区集会所,北海道岩見沢市栗沢町万字英町1-2,1,1,,1,,1,1,,1,43.138681,141.985524,
955,E0121000021201,茂世丑地区集会所,北海道岩見沢市栗沢町茂世丑309-1,1,1,,,,1,1,,1,43.12106776,141.8067193,
956,E0121000022201,由良地区集会所,北海道岩見沢市栗沢町由良419-1,1,1,,1,,1,1,,1,43.14023771,141.7634839,
957,E0121000004201,東光中学校,北海道岩見沢市五条東14-1-1,1,1,,1,,1,1,,1,43.21036245,141.7835546,
958,E0121000002201,生涯学習センターいわなび,北海道岩見沢市四条西1-3-4,1,1,,1,,1,1,,1,43.20290054,141.7662833,
959,E0121000003201,ホテルサンプラザ,北海道岩見沢市四条東1-6-1,1,1,,1,,1,1,,1,43.20358516,141.7678369,要配慮者優先
960,E0121000023201,志文小学校,北海道岩見沢市志文町161-1,1,1,,1,,1,1,,1,43.16132392,141.7546435,洪水時2階以上
961,E0121000024201,清園中学校,北海道岩見沢市志文町927-5,1,1,,1,,1,1,,1,43.17028736,141.7696165,
962,E0121000005201,中央小学校,北海道岩見沢市七条西16-7-3,1,1,,1,,1,1,,1,43.193789176093,141.75450387561,洪水時2階以上
963,E0121000025201,光陵中学校,北海道岩見沢市春日町1-10-37,1,1,,1,,1,1,,1,43.188576271366,141.77244081112,
964,E0121000026201,メープル小学校,北海道岩見沢市上志文町107-1,1,1,,1,,1,1,,1,43.15895277,141.806768,
965,E0121000027201,上幌向中学校,北海道岩見沢市上幌向北一条4-745-8,1,1,,1,,1,1,,1,43.18378031,141.7133156,
966,E0121000028201,朝日コミュニティ交流センター,北海道岩見沢市朝日町176-22,,,,1,,1,1,,1,43.1603267,141.8705931,
967,E0121000030201,東小学校,北海道岩見沢市東町二条7-977-5,1,1,,1,,1,1,,1,43.22437904,141.794837,洪水時2階以上
968,E0121000049201,岩見沢小学校,北海道岩見沢市二条東6-2,1,1,,1,,1,1,,1,43.208038,141.770378,
969,E0121000031201,美園小学校,北海道岩見沢市美園五条4-4-1,1,1,,1,,1,1,,1,43.18717324,141.7633753,
970,E0121000032201,岩峰地区農地流動化センター,北海道岩見沢市峰延町330-3,1,1,,1,,1,1,,1,43.26545735,141.7897851,
971,E0121000033201,総合体育館,北海道岩見沢市北三条西12-2-16,1,1,,1,,1,1,,1,43.20509492,141.7493954,洪水時2階以上
972,E0121000034201,砂浜地区自治会館,北海道岩見沢市北村砂浜361-12,,1,,1,,1,1,,1,43.17193322,141.63767,
973,E0121000035201,北村温泉ホテル,北海道岩見沢市北村赤川156-7,1,1,,1,,1,1,,1,43.26026388,141.6980732,要配慮者優先、洪水時2階以上
974,E0121000036201,北村トレーニングセンター,北海道岩見沢市北村赤川595-1,1,1,,1,,1,1,,1,43.26084926,141.6975188,洪水時2階以上
975,E0121000037201,北村小学校,北海道岩見沢市北村中央4725,1,1,,1,,1,1,,1,43.25807098,141.6904706,洪水時2階以上
976,E0121000037202,北村中学校,北海道岩見沢市北村中央4725,1,1,,1,,1,1,,1,43.25861971,141.6922477,洪水時2階以上
977,E0121000038201,東地区自治会館,北海道岩見沢市北村中小屋524-59,1,1,,1,,1,1,,1,43.294327642257,141.74002371349,洪水時2階以上
978,E0121000039201,美唄達布地区自治会館,北海道岩見沢市北村美唄達布4614,,1,,1,,1,1,,1,43.23309106,141.6750128,
979,E0121000040201,豊正地区自治会館,北海道岩見沢市北村豊正778-141,,1,,1,,1,1,,1,43.312128214202,141.69316728822,
980,E0121000041201,幌達布地区自治会館,北海道岩見沢市北村幌達布5180-22,,1,,1,,1,1,,1,43.2089905,141.6733167,
981,E0121000042201,幌向総合コミュニティセンター,北海道岩見沢市幌向南一条1-70-5,,1,,1,,1,1,,1,43.152138,141.659594,
982,E0121000043201,幌向小学校,北海道岩見沢市幌向南二条1-180,1,1,,1,,1,1,,1,43.15047529,141.6642524,洪水時2階以上
983,E0121000044201,豊中学校,北海道岩見沢市幌向南二条1-59,1,1,,1,,1,1,,1,43.15196521,141.6623104,洪水時2階以上
984,E0121000045201,北真小学校,北海道岩見沢市稔町30-7,1,1,,1,,1,1,,1,43.21755298,141.7650927,
985,E0121000046201,毛陽交流センター,北海道岩見沢市毛陽町534-11,1,1,,1,,1,1,,1,43.15258355,141.9383081,
986,E0121000047201,第一小学校,北海道岩見沢市緑町3-7-1,1,1,,1,,1,1,,1,43.21239653,141.7523534,
987,E0140200001201,第一中学校,北海道岩内町字宮園313-20,1,1,1,1,1,1,,,1,42.973064745538,140.53075283717,
988,E0140200002201,岩内高等学校,北海道岩内町字宮園43-1,1,1,1,1,1,1,,,1,42.97381852897,140.51634255316,
989,E0140200004201,岩内町保健センター,北海道岩内町字高台134-1,1,1,1,1,1,1,,,1,42.979778756898,140.51516854205,
990,E0140200007201,働く婦人の家,北海道岩内町字高台6,1,1,1,,,1,,,1,42.979444670216,140.51078185551,
991,E0140200008201,老人福祉センター,北海道岩内町字清住166,1,1,1,,,1,,,1,42.979716297442,140.50493596952,
992,E0140200009201,いわない西保育所,北海道岩内町字相生12-13,1,1,1,,,1,,,1,42.976432168607,140.50164128268,
993,E0140200010201,東小学校,北海道岩内町字東山130,1,1,1,1,1,1,,,1,42.979055662924,140.52718753086,
994,E0140200011201,運動公園,北海道岩内町字東山313,,,,1,1,,,,,42.974942921082,140.53069274546,
995,E0140200012201,岩内地域人材開発センター,北海道岩内町字東山8-16,1,1,1,,,1,,,1,42.985436404069,140.53027234461,
996,E0140200018201,いわない東保育所,北海道岩内町字東山82-1,1,1,1,1,1,1,,,1,42.98111,140.527924,
997,E0140200013201,東山公園,北海道岩内町字東山9,,,,1,1,,,,,42.984722960636,140.52798907879,
998,E0140200014201,岩内地方文化センター,北海道岩内町字万代51-7,1,1,1,,,1,,,1,42.983274310275,140.51408385234,
999,E0140200015201,西小学校,北海道岩内町字野束172-1,1,1,1,1,1,1,,,1,42.975613896628,140.4978164391,
1000,E0140200016201,第二中学校,北海道岩内町字野束41,1,1,1,1,1,1,,,1,42.971348799368,140.50382762532,
1001,E0140200017201,デイサービスセンター,北海道岩内町字野束69-35,1,1,1,,,1,,,1,42.967652971865,140.5108367218,
1002,E0139800004201,大町ちびっこ広場,北海道喜茂別町字喜茂別22-26,1,1,,1,,1,1,1,,42.79752,140.935246,
1003,E0139800006201,喜茂別中学校グラウンド,北海道喜茂別町字喜茂別258-1,1,1,,1,,1,1,1,1,42.79879765,140.9385535,
1004,E0139800009201,郷の駅「ホッときもべつ」駐車場,北海道喜茂別町字喜茂別306-3,1,1,,1,,1,,,,42.794548,140.937611,
1005,E0139800010201,喜茂別小学校グラウンド,北海道喜茂別町字喜茂別336,1,1,,1,,1,1,1,1,42.79288311,140.9413087,
1006,E0139800011201,あさひ遊園地,北海道喜茂別町字喜茂別355-23,,1,,1,,1,,1,,42.796824,140.944059,
1007,E0139800013201,道の駅「望羊中山」駐車場,北海道喜茂別町字川上345,1,1,,1,,1,1,1,1,42.85619097,141.0972133,
1008,E0139800015201,喜茂別町民公園,北海道喜茂別町字相川89,,,,1,,1,,,,42.7871863611151,140.937070092077,
1009,E0139800017201,旧羊蹄小学校グラウンド,北海道喜茂別町字比羅岡14,1,1,,1,,1,1,1,,42.809824,140.886827,
1010,E0139800022201,旧鈴川小学校グラウンド,北海道喜茂別町字鈴川42-9,,,,,,1,,,1,42.767498,140.975919,
1011,E0139900001201,京極町公民館,北海道京極町字京極160,1,1,,1,,1,1,1,1,42.863346,140.885095,
1012,E0140100001201,ワイス温泉,北海道共和町ワイス256-35,1,1,1,1,1,1,1,1,,42.9599293,140.6957827,
1013,E0140100002201,北電体育館,北海道共和町宮丘184-34,1,1,1,1,1,1,1,1,1,43.0342739,140.5407446,
1014,E0140100003201,宮丘地区寿の家,北海道共和町宮丘423-7,1,1,1,1,1,1,1,1,,43.03413042,140.5532921,
1015,E0140100004201,ビシャムナイ会館,北海道共和町宮丘89-14,1,1,1,1,1,1,1,1,,43.04717642,140.561478,
1016,E0140100006202,東陽小学校,北海道共和町国富20-2,1,,1,1,1,1,1,1,1,42.98050423,140.6426383,
1017,E0140100006201,東陽小学校グラウンド,北海道共和町国富20-2,1,,1,1,1,1,1,1,1,42.98010255,140.6437329,
1018,E0140100007201,国富地区防災センター前,北海道共和町国富31-1,1,1,1,1,1,1,1,1,,42.982504,140.651785,
1019,E0140100008201,もみじ山公園,北海道共和町小沢1200-3,1,,1,1,1,1,1,1,,42.96777065,140.6768245,
1020,E0140100009201,小沢地区住民センター,北海道共和町小沢95-256,,1,1,1,1,1,,1,1,42.97028245,140.6786643,
1021,E0140100010202,小沢体育館,北海道共和町小沢95-30,,1,1,1,1,1,,1,1,42.96817556,140.6806646,
1022,E0140100010201,小沢体育館前広場,北海道共和町小沢95-30,,1,1,1,1,1,,1,1,42.96862166,140.6804221,
1023,E0140100011203,中央幼児センター（前田体育館含む）,北海道共和町前田11-15,1,1,1,1,1,1,1,1,,42.98085197,140.5713298,
1024,E0140100011201,前田屋外運動場,北海道共和町前田11-15,1,1,1,1,1,1,1,1,,42.98030163,140.5708093,
1025,E0140100011202,中央幼児センター広場,北海道共和町前田11-15,1,1,1,1,1,1,1,1,,42.98069547,140.571174,
1026,E0140100012201,前田地区寿の家,北海道共和町前田11-94,1,1,1,1,1,1,1,1,,42.98022858,140.5723042,
1027,E0140100013201,学田会館,北海道共和町前田132-16,1,1,1,1,1,1,1,1,,42.95617197,140.5704659,
1028,E0140100014201,かかし古里館,北海道共和町南幌似103-13,1,1,1,1,1,1,1,1,1,42.98012446,140.6051177,
1029,E0140100026202,西村計雄記念美術館,北海道共和町南幌似143-2,1,1,1,1,1,1,1,1,1,42.97528,140.609322,
1030,E0140100015201,共和町生涯学習センター,北海道共和町南幌似37-22,,1,1,1,1,1,,1,1,42.9810921,140.6123417,
1031,E0140100016201,スポーツと憩いの広場,北海道共和町南幌似38-2,,1,1,1,1,1,,1,,42.98160632,140.6107481,
1032,E0140100016202,町営野球場,北海道共和町南幌似38-2,,1,1,1,1,1,,1,,42.98263431,140.61154141534,
1033,E0140100017201,共和町保健福祉センター,北海道共和町南幌似57-12,,1,1,1,1,1,,1,1,42.97799327,140.6143638,
1034,E0140100018201,発足克雪管理センター,北海道共和町発足14-8,,1,1,1,1,1,,1,,43.01581134,140.5692569,
1035,E0140100019202,発足コミュニティセンター,北海道共和町発足18,1,1,1,1,1,1,1,1,,43.02940672,140.5670331,
1036,E0140100019201,発足コミュニティセンター前,北海道共和町発足18,1,1,1,1,1,1,1,1,,43.029253,140.5667693,
1037,E0140100020202,北辰小学校,北海道共和町発足2900,,1,,1,,1,,1,1,43.02312768,140.5554067,
1038,E0140100020201,北辰小学校グラウンド,北海道共和町発足2900,,1,,1,,1,,1,1,43.02261682,140.5556741,
1039,E0140100021201,神水会館,北海道共和町発足440-4,1,1,1,1,1,1,1,1,,43.0067701,140.5908989,
1040,E0140100030201,リ３会館,北海道共和町発足90-402,,1,1,1,1,1,1,1,,43.028502,140.590509,
1041,E0140100022201,幌似構造改善センター,北海道共和町幌似100-22,1,1,1,1,1,1,1,1,1,42.99186597,140.6043315,
1042,E0140100023201,共和中学校グラウンド,北海道共和町幌似2119,1,1,1,1,1,1,1,1,1,42.97600278,140.6236768,
1043,E0140100023202,共和中学校,北海道共和町幌似2119,1,1,1,1,1,1,1,1,1,42.97701225,140.6239371,
1044,E0140100024201,はまなす幼児センター広場,北海道共和町梨野舞納330-1,1,1,1,1,1,1,1,1,1,43.00755439,140.5432868,
1045,E0140100024202,はまなす幼児センター（梨野舞納体育館含む）,北海道共和町梨野舞納330-1,1,1,1,1,1,1,1,1,1,43.00808164,140.5434169,
1046,E0140100025202,西陵小学校,北海道共和町梨野舞納42-3,1,1,1,1,1,1,1,1,1,42.98321726,140.5423561,
1047,E0140100025201,西陵小学校グラウンド,北海道共和町梨野舞納42-3,1,1,1,1,1,1,1,1,1,42.98383017,140.5419069,
1048,E0140100029201,西部住民センター,北海道共和町梨野舞納47-3,1,1,1,1,1,1,1,1,,42.98379519,140.543672,
1049,E0140100027201,西老古美会館広場,北海道共和町老古美367-1,1,1,1,1,1,1,1,1,,42.95883653,140.5442332,
1050,E0140100027202,西老古美会館,北海道共和町老古美367-1,1,1,1,1,1,1,1,1,,42.95899035,140.5443223,
1051,E0140100028201,老古美会館広場,北海道共和町老古美76,1,1,1,1,1,1,1,1,,42.97811468,140.5466201,
1052,E0140100028202,老古美会館,北海道共和町老古美76,1,1,1,1,1,1,1,1,,42.97790825,140.546645,
1053,E0156100001201,宇津集落センター,北海道興部町字宇津91-1,1,1,1,1,1,1,1,1,1,44.42282415,143.0268495,
1054,E0156100002201,興部公園,北海道興部町字興部1038-1,1,1,1,1,1,1,1,1,,44.47720696,143.1174012,
1055,E0156100003201,興部中学校,北海道興部町字興部104-1,1,1,1,1,1,1,1,1,1,44.46840896,143.1334004,
1056,E0156100003202,興部中学校グランド,北海道興部町字興部104-1,1,1,1,1,1,1,1,1,1,44.46778496,143.1327835,
1057,E0156100004202,北海道興部高等学校グランド,北海道興部町字興部125-1,1,1,1,1,1,1,1,1,1,44.46986266,143.1329186,
1058,E0156100004201,北海道興部高等学校,北海道興部町字興部125-1,1,1,1,1,1,1,1,1,1,44.46989472,143.1339722,
1059,E0156100006201,農業者トレーニングセンター,北海道興部町字興部216-3,,1,1,1,1,1,,1,1,44.47227895,143.1168755,
1060,E0156100007201,興部町中央公民館,北海道興部町字興部222-3,,1,1,,1,1,,1,1,44.472147,143.117517,
1061,E0156100008201,老人福祉センター,北海道興部町字興部230-11,,1,1,1,1,1,,1,1,44.47197058,143.1162063,
1062,E0156100009201,栄町児童公園,北海道興部町字興部739-2,1,1,1,1,1,1,1,1,,44.46854535,143.1216577,
1063,E0156100010201,総合センター,北海道興部町字興部741-37,1,1,1,1,1,1,1,1,1,44.46716269,143.1217733,
1064,E0156100011202,興部小学校グランド,北海道興部町字興部745,1,1,1,1,1,1,1,1,1,44.46645554,143.1242393,
1065,E0156100011201,興部小学校,北海道興部町字興部745,1,1,1,1,1,1,1,1,1,44.46604207,143.1229733,
1066,E0156100012201,緑ヶ丘児童公園,北海道興部町字興部754-9,1,1,1,1,1,1,1,1,,44.46840481,143.126177,
1067,E0156100013201,春日町児童公園,北海道興部町字興部84-36,1,1,1,1,1,1,1,1,,44.46936924,143.1383953,
1068,E0156100014201,新泉町児童公園,北海道興部町字興部859-5,1,1,1,1,1,1,1,1,,44.46615079,143.1168492,
1069,E0156100015201,沙留公園,北海道興部町字沙留295-1,1,1,1,1,1,1,1,1,,44.43555198,143.2224215,
1070,E0156100016203,沙留公民館,北海道興部町字沙留328-1,1,1,1,1,1,1,1,1,1,44.43298187,143.2254183,
1071,E0156100016202,沙留小学校グランド,北海道興部町字沙留328-1,1,1,1,1,1,1,1,1,1,44.43386002,143.2247751,
1072,E0156100016201,沙留小学校,北海道興部町字沙留328-1,1,1,1,1,1,1,1,1,1,44.43434266,143.2246785,
1073,E0156100017201,農業者健康増進施設（沙留トレセン）,北海道興部町字沙留328-6,1,1,1,1,1,1,1,1,1,44.43327299,143.2254559,
1074,E0156100019201,沙留西町構造改善センター（沙留西町会館）,北海道興部町字沙留446-9,1,1,1,1,1,1,1,1,1,44.43365914,143.2155771,
1075,E0156100021201,しおさい公園,北海道興部町字沙留959-7,1,1,1,1,1,1,1,1,,44.43596562,143.2252719,
1076,E0156100022201,秋里集落センター,北海道興部町字秋里763,1,1,1,1,1,1,1,1,1,44.42288352,143.1020243,
1077,E0156100023201,住吉老人寿の家,北海道興部町字住吉75-2,1,1,1,1,1,1,1,1,1,44.40506665,143.2084562,
1078,E0156100024201,富丘福祉の家,北海道興部町字富丘233,1,1,1,1,1,1,1,1,1,44.38442491,143.2405582,
1079,E0156100025201,豊野集落センター,北海道興部町字豊野474-6,1,1,1,1,1,1,1,1,1,44.43100895,143.1564982,
1080,E0156100026201,北興研修センター（北興会館）,北海道興部町字北興114-4,1,1,1,1,1,1,1,1,1,44.45719462,143.096544,
1081,E0140000003207,旭ケ丘公園（中央広場）,北海道倶知安町字旭,1,1,,1,,1,1,,1,42.90249225,140.7396054,
1082,E0140000003201,北海道倶知安農業高等学校,北海道倶知安町字旭,1,1,,1,,1,1,,1,42.8964722222222,140.739055555556,
1083,E0140000003204,旭ケ丘公園（テニスコート）,北海道倶知安町字旭,1,1,,1,,1,1,,1,42.89934515,140.7372738,
1084,E0140000003202,北海道倶知安農業高等学校グラウンド,北海道倶知安町字旭,1,1,,1,,1,1,,1,42.8961277777778,140.741183333333,
1085,E0140000003205,旭ケ丘公園（駐車場）,北海道倶知安町字旭,1,1,,1,,1,1,,1,42.9009357,140.7385715,
1086,E0140000003206,旭ケ丘公園（多目的広場）,北海道倶知安町字旭,1,1,,1,,1,1,,1,42.90133272,140.7397979,
1087,E0140000003203,旭ケ丘公園（町営球場）,北海道倶知安町字旭,1,1,,1,,1,1,,1,42.89871048,140.7351204,
1088,E0140000003208,旭ケ丘公園（わんぱく広場）,北海道倶知安町字旭,1,1,,1,,1,1,,1,42.90408,140.740743,
1089,E0140000004202,サンスポーツランドくっちゃん,北海道倶知安町字樺山,1,,,1,,1,1,,,42.85625283,140.7037584,
1090,E0140000004201,西小学校樺山分校,北海道倶知安町字樺山,1,1,,,,1,1,,,42.84425817,140.7077478,
1091,E0140000004204,サンスポーツくっちゃん駐車場及びグラウンドランド,北海道倶知安町字樺山,1,1,,1,,1,1,,,42.85673952,140.7036693,
1092,E0140000004203,西小樺山分校グラウンド,北海道倶知安町字樺山,1,1,,1,,1,1,,,42.84402552,140.707919,
1093,E0140000005201,旧寒別小学校グラウンド,北海道倶知安町字寒別,1,1,,1,,1,,,,42.90005889,140.8281623,
1094,E0140000006201,克雪センター,北海道倶知安町字瑞穂,1,1,,1,,1,1,1,,42.9283458,140.7773356,
1095,E0140000006202,旧瑞穂小学校グラウンド,北海道倶知安町字瑞穂,1,1,,1,,1,1,1,,42.9286587,140.7764622,
1096,E0140000007201,旧大和小学校グラウンド,北海道倶知安町字大和,1,1,,1,,1,1,1,,42.94916488,140.821929,
1097,E0140000008201,旧巽小学校グラウンド,北海道倶知安町字巽,1,,,1,,1,1,,,42.88004825,140.8198531,
1098,E0140000009201,旧八幡小学校グラウンド,北海道倶知安町字八幡,1,1,,1,,1,1,,,42.90258845,140.792707,
1099,E0140000010201,旧比羅夫小学校グラウンド,北海道倶知安町字比羅夫,1,1,,1,,1,1,,,42.86366966,140.7449639,
1100,E0140000011201,旧富士見小学校グラウンド,北海道倶知安町字富士見,1,1,,1,,1,1,,,42.88238022,140.7740934,
1101,E0140000013201,総合体育館,北海道倶知安町南３西4,1,1,,1,,1,,,1,42.90112489,140.7444222,
1102,E0140000014201,倶知安小学校,北海道倶知安町南３東3,1,1,,1,,1,1,,1,42.89921046,140.75787,
1103,E0140000014202,倶知安小学校グラウンド,北海道倶知安町南３東3,,1,,1,,1,,,1,42.89927316,140.7587114,
1104,E0140000015203,文化福祉センター前庭,北海道倶知安町南３東4,,1,,1,,1,,,1,42.90071749,140.7603942,
1105,E0140000015202,中央公園,北海道倶知安町南３東4,,,,1,,1,,,1,42.89935415,140.7608755,
1106,E0140000015201,文化福祉センター,北海道倶知安町南３東4,1,1,,1,,1,1,,1,42.90023692,140.760576,
1107,E0140000017201,西小学校,北海道倶知安町南６西3,1,1,,1,,1,1,,1,42.89629307,140.7464543,
1108,E0140000017202,西小学校グラウンド,北海道倶知安町南６西3,,1,,1,,1,,,1,42.89550421,140.746711,
1109,E0140000019201,旭ケ丘公園（クトサンパーク）,北海道倶知安町北3,,,,1,,1,,,,42.90318023,140.7444471,
1110,E0140000018201,倶知安町役場前広場,北海道倶知安町北１東3,,1,,,,1,,,,42.90142785,140.7588754,
1111,E0140000021202,東小学校グラウンド,北海道倶知安町北４東9,,,,1,,1,,,1,42.90488555,140.7728367,
1112,E0140000021201,東小学校,北海道倶知安町北４東9,1,1,,1,,1,1,,1,42.90503186,140.7712609,
1113,E0140000022201,倶知安中学校,北海道倶知安町北５西2,1,1,,1,,1,1,,1,42.90597752,140.7500231,
1114,E0140000022202,北陽小学校グラウンド,北海道倶知安町北５西2,1,1,,1,,1,1,,1,42.90699063,140.7491353,
1115,E0140000023201,北陽小学校,北海道倶知安町北６西2,1,1,,1,,1,1,,1,42.90779743,140.748408,
1116,E0140000023202,倶知安中学校グラウンド,北海道倶知安町北６西2,1,1,,1,,1,1,,1,42.90720977,140.7504758,
1117,E0140000024201,きたろくグラウンド,北海道倶知安町北６東7,1,1,,1,,1,1,,,42.90736656,140.7697706,
1118,E0140000026201,北海道倶知安高等学校,北海道倶知安町北７西2,1,1,,1,,1,1,,1,42.9096666666667,140.749444444444,
1119,E0140000026202,北海道倶知安高等学校グラウンド,北海道倶知安町北７西2,1,1,,1,,1,1,,1,42.910747,140.749522222222,
1120,E0120600010201,阿寒町行政センター２階・３階,北海道釧路市阿寒町中央1-4-1,,,,,1,,,,1,43.11268941,144.1235296,
1121,E0120600011201,阿寒町スポーツセンター１階・２階,北海道釧路市阿寒町中央1-6-1,,,,,1,,,,1,43.11353956,144.122917,
1122,E0120600013201,阿寒町公民館１階・２階,北海道釧路市阿寒町中央2-4,,,,,1,,,,,43.1155427,144.1238401,
1123,E0120600017201,阿寒小学校１階・２階,北海道釧路市阿寒町富士見1-17,,,,,1,,,,,43.10652212,144.1263149,
1124,E0120600022201,阿寒中学校１階・２階,北海道釧路市阿寒町北新町2-4,,,,,1,,,,,43.11828277,144.1259764,
1125,E0120600292201,愛国１９１番地　敷地,北海道釧路市愛国191,,,,,1,,,,,43.027192,144.386802,
1126,E0120600024201,中部地区コミュニティセンター（コアかがやき）１～２階,北海道釧路市愛国191-5511,,,,,1,,,,1,43.02526705,144.398421,
1127,E0120600025201,釧路中央ＩＣ避難高台広場,北海道釧路市愛国１９１地先,,,,,1,,,,,43.028926765566,144.40100254034,
1128,E0120600026201,愛国小学校２～３階,北海道釧路市愛国西1-25,,,,,1,,,,,43.01208231,144.3866679,
1129,E0120600028201,明輝高等学２階～４階,北海道釧路市愛国西1-38,,,,,1,,,,,43.0151548,144.3854608,
1130,E0120600033201,旭改良住宅４階～９階,北海道釧路市旭町12,,,,,1,,,,,42.98536034,144.3916349,
1131,E0120600261201,コーディアルタウン旭橋４～１０階,北海道釧路市旭町24,,,,,1,,,,,42.986238,144.393769,
1132,E0120600035201,芦野小学校２～３階,北海道釧路市芦野1-13,,,,,1,,,,,43.01167395,144.3989808,
1133,E0120600039201,釧路公立大学１階～４階,北海道釧路市芦野4-1,,,,,1,,,,,43.01874384,144.3965639,
1134,E0120600042201,釧路小学校１階～４階,北海道釧路市浦見2-2,,,,,1,,,,,42.97660894,144.3841735,
1135,E0120600044201,東部地区コミュニティセンター（コア大空）１階・２階,北海道釧路市益浦1-20,,,,,1,,,,,42.95578123,144.431047,
1136,E0120600046201,体験学習センター１階,北海道釧路市音別町音別原野基線138-3,,,,,1,,,,,42.97241108,143.8769435,
1137,E0120600050201,音別公園墓地駐車場,北海道釧路市音別町尺別9-1,,,,,1,,,,,42.88281674,143.9232743,
1138,E0120600051201,音別神社１階・２階,北海道釧路市音別町尺別9-2,,,,,1,,,,,42.88396,143.92251,
1139,E0120600052201,尺別中央会館１階,北海道釧路市音別町尺別原野基線41-5,,,,,1,,,,1,42.89224584,143.8712066,
1140,E0120600053201,おんべつ学園３階,北海道釧路市音別町川東1-200-1,,,,,1,,,,1,42.89857483,143.9331194,
1141,E0120600055201,西消防署音別支署屋上,北海道釧路市音別町中園1-78,,,,,1,,,,1,42.89506223,143.9325998,
1142,E0120600059201,音別町行政センター３階（津波警報時の避難可）,北海道釧路市音別町中園町1-134,,,,,1,,,,,42.89278549,143.9332956,
1143,E0120600061201,拓北会館１階,北海道釧路市音別町中音別445-1,,,,,1,,,,1,42.94670179,143.9260926,
1144,E0120600062201,チノミ台高台（旧おんべつ学園付近）,北海道釧路市音別町中音別630,,,,,1,,,,,42.9095397795896,143.978163751299,
1145,E0120600063201,大塚製薬工場釧路工場屋上,北海道釧路市音別町朝日1-13,,,,,1,,,,1,42.892770946385,143.93971134233,
1146,E0120600066201,直別生活館東の高台路肩,北海道釧路市音別町直別原野東1,,,,,1,,,,,42.857944605361,143.85972272751,
1147,E0120600067201,共栄中学校２～３階,北海道釧路市花園町9-40,,,,,1,,,,1,43.00152937,144.3851927,
1148,E0120600259201,学校給食センター２階,北海道釧路市貝塚3-7-22,,,,,1,,,,,42.998755,144.416676,
1149,E0120600260201,貝塚送配水ポンプ場１階,北海道釧路市貝塚4-14-77,,,,,1,,,,,42.996322,144.420543,
1150,E0120600069201,北中学校３階・４階（津波警報時のみ避難可）,北海道釧路市喜多町1-23,,,,,1,,,,1,42.99542878,144.3733499,
1151,E0120600287201,釧路刑務支所道場（樹徳館）　１階,北海道釧路市宮本1-4-18,,,,,1,,,,1,42.974119,144.386259,
1152,E0120600070201,宮本会館１階,北海道釧路市宮本2-12,,,,,1,,,,,42.97283164,144.3861638,
1153,E0120600072201,はまなす会館１階,北海道釧路市興津2-17,,,,,1,,,,,42.96230663,144.4142925,
1154,E0120600076201,フィッシャーマンズワーフＭＯＯ４階・５階,北海道釧路市錦町2-4,,,,,1,,,,1,42.98180036,144.383981,
1155,E0120600077201,ＡＮＡクラウンプラザホテル釧路３階・５階,北海道釧路市錦町3-7,,,,,1,,,,,42.9825112,144.3820865,
1156,E0120600078201,駒場団地（Ｓ８）４階～７階,北海道釧路市駒場町11,,,,,1,,,,,43.00321736,144.3685383,
1157,E0120600078202,駒場団地（Ｓ７）４階～８階,北海道釧路市駒場町11,,,,,1,,,,,43.00275641,144.3682657,
1158,E0120600285201,桂恋認定こども　１階,北海道釧路市桂恋167,,,,,1,,,,,42.946834,144.451077,
1159,E0120600082201,古川下水終末処理場２～３階,北海道釧路市古川町7-4,,,,,1,,,,,42.99897518,144.4011318,
1160,E0120600083201,光陽小学校２～３階,北海道釧路市光陽町15-17,,,,,1,,,,1,43.00222435,144.3919949,
1161,E0120600084201,江南高等学校２階～４階,北海道釧路市光陽町24-17,,,,,1,,,,1,43.005125,144.3900715,
1162,E0120600085201,釧路地方合同庁舎３階～９階,北海道釧路市幸町10-3,,,,,1,,,,1,42.98667144,144.3778791,
1163,E0120600086201,道営住宅であえーる幸団地３階～１２階,北海道釧路市幸町13-2-4,,,,,1,,,,,42.98928054,144.3788364,
1164,E0120600087201,釧路プリンスホテル３階・５階,北海道釧路市幸町7-1,,,,,1,,,,,42.98463874,144.3804643,
1165,E0120600089201,ウィンドヒル釧路アリーナ（湿原の風アリーナ釧路）１階～３階,北海道釧路市広里18,,,,,1,,,,1,43.02755341,144.4177255,
1166,E0120600090201,釧路広域連合清掃工場２階～３階,北海道釧路市高山30-1,,,,,1,,,,1,42.95737336,144.4722485,
1167,E0120600091201,釧路ロイヤルイン１０階～１１階,北海道釧路市黒金町14-9,,,,,1,,,,,42.99026934,144.3805294,
1168,E0120600092201,市役所３階～５階,北海道釧路市黒金町7-5,,,,,1,,,,1,42.98486291,144.3813475,
1169,E0120600093201,市役所防災庁舎３～５階・屋上,北海道釧路市黒金町8-2,,,,,1,,,,1,42.98550755,144.3815438,
1170,E0120600099201,桜が丘中学校　１階～４階,北海道釧路市桜ケ岡6-27-12,,,,,1,,,,1,42.96242508,144.4345464,
1171,E0120600104201,山花温泉　リフレ　１階～２階,北海道釧路市山花１４線131,,,,,1,,,,1,43.0791795825894,144.230535184594,
1172,E0120600105201,山花小中学校　１階～２階,北海道釧路市山花１４線132,,,,,1,,,,1,43.0765680284168,144.232466375095,
1173,E0120600106201,コーチャンフォー釧路文化ホール（市民文化会館）２階～４階,北海道釧路市治水町12-10,,,,,1,,,,1,43.01017456,144.3731344,
1174,E0120600109201,ラスティングホテル３階～８階,北海道釧路市若松町3-3,,,,,1,,,,,42.99126181,144.3853379,
1175,E0120600266203,北海道職員住宅ＲＣ－９８－１　３～４階,北海道釧路市若竹町5,,,,,1,,,,,42.998108,144.376915,
1176,E0120600289202,道営住宅若竹団地ＤＨ９号棟　３階～９階,北海道釧路市若竹町7,,,,,1,,,,,42.99753,144.374854,
1177,E0120600289201,道営住宅若竹団地ＤＨ８号棟　３階～７階,北海道釧路市若竹町7,,,,,1,,,,,42.997727,144.375498,
1178,E0120600110201,中央小学校３階,北海道釧路市寿1-2,,,,,1,,,,,42.99071755,144.3760034,
1179,E0120600288201,道営住宅ことぶきＤＨ１０号棟　３階～８階,北海道釧路市寿1-7,,,,,1,,,,,42.990778,144.377241,
1180,E0120600114201,児童発達支援センター２階～４階,北海道釧路市住吉2-12-37,,,,,1,,,,1,42.97703621,144.3948465,
1181,E0120600290202,道営住宅住之江団地ＤＨ７号棟　３階～６階,北海道釧路市住之江町11,,,,,1,,,,,43.004424,144.368031,
1182,E0120600290201,道営住宅住之江団地ＤＨ６号棟　３階～６階,北海道釧路市住之江町11,,,,,1,,,,,43.004486,144.367462,
1183,E0120600291201,道営住宅住之江団地Ｄ１７号棟　３階～５階,北海道釧路市住之江町12,,,,,1,,,,,43.004604,144.366314,
1184,E0120600115201,幣舞中学校１階～３階,北海道釧路市春湖台1-3,,,,,1,,,,1,42.97549081,144.4009923,
1185,E0120600116201,春採生活館　１階,北海道釧路市春採1-12,,,,,1,,,,,42.96946129,144.4013444,
1186,E0120600121201,春採中学校１階～３階,北海道釧路市春採5-1,,,,,1,,,,,42.97049996,144.4135131,
1187,E0120600262203,公営住宅春日ヴィレッジ（かえで）３～９階,北海道釧路市春日町7,,,,,1,,,,,42.996557,144.376667,
1188,E0120600262204,公営住宅春日ヴィレッジ（ぽぷら）３～９階,北海道釧路市春日町7,,,,,1,,,,,42.996403,144.377215,
1189,E0120600262201,公営住宅春日ヴィレッジ（いちい）３～５階,北海道釧路市春日町7,,,,,1,,,,,42.99722,144.376603,
1190,E0120600262202,公営住宅春日ヴィレッジ（さくら）３～５階,北海道釧路市春日町7,,,,,1,,,,,42.997032,144.377231,
1191,E0120600296201,釧路北病院　２階～５階,北海道釧路市昭和190-105,,,,,1,,,,,43.034212,144.356523,
1192,E0120600124201,昭和小学校２階・３階,北海道釧路市昭和中央3-12,,,,,1,,,,,43.02135135,144.3643283,
1193,E0120600126201,イオンモール釧路昭和２階,北海道釧路市昭和中央4-18-1,,,,,1,,,,,43.02672591,144.3599387,
1194,E0120600128201,商業高等学校２階～４階,北海道釧路市昭和中央5-10-1,,,,,1,,,,1,43.02576934,144.3558485,
1195,E0120600274205,公営住宅昭和団地（ＳＷ５なでしこ）２～５階,北海道釧路市昭和中央5-8,,,,,1,,,,,43.025445,144.354006,
1196,E0120600274201,公営住宅昭和団地（ＳＷ１りんどう）２～５階,北海道釧路市昭和中央5-8,,,,,1,,,,,43.024974,144.353326,
1197,E0120600274204,公営住宅昭和団地（ＳＷ４はなしのぶ）２～５階,北海道釧路市昭和中央5-8,,,,,1,,,,,43.025199,144.35465,
1198,E0120600274203,公営住宅昭和団地（ＳＷ３さくらそう）２～５階,北海道釧路市昭和中央5-8,,,,,1,,,,,43.024817,144.354385,
1199,E0120600274202,公営住宅昭和団地（ＳＷ２えんれいそう）２～５階,北海道釧路市昭和中央5-8,,,,,1,,,,,43.024587,144.353999,
1200,E0120600129201,鳥取中学校２階～４階,北海道釧路市昭和町2-5,,,,,1,,,,,43.01391345,144.3667403,
1201,E0120600295201,阿寒農協昭和ビル　２階,北海道釧路市昭和南3-16-19,,,,,1,,,,,43.020918,144.358316,
1202,E0120600136201,城山小学校３階,北海道釧路市城山1-14,,,,,1,,,,,42.9827389,144.3979781,
1203,E0120600138201,北海道教育大学釧路校１階～４階,北海道釧路市城山1-15,,,,,1,,,,,42.98132496,144.3985337,
1204,E0120600264201,公営住宅新川団地（Ｓ－２）３～８階,北海道釧路市新川町17,,,,,1,,,,,43.002368,144.37141,
1205,E0120600264202,公営住宅新川団地（Ｓ－３）３～７階,北海道釧路市新川町17,,,,,1,,,,,43.002493,144.372054,
1206,E0120600264203,公営住宅新川団地（Ｓ－４）３～８階,北海道釧路市新川町17,,,,,1,,,,,43.001709,144.371593,
1207,E0120600264204,公営住宅新川団地（Ｓ－５）３～７階,北海道釧路市新川町17,,,,,1,,,,,43.00183,144.372283,
1208,E0120600141201,青葉小学校３階,北海道釧路市新川町3-7,,,,,1,,,,1,43.00224826,144.376033,
1209,E0120600142201,新陽小学校　２階～３階（津波警報時のみ避難可）,北海道釧路市新富士町4-6,,,,,1,,,,1,43.00511,144.347069,
1210,E0120600143201,公設地方卸売市場３階（津波警報時のみ避難可）,北海道釧路市新富士町6-1,,,,,1,,,,,43.00729209,144.3393311,
1211,E0166800080201,釧白工業団地第一工区（東側）津波指定避難場所,北海道釧路市新野,,,,1,1,,,,,43.006861,144.219714,
1212,E0120600298201,旧ストーブショップ松下,北海道釧路市新野24-543,,,,,1,,,,,43.010619,144.240933,
1213,E0120600144201,サンエス電気通信３階・４階,北海道釧路市星が浦大通1-7,,,,,1,,,,,43.01660273,144.3272854,
1214,E0120600297201,釧路孝仁会リハビリテーション病院　３階,北海道釧路市星が浦大通3-9-13,,,,,1,,,,,43.015901,144.316098,
1215,E0120600275201,社会医療法人孝仁会老人保健施設星が浦　３階,北海道釧路市星が浦大通3-9-35,,,,,1,,,,,43.016534,144.31696,
1216,E0120600302201,釧路交通本社ビル４階,北海道釧路市星が浦大通5-5-49,,,,,1,,,,,43.0148053869212,144.306527587104,
1217,E0120600147201,大楽毛下水終末処理場３階・屋上（津波警報時のみ避難可）,北海道釧路市星が浦南6-9,,,,,1,,,,,43.00912211,144.3055671,
1218,E0120600150201,マルセンクリーニング本社工場３階・４階・屋上,北海道釧路市星が浦北4-2,,,,,1,,,,,43.01714581,144.3089236,
1219,E0120600154201,道営住宅川北団地Ｄ３４号棟（Ｄ３４Ａ、Ｄ３４Ｂ合算）４階・５階,北海道釧路市川北町1-6,,,,,1,,,,,42.98938707,144.3903709,
1220,E0120600265201,新川北団地わかば３～５階,北海道釧路市川北町2,,,,,1,,,,,42.990586,144.391148,
1221,E0120600156201,新川北団地ふたば３～５階,北海道釧路市川北町4-67,,,,,1,,,,,42.991425,144.392176,
1222,E0120600158201,共栄小学校３階・屋上,北海道釧路市双葉町4-17,,,,,1,,,,1,42.99594511,144.3904093,
1223,E0120600159201,大楽毛学園　２階（津波警報時のみ避難可）,北海道釧路市大楽毛1-10,,,,,1,,,,,43.01205547,144.2970294,
1224,E0120600164201,釧路優心病院５階,北海道釧路市大楽毛4-1,,,,,1,,,,,43.00948611,144.273472,
1225,E0120600163201,釧路新道大楽毛避難階段,北海道釧路市大楽毛３－２地先,,,,,1,,,,,43.02207163,144.2729476,
1226,E0120600278203,市営住宅Ｋ－３　３～４階,北海道釧路市大楽毛西2-31,,,,,1,,,,,43.014727,144.262972,
1227,E0120600278201,市営住宅Ｋ－１　３～５階,北海道釧路市大楽毛西2-31,,,,,1,,,,,43.015125,144.263723,
1228,E0120600278202,市営住宅Ｋ－２　３～４階,北海道釧路市大楽毛西2-31,,,,,1,,,,,43.015046,144.263316,
1229,E0120600166201,工業高等専門学校３階・４階,北海道釧路市大楽毛西2-32,,,,,1,,,,,43.01537213,144.2616578,
1230,E0120600168201,北海道立釧路高等技術専門学院（津波警報時のみ使用可）,北海道釧路市大楽毛南1-2-51,,,,,1,,,,1,43.00851,144.297204,
1231,E0120600169201,ポリテクセンター釧路（職業能力開発促進センター）２階（津波警報時のみ避難可）,北海道釧路市大楽毛南4-5-57,,,,,1,,,,1,43.00792753,144.2757332,
1232,E0120600171201,釧路センチュリーキャッスルホテル３階,北海道釧路市大川町2-5,,,,,1,,,,,42.98043063,144.3873726,
1233,E0120600173201,米町児童センター　１階（津波警報時のみ避難可）,北海道釧路市知人町4-37,,,,,1,,,,1,42.97357164,144.374166,
1234,E0120600269201,日本製紙（株）社宅１０号アパート　３～４階,北海道釧路市鳥取大通2-2,,,,,1,,,,,43.01038,144.36359,
1235,E0120600273201,ユタカアイスアリーナ（釧路アイスアリーナ）２階,北海道釧路市鳥取大通3-6-33,,,,,1,,,,,43.013272,144.360134,
1236,E0120600175201,ホテルマーシュランド４階～７階,北海道釧路市鳥取大通5-2,,,,,1,,,,,43.01392823,144.3474413,
1237,E0120600294201,釧路トヨタ自動車株式会社（立体駐車場）　２階～３階,北海道釧路市鳥取大通6-4-3,,,,,1,,,,,43.016038,144.343437,
1238,E0120600293201,釧路西郵便局　３階,北海道釧路市鳥取大通7-6-5,,,,,1,,,,,43.016929,144.338092,
1239,E0120600176201,鳥取団地とっとり４階・５階,北海道釧路市鳥取南3-7,,,,,1,,,,,43.0110935436277,144.353828453589,
1240,E0120600177201,㈱道新総合印刷釧路工場３階・屋上,北海道釧路市鳥取南3-8,,,,,1,,,,,43.00953012,144.3533055,
1241,E0120600181201,鳥取小学校２～３階,北海道釧路市鳥取北3-13,,,,,1,,,,,43.01615993,144.3561889,
1242,E0120600186201,鳥取西小学校２～３階,北海道釧路市鳥取北7-5,,,,,1,,,,,43.01891168,144.3407676,
1243,E0120600188201,鳥取コミュニティセンター（コア鳥取）２階・屋上,北海道釧路市鳥取北8-3,,,,,1,,,,,43.01955084,144.3371258,
1244,E0120600190201,鳥取西中学校２～３階,北海道釧路市鳥取北9-7,,,,,1,,,,,43.0206016,144.3348858,
1245,E0120600194201,工業高等学校１階～４階,北海道釧路市鶴ケ岱3-5,,,,,1,,,,,42.98123021,144.4070183,
1246,E0120600196201,釧路空港ビル２階・３階,北海道釧路市鶴丘2,,,,,1,,,,1,43.04494203,144.1964337,
1247,E0120600199201,鶴野小学校２～３階,北海道釧路市鶴野58-64,,,,,1,,,,,43.02450172,144.3172807,
1248,E0120600200201,釧路鶴野支援学校３階・４階,北海道釧路市鶴野58-92,,,,,1,,,,,43.01908421,144.2949857,
1249,E0120600202201,景雲中学校２～４階,北海道釧路市東川町16-1,,,,,1,,,,1,43.01171308,144.3772091,
1250,E0120600300201,上下水道部庁舎　２階（津波警報時のみ避難可）,北海道釧路市南大通2-1-121,,,,,1,,,,,42.978632,144.383249,
1251,E0120600208201,東雲小学校　１階～２階,北海道釧路市白樺台3-19,,,,,1,,,,,42.96073195,144.4503418,
1252,E0120600211201,美原小学校１～３階,北海道釧路市美原4-2,,,,,1,,,,,43.02254495,144.4076897,
1253,E0120600215201,美原中学校１～３階,北海道釧路市美原4-7,,,,,1,,,,,43.02371641,144.4054545,
1254,E0120600218201,浜町ポンプ場屋上,北海道釧路市浜町6-6,,,,,1,,,,,42.9974868294913,144.360890640415,
1255,E0120600219201,富士見会館１階,北海道釧路市富士見3-2,,,,,1,,,,,42.97659203,144.391729,
1256,E0120600286201,道営住宅曙団地Ｄ７Ｒ号棟　２階～５階,北海道釧路市武佐1-8,,,,,1,,,,,42.976211,144.425773,
1257,E0120600286202,道営住宅曙団地Ｄ８Ｒ号棟　２階～５階,北海道釧路市武佐1-8,,,,,1,,,,,42.975995,144.425344,
1258,E0120600222201,湖畔小学校１階～３階,北海道釧路市武佐2-27,,,,,1,,,,,42.9818097,144.4280614,
1259,E0120600226201,武佐小学校１～３階,北海道釧路市武佐4-3,,,,,1,,,,,42.98945097,144.4227918,
1260,E0120600268201,北海道職員住宅ＲＣ－９４－４　２～３階,北海道釧路市文苑1-27-2,,,,,1,,,,,43.02007,144.385887,
1261,E0120600267201,北海道職員住宅双鶴寮２～３階・屋上,北海道釧路市文苑1-27-20,,,,,1,,,,,43.020311,144.386116,
1262,E0120600231201,生涯学習センター１階～８階,北海道釧路市幣舞町4-28,,,,,1,,,,1,42.97814863,144.3857528,
1263,E0120600234201,高齢者生きがい交流プラザ（プラザよねまち）３階・４階,北海道釧路市米町4-3-16,,,,,1,,,,1,42.96893581,144.3794696,
1264,E0120600299201,釧路市中央図書館３階～７階（津波警報時のみ避難可,北海道釧路市北大通10-2-1,,,,,1,,,,,42.987026,144.383191,
1265,E0120600237201,ホテルクラウンヒルズ釧路１０階,北海道釧路市北大通13-1,,,,,1,,,,,42.9891253,144.3835297,
1266,E0120600238201,湿原展望台　１階～３階,北海道釧路市北斗6-11,,,,,1,,,,,43.073995638957,144.320566034926,
1267,E0120600240201,旧東栄小学校１階・２階,北海道釧路市弥生2-1,,,,,1,,,,,42.97327544,144.3804959,
1268,E0120600242201,柳町スピードスケート場　２階,北海道釧路市柳町1-1,,,,,1,,,,1,43.002891,144.382652,
1269,E0120600248201,湖陵高等学校１階～４階,北海道釧路市緑ケ岡3-1,,,,,1,,,,,42.98227323,144.4090001,
1270,E0120600252201,清明小学校１階～３階,北海道釧路市緑ケ岡4-8-7,,,,,1,,,,1,42.990079,144.410949,
1271,E0120600255201,青陵中学校１階～３階,北海道釧路市緑ケ岡6-9,,,,,1,,,,,42.98850443,144.415995,
1272,E0166100082201,釧路神社,北海道釧路町遠野52-206,1,,,,1,,,,,43.050909,144.462978,
1273,E0166100004201,釧路町公民館,北海道釧路町河畔7-52-1,1,1,,,1,,,,1,43.038246823269,144.45577383881,
1274,E0166100008201,イオン釧路店屋上駐車場,北海道釧路町桂木1-1-7,1,,,,1,,,,,43.009249973073,144.40463062914,
1275,E0166100010201,つくし保育所,北海道釧路町光和3-10,1,,,,1,,,,1,43.00489,144.401932,
1276,E0166100011201,旧昆布森小グラウンド高台海産干場,北海道釧路町昆布森1-156,1,1,,,1,,,,,42.954894459267,144.52729118686,
1277,E0166100014201,昆布森小学校裏山,北海道釧路町昆布森3-168,1,1,,,1,,,,,42.955236034752,144.53295064789,
1278,E0166100081201,東陽防災ひろば,北海道釧路町字別保原野,1,,,,1,,,,,43.003651,144.430422,
1279,E0166100078201,釧路町防災交流センター　まもりーふ,北海道釧路町若葉1-28-3,1,,,,1,,,,1,43.005478,144.417206,
1280,E0166100025201,海鳴り仙鳳趾館,北海道釧路町仙鳳趾村59,1,1,,,1,,,,1,42.982860814811,144.71973556257,
1281,E0166100026201,知方学小学校,北海道釧路町仙鳳趾村字知方学41,1,1,,,1,,,,1,42.938566076943,144.73439651704,
1282,E0166100030201,町道西アチョロベツ線高所,北海道釧路町大字昆布森村字アチョロベツ75-2,1,1,,,1,,,,,42.948907142632,144.50915066052,
1283,E0166100031201,道道又飯時パーキング,北海道釧路町大字昆布森村字昆布森114,1,1,,,1,,,,,42.948132723791,144.49118528467,
1284,E0166100032201,昆布森墓地,北海道釧路町大字昆布森村字昆布森84-24,1,1,,,1,,,,,42.958158504611,144.52678707568,
1285,E0166100033201,町道宿徳内線高所,北海道釧路町大字昆布森村字昆布森88-1,1,1,,,1,,,,,42.949852549368,144.50117383105,
1286,E0166100036201,町道跡永賀２号線高所,北海道釧路町大字跡永賀村字跡永賀52-2,1,1,,,1,,,,,42.955005879856,144.63374284235,
1287,E0166100038201,町道老者舞線高所,北海道釧路町大字仙鳳趾村字老者舞123,1,1,,,1,,,,,42.943045638153,144.72160128085,
1288,E0166100077201,中央防災ひろば,北海道釧路町中央4,1,,,,1,,,,,43.007307,144.42804,
1289,E0166100076201,白梅幼稚園駐車場・園庭,北海道釧路町中央8-91,1,1,,,1,,,,,43.011429,144.434326,
1290,E0166100041201,天寧コミュニティセンター,北海道釧路町中央9-12,1,1,,,1,,,,1,43.013269,144.441311,
1291,E0166100043201,遠矢中学校,北海道釧路町鳥通西6-1,1,1,,,1,,,,1,43.05387729996,144.46270373791,
1292,E0166100046201,釧路町保健福祉センター,北海道釧路町東陽大通西1-1-1,1,1,,,1,,,,1,42.997154454816,144.4350340697,
1293,E0166100047201,釧路東部消防組合釧路消防署,北海道釧路町東陽大通西3-3-3,1,1,,,1,,,,1,42.99661088348,144.4324049362,
1294,E0166100048201,遠矢小学校,北海道釧路町南陽台10-1,1,,,,1,,,,1,43.042260331168,144.46745916854,
1295,E0166100050201,富原中学校,北海道釧路町富原2,1,,,,1,,,,1,43.014180911101,144.41851465923,
1296,E0166100050202,富原小学校,北海道釧路町富原2,1,,,,1,,,,1,43.015122275413,144.41754906398,
1297,E0166100051201,釧路東高等学校,北海道釧路町富原3-1,1,,,,1,,,,1,43.012725690372,144.41782801371,
1298,E0166100057201,釧望やすらぎの郷駐車場,北海道釧路町別保原野南２０線53-9,1,1,,,1,,,,,43.021835035066,144.44428531796,
1299,E0166100059201,釧路町総合体育館,北海道釧路町別保原野南２３線105-2,1,,,,1,,,,1,43.013137805328,144.42183333612,
1300,E0166100060201,セチリ防災ひろば,北海道釧路町別保原野南２３線109-1,1,,,1,1,1,,,,43.015481,144.422558,
1301,E0166100080201,春日公園避難タワー,北海道釧路町北見団地1-15,1,,,1,1,,,,,42.999355,144.404251,
1302,E0166100079201,中園公園避難タワー,北海道釧路町北見団地4-63-1,1,,,1,1,,,,,43.000793,144.408005,
1303,E0166100083201,緑公園避難タワー,北海道釧路町北見団地5-18,1,,,,1,,,,,43.002003,144.409865,
1304,E0166100068201,釧路町コミュニティセンター,北海道釧路町木場1-2,1,,,,1,,,,,43.006124716453,144.40535636819,
1305,E0142900001201,農村環境改善センター,北海道栗山町角田157-1,1,,,1,,1,1,,1,43.0300534916873,141.806025624955,
1306,E0142900002201,角田小学校,北海道栗山町角田17,1,,,1,,1,1,,1,43.0316494573244,141.809422577289,
1307,E0142900002202,角田小学校グラウンド,北海道栗山町角田17,,,,,,1,,,1,43.032318029444,141.809425259497,
1308,E0142900003201,栗山公園,北海道栗山町桜丘2-38-16,,,,,,1,,,,43.065178219316,141.780005591848,
1309,E0142900004201,ふるさといきものの里オオムラサキ館,北海道栗山町桜丘2-38-5,1,,,1,,1,1,,1,43.064818139792,141.781367575494,
1310,E0142900005201,円山地域文化センター,北海道栗山町字円山139-1,1,1,,1,,1,1,,1,42.9495677080154,141.878654145185,
1311,E0142900005202,円山地域文化センター広場,北海道栗山町字円山139-1,,,,,,1,,,1,42.9498370391109,141.878669853216,
1312,E0142900006201,南部公民館,北海道栗山町字継立176-8,1,1,,1,,1,1,,1,43.0236930392232,141.858979203794,
1313,E0142900007201,継立小学校,北海道栗山町字継立191-1,1,,,1,,1,1,,1,43.0168678836063,141.861455111383,
1314,E0142900008201,継立小学校グラウンド,北海道栗山町字継立191-2,,,,,,1,,,,43.0165815616281,141.862662105432,
1315,E0142900009201,中里団地集会所,北海道栗山町字中里25-34,1,,,1,,,1,,1,43.0504834597464,141.787896883056,
1316,E0142900010201,栗山高等学校,北海道栗山町字中里64-18,1,,,1,,1,1,,1,43.0503490522237,141.796373651152,
1317,E0142900010202,栗山高等学校グラウンド,北海道栗山町字中里64-18,,,,,,1,,,1,43.050498170125,141.798834482934,
1318,E0142900011201,北海道介護福祉学校,北海道栗山町字湯地60,1,1,,1,,1,1,,1,43.0602866755876,141.806872281191,
1319,E0142900012201,栗山中学校,北海道栗山町字湯地60-9,1,1,,1,,1,1,,1,43.0574908634948,141.803974315932,
1320,E0142900012202,栗山中学校グラウンド,北海道栗山町字湯地60-9,,,,,,1,,,1,43.0582306343385,141.805497318128,
1321,E0142900013201,総合グラウンド,北海道栗山町字湯地91-18,,,,,,1,,,,43.058646107005,141.804000645499,
1322,E0142900014201,日出消防団消防庁舎向広場,北海道栗山町字日出138-2,,,,,,1,,,,43.0379392636842,141.897415812015,
1323,E0142900015201,ふじスポーツ広場,北海道栗山町字富士23-5,,,,,,1,,,,43.0499174981686,141.775821086181,
1324,E0142900016201,ふじ団地集会所,北海道栗山町字富士8-6,1,,,1,,,1,,1,43.0501850420243,141.783834862292,
1325,E0142900017201,運動公園,北海道栗山町松風4-22,,,,,,1,,,,43.053936477897,141.786271711509,
1326,E0142900018201,カルチャープラザＥｋｉ,北海道栗山町中央2-1,1,,,1,,1,1,,1,43.059001707574,141.776068059436,
1327,E0142900019201,栗夢広場,北海道栗山町中央3-309,,,,,,1,,,,43.0569161394274,141.781554169691,
1328,E0142900020201,スポーツセンター,北海道栗山町中央3-310,1,1,,1,,1,1,,1,43.0570961204704,141.782666841462,
1329,E0142900021202,栗山小学校グラウンド,北海道栗山町中央3-311-1,,,,,,1,,,1,43.0554158477407,141.780242677939,
1330,E0142900021201,栗山小学校,北海道栗山町中央3-311-1,1,,,1,,1,1,,1,43.0554511254508,141.781911011945,
1331,E0142900022201,児童センター,北海道栗山町中央4-86,1,,,1,,1,1,,1,43.0545844945889,141.781138365328,
1332,E0142900023201,総合福祉センター,北海道栗山町朝日4-9-36,1,,,1,,1,1,,1,43.0548692948708,141.795628307821,
1333,E0154900002201,認定こども園グラウンド,北海道訓子府町旭町75,1,1,,1,,1,1,,1,43.72495562,143.7407472,
1334,E0154900003201,児童センターグラウンド,北海道訓子府町栄町147,1,1,,1,,1,1,,1,43.72337076,143.7363748,
1335,E0154900014201,居武士小学校グラウンド,北海道訓子府町字大谷5-2,1,1,,1,,1,1,,1,43.7283546,143.7898911,
1336,E0154900015201,日ノ出地区ふれあいセンター広場,北海道訓子府町字日出28-83,1,1,,1,,1,1,,1,43.73673115,143.7874909,
1337,E0154900036201,仲町公共駐車場,北海道訓子府町仲町50,1,1,,1,,1,1,,,43.72603,143.736778,
1338,E0154900024201,中央公園,北海道訓子府町仲町61-1,1,1,,1,,1,1,,,43.7252752,143.7380093,
1339,E0154900025201,訓子府小学校グラウンド,北海道訓子府町仲町64-1,,1,,1,,1,,,,43.72324692,143.7376738,
1340,E0154900029201,農村公園,北海道訓子府町東幸町1,1,1,,1,,1,1,,,43.72925663,143.7397881,
1341,E0154900027201,訓子府高等学校グラウンド,北海道訓子府町東幸町151,1,1,,1,,1,1,,,43.731668,143.7390608,
1342,E0154900032201,スポーツセンター駐車場,北海道訓子府町東町400,1,1,,1,,1,1,,1,43.72512877,143.7426254,
1343,E0154900034201,訓子府中学校グラウンド,北海道訓子府町東町411,,1,,1,,1,,,,43.72336319,143.7425079,
1344,E0154900035201,末広地域集会所広場,北海道訓子府町末広町149,1,1,,1,,1,1,,1,43.71657019,143.7386193,
1345,E0123100001201,こがね公園,北海道恵庭市黄金中央2-9-1,,,,1,,1,,,,42.884293359243,141.58964241519,
1346,E0123100002201,恵庭ふるさと公園,北海道恵庭市黄金中央4-2,,,,1,,1,,,,42.887233695227,141.58773449559,
1347,E0123100003201,北海道文教大学グラウンド,北海道恵庭市黄金中央5-196-1,,,,1,,1,,,1,42.8914682725489,141.593383634705,
1348,E0123100003202,北海道文教大学,北海道恵庭市黄金中央5-196-1,1,1,,1,,1,,1,1,42.8905643176126,141.591484630717,
1349,E0123100004201,総合体育館,北海道恵庭市黄金中央5-199-1,1,1,,1,,1,,1,1,42.892984041132,141.59287255278,
1350,E0123100005201,北海道文教大学附属高等学校グラウンド,北海道恵庭市黄金中央5-207-11,,,,1,,1,,,1,42.8919649109276,141.595131787465,
1351,E0123100005202,北海道文教大学附属高等学校,北海道恵庭市黄金中央5-207-11,1,1,,1,,1,,1,1,42.8909469863223,141.594541701474,
1352,E0123100006201,ほのぼの公園,北海道恵庭市黄金南1-18-1,,,,1,,1,,,,42.881394762886,141.59262462471,
1353,E0123100007201,黄金曙公園,北海道恵庭市黄金南3-15-10,,,,1,,1,,,,42.883556693556,141.59629925106,
1354,E0123100008201,黄金ふれあいセンター,北海道恵庭市黄金南5-11-1,1,1,,1,,1,,1,1,42.887188845189,141.59662510125,
1355,E0123100009201,子ども発達支援センター,北海道恵庭市黄金南5-11-4,1,1,,1,,1,,1,1,42.88823970803,141.5971466659,
1356,E0123100010201,やすらぎ公園,北海道恵庭市黄金南5-8-1,,,,1,,1,,,,42.885919007539,141.59517808769,
1357,E0123100011201,カリンバ自然公園,北海道恵庭市黄金南6-1,,,,1,,1,,,,42.88938173692,141.5965191922,
1358,E0123100012201,すこやか公園,北海道恵庭市黄金南7-5,,,,1,,1,,,,42.888399143343,141.59991486881,
1359,E0123100013201,いくみ公園,北海道恵庭市黄金北3-14,,,,1,,1,,,,42.890177554408,141.58787397045,
1360,E0123100014201,恵明中学校グラウンド,北海道恵庭市黄金北4-1-1,,,,1,,1,,,1,42.892058165174,141.58847310234,
1361,E0123100014202,恵明中学校,北海道恵庭市黄金北4-1-1,1,1,,1,,1,,1,1,42.89264375809,141.58834972072,
1362,E0123100015201,松鶴公園,北海道恵庭市漁太282-1,,,,1,,1,,,,42.940943683285,141.62324576008,
1363,E0123100016201,かわぞえ公園,北海道恵庭市漁町393,,,,1,,1,,,,42.878052409811,141.57312392823,
1364,E0123100017201,さかえ公園,北海道恵庭市漁町41,,,,1,,1,,,,42.879884258835,141.57670199505,
1365,E0123100018201,こまば公園,北海道恵庭市駒場町1-323,,,,1,,1,,,,42.873638117591,141.58145692966,
1366,E0123100021201,くるみ公園,北海道恵庭市駒場町5-619,,,,1,,1,,,,42.869964614514,141.58310007407,
1367,E0123100020201,恵庭公園,北海道恵庭市駒場町４－９００－１外,,,,1,,1,,,,42.868411620855,141.57754790142,
1368,E0123100022201,チビッコ公園,北海道恵庭市恵み野西1-17-13,,,,1,,1,,,,42.905173921813,141.57874754536,
1369,E0123100023201,花の丘公園,北海道恵庭市恵み野西3-2-15,,,,1,,1,,,,42.901719298747,141.57925445507,
1370,E0123100024201,恵み野中学校グラウンド,北海道恵庭市恵み野東1-1-2,,,,1,,1,,,1,42.904745923287,141.58938859148,
1371,E0123100024202,恵み野中学校,北海道恵庭市恵み野東1-1-2,1,1,,1,,1,,1,1,42.905327466393,141.58917401476,
1372,E0123100025201,わんぱく公園,北海道恵庭市恵み野東6-10-9,,,,1,,1,,,,42.906868576434,141.59646159226,
1373,E0123100026201,タイヤの丘公園,北海道恵庭市恵み野南2-8-10,,,,1,,1,,,,42.899999080216,141.58480442174,
1374,E0123100027201,アルプス公園,北海道恵庭市恵み野南3-9-15,,,,1,,1,,,,42.901692743169,141.58803380139,
1375,E0123100028201,恵み野小学校グラウンド,北海道恵庭市恵み野南4-1-1,,,,1,,1,,,1,42.90252152132,141.58446849973,
1376,E0123100028202,恵み野小学校,北海道恵庭市恵み野南4-1-1,1,1,,1,,1,,1,1,42.901770981177,141.58502103479,
1377,E0123100029201,おおぞら公園,北海道恵庭市恵み野北1-8-15,,,,1,,1,,,,42.909457767412,141.58099485628,
1378,E0123100031201,恵み野憩の家,北海道恵庭市恵み野北2-1-3,1,1,,1,,1,,1,1,42.907941173835,141.58266366914,
1379,E0123100030201,恵み野会館,北海道恵庭市恵み野北2-12-2,1,1,,1,,1,,1,1,42.907791865568,141.58311428026,
1380,E0123100033202,恵み野旭小学校,北海道恵庭市恵み野北4-1-1,1,1,,1,,1,,1,1,42.907962113405,141.5916186332,
1381,E0123100033201,恵み野旭小学校グラウンド,北海道恵庭市恵み野北4-1-1,,,,1,,1,,,1,42.908586846494,141.59198877805,
1382,E0123100032201,恵み野中央公園,北海道恵庭市恵み野北３－９－１外,,,,1,,1,,,,42.907548212972,141.58854259245,
1383,E0123100034201,めぐみの森公園,北海道恵庭市恵み野北６－３－３外,,,,1,,1,,,,42.911140910014,141.584933393,
1384,E0123100035201,さとみ公園,北海道恵庭市恵み野里美2-13-6,,,,1,,1,,,,42.90586142834,141.57113273905,
1385,E0123100036201,けいおう公園,北海道恵庭市恵央町１５内,,,,1,,1,,,,42.891695368259,141.57084162269,
1386,E0123100037201,もみじ公園,北海道恵庭市恵南6-49,,,,1,,1,,,,42.867270328596,141.58542804535,
1387,E0123100038201,けいほく公園,北海道恵庭市幸町４１４－２８外,,,,1,,1,,,,42.883492739652,141.56047477002,
1388,E0123100039201,さくら公園,北海道恵庭市桜町1-7,,,,1,,1,,,,42.877411269515,141.57560735375,
1389,E0123100040201,つくし公園,北海道恵庭市桜町3-130,,,,1,,1,,,,42.87350416487,141.57778658215,
1390,E0123100041201,桜町会館,北海道恵庭市桜町3-8-13,1,1,,1,,1,,1,1,42.873640470054,141.57718615862,
1391,E0123100042201,桜町多目的広場,北海道恵庭市桜町４－７３－１外,,,,1,,1,,,,42.872797390848,141.57512052868,
1392,E0123100043201,すみよし公園,北海道恵庭市住吉町3-418,,,,1,,1,,,,42.876702043245,141.58496239736,
1393,E0123100044201,春日会館,北海道恵庭市春日428,,1,,1,,1,,1,1,42.921381629997,141.62531774646,
1394,E0123100045201,中恵庭公園,北海道恵庭市上山口１７外,,,,1,,1,,,,42.905249428157,141.60438799742,
1395,E0123100046201,市民会館,北海道恵庭市新町10,1,1,,,,1,,1,1,42.883277373402,141.576645073,
1396,E0123100047202,ルルマップ自然公園ふれらんどセンターハウス,北海道恵庭市西島松275,1,1,,1,,1,,1,1,42.918744922599,141.55070976764,
1397,E0123100047201,ルルマップ自然公園ふれらんど多目的芝生広場,北海道恵庭市西島松275,,,,1,,1,,,1,42.919577752916,141.55122475177,
1398,E0123100048201,農業活性化支援センター,北海道恵庭市西島松４１－２の内,1,1,,1,,1,,1,1,42.926318550021,141.56462506801,
1399,E0123100051201,つつじ公園,北海道恵庭市相生町4-249,,,,1,,1,,,,42.877139179741,141.59055305924,
1400,E0123100049201,玉川組第１駐車場,北海道恵庭市相生町４－２２３外,,,,1,,1,,,,42.878173056434,141.58824099507,
1401,E0123100050201,玉川組第２駐車場,北海道恵庭市相生町４－２４０外,,,,1,,1,,,,42.877092006246,141.58944798912,
1402,E0123100052201,大町会館,北海道恵庭市大町1-10-1,,1,,1,,1,,1,1,42.889073939138,141.56659155969,
1403,E0123100053201,恵庭市生涯学習施設かしわのもり,北海道恵庭市大町1-5-7,,1,,1,,1,,1,1,42.888158694434,141.56872816595,
1404,E0123100054201,もいざり公園,北海道恵庭市大町2-235,,,,1,,1,,,,42.88682962544,141.56789372993,
1405,E0123100055201,大町憩の家,北海道恵庭市大町4-5-15,,1,,1,,1,,1,1,42.882954143699,141.56964554243,
1406,E0123100056201,中恵庭会館,北海道恵庭市中央382-2,1,1,,1,,1,,1,1,42.906753975094,141.60556191337,
1407,E0123100057201,東恵庭会館,北海道恵庭市中央449-1,1,1,,1,,1,,1,,42.905619647307,141.61364021746,
1408,E0123100058201,松恵小学校グラウンド,北海道恵庭市中央452-2,,,,1,,1,,,1,42.906464400692,141.61333368151,
1409,E0123100058202,松恵小学校,北海道恵庭市中央452-2,1,1,,1,,1,,1,1,42.90624043279,141.61412761538,
1410,E0123100060201,恵北中学校グラウンド,北海道恵庭市中島松230,,,,1,,1,,,1,42.928452160512,141.59467387189,
1411,E0123100060202,恵北中学校,北海道恵庭市中島松230,1,1,,1,,1,,1,1,42.927725503516,141.59429836263,
1412,E0123100061201,島松小学校グラウンド,北海道恵庭市中島松418,,,,1,,1,,,1,42.924977132476,141.58793123678,
1413,E0123100061202,島松小学校,北海道恵庭市中島松418,1,1,,1,,1,,1,1,42.924737519491,141.58869834855,
1414,E0123100062201,わかくさ公園,北海道恵庭市中島町1-4-8,,,,1,,1,,,,42.893032926973,141.57902262465,
1415,E0123100064201,中島会館,北海道恵庭市中島町4-17-14,1,1,,1,,1,,1,1,42.894269700473,141.58048339691,
1416,E0123100065202,若草小学校,北海道恵庭市中島町4-5-1,1,1,,1,,1,,1,1,42.8958880354,141.578496535,
1417,E0123100065201,若草小学校グラウンド,北海道恵庭市中島町4-5-1,,,,1,,1,,,1,42.895282823457,141.57834096688,
1418,E0123100066201,どんぐり公園,北海道恵庭市中島町6-9,,,,1,,1,,,,42.898086841776,141.57807848708,
1419,E0123100063201,中島公園,北海道恵庭市中島町３－３－１外,,,,1,,1,,,,42.895823242189,141.58366284625,
1420,E0123100067201,あさひ公園,北海道恵庭市島松旭町3-107,,,,1,,1,,,,42.922260626152,141.58441745921,
1421,E0123100068201,しままつ公園,北海道恵庭市島松寿町1-21,,,,1,,1,,,,42.917432452403,141.56988489512,
1422,E0123100069201,わらべ公園,北海道恵庭市島松寿町2-15-11,,,,1,,1,,,,42.913715927191,141.57145130519,
1423,E0123100070201,寿町会館,北海道恵庭市島松寿町2-24-3,1,1,,1,,1,,1,1,42.916032265841,141.56953831287,
1424,E0123100071201,はまなす公園,北海道恵庭市島松寿町2-32,,,,1,,1,,,,42.915252065739,141.56843650226,
1425,E0123100072201,㈱札幌エルムカントリークラブ,北海道恵庭市島松沢55,,,,1,,1,,,,42.9142276961426,141.502513871645,
1426,E0123100073201,なかまち公園,北海道恵庭市島松仲町2-171-1,,,,1,,1,,,,42.918975910285,141.57600004938,
1427,E0123100074201,島松憩の家,北海道恵庭市島松東町1-1-15,1,1,,1,,1,,1,1,42.920416234957,141.5790279234,
1428,E0123100075201,ひがし公園,北海道恵庭市島松東町3-207,,,,1,,1,,,,42.917832718777,141.57886464859,
1429,E0123100076201,いずみ公園,北海道恵庭市島松東町4-293,,,,1,,1,,,,42.916129035674,141.57639856699,
1430,E0123100077201,ときわ公園,北海道恵庭市島松本町2-331,,,,1,,1,,,,42.924763055736,141.57484601568,
1431,E0123100078201,島松公民館,北海道恵庭市島松本町3-12-20,1,1,,1,,1,,1,1,42.924900712348,141.5775481558,
1432,E0123100079201,かつら公園,北海道恵庭市島松本町3-447,,,,1,,1,,,,42.924781148056,141.5787910499,
1433,E0123100080202,恵庭北高校,北海道恵庭市南島松359-1,1,1,,1,,1,,1,1,42.917672209901,141.58597270389,
1434,E0123100080201,恵庭北高等学校グラウンド,北海道恵庭市南島松359-1,,,,1,,1,,,1,42.9172282833,141.58822575947,
1435,E0123100081201,島松体育館,北海道恵庭市南島松389-3,1,1,,1,,1,,1,1,42.917507518781,141.58419385228,
1436,E0123100083201,道の駅花ロードえにわ駐車場,北海道恵庭市南島松817-18,,,,1,,1,,,1,42.897085054121,141.58511617021,
1437,E0123100083202,道の駅花ロードえにわ,北海道恵庭市南島松817-18,1,1,,1,,1,,1,1,42.897195089882,141.58571698503,
1438,E0123100082201,島松屋外運動場,北海道恵庭市南島松４０６－１外,,,,1,,1,,,,42.917140698641,141.58295428007,
1439,E0123100085201,柏木中央会館前広場,北海道恵庭市柏木町3-2,,,,1,,1,,,,42.894457820434,141.56524127222,
1440,E0123100084201,みのしま公園,北海道恵庭市柏木町３５４－２外,,,,1,,1,,,,42.892427097213,141.56632765122,
1441,E0123100086201,みかほ公園,北海道恵庭市柏陽町1-22,,,,1,,1,,,,42.899324173046,141.5701029037,
1442,E0123100087201,柏陽会館,北海道恵庭市柏陽町1-26,1,1,,1,,1,,1,1,42.898872930316,141.56984307437,
1443,E0123100087202,柏陽憩の家,北海道恵庭市柏陽町1-26,1,1,,1,,1,,1,1,42.899045838553,141.56952120928,
1444,E0123100088201,あかしや公園,北海道恵庭市柏陽町1-9,,,,1,,1,,,,42.899732861469,141.57281729923,
1445,E0123100089201,きぼう公園,北海道恵庭市柏陽町3-26,,,,1,,1,,,,42.895411494632,141.56920254924,
1446,E0123100090202,柏陽中学校,北海道恵庭市柏陽町3-265,1,1,,1,,1,,1,1,42.900507429288,141.56792439149,
1447,E0123100090201,柏陽中学校グラウンド,北海道恵庭市柏陽町3-265,,,,1,,1,,,1,42.900829658434,141.56676031277,
1448,E0123100091201,はくよう公園,北海道恵庭市柏陽町3-7,,,,1,,1,,,,42.898241000024,141.56878948905,
1449,E0123100092201,かしわぎ公園,北海道恵庭市柏陽町4-12,,,,1,,1,,,,42.896747666135,141.57346726156,
1450,E0123100093201,むつみ公園,北海道恵庭市白樺町1-13-59,,,,1,,1,,,,42.869383945056,141.5727846507,
1451,E0123100094201,かや公園,北海道恵庭市白樺町3-18-1,,,,1,,1,,,,42.865388932437,141.56972041073,
1452,E0123100095201,恵庭南高等学校グラウンド,北海道恵庭市白樺町4-1-1,,,,1,,1,,,1,42.864768401909,141.57346262927,
1453,E0123100095202,恵庭南高等学校,北海道恵庭市白樺町4-1-1,1,1,,1,,1,,1,1,42.865849667972,141.57320513721,
1454,E0123100096201,隨縁カントリークラブ　恵庭コース,北海道恵庭市盤尻144,,,,1,,1,,,,42.8600632357479,141.538633757272,
1455,E0123100099201,恵庭カントリー倶楽部　恵庭コース,北海道恵庭市盤尻53-2,,,,1,,1,,,,42.8519732294874,141.488462284703,
1456,E0123100097201,盤尻パークゴルフ場,北海道恵庭市盤尻１５－６外,,,,1,,1,,,,42.86297879177,141.53810369305,
1457,E0123100100201,おひさま公園,北海道恵庭市美咲野3-16-249,,,,1,,1,,,,42.878010314145,141.56890032678,
1458,E0123100101201,ひので公園,北海道恵庭市美咲野６－２９－１７０外,,,,1,,1,,,,42.875404425207,141.57152375061,
1459,E0123100102201,福住憩の家,北海道恵庭市福住町1-21-29,,1,,1,,1,,1,1,42.88474272517,141.57589145133,
1460,E0123100103201,やなぎ公園,北海道恵庭市福住町1-3,,,,1,,1,,,,42.887786011222,141.57905085589,
1461,E0123100104201,まなび公園,北海道恵庭市福住町2-6,,,,1,,1,,,,42.884587899774,141.58013495689,
1462,E0123100106201,恵庭小学校グラウンド,北海道恵庭市福住町2-9-13,,,,1,,1,,,1,42.884728380472,141.57822017173,
1463,E0123100105201,恵庭小学校,北海道恵庭市福住町2-913,1,1,,1,,1,,1,,42.884046033203,141.57854901211,
1464,E0123100107201,ふくずみ公園,北海道恵庭市福住町3-11,,,,1,,1,,,,42.884994454832,141.58240195871,
1465,E0123100108202,柏小学校,北海道恵庭市文京町3-3-3,1,1,,1,,1,,1,1,42.885177719431,141.56725005411,
1466,E0123100108201,柏小学校グラウンド,北海道恵庭市文京町3-3-3,,,,1,,1,,,1,42.884588124982,141.56753436826,
1467,E0123100109201,恵庭中学校グラウンド,北海道恵庭市文京町3-4-5,,,,1,,1,,,1,42.883834701837,141.56450070568,
1468,E0123100109202,恵庭中学校,北海道恵庭市文京町3-4-5,1,1,,1,,1,,1,1,42.884141295398,141.56582571693,
1469,E0123100110201,北栄会館,北海道恵庭市北島215,,1,,1,,1,,1,1,42.960093226865,141.5976963107,
1470,E0123100111201,こばと公園,北海道恵庭市北柏木町2-7,,,,1,,1,,,,42.90283718305,141.56289978809,
1471,E0123100112201,ひばり公園,北海道恵庭市北柏木町3-100,,,,1,,1,,,,42.900707333808,141.55148969155,
1472,E0123100113201,なみき公園,北海道恵庭市本町200,,,,1,,1,,,,42.881668373795,141.57092278163,
1473,E0123100114201,めぐみ公園,北海道恵庭市本町89,,,,1,,1,,,,42.882592112981,141.57374982992,
1474,E0123100115201,あすなろ公園,北海道恵庭市有明町2-319,,,,1,,1,,,,42.890263447835,141.57290156937,
1475,E0123100116201,あおば公園,北海道恵庭市有明町3-9,,,,1,,1,,,,42.892041146838,141.57496598213,
1476,E0123100117201,あじさい公園,北海道恵庭市有明町4-631,,,,1,,1,,,,42.889527490785,141.57661687388,
1477,E0123100118201,有明会館,北海道恵庭市有明町5-1-3,,1,,1,,1,,1,1,42.888430683879,141.57334257022,
1478,E0123100119201,ありあけ公園,北海道恵庭市有明町5-755,,,,1,,1,,,,42.888211192265,141.57440934397,
1479,E0123100120201,みどり公園,北海道恵庭市緑町1-11,,,,1,,1,,,,42.881268429098,141.58252743879,
1480,E0123100121201,えにあす（アルファコート緑と語らいの広場）,北海道恵庭市緑町2-1-1,1,1,,1,,1,,1,1,42.8789750546394,141.5826269006,
1481,E0123100122201,すみれ公園,北海道恵庭市緑町2-88,,,,1,,1,,,,42.8785898148408,141.582870445292,
1482,E0123100123201,わこう公園,北海道恵庭市和光町1-4,,,,1,,1,,,,42.872747692826,141.58846393293,
1483,E0123100124201,和光小学校グラウンド,北海道恵庭市和光町2-10-1,,,,1,,1,,,1,42.873800093386,141.59044606006,
1484,E0123100124202,和光小学校,北海道恵庭市和光町2-10-1,1,1,,1,,1,,1,1,42.874193225708,141.58996326243,
1485,E0123100125201,和光会館,北海道恵庭市和光町2-2-8,1,1,,1,,1,,1,1,42.876104636854,141.58971034029,
1486,E0123100126201,和光憩の家,北海道恵庭市和光町3-1-1,1,1,,1,,1,,1,1,42.87658424004,141.59028969744,
1487,E0123100127201,ユカンボシ公園,北海道恵庭市和光町4-526,,,,1,,1,,,,42.874795919684,141.59491732782,
1488,E0123100128201,エルム公園,北海道恵庭市和光町5-531-5,,,,1,,1,,,,42.87133641755,141.59594187052,
1489,E0143000013201,旧札比内小学校グラウンド,北海道月形町1008,1,1,,1,,1,1,,,43.367130059897,141.73833157477,
1490,E0143000001201,月形中学校グラウンド,北海道月形町1054-1,1,1,,1,,1,1,,1,43.340338681742,141.66659978936,
1491,E0143000002201,月形高等学校グラウンド,北海道月形町1056,1,1,,1,,1,1,,1,43.339874403115,141.66763512203,
1492,E0143000005201,旧昭栄小学校グラウンド,北海道月形町字篠津原野1714,1,1,,1,,1,1,,,43.302367679293,141.64846737161,
1493,E0143000006201,月形小学校グラウンド,北海道月形町字神園町1,1,1,,1,,1,1,,,43.339080953884,141.67356252693,
1494,E0143000007201,旧知来乙小学校グラウンド,北海道月形町字知来乙22-2,1,1,,1,,1,1,,,43.335669375543,141.63254166223,
1495,E0143000008201,多目的研修センター横広場,北海道月形町字知来乙263-1,1,1,,1,,1,1,,1,43.331554223074,141.66231829895,
1496,E0143000010201,旧中和小学校グラウンド,北海道月形町字知来乙297-2,1,1,,1,,1,1,,,43.32134950363,141.61283690704,
1497,E0143000012201,南耕地集落会館前広場,北海道月形町字南耕地1453-2,1,1,,1,,1,1,,,43.32593501031,141.65574688687,
1498,E0146500001201,剣淵町平波球場,北海道剣淵町元町254,,,,1,,1,,,,44.09719581,142.3678492,
1499,E0146500002201,元町自治会館,北海道剣淵町元町6-11,1,,,,,1,,,,44.09873919,142.3692026,
1500,E0146500003201,西岡町自治会館,北海道剣淵町西岡町1201,1,,,,,1,,,,44.090429,142.315015,
1501,E0146500005201,西原学園グラウンド,北海道剣淵町西原町3083,,,,1,,1,,,,44.14124567,142.3187236,
1502,E0146500005202,西原地区農業研修館,北海道剣淵町西原町3083,1,1,,,,1,,,,44.14167223,142.3185691,
1503,E0146500006201,西原東地区集会所（旧第９区公民館）,北海道剣淵町西原町721,1,,,,,1,,,,44.15380641,142.329223,
1504,E0146500007201,剣淵中学校,北海道剣淵町西町20-1,1,,,1,,1,,,,44.10151299,142.3505763,
1505,E0146500008201,剣淵中学校グラウンド,北海道剣淵町西町20-2,,,,1,,1,,,,44.10214633,142.3524509,
1506,E0146500009201,剣淵小学校グラウンド,北海道剣淵町西町23-1,,,,1,,1,,,,44.09917374,142.3542394,
1507,E0146500009202,剣淵小学校,北海道剣淵町西町23-1,1,,,1,,1,,,,44.09832457,142.3534491,
1508,E0146500010201,Ｂ＆Ｇ海洋センター体育館,北海道剣淵町仲町21-1,1,,,1,,1,,,,44.10360849,142.3651495,
1509,E0146500011201,剣淵高等学校,北海道剣淵町仲町22-1,1,,,1,,1,,,,44.10208658,142.3628876,
1510,E0146500012201,剣淵高等学校グラウンド,北海道剣淵町仲町22-2,,,,1,,1,,,,44.10298303,142.3634365,
1511,E0146500013201,剣淵町健康福祉総合センター,北海道剣淵町仲町28-1,1,,,1,,1,,,1,44.1008085,142.3611108,
1512,E0146500014201,剣淵町民センター,北海道剣淵町仲町37-1,1,,,1,,1,,,1,44.09569082,142.3610856,
1513,E0146500015201,東町南地区会館,北海道剣淵町東町1132,1,1,,,,1,,,,44.08327263,142.3915357,
1514,E0146500016201,東地区農業研修館緑地公園,北海道剣淵町東町2411-1,,,,1,,1,,,,44.09523121,142.3904543,
1515,E0146500016202,東地区農業研修館,北海道剣淵町東町2411-1,1,1,,,,1,,,,44.0953165,142.3911079,
1516,E0146500017201,道の駅絵本の里けんぶち,北海道剣淵町東町2420,1,1,,1,,1,,,,44.093675,142.39145,
1517,E0146500018201,桜岡公園キャンプ場,北海道剣淵町東町5123,,,,1,,1,,,,44.09502638,142.4223865,
1518,E0146500022201,剣淵温泉レークサイド桜岡,北海道剣淵町東町5141,1,1,,1,,1,,,,44.097,142.422,
1519,E0146500019201,藤本町自治会館,北海道剣淵町藤本町1575,1,1,,,,1,,,,44.12825994,142.3513329,
1520,E0146500020201,旧第５区公民館,北海道剣淵町南桜町1496,1,,,,,1,,,,44.06199475,142.3353819,
1521,E0146500021201,南桜町自治会館,北海道剣淵町南桜町506,1,,,,,1,,,,44.05742448,142.3537387,
1522,E0140600033201,沖町住民センター,北海道古平町大字沖町13-16,1,1,1,1,1,,,,,43.253189,140.682442,
1523,E0140600030201,沖町簡易水道浄水場前広場,北海道古平町大字沖町57,1,1,1,1,1,,,,,43.250079,140.682378,
1524,E0140600031201,れい明グラウンド,北海道古平町大字歌棄町204-8,1,1,1,1,1,,,,,43.249868,140.660673,
1525,E0140600002201,いこいの家,北海道古平町大字歌棄町204-9,1,1,1,1,1,,,,1,43.249015312334,140.66239275135,
1526,E0140600002202,れい明会館,北海道古平町大字歌棄町204-9,1,1,1,1,1,,,,1,43.248530799065,140.6614861647,
1527,E0140600028201,家族旅行村,北海道古平町大字歌棄町44,1,,1,1,1,,,,,43.257824,140.657135,
1528,E0140600003201,幼児センターみらい,北海道古平町大字丸山町29,1,,1,1,,,,,,43.280429585271,140.63907541655,
1529,E0140600022201,まるやま公園,北海道古平町大字丸山町92,1,1,1,,,,,,,43.281364,140.640488,
1530,E0140600020201,旧みなと保育所広場,北海道古平町大字港町382,1,,1,1,1,,,,,43.277596,140.636995,
1531,E0140600004201,みなと公園,北海道古平町大字港町421,1,1,,,,,,,,43.273922645336,140.63590209038,
1532,E0140600005201,漁港会館,北海道古平町大字港町439-1,1,1,,,,,,,,43.274692078459,140.6358438632,
1533,E0140600021201,温泉交流広場,北海道古平町大字新地町80-1,1,1,1,1,1,,,,,43.283501,140.636963,
1534,E0140600006201,ふるびら温泉「しおかぜ」,北海道古平町大字新地町90-1,1,,1,1,1,,,,1,43.283614,140.636324,
1535,E0140600007201,ふれあいセンターさわえ,北海道古平町大字沢江町5-6,1,1,1,1,,,,,,43.260634725735,140.64965974644,
1536,E0140600027201,さわえ公園,北海道古平町大字沢江町649,,1,1,,,,,,,43.260401,140.647493,
1537,E0140600009202,明和地区集会所,北海道古平町大字浜町1099-54,1,1,1,,1,,,,,43.234366,140.622913,
1538,E0140600010201,多機能型地域住民活性化ステーション結（ゆい）,北海道古平町大字浜町15-1,,1,,1,,,,,,43.263325299706,140.64381223547,
1539,E0140600011201,武道館,北海道古平町大字浜町158-1,1,1,1,1,,,,,,43.262733837371,140.64187037269,
1540,E0140600012202,中島グラウンド,北海道古平町大字浜町1715-1,,1,1,,,,,,,43.259857,140.644043,
1541,E0140600012201,海洋センター,北海道古平町大字浜町1715-1,,1,1,1,,,,,,43.260503607127,140.64436234904,
1542,E0140600025201,あけぼの公園,北海道古平町大字浜町180-1,,1,1,,,,,,,43.261944,140.642319,
1543,E0140600013203,古平小学校グラウンド,北海道古平町大字浜町370,1,1,1,1,1,,,,1,43.26455,140.635879,
1544,E0140600013201,古平小学校,北海道古平町大字浜町370,1,1,1,1,1,,,,1,43.265262647796,140.63567814472,
1545,E0140600024201,きよおか公園,北海道古平町大字浜町379,1,,1,1,1,,,,,43.267577,140.631217,
1546,E0140600019202,古平中学校グラウンド,北海道古平町大字浜町385,,1,1,,,,,,,43.257744,140.643326,
1547,E0140600019201,古平中学校,北海道古平町大字浜町385,,1,1,1,,,,,,43.258175,140.64311,
1548,E0140600026201,さかえ公園,北海道古平町大字浜町455-1,,1,1,,,,,,,43.254768,140.640381,
1549,E0140600032201,中心拠点誘導複合施設「かなえーる」,北海道古平町大字浜町50,1,1,1,1,1,,,,1,43.264015,140.638711,
1550,E0140600015201,元気プラザ,北海道古平町大字浜町644,1,1,1,1,,,,,1,43.257800709093,140.63474647183,
1551,E0140600017201,福祉センター,北海道古平町大字浜町711,1,1,1,1,,,,,1,43.258136691754,140.63421539445,
1552,E0140600017202,パークゴルフ場,北海道古平町大字浜町711,1,1,1,1,1,,,,1,43.258789,140.63324,
1553,E0140600018202,ほほえみくらすグラウンド,北海道古平町大字浜町893-5,1,1,1,1,1,,,,1,43.260677,140.633453,
1554,E0140600018201,ほほえみくらす,北海道古平町大字浜町893-5,1,1,1,1,1,,,,1,43.260260544607,140.6354604361,
1555,E0140600029201,多目的運動広場,北海道古平町大字浜町932,1,1,1,1,1,,,,,43.264572,140.635895,
1556,E0140600023201,みどり公園,北海道古平町大字本町1,1,1,1,,,,,,,43.27876,140.638835,
1557,E0166200001201,トライベツ地区集会所周辺,北海道厚岸町トライベツ170,,,,,,1,,,,43.21453913,144.9254288,
1558,E0166200002201,トライベツ地区集会所,北海道厚岸町トライベツ170-1,1,1,,1,,,,,1,43.21432454,144.9254425,
1559,E0166200003201,森林センター（集会室兼休憩室）,北海道厚岸町愛冠5,,,1,,1,,,,,43.025402,144.841701,
1560,E0166200003202,緑のふるさと公園駐車場,北海道厚岸町愛冠5,,,1,,1,,,,,43.0254624,144.8412617,
1561,E0166200006203,道立少年自然の家（体育館）,北海道厚岸町愛冠6,,,1,,1,,,,,43.02427989,144.8424899,
1562,E0166200006201,愛冠駐車場,北海道厚岸町愛冠6,,,1,,1,,,,,43.01966758,144.8421483,
1563,E0166200006202,道立少年自然の家駐車場,北海道厚岸町愛冠6,,,1,,1,,,,,43.02486886,144.8413987,
1564,E0166200007201,宮園地区集会所,北海道厚岸町宮園1-2,1,1,,,,,,,1,43.05585804,144.8392038,
1565,E0166200008201,宮園丘陵地区集会所,北海道厚岸町宮園2-1,,,1,,1,,,,,43.0591193,144.8347081,
1566,E0166200010201,宝龍寺境内（庫裡）,北海道厚岸町宮園2-2,,,1,,1,,,,,43.05786908,144.8337413,
1567,E0166200011201,東岸寺境内（庫裡、本堂）,北海道厚岸町宮園2-3,,,1,,1,,,,,43.05754329,144.8346903,
1568,E0166200012201,高野寺境内（本堂）,北海道厚岸町宮園2-6,,,1,,1,,,,,43.05730878,144.8354932,
1569,E0166200013201,厚岸消防署付近,北海道厚岸町宮園2-60,,,1,,1,,,,,43.058330833996,144.83091513364,
1570,E0166200014201,真龍神社境内（広間）,北海道厚岸町宮園2-7,,,1,,1,,,,,43.05744757,144.8375454,
1571,E0166200015201,宮園公園,北海道厚岸町宮園3,,,,,,1,,,,43.06904375,144.826525,
1572,E0166200105201,しんりゅう保育所,北海道厚岸町宮園3-11,1,1,,1,,,,,1,43.064617,144.82663,
1573,E0166200017201,宮園鉄北地区集会所,北海道厚岸町宮園3-5,1,1,,1,,,,,1,43.0642859,144.8249507,
1574,E0166200018201,旧真龍中学校グランド,北海道厚岸町宮園3-6,,,,,,1,,,,43.0630901,144.8279221,
1575,E0166200019201,厚岸Ｂ＆Ｇ海洋センター,北海道厚岸町宮園3-7,1,1,,,,,,,1,43.06691209,144.8263033,
1576,E0166200020201,勤労者体育センター,北海道厚岸町宮園3-8,1,1,,,,,,,1,43.06589062,144.8264205,
1577,E0166200020203,しんりゅう保育所裏山,北海道厚岸町宮園3-8,,,,,1,,,,1,43.066132,144.826721,
1578,E0166200009201,宮園丘陵団地（道路・空き地）,北海道厚岸町宮園２－１外,,,1,,1,,,,,43.060754949428,144.836280182,
1579,E0166200021201,松葉地区集会所裏山,北海道厚岸町御供1-7,,,1,,1,,,,,43.03932462,144.8495284,
1580,E0166200022201,お供山展望台,北海道厚岸町御供51,,,1,,1,,,,,43.04135323,144.8524085,
1581,E0166200023201,光栄地区コミュニティセンター,北海道厚岸町光栄1,,1,,1,,,,,1,43.07653824,144.8130687,
1582,E0166200024201,港町１号公園,北海道厚岸町港町1-45,,,,,,1,,,,43.05450931,144.8489524,
1583,E0166200025202,厚岸町防災交流センター,北海道厚岸町港町2-1,1,1,1,1,1,1,,,1,43.053429,144.849884,
1584,E0166200027201,港町２号公園,北海道厚岸町港町3-37,,,,,,1,,,,43.05224293,144.852263,
1585,E0166200028201,住の江山の手地区集会所,北海道厚岸町山の手1-1,1,1,,1,,,,,1,43.05908546,144.8422379,
1586,E0166200030201,住の江山の手高台（道路・空き地）,北海道厚岸町山の手2-77,,,1,,1,,,,,43.062464342685,144.84525528941,
1587,E0166200029201,住の江山の手地区集会所付近（道路・空き地）,北海道厚岸町山の手１－６外,,,1,,1,,,,,43.059221511396,144.84225760185,
1588,E0166200031201,旧糸魚沢小学校グランド,北海道厚岸町糸魚沢322,,,,,,1,,,,43.10775852,144.9250452,
1589,E0166200032201,糸魚沢地区集会所,北海道厚岸町糸魚沢66,,1,,1,,,,,1,43.10417446,144.9310308,
1590,E0166200033201,若松地区集会所,北海道厚岸町若松103,,1,,1,,,,,1,43.15642842,144.9097632,
1591,E0166200034201,高知小中学校グランド,北海道厚岸町若松307,,,,,,1,,,,43.15616912,144.9103811,
1592,E0166200035201,湖南地区集会所,北海道厚岸町若竹4-1,1,1,,1,,,,,1,43.04475165,144.8486564,
1593,E0166200036201,若竹公園,北海道厚岸町若竹4-42,,,,,,1,,,,43.04395498,144.8489241,
1594,E0166200039201,住の江公園,北海道厚岸町住の江1-3,,,,,,1,,,,43.05725097,144.8472658,
1595,E0166200040201,住の江地区集会所,北海道厚岸町住の江2-1,1,,,,,,,,1,43.05789888,144.8453627,
1596,E0166200041202,味覚ターミナル駐車場,北海道厚岸町住の江2-2,,,1,,1,,,,,43.05787335,144.843454,
1597,E0166200041201,味覚ターミナル（１Ｆロビー）,北海道厚岸町住の江2-2,,,1,,1,,,,,43.05765419,144.844084,
1598,E0166200043201,住の江丘陵公園,北海道厚岸町住の江4-1,,,1,,1,,,,,43.06339349,144.8446019,
1599,E0166200044201,小島神社裏山,北海道厚岸町小島,,,1,,1,,,,,42.97385751,144.8798355,
1600,E0166200045201,旧小島小中学校,北海道厚岸町小島5-8,1,,,,,,,,1,42.97523178,144.8796072,
1601,E0166200045202,旧小島小中学校グランド,北海道厚岸町小島5-8,,,,,,1,,,1,42.97521352,144.8798583,
1602,E0166200046201,旧床潭小学校グランド,北海道厚岸町床潭128,,,,,,1,,,,43.00018483,144.8673417,
1603,E0166200047201,床潭漁村センター,北海道厚岸町床潭133-1,,,,1,,,,,1,43.00023073,144.8695979,
1604,E0166200049201,床潭中央高台町有地裏,北海道厚岸町床潭142-9,,,1,,1,,,,,43.000781776318,144.87134828741,
1605,E0166200052201,（有）高島食品裏山,北海道厚岸町床潭53-1,,,1,,1,,,,,43.00156455,144.8630453,
1606,E0166200050201,床潭神社,北海道厚岸町床潭３５０－２外,,,1,,1,,,,,42.99824073,144.8720579,
1607,E0166200051201,ピリカウタ広場（多目的広場）,北海道厚岸町床潭３５０－７外,,,1,,1,,,,,42.98941069,144.8781029,
1608,E0166200053201,松葉地区集会所,北海道厚岸町松葉3-1,,,,1,,,,,1,43.03949582,144.8493678,
1609,E0166200054201,上尾幌地区コミュニティセンター,北海道厚岸町上尾幌11,1,1,,1,,,,,1,43.03200389,144.6150551,
1610,E0166200054202,上尾幌地区コミュニティセンター　周辺,北海道厚岸町上尾幌11,,,,,,1,,,1,43.03212716,144.6150186,
1611,E0166200109201,きのこ菌床センター,北海道厚岸町上尾幌3,1,1,,1,,,,,,43.02795,144.614517,
1612,E0166200055201,旧上尾幌中学校グランド,北海道厚岸町上尾幌6,,,,,,1,,,,43.03326262,144.6179794,
1613,E0166200056201,真栄地区集会所,北海道厚岸町真栄1-1,,1,,,,,,,1,43.05487039,144.8437028,
1614,E0166200057202,真龍小学校グランド,北海道厚岸町真栄2-1,,,,,,1,,,1,43.05496054,144.8465208,
1615,E0166200057201,真龍小学校,北海道厚岸町真栄2-1,1,1,,1,,,,,1,43.05465921,144.8472193,
1616,E0166200058201,町民広場,北海道厚岸町真栄3-1,,,,,,1,,,,43.05146828,144.8488587,
1617,E0166200058202,役場庁舎駐車場,北海道厚岸町真栄3-1,,,,,,1,,,,43.05169657,144.8480186,
1618,E0166200059201,太田小学校体育館,北海道厚岸町太田４の通り32,,,1,,1,,,,,43.09467912,144.7840037,
1619,E0166200060201,太田中学校グランド,北海道厚岸町太田５の通り,,,,,,1,,,,43.09462613,144.7881117,
1620,E0166200061201,太田活性化施設,北海道厚岸町太田５の通り21-22,1,1,,1,,,,,1,43.09411934,144.7887235,
1621,E0166200062201,太田活性化施設とその周辺（開拓記念館含む）,北海道厚岸町太田５の通り23,,,1,,1,,,,,43.093864635229,144.78848095344,
1622,E0166200063201,太田中学校体育館,北海道厚岸町太田５の通り27,,,1,,1,,,,,43.0954271,144.7872305,
1623,E0166200064201,心和園裏山避難場所,北海道厚岸町太田宏陽1,,,1,,1,,,,,43.066493,144.808066,
1624,E0166200066202,公民館筑紫恋分館,北海道厚岸町筑紫恋32-3,1,,,1,,,,,1,43.01445097,144.8530504,
1625,E0166200066201,公民館筑紫恋分館周辺,北海道厚岸町筑紫恋32-3,,,,,,1,,,1,43.01446924,144.853443,
1626,E0166200065201,（独）水産総合研究センターの周辺,北海道厚岸町筑紫恋２外,,,1,,1,,,,,43.017219385396,144.84622879216,
1627,E0166200068201,海岸地域裏山,北海道厚岸町筑紫恋３３外,,,1,,1,,,,,43.01458691,144.8527576,
1628,E0166200069202,公民館苫多分館周辺,北海道厚岸町苫多206,,,,,,1,,,1,43.04154897,144.7657114,
1629,E0166200069201,公民館苫多分館,北海道厚岸町苫多206,1,,1,1,1,,,,1,43.04092347,144.7652412,
1630,E0166200070203,桜通り頂上横高台,北海道厚岸町梅香1-5,,,1,,1,,,,1,43.032641,144.853132,
1631,E0166200070202,厚岸中学校グランド,北海道厚岸町梅香1-5,,,,,,1,,,1,43.0341958,144.8501996,
1632,E0166200070201,厚岸中学校,北海道厚岸町梅香1-5,1,1,,1,,,,,1,43.03473455,144.8499576,
1633,E0166200072201,梅香児童公園,北海道厚岸町梅香1-6,,,,,,1,,,,43.03561255,144.8491694,
1634,E0166200073201,社会福祉センター,北海道厚岸町梅香2-1,1,,,1,,,,,1,43.03754835,144.8483406,
1635,E0166200074201,厚岸小学校,北海道厚岸町梅香2-3,1,,,1,,,,,1,43.0366267,144.848954,
1636,E0166200074202,厚岸小学校グランド,北海道厚岸町梅香2-3,,,,,,1,,,1,43.03628427,144.8497712,
1637,E0166200075201,白浜地区集会所,北海道厚岸町白浜1-1,1,1,,1,,,,,1,43.06006008,144.8208489,
1638,E0166200076201,真龍中学校,北海道厚岸町白浜1-5,1,1,,1,,,,,1,43.06056329,144.8216512,
1639,E0166200076202,真龍中学校グランド,北海道厚岸町白浜1-5,,,,,,1,,,1,43.06049937,144.8233497,
1640,E0166200077201,真龍墓地,北海道厚岸町白浜3-4,,,1,,1,,,,,43.0620297,144.818311,
1641,E0166200079201,尾幌酪農ふれあい館,北海道厚岸町尾幌124,1,1,1,1,1,1,,,1,43.01611559,144.7069639,
1642,E0166200079202,尾幌酪農ふれあい館多目的広場,北海道厚岸町尾幌124,,,,,,1,,,1,43.01558597,144.7067447,
1643,E0166200080201,片無去開拓パイロット地区集会所,北海道厚岸町片無去1,,1,,,,,,,1,43.09172319,144.7336791,
1644,E0166200080202,片無去開拓パイロット地区集会所周辺,北海道厚岸町片無去1,,,,,,1,,,1,43.09164101,144.7340809,
1645,E0166200081201,片無去地区集会所,北海道厚岸町片無去2,,1,,,,,,,1,43.07956857,144.6786357,
1646,E0166200082201,旧片無去小中学校グランド,北海道厚岸町片無去3,,,,,,1,,,,43.08040067,144.6775973,
1647,E0166200083202,多機能共生型地域交流センター,北海道厚岸町奔渡2-1,1,,,1,,,,,1,43.04047524,144.854804,
1648,E0166200083201,コアぽんときらく（屋上）,北海道厚岸町奔渡2-1,,,1,,1,,,,1,43.04050264,144.8548405,
1649,E0166200107201,奔渡４丁目小規模治山施設,北海道厚岸町奔渡4-109,,,,,1,,,,,43.037041,144.857254,
1650,E0166200084201,子野日公園,北海道厚岸町奔渡6,,,,,,1,,,,43.02942655,144.8602006,
1651,E0166200085201,奔渡漁村センター,北海道厚岸町奔渡6-1,1,1,,,,,,,1,43.03120079,144.8565364,
1652,E0166200086201,子野日公園高台,北海道厚岸町奔渡6-10,,,1,,1,,,,,43.0286994,144.860624,
1653,E0166200087201,奔渡公園,北海道厚岸町奔渡6-263,,,,,,1,,,,43.03101541,144.8562833,
1654,E0166200108201,湖南地区防災広場,北海道厚岸町奔渡6-266,,,,,1,,,,,43.029381,144.857269,
1655,E0166200104201,あっけし保育所,北海道厚岸町奔渡6-268,1,1,,1,,,,,1,43.028853,144.854862,
1656,E0166200088201,奔渡７丁目裏山,北海道厚岸町奔渡7-165,,,1,,1,,,,,43.0286867,144.8685902,
1657,E0166200089201,主要道道別海厚岸線付近,北海道厚岸町末広321,,,1,,1,,,,,42.9985082,144.8919949,
1658,E0166200090201,公民館末広分館周辺,北海道厚岸町末広85,,,,,,1,,,,42.99064265,144.8950554,
1659,E0166200091201,公民館末広分館,北海道厚岸町末広85-1,1,,,,,,,,1,42.99085267,144.8949869,
1660,E0166200092201,厚岸望洋台駐車場,北海道厚岸町門静1-1,,,1,,1,,,,,43.05882216,144.7949043,
1661,E0166200093201,門静偕楽園団地（道路・空き地）,北海道厚岸町門静1-412,,,1,,1,,,,,43.062121693156,144.79884190256,
1662,E0166200094201,門静地区集会所,北海道厚岸町門静2-1,,1,,1,,,,,1,43.0586712,144.7815794,
1663,E0166200095201,旧厚静小学校グランド,北海道厚岸町門静4-1,,,,,,1,,,,43.05498972,144.7767215,
1664,E0166200096201,門静神社裏山,北海道厚岸町門静4-9,,,1,,1,,,,,43.05749164,144.777706,
1665,E0166200097202,有明公住緑地,北海道厚岸町有明2-1,,,,,,1,,,1,43.02619043,144.8529643,
1666,E0166200097201,有明地区集会所,北海道厚岸町有明2-1,1,,,1,,,,,1,43.02765145,144.852494,
1667,E0166200098201,厚岸霊園駐車場,北海道厚岸町有明2-4,,,1,,1,,,,,43.02804308,144.8548086,
1668,E0166200099201,厚岸翔洋高等学校,北海道厚岸町湾月1-20,,,,1,,,,,1,43.03382413,144.8397767,
1669,E0166200100201,厚岸神社境内,北海道厚岸町湾月1-3,,,1,,1,,,,,43.03181296,144.8390654,
1670,E0166200102201,厚岸翔洋高校グランド,北海道厚岸町湾月2-335,,,,,,1,,,,43.03315176,144.8431403,
1671,E0166200103201,湾月児童公園,北海道厚岸町湾月2-50,,,,,,1,,,,43.03490598,144.8416909,
1672,E0158100001201,厚真町役場職員駐車場,北海道厚真町京町120,,1,,1,,1,,,,42.723204,141.877297,
1673,E0158100002204,厚真町青少年センター２階,北海道厚真町京町165-1,,1,,1,,,,1,,42.722952,141.876792,
1674,E0158100002203,厚真町総合ケアセンター　ゆくり２階,北海道厚真町京町165-1,,1,,1,,,,1,,42.722547541493,141.87766445214,
1675,E0158100002202,厚真町総合ケアセンター　ゆくり駐車場,北海道厚真町京町165-1,,1,,1,,1,,,,42.722630498658,141.87749509743,
1676,E0158100002201,厚真町総合福祉センター　駐車場,北海道厚真町京町165-1,,1,,1,,1,,,,42.723066,141.877962,
1677,E0158100004201,上厚真小学校グラウンド,北海道厚真町字厚和59-3,1,1,1,1,1,1,,,1,42.641944,141.856831,
1678,E0158100006201,高規格道路２４ＫＰ避難場所,北海道厚真町字鹿沼,,,,,1,,,,,42.603043,141.880671,
1679,E0158100008201,上厚真かえで公園,北海道厚真町字上厚真10-10,,1,,1,,1,,,,42.644753,141.848683,
1680,E0158100009201,厚南会館駐車場,北海道厚真町字上厚真219-6,,1,1,1,1,1,,,1,42.641863,141.847916,
1681,E0158100010201,高規格道路２２ＫＰ避難場所,北海道厚真町字浜厚真,,,,,1,,,,,42.60987,141.859803,
1682,E0158100012201,厚北地域防災コミュニティセンターならやま,北海道厚真町字富里373-1,1,1,,1,,1,,1,1,42.755388,141.923611,
1683,E0158100015201,幌内マナビィハウス駐車場,北海道厚真町字幌内607-1,,1,,1,,1,,,1,42.755783,141.978743,
1684,E0158100018201,スポーツセンター駐車場,北海道厚真町字本郷234-6,,1,,1,,1,,,1,42.731093,141.863515,
1685,E0158100022201,かしわ公園野球場,北海道厚真町字本郷283-37,,1,,1,,1,,,,42.729768,141.862807,
1686,E0158100020201,厚真中学校グラウンド,北海道厚真町新町464,1,1,,1,,1,,,1,42.717347,141.88714,
1687,E0158100021201,厚真中央小学校グラウンド,北海道厚真町新町92-1,1,1,,1,,1,,,1,42.722203,141.886116,
1688,E0136300002201,館地域振興センター,北海道厚沢部町館町171,1,,,,,1,1,,1,41.88988276,140.3278216,
1689,E0136300003201,館小学校,北海道厚沢部町館町187-1,1,1,,1,,1,1,,1,41.890422388933,140.32712386403,
1690,E0136300004201,上里ふれあい交流センター,北海道厚沢部町字上里92-1,1,1,,1,,1,1,,1,41.931384030874,140.23567153096,
1691,E0136300005201,新栄ふれあいセンター,北海道厚沢部町字新栄729-2,1,1,,1,,1,1,,1,41.899677640724,140.30369006911,
1692,E0136300006201,清水ふれあいセンター,北海道厚沢部町字清水60-1,1,1,,1,,1,1,,1,41.98673613,140.3124951,
1693,E0136300007201,相和ふれあいセンター,北海道厚沢部町字相生49-2,1,1,,1,,1,1,,1,41.942717325383,140.34185386442,
1694,E0136300008201,滝野寿の家,北海道厚沢部町字滝野493,1,1,,1,,1,1,,1,41.94300675,140.2467209,
1695,E0136300009201,当路ふれあいセンター,北海道厚沢部町字当路171-12,1,1,,1,,1,1,,1,41.901358262526,140.28456732983,
1696,E0136300011201,美和ふれあいセンター,北海道厚沢部町字美和241-2,1,1,,1,,1,1,,1,41.911073679011,140.17668680375,
1697,E0136300012201,富栄ふれあいセンター,北海道厚沢部町字富栄243-2,1,1,,1,,1,1,,1,41.920986278665,140.20219389519,
1698,E0136300013201,富里ふれあいセンター,北海道厚沢部町字富里94-1,1,1,,1,,1,1,,1,41.872028,140.368189,
1699,E0136300014201,木間内ふれあいセンター,北海道厚沢部町字木間内213,1,1,,1,,1,1,,1,41.934956728862,140.37003890243,
1700,E0136300015201,鶉ふれあいセンター,北海道厚沢部町字鶉469-1,1,1,,1,,1,1,,1,41.921264023652,140.28059662559,
1701,E0136300016201,厚沢部小学校,北海道厚沢部町新町104,1,,,,,1,1,,1,41.91949434,140.2253497,
1702,E0136300017201,保健福祉総合センター,北海道厚沢部町新町181-6,1,1,,1,,1,1,,1,41.92064137,140.2243754,
1703,E0136300018201,山村開発センター,北海道厚沢部町新町207,1,1,,1,,1,1,,1,41.92089119,140.2249818,
1704,E0136300019201,総合体育館,北海道厚沢部町新町234-1,1,1,,1,,1,1,,1,41.921308639795,140.226582684,
1705,E0136300020201,厚沢部中学校,北海道厚沢部町新町250,1,1,,1,,1,1,,1,41.92301239,140.2271253,
1706,E0136300029201,認定こども園,北海道厚沢部町赤沼町377-1,1,1,,1,,1,1,,1,41.927558,140.225206,
1707,E0136300021201,赤沼町ふれあいセンター,北海道厚沢部町赤沼町86-2,1,1,,1,,1,1,,1,41.92308359,140.2214561,
1708,E0136300022201,南館城丘ふれあいセンター,北海道厚沢部町南館町6-2,1,1,,1,,1,1,,1,41.882741268562,140.32908081609,
1709,E0136300023201,まちなか交流センター,北海道厚沢部町本町97,1,,,,,1,1,,1,41.91627222,140.2250054,
1710,E0136300024201,緑町コミュニティセンター,北海道厚沢部町緑町72-1,1,,,,,1,1,,1,41.9169392,140.2151934,
1711,E0136300025201,旧鶉小学校,北海道厚沢部町鶉町212-3,1,,,,,1,1,,1,41.934446,140.325105,
1712,E0136300026201,多目的研修センター,北海道厚沢部町鶉町225-4,1,1,,1,,1,1,,1,41.93510653,140.3239772,
1713,E0136300028201,旧鶉中学校,北海道厚沢部町鶉町369,1,1,,1,,1,1,,1,41.935759,140.324249,
1714,E0136300027201,うずら温泉宿泊施設,北海道厚沢部町鶉町853,1,1,,1,,1,1,,1,41.9313642,140.3124408,
1715,E0164200008201,広尾小学校グラウンド,北海道広尾町公園通南4-9,,,,1,1,,,,1,42.2998285584035,143.303507254175,
1716,E0164200009201,青少年研修センター前,北海道広尾町公園通北2-51,,,,1,1,,,,1,42.3001383127416,143.312986010316,
1717,E0164200012201,音調津避難施設前（スキー場跡地）,北海道広尾町字音調津153-1,,,,1,1,,,,1,42.2151101719978,143.316498890632,
1718,E0164200013201,道道音調津陣屋線駐車帯付近,北海道広尾町字音調津２２５地先,,,,1,1,,,,,42.22753375,143.3002928,
1719,E0164200014201,美幌地区高台,北海道広尾町字美幌基線４－５地先,,,,1,1,,,,,42.25485694,143.3072665,
1720,E0164200016201,フンべ地区高台,北海道広尾町字茂寄南５－１２－１地先,,,,1,1,,,,,42.26753755,143.3113864,
1721,E0164200017201,山フンベ集会所,北海道広尾町字茂寄南５線7,,,,1,1,,,,,42.272089,143.295342,
1722,E0164200015201,役場車両センター,北海道広尾町陣屋70,,,,1,1,,,,,42.285864,143.305836,
1723,E0164200045201,旧広尾保育所グラウンド,北海道広尾町西１条5-2,,,,1,1,,,,,42.285501,143.315754,
1724,E0164200030201,役場コミセン駐車場,北海道広尾町西三条7-2-1,,,,1,1,,,,1,42.28622715,143.312776,
1725,E0164200031201,旧広尾小学校グラウンド,北海道広尾町西四条9-2-1,,,,1,1,,,,,42.28714103,143.3085486,
1726,E0164200046201,老人福祉センター駐車場,北海道広尾町東１条11-18,,,,1,1,,,,,42.291431,143.315048,
1727,E0164200034201,コミュニティーグリーンパーク,北海道広尾町白樺通南1-1-1,,,,1,1,,,,,42.28980364,143.2970671,
1728,E0164200035201,広尾高校グラウンド,北海道広尾町並木通東1-10,,,,1,1,,,,1,42.296191402182,143.314868107562,
1729,E0164200047201,第２ふ頭避難階段空き地,北海道広尾町並木通東１丁目40,,,,1,1,,,,,42.295502,143.315918,
1730,E0164200048201,十勝港展望台,北海道広尾町並木通東３丁目57,,,,1,1,,,,,42.304268,143.319794,
1731,E0164200042201,豊似小学校グラウンド,北海道広尾町紋別１８線50,,,,1,1,,,,,42.3990827647775,143.304078313614,
1732,E0164200043201,農村環境改善センター前,北海道広尾町紋別１９線51-12,,,,1,1,,,,,42.3991184177364,143.301594588069,
1733,E0164200044201,旧野塚小学校グラウンド,北海道広尾町野塚９線40,,,,1,1,,,,,42.3541479079338,143.293435308247,
1734,E0163900002201,更別村福祉の里総合センター前広場,北海道更別村字更別190,,,,1,,1,,,1,42.645685605785,143.19404071011,
1735,E0163900003202,公住新栄団地公園,北海道更別村字更別632,,,,1,,1,,,,42.65476825703,143.18202441372,
1736,E0163900003201,公住花園団地公園,北海道更別村字更別632,,,,1,,1,,,,42.653371619374,143.18464224971,
1737,E0163900004201,更別農業高等学校グランド,北海道更別村字更別基線95,,,,1,,1,,,,42.656243766697,143.18559711612,
1738,E0163900005201,更別小学校グランド,北海道更別村字更別南１線101,,,,1,,1,,,1,42.654933957722,143.19497411885,
1739,E0163900006201,更別憩の家敷地,北海道更別村字更別南１線90,,,,1,,1,,,,42.650692492992,143.18334695341,
1740,E0163900007201,更別村社会福祉センター駐車場,北海道更別村字更別南１線93,,,,1,,1,,,1,42.650892161636,143.18780172898,
1741,E0163900007202,更別村役場駐車場,北海道更別村字更別南１線93,,,,1,,1,,,1,42.650134619927,143.18809140755,
1742,E0163900008201,更別運動広場,北海道更別村字更別南１線95,,,,1,,1,,,,42.651450027906,143.18962332251,
1743,E0163900009201,更別幼稚園広場,北海道更別村字更別南１線97,,,,1,,1,,,1,42.652708797307,143.19184129871,
1744,E0163900010201,更別神社境内広場,北海道更別村字更別南２線91,,,,1,,1,,,,42.647110020028,143.18993689247,
1745,E0163900012201,更別中央中学校グランド,北海道更別村字更別南３線90,,,,1,,1,,,1,42.643053661291,143.19075228401,
1746,E0163900013201,上更別小学校グランド,北海道更別村字上更別南１３線103,,,,1,,1,,,1,42.608271921734,143.25164389345,
1747,E0163900014201,上更別幼稚園広場,北海道更別村字上更別南１３線105,,,,1,,1,,,1,42.609568461104,143.25009477435,
1748,E0136100009201,江差町運動公園,北海道江差町字砂川２２５先,1,1,,1,1,,,,,41.84782724,140.1310117,
1749,E0136100012201,大円寺境内,北海道江差町字小黒部町191,,1,,1,1,,,,1,41.92948517,140.2071273,
1750,E0136100016201,江差中学校グラウンド,北海道江差町字陣屋町506,1,1,,1,1,,,,1,41.86041494,140.1293548,
1751,E0136100018201,江差北小中学校グラウンド,北海道江差町字水堀町147,,1,,1,1,,,,1,41.93531371,140.15166,
1752,E0136100019201,水堀コミュニティセンター前,北海道江差町字水堀町28,,1,,1,,,,,1,41.93447528,140.1476472,
1753,E0136100021201,真宗大谷派江差別院境内,北海道江差町字中歌町169,1,,,1,1,,,,1,41.87023042,140.131014,
1754,E0136100023201,江差町役場駐車場,北海道江差町字中歌町193-1,1,1,,1,,,,,1,41.86884652,140.1270599,
1755,E0136100027201,旧朝日小中学校グラウンド,北海道江差町字朝日町96,1,1,,1,1,,,,1,41.93981687,140.1945851,
1756,E0136100028201,旧日明小中学校グラウンド,北海道江差町字田沢町419,,,,1,,,,,1,41.89999729,140.1417135,
1757,E0136100029201,愛宕神社境内,北海道江差町字東山234,1,1,,1,1,,,,,41.87454575,140.1338707,
1758,E0136100030201,笹山稲荷神社遥拝所境内,北海道江差町字東山376,1,,,1,1,,,,,41.8733237,140.1373181,
1759,E0136100059201,檜山地域人材開発センター「まなびっく」グラウンド,北海道江差町字南が丘7-172,1,1,,1,1,,,,1,41.852581,140.132285,
1760,E0136100034201,南が丘小学校グラウンド,北海道江差町字南浜町370,1,,,1,1,,,,1,41.8516387,140.1280235,
1761,E0136100037201,観音寺境内,北海道江差町字泊町369,1,,,1,1,,,,1,41.88952681,140.1367647,
1762,E0136100039201,江差高等学校グラウンド,北海道江差町字伏木戸町460-1,1,1,,1,1,,,,1,41.91234638,140.1474394,
1763,E0136100042201,えぞだて公園,北海道江差町字豊川町56-4,,,,1,1,,,,,41.87233913,140.1388782,
1764,E0136100043201,あすなろ福祉会本部グラウンド,北海道江差町字豊川町62-2,1,1,,1,1,,,,1,41.87105456,140.1414035,
1765,E0136100044201,江差小学校グラウンド,北海道江差町字本町170,1,,,1,1,,,,1,41.86638699,140.1285306,
1766,E0136100045201,浄土真宗本願寺派本願寺江差別院境内,北海道江差町字本町212,1,,,1,1,,,,1,41.86717895,140.1294309,
1767,E0136100046201,正覚院境内,北海道江差町字本町271,1,,,1,1,,,,1,41.86514329,140.1300793,
1768,E0136100047201,法華寺境内,北海道江差町字本町71,1,1,,1,1,,,,1,41.86643533,140.1264848,
1769,E0136100048201,茂尻児童公園,北海道江差町字茂尻町160-3,1,1,,1,1,,,,,41.86205126,140.1263479,
1770,E0136100049201,江差町文化会館駐車場,北海道江差町字茂尻町71,1,1,,1,1,,,,1,41.86121525,140.1263198,
1771,E0136100052201,江差町パークゴルフ場,北海道江差町字柳崎町９７９先,,1,,1,,,,,,41.92599503,140.145397,
1772,E0136100053201,松の岱グラウンド,北海道江差町字緑丘197,1,1,,1,1,,,,,41.86593084,140.1312294,
1773,E0136100055201,阿弥陀寺境内,北海道江差町字緑丘46,1,1,,1,1,,,,1,41.86241939,140.1323773,
1774,E0136100056201,逆川公園,北海道江差町字鰔川町1216,1,1,,1,1,,,,,41.94889932,140.1662116,
1775,E0121700005201,からまつ公園,北海道江別市あけぼの町7,,,,1,,,,,,43.102147630171,141.57631012091,
1776,E0121700006201,やまぼうし公園,北海道江別市あさひが丘25-4,,,,1,,,,,,43.087553788374,141.54234547873,
1777,E0121700007201,上江別公園,北海道江別市ゆめみ野東町21-2,,,,1,,,,,,43.100862556517,141.56635575718,
1778,E0121700008201,上江別小学校,北海道江別市ゆめみ野南町9-3,,1,,,,,,,1,43.099549663903,141.56062018252,
1779,E0121700008202,上江別小学校グラウンド,北海道江別市ゆめみ野南町9-3,,,,1,,,,,1,43.10016461796,141.5611244378,
1780,E0121700009202,文化財整理室敷地,北海道江別市角山453,,,,1,,,,,1,43.113371732428,141.47158879113,
1781,E0121700009201,文化財整理室,北海道江別市角山453,,1,,,,,,,1,43.113810327354,141.47069293333,
1782,E0121700010201,総合社会福祉センター,北海道江別市錦町14-87,1,1,,,,,,,1,43.101910541544,141.53126822615,
1783,E0121700011201,ふれあいワークセンター,北海道江別市錦町3-5,1,1,,,,,,,1,43.102966163728,141.53058883713,
1784,E0121700012201,いきいき公園,北海道江別市見晴台100-7,,,,1,,,,,,43.115455456127,141.51624659026,
1785,E0121700013202,対雁小学校グラウンド,北海道江別市見晴台17-1,,,,1,,,,,1,43.111684571711,141.52409211931,
1786,E0121700013201,対雁小学校,北海道江別市見晴台17-1,1,1,,,,,,,1,43.11172373318,141.52298168478,
1787,E0121700014201,すぎのき公園,北海道江別市元江別835-4,,,,1,,,,,,43.11756356,141.5231478,
1788,E0121700015201,江別元町地区センター,北海道江別市元町1-2,,1,,,,,,,1,43.111267627368,141.53732829491,
1789,E0121700016201,元江別公園,北海道江別市元町35-1,,,,1,,,,,,43.10809419,141.5402141,
1790,E0121700017202,野幌高校グラウンド,北海道江別市元野幌740,,,,1,,,,,1,43.098418854961,141.50551586316,
1791,E0121700017201,野幌高校,北海道江別市元野幌740,1,1,,,,,,,1,43.097611948298,141.50410502122,
1792,E0121700018201,旧江別高校グラウンド,北海道江別市向ケ丘26,,,,1,,,,,,43.104181003105,141.53458450584,
1793,E0121700019201,中央小学校,北海道江別市向ケ丘54,1,1,,,,,,,1,43.105622305317,141.52984236032,
1794,E0121700019202,中央小学校グラウンド,北海道江別市向ケ丘54,,,,1,,,,,1,43.105802465707,141.53042171746,
1795,E0121700020201,江別工業会館,北海道江別市工栄町15-1,,1,,,,,,,1,43.121547876551,141.51601903357,
1796,E0121700021201,ほほじろ公園,北海道江別市幸町16,,,,1,,,,,,43.100429941566,141.53683689928,
1797,E0121700022201,市民会館,北海道江別市高砂町6,1,1,,,,,,,1,43.103568203313,141.53755980651,
1798,E0121700022202,市民会館緑地,北海道江別市高砂町6,,,,1,,,,,1,43.103117784905,141.53715211074,
1799,E0121700001201,中央公民館・コミュニティセンター,北海道江別市三条5-11-1,,1,,,,,,,1,43.112223379043,141.55691449056,
1800,E0121700004201,眞願寺,北海道江別市七条8-1,,1,,,,,,,1,43.111675881728,141.55117019988,
1801,E0121700023201,北光小学校,北海道江別市篠津805-3,,1,,,,,,,1,43.134349077341,141.54448110152,
1802,E0121700023202,北光小学校グラウンド,北海道江別市篠津805-3,,,,1,,,,,1,43.133591578669,141.54430675793,
1803,E0121700024202,江別高校グラウンド,北海道江別市上江別444-1,,,,1,,,,,1,43.097358979285,141.54826701746,
1804,E0121700024201,江別高校,北海道江別市上江別444-1,1,1,,,,,,,1,43.096935934843,141.54744626151,
1805,E0121700025202,江別第一中学校グラウンド,北海道江別市上江別西町40,,,,1,,,,,1,43.102603148675,141.54857367208,
1806,E0121700025201,江別第一中学校,北海道江別市上江別西町40,1,1,,,,,,,1,43.103202405301,141.54871314695,
1807,E0121700026201,上江別南町公園,北海道江別市上江別南町3-5,,,,1,,,,,,43.10494684,141.5562921,
1808,E0121700027201,中央中学校,北海道江別市新栄台57,1,1,,,,,,,1,43.105625425938,141.51727105055,
1809,E0121700027202,中央中学校グラウンド,北海道江別市新栄台57,,,,1,,,,,1,43.104990943852,141.51652539645,
1810,E0121700028201,野幌農村環境改善センター,北海道江別市西野幌157,1,1,,,,,,,1,43.063103473133,141.54578841943,
1811,E0121700029201,野幌小学校,北海道江別市西野幌252,1,1,,,,,,,1,43.049824552481,141.54842813441,
1812,E0121700029202,野幌小学校グラウンド,北海道江別市西野幌252,,,,1,,,,,1,43.049507023232,141.54772003124,
1813,E0121700030201,道立野幌総合運動公園（屋内）,北海道江別市西野幌481,1,1,,,,,,,1,43.069606284595,141.53098350291,
1814,E0121700030202,道立野幌総合運動公園（屋外）,北海道江別市西野幌481,,,,1,,,,,1,43.070727062445,141.5342236114,
1815,E0121700031201,北海道情報大学,北海道江別市西野幌59-2,,1,,,,,,,1,43.078163320835,141.53805292863,
1816,E0121700032202,立命館慶祥中学校・高等学校グラウンド,北海道江別市西野幌640-1,1,1,,1,,,,,1,43.018863,141.522114,
1817,E0121700032201,立命館慶祥中学校・高等学校,北海道江別市西野幌640-1,1,1,,1,,,,,1,43.020231,141.521456,
1818,E0121700033202,野幌中学校グラウンド,北海道江別市西野幌92-3,,,,1,,,,,1,43.077107819596,141.53915499559,
1819,E0121700033201,野幌中学校,北海道江別市西野幌92-3,1,1,,,,,,,1,43.076790431627,141.54006158224,
1820,E0121700034201,いずみ野小学校,北海道江別市対雁113-1,1,1,,,,,,,1,43.117794159838,141.52920772054,
1821,E0121700034202,いずみ野小学校グラウンド,北海道江別市対雁113-1,,,,1,,,,,1,43.117915548189,141.52776469209,
1822,E0121700035201,江別河川防災ステーション,北海道江別市大川通6,,1,,,,,,,1,43.11441553811,141.56255896175,
1823,E0121700036202,大麻東中学校グラウンド,北海道江別市大麻697-1,,,,1,,,,,1,43.08999916638,141.49790178245,
1824,E0121700036201,大麻東中学校,北海道江別市大麻697-1,1,1,,,,,,,1,43.08951730763,141.49733851856,
1825,E0121700037201,大麻高校,北海道江別市大麻ひかり町2,,1,,,,,,,1,43.066288375135,141.47804548874,
1826,E0121700037202,大麻高校グラウンド,北海道江別市大麻ひかり町2,,,,1,,,,,1,43.067125086947,141.47655149831,
1827,E0121700038201,青葉公園,北海道江別市大麻栄町15,,,,1,,,,,,43.086122764881,141.50376210322,
1828,E0121700039201,あかしや公園,北海道江別市大麻栄町35-1,,,,1,,,,,,43.088063697208,141.50805084545,
1829,E0121700040201,そのまち公園,北海道江別市大麻園町35,,,,1,,,,,,43.0822680864,141.49781480995,
1830,E0121700041202,大麻中学校グラウンド,北海道江別市大麻宮町1,,,,1,,,,,1,43.075721591751,141.48722196852,
1831,E0121700041201,大麻中学校,北海道江別市大麻宮町1,1,1,,,,,,,1,43.075133821659,141.48723269735,
1832,E0121700042201,大麻中央公園,北海道江別市大麻宮町10,,,,1,,,,,,43.07806675,141.4906979,
1833,E0121700043201,大麻小学校,北海道江別市大麻宮町2,1,1,,,,,,,1,43.076864750001,141.48942463357,
1834,E0121700043202,大麻小学校グラウンド,北海道江別市大麻宮町2,,,,1,,,,,1,43.077005811353,141.48852877576,
1835,E0121700044201,みやまち公園,北海道江別市大麻宮町9,,,,1,,,,,,43.07420769043,141.48862141607,
1836,E0121700045201,若葉公園,北海道江別市大麻新町10-12,,,,1,,,,,,43.083383656663,141.50694168424,
1837,E0121700046201,はるみ公園,北海道江別市大麻晴美町11,,,,1,,,,,,43.084876603107,141.50219473855,
1838,E0121700047201,にしまち公園,北海道江別市大麻西町2-2,,,,1,,,,,,43.06362746,141.4803066,
1839,E0121700048202,大麻西小学校グラウンド,北海道江別市大麻扇町1,,,,1,,,,,1,43.067135387081,141.48292115624,
1840,E0121700048201,大麻西小学校,北海道江別市大麻扇町1,1,1,,,,,,,1,43.067684044273,141.48350051339,
1841,E0121700049201,おうぎまち公園,北海道江別市大麻扇町18,,,,1,,,,,,43.06663336,141.4838405,
1842,E0121700050202,大麻泉小学校グラウンド,北海道江別市大麻泉町27,,,,1,,,,,1,43.083252317065,141.51195575389,
1843,E0121700050201,大麻泉小学校,北海道江別市大麻泉町27,1,1,,,,,,,1,43.083875270637,141.51149441393,
1844,E0121700051201,大麻西地区センター,北海道江別市大麻沢町26-2,1,1,,,,,,,1,43.069691357411,141.48446096565,
1845,E0121700052201,大麻西公園,北海道江別市大麻沢町27,,,,1,,,,,,43.07045602,141.4882311,
1846,E0121700053201,大麻体育館,北海道江別市大麻中町26-17,1,1,,,,,,,1,43.075541427607,141.49339086624,
1847,E0121700054201,大麻公民館・江別市民文化ホール,北海道江別市大麻中町26-7,1,1,,,,,,,1,43.074671523312,141.49428672405,
1848,E0121700055201,なかまち公園,北海道江別市大麻中町30,,,,1,,,,,,43.073760654732,141.49039772587,
1849,E0121700056201,なかよし公園,北海道江別市大麻中町31-1,,,,1,,,,,,43.07324977,141.4920961,
1850,E0121700057201,大麻東地区センター,北海道江別市大麻東町13-11,,1,,,,,,,1,43.079634555031,141.49844482682,
1851,E0121700058202,大麻東小学校グラウンド,北海道江別市大麻東町32,,,,1,,,,,1,43.079627091305,141.50107751637,
1852,E0121700058201,大麻東小学校,北海道江別市大麻東町32,1,1,,,,,,,1,43.079983646353,141.50161395817,
1853,E0121700059201,大麻東公園,北海道江別市大麻東町35,,,,1,,,,,,43.078953157414,141.50237570553,
1854,E0121700061201,北海道消防学校（屋内）,北海道江別市中央町16,1,1,,,,,,,1,43.102852512859,141.52142632611,
1855,E0121700061202,北海道消防学校（屋外）,北海道江別市中央町16,,,,1,,,,,1,43.102527419937,141.52254746976,
1856,E0121700062201,江別市区画整理記念会館,北海道江別市朝日町11-15,,1,,,,,,,1,43.105264860797,141.5757393928,
1857,E0121700063202,江別太小学校グラウンド,北海道江別市朝日町25-2,,,,1,,,,,1,43.107925215234,141.57843966292,
1858,E0121700063201,江別太小学校,北海道江別市朝日町25-2,,1,,,,,,,1,43.107455246793,141.57772083091,
1859,E0121700064201,東光児童センター,北海道江別市東光町27-7,,1,,,,,,,1,43.110840434497,141.56616909141,
1860,E0121700065201,泉の沼公園,北海道江別市東光町31-1,,,,1,,,,,,43.10858896,141.568014,
1861,E0121700066201,千古園,北海道江別市東野幌375-1,,,,1,,,,,,43.073799189156,141.54500690135,
1862,E0121700067201,旧下の月小学校グラウンド,北海道江別市東野幌742-4,,,,1,,,,,,43.081131772629,141.57768445041,
1863,E0121700068201,さくら公園,北海道江別市東野幌町28-1,,,,1,,,,,,43.09516211,141.53913,
1864,E0121700069201,東野幌体育館,北海道江別市東野幌町28-23,1,1,,,,,,,1,43.094104217731,141.54021706376,
1865,E0121700070202,東野幌小学校グラウンド,北海道江別市東野幌町48,,,,1,,,,,1,43.090690582719,141.54051985376,
1866,E0121700070201,東野幌小学校,北海道江別市東野幌町48,1,1,,,,,,,1,43.091003981212,141.54170002573,
1867,E0121700071201,もみじ公園,北海道江別市東野幌本町31,,,,1,,,,,,43.086460441385,141.53154916637,
1868,E0121700072201,野幌鉄南地区センター,北海道江別市東野幌本町62-1,1,1,,,,,,,1,43.085125378227,141.53433970088,
1869,E0121700073202,八幡自治会館グラウンド,北海道江別市八幡104-3,,,,1,,,,,1,43.159875728633,141.48448069415,
1870,E0121700073201,八幡自治会館,北海道江別市八幡104-3,,1,,,,,,,1,43.159582248193,141.484491423,
1871,E0121700074202,江別市都市と農村の交流センター（屋外）,北海道江別市美原1445,,,,1,,,,,1,43.133774737956,141.54826279366,
1872,E0121700074201,江別市都市と農村の交流センター（屋内）,北海道江別市美原1445,,1,,,,,,,1,43.134514978388,141.54870072185,
1873,E0121700075201,札幌学院大学,北海道江別市文京台11,,1,,,,,,,1,43.066169982529,141.49435663804,
1874,E0121700075202,札幌学院大学グラウンド,北海道江別市文京台11,,,,1,,,,,1,43.065770237188,141.49583185299,
1875,E0121700076202,北翔大学グラウンド,北海道江別市文京台23,,,,1,,,,,1,43.065349775341,141.48966689674,
1876,E0121700076201,北翔大学,北海道江別市文京台23,,1,,,,,,,1,43.064632573717,141.49149079888,
1877,E0121700077201,札幌学院大学第２キャンパスグラウンド,北海道江別市文京台63,,,,1,,,,,,43.060752992302,141.49008299575,
1878,E0121700079201,文京台地区センター,北海道江別市文京台7-4,,1,,,,,,,1,43.064904377019,141.49586380685,
1879,E0121700078201,文京台小学校,北海道江別市文京台70,1,1,,,,,,,1,43.061556478007,141.49422108196,
1880,E0121700078202,文京台小学校グラウンド,北海道江別市文京台70,,,,1,,,,,1,43.061527,141.493774,
1881,E0121700080201,はんのき公園,北海道江別市文京台東町8-1,,,,1,,,,,,43.069298227832,141.49525909106,
1882,E0121700081201,ならのき公園,北海道江別市文京台南町51-5,,,,1,,,,,,43.062192216437,141.50538823807,
1883,E0121700082202,とわの森三愛高校グラウンド,北海道江別市文京台緑町569,,,,1,,,,,1,43.071812480097,141.5024706788,
1884,E0121700082201,とわの森三愛高校,北海道江別市文京台緑町569,,1,,,,,,,1,43.070687803327,141.50231511067,
1885,E0121700083201,とわの森三愛高校第２校舎,北海道江別市文京台緑町582,,1,,,,,,,1,43.074529393949,141.51431950882,
1886,E0121700083204,酪農学園大学グラウンド,北海道江別市文京台緑町582,,,,1,,,,,1,43.073716294675,141.51384475782,
1887,E0121700083203,酪農学園大学,北海道江別市文京台緑町582,,1,,,,,,,1,43.07420219626,141.50977852895,
1888,E0121700083202,とわの森三愛高校酪農経営科グラウンド,北海道江別市文京台緑町582,,,,1,,,,,1,43.075587386489,141.51460918739,
1889,E0121700085201,江陽中学校,北海道江別市萌えぎ野中央10-2,,1,,,,,,,1,43.108996225512,141.57961555489,
1890,E0121700085202,江陽中学校グラウンド,北海道江別市萌えぎ野中央10-2,,,,1,,,,,1,43.109611084683,141.57890208729,
1891,E0121700086201,江別太公園,北海道江別市萌えぎ野東1-1,,,,1,,,,,,43.10659513,141.5816595,
1892,E0121700087201,豊幌研修センター,北海道江別市豊幌353-9,,1,,,,,,,1,43.125419282712,141.63802462944,
1893,E0121700088202,豊幌小学校グラウンド,北海道江別市豊幌419,,,,1,,,,,1,43.131829822149,141.63150539362,
1894,E0121700088201,豊幌小学校,北海道江別市豊幌419,,1,,,,,,,1,43.132366155458,141.63129618132,
1895,E0121700089201,豊幌地区センター,北海道江別市豊幌686-10,,1,,,,,,,1,43.134599053512,141.63057119515,
1896,E0121700090201,豊幌公園,北海道江別市豊幌花園町23-8,,,,1,,,,,,43.13077591,141.6208167,
1897,E0121700091201,江別第三中学校,北海道江別市牧場町21,1,1,,,,,,,1,43.113783906289,141.53578236038,
1898,E0121700091202,江別第三中学校グラウンド,北海道江別市牧場町21,,,,1,,,,,1,43.114191170366,141.5351654523,
1899,E0121700092201,とちのき公園,北海道江別市野幌若葉町32,,,,1,,,,,,43.083583246656,141.52734163399,
1900,E0121700093202,野幌若葉小学校グラウンド,北海道江別市野幌若葉町5-3,,,,1,,,,,1,43.085690130105,141.5234087229,
1901,E0121700093201,野幌若葉小学校,北海道江別市野幌若葉町5-3,1,1,,,,,,,1,43.085180812557,141.52399880889,
1902,E0121700094201,ななかまど公園,北海道江別市野幌若葉町57,,,,1,,,,,,43.082258895988,141.52219002188,
1903,E0121700095201,湯川公園,北海道江別市野幌寿町19-1,,,,1,,,,,,43.099887833618,141.5151215889,
1904,E0121700096201,ゆりのき公園,北海道江別市野幌住吉町29-13,,,,1,,,,,,43.09164236,141.5111002,
1905,E0121700097201,よつば保育園,北海道江別市野幌住吉町37-7,,1,,,,,,,1,43.090658853533,141.5097178916,
1906,E0121700098201,のぎく公園・生協野幌店駐車場,北海道江別市野幌松並町9-7,,,,1,,,,,,43.089611496067,141.52066980898,
1907,E0121700099202,江別第二小学校グラウンド,北海道江別市野幌代々木町39,,,,1,,,,,,43.097275682057,141.51790908192,
1908,E0121700099201,江別第二小学校,北海道江別市野幌代々木町39,1,1,,,,,,,,43.096891807998,141.51922336433,
1909,E0121700100202,江別第二中学校グラウンド,北海道江別市野幌代々木町53,,,,1,,,,,,43.0961301983,141.52309187047,
1910,E0121700100201,江別第二中学校,北海道江別市野幌代々木町53,1,1,,,,,,,,43.095695393858,141.52205117336,
1911,E0121700101201,野幌公民館,北海道江別市野幌町13-6,1,1,,,,,,,1,43.094313446988,141.5234419737,
1912,E0121700102201,野幌中央緑地　集いの広場,北海道江別市野幌町33-18,,,,1,,,,,,43.095265068329,141.53273819783,
1913,E0121700103201,旭公園,北海道江別市野幌町44,,,,1,,,,,,43.093523675879,141.52816180956,
1914,E0121700104201,天徳寺,北海道江別市野幌町49,,1,,,,,,,1,43.093457323448,141.52712815288,
1915,E0121700105201,若草公園,北海道江別市野幌町6,,,,1,,,,,,43.097066121121,141.52661322611,
1916,E0121700106201,市民体育館,北海道江別市野幌町9,1,1,,,,,,,1,43.096262455795,141.52619192197,
1917,E0121700107201,むつみ公園,北海道江別市野幌東町39,,,,1,,,,,,43.09146839354,141.5356307801,
1918,E0121700108201,東野幌青少年会館,北海道江別市野幌東町62-3,1,1,,,,,,,1,43.088403005448,141.53573999152,
1919,E0121700109201,野幌屯田町公園,北海道江別市野幌屯田町22-11,,,,1,,,,,,43.095560535498,141.50950882228,
1920,E0121700110201,杜の台記念会館,北海道江別市野幌屯田町23-6,,1,,,,,,,1,43.096875556386,141.50980002997,
1921,E0121700111201,えんじゅ公園,北海道江別市野幌末広町22-8,,,,1,,,,,,43.09010903,141.5153882,
1922,E0121700112201,野幌末広町公園,北海道江別市野幌末広町3-1,,,,1,,,,,,43.09231856,141.5181978,
1923,E0121700113201,みづほ公園,北海道江別市弥生町22,,,,1,,,,,,43.107076898279,141.54552927531,
1924,E0121700114201,弥生公園,北海道江別市弥生町9,,,,1,,,,,,43.106785946139,141.54139711212,
1925,E0121700115201,緑ケ丘緑地,北海道江別市緑ケ丘14-1,,,,1,,,,,,43.08338142712,141.53853451981,
1926,E0121700116201,あかげら公園,北海道江別市緑ケ丘35-1,,,,1,,,,,,43.080535856359,141.53440371425,
1927,E0121700117201,野幌南緑地,北海道江別市緑ケ丘57-1,,,,1,,,,,,43.081060226632,141.54215389375,
1928,E0121700118201,勤労者研修センター,北海道江別市緑町西1-103,,1,,,,,,,1,43.112509131239,141.5472614697,
1929,E0121700119201,江別第一小学校,北海道江別市緑町西1-37,,1,,,,,,,1,43.11411441,141.5491829,
1930,E0121700119202,江別第一小学校グラウンド,北海道江別市緑町西1-37,,,,1,,,,,1,43.11458825,141.5478203,
1931,E0121700120201,青年センター,北海道江別市緑町西2-11,,1,,,,,,,1,43.113606685328,141.54537486165,
1932,E0121700121201,飛烏山公園,北海道江別市緑町西2-11-1,,,,1,,,,,,43.114910280974,141.54339434198,
1933,E0121700122201,光雲寺,北海道江別市緑町西2-2,,1,,,,,,,1,43.115787872446,141.54657380908,
1934,E0121700002201,選教寺,北海道江別市六条5-1,,1,,,,,,,1,43.113626656986,141.55398574727,
1935,E0121700003201,ＪＡ道央江別支店,北海道江別市六条8-1,,1,,,,,,,1,43.111576019857,141.55265077925,
1936,E0139300035201,黒松内中学校,北海道黒松内町字旭野48-1,1,1,,1,,1,1,,1,42.673170414623,140.29943248866,
1937,E0139300035202,黒松内中学校グラウンド,北海道黒松内町字旭野48-1,1,1,,1,,1,1,,1,42.672288839945,140.29941199629,
1938,E0139300032201,歌才地区集会所,北海道黒松内町字歌才,1,1,,1,,,,,,42.632447,140.345318,
1939,E0139300034201,黒松内町総合体育館,北海道黒松内町字黒松内,,1,,1,,,,,,42.661949,140.30874,
1940,E0139300003201,認定こども園　黒松内保育園,北海道黒松内町字黒松内303,1,1,,1,,1,1,,1,42.666917989106,140.3071930491,
1941,E0139300038202,黒松内小学校グラウンド,北海道黒松内町字黒松内357-1,1,1,,1,,1,1,,1,42.66420071019,140.30755496821,
1942,E0139300038201,黒松内小学校,北海道黒松内町字黒松内357-1,1,1,,1,,1,1,,1,42.664228322813,140.30840791069,
1943,E0139300005201,総合町民センター,北海道黒松内町字黒松内392-2,1,1,,1,,1,1,,1,42.665234202879,140.30758179031,
1944,E0139300040201,健康増進施設（多目的広場）,北海道黒松内町字黒松内497-1,1,1,,1,,1,1,,,42.656315382639,140.30304492334,
1945,E0139300007201,黒松内町営野球場,北海道黒松内町字黒松内498-2,1,1,,1,,1,1,,,42.655632234077,140.30575856744,
1946,E0139300008201,黒松内温泉ぶなの森,北海道黒松内町字黒松内544-1,1,1,,1,,1,1,,1,42.657115675125,140.3094971642,
1947,E0139300002201,特別養護老人ホーム　緑ヶ丘ハイツ,北海道黒松内町字黒松内561-1,1,1,,1,,1,1,,1,42.660172547057,140.31036878458,
1948,E0139300010201,黒松内つくし園グラウンド,北海道黒松内町字黒松内561-5,1,1,,1,,1,1,,,42.660425473418,140.30817791998,
1949,E0139300006202,児童養護施設　黒松内つくし園,北海道黒松内町字黒松内562-1,1,1,,1,,1,1,,1,42.66135601088,140.30843759409,
1950,E0139300001203,黒松内町デイ・サービスセンター,北海道黒松内町字黒松内562-4,1,1,,1,,1,1,,1,42.660898407539,140.3098108851,
1951,E0139300001204,養護老人ホーム　緑ヶ丘老人ホーム,北海道黒松内町字黒松内562-4,1,1,,1,,1,1,,1,42.660393462014,140.30940318934,
1952,E0139300039201,障害者支援施設　後志リハビリセンター,北海道黒松内町字黒松内563-6,1,1,,1,,1,1,,1,42.659036400595,140.30916715494,
1953,E0139300014201,余市養護学校しりべし学園分校,北海道黒松内町字黒松内564,1,1,,1,,1,1,,1,42.659818510166,140.3116893201,
1954,E0139300037201,老人保健施設　湯の里・黒松内,北海道黒松内町字黒松内565-11,1,1,,1,,1,1,,1,42.65764774895,140.31305099359,
1955,E0139300004204,福祉型障害児入所施設　しりべし学園,北海道黒松内町字黒松内565-2,1,1,,1,,1,1,,1,42.659004840675,140.31236434808,
1956,E0139300004203,障害者支援施設　しりべし学園成人寮,北海道黒松内町字黒松内565-2,1,1,,1,,1,1,,1,42.658752360736,140.31279350153,
1957,E0139300017201,環境学習センター,北海道黒松内町字黒松内584-3,1,1,,1,,1,1,,1,42.655285116728,140.31029109807,
1958,E0139300030201,大成振興会館,北海道黒松内町字大成,,,,1,,,,,,42.635837,140.442897,
1959,E0139300018201,大成地区生涯学習館グラウンド,北海道黒松内町字大成137-1,1,1,,1,,1,1,,,42.635654726288,140.44211527939,
1960,E0139300020202,中ノ川地区生涯学習館グラウンド,北海道黒松内町字中ノ川297-1,1,1,,1,,1,1,,1,42.699181220197,140.27699406658,
1961,E0139300020201,中ノ川地区生涯学習館,北海道黒松内町字中ノ川297-1,1,1,,1,,1,1,,1,42.699432517375,140.27674636481,
1962,E0139300021202,作開地区生涯学習館グラウンド,北海道黒松内町字南作開76-1,,1,,1,,1,,,1,42.741814133191,140.30004066195,
1963,E0139300021201,作開地区生涯学習館,北海道黒松内町字南作開76-1,,1,,,,1,,,1,42.742095823469,140.30022841658,
1964,E0139300022202,熱郛地区生涯学習館グラウンド,北海道黒松内町字熱郛34-3,,1,,1,,1,,,,42.690288428005,140.30380317927,
1965,E0139300033201,白い川地区コミュニティセンター,北海道黒松内町字白井川,,1,,1,,,,,,42.672639,140.379094,
1966,E0139300023201,白井川小学校,北海道黒松内町字白井川16-35,1,1,,1,,1,1,,1,42.66890818812,140.38868656094,
1967,E0139300023202,白井川小学校グラウンド,北海道黒松内町字白井川16-35,1,1,,1,,1,1,,1,42.668710969673,140.38842906888,
1968,E0139300024202,白井川中学校グラウンド,北海道黒松内町字白井川17-9,1,1,,1,,1,1,,,42.670519966501,140.38218598421,
1969,E0139300025201,トワ・ヴェールⅡ,北海道黒松内町字白井川8-10,1,1,,1,,1,1,,1,42.672716117434,140.38004184594,
1970,E0139300031201,豊幌振興会館,北海道黒松内町字豊幌,,,,1,,,,,,42.640778,140.363264,
1971,E0139300028202,豊幌地区生涯学習館グラウンド,北海道黒松内町字豊幌437,1,1,,1,,1,1,,,42.641167594975,140.36490405621,
1972,E0139300029201,作開保健福祉館,北海道黒松内町字北作開85-1,1,1,,,,1,1,,1,42.748750493949,140.29644788975,
1973,E0137000001201,花石交流センター,北海道今金町字花石9-1,1,1,,1,,,1,,1,42.43770263,140.1597712,
1974,E0137000002201,旧金原小学校,北海道今金町字金原79-1,1,1,,1,,1,1,,1,42.391526272571,139.98048484537,
1975,E0137000003201,今金小学校,北海道今金町字今金108-1,1,,,1,,1,1,,1,42.42923546,140.0188404,
1976,E0137000004201,総合福祉施設　（保健センター）,北海道今金町字今金17-2,,,,1,,1,1,,1,42.42938421,140.0074925,
1977,E0137000005201,西部百年館,北海道今金町字今金281-13,,1,,1,,1,1,,1,42.42622612,140.003552,
1978,E0137000006201,南栄会館,北海道今金町字今金412,,1,,1,,1,,,1,42.42417683,140.0150137,
1979,E0137000007201,総合体育館,北海道今金町字今金435,,1,,,,1,,,1,42.42680765,140.0166844,
1980,E0137000008201,あったからんど,北海道今金町字今金435-270,,1,,1,,1,,,1,42.42424809,140.0195417,
1981,E0137000009201,老人福祉センター,北海道今金町字今金435-57,,1,,1,,1,,,1,42.42664906,140.0159312,
1982,E0137000010201,今金中学校,北海道今金町字今金445-6,,1,,,,1,,,1,42.42340202,140.0227709,
1983,E0137000011201,今金町民センター,北海道今金町字今金68,1,1,,,,1,1,,1,42.42954156,140.0115086,
1984,E0137000012201,種川構造改善センター,北海道今金町字種川284-2,1,1,,1,,,1,,1,42.42022093,140.0702851,
1985,E0137000013201,種川小学校,北海道今金町字種川369,1,1,,1,,1,1,,1,42.42112804,140.0694609,
1986,E0137000014201,住吉生活改善センター,北海道今金町字住吉270-4,1,1,,,,1,1,,1,42.41159758,140.1050635,
1987,E0137000015201,旧神丘小学校,北海道今金町字神丘819-2,1,1,,,,1,1,,1,42.43690749,139.9796545,
1988,E0137000016201,神丘構造改善センター,北海道今金町字神丘820-1,1,1,,1,,1,1,,1,42.43506593,139.9796601,
1989,E0137000017201,中里交流センター,北海道今金町字中里27-1,1,1,,1,,1,1,,1,42.39093752,140.1247534,
1990,E0137000018201,八束交流センター,北海道今金町字田代457-14,1,,,,,1,1,,1,42.3921889,140.0278804,
1991,E0137000019201,日進寿の家,北海道今金町字日進261-5,1,1,,,,1,1,,1,42.31846632,140.0000643,
1992,E0137000020201,白石寿の家,北海道今金町字白石55-2,1,1,,,,1,1,,1,42.37554627,140.0399856,
1993,E0137000021201,美利河交流センター,北海道今金町字美利河230-3,1,1,,1,,1,1,,1,42.478575221454,140.20124897116,
1994,E0137000022201,豊田交流センター,北海道今金町字豊田107-2,,1,,1,,1,,,1,42.40539091,139.9462678,
1995,E0137000023201,鈴岡会館,北海道今金町字鈴岡82-2,1,1,,,,1,1,,1,42.45129184,139.9896983,
1996,E0137000024201,金原基幹集落センター,北海道今金町字鈴金197-7,,1,,1,,1,1,,1,42.40695618,139.9850593,
1997,E0122300001201,旧花咲小学校グラウンド,北海道根室市栄町1-1,,1,1,1,1,,,,,43.336730680345,145.58994930201,
1998,E0122300002201,珸瑤瑁（北）,北海道根室市温根元,,1,1,1,1,,,,,43.380956715566,145.78556645752,
1999,E0122300003201,旧温根元小学校グラウンド,北海道根室市温根元118,,1,1,1,1,,,,,43.386003184475,145.77157038726,
2000,E0122300004201,花咲港小学校グラウンド,北海道根室市花咲港209,,1,1,1,1,,,,1,43.287724611758,145.59022139644,
2001,E0122300063201,花咲港消防分遣所,北海道根室市花咲港209-3,,1,1,1,1,,,,,43.289664,145.589561,
2002,E0122300005201,金刀比羅神社高台,北海道根室市琴平町1-4,,1,1,1,1,,,,,43.343635763309,145.58743419305,
2003,E0122300006201,花咲小学校グラウンド,北海道根室市駒場町2-12,,1,1,1,1,,,,1,43.338342293968,145.59432594018,
2004,E0122300008201,成央小学校グラウンド,北海道根室市光洋町1-25,,1,1,1,1,,,,1,43.329225530671,145.5945137461,
2005,E0122300009201,光洋中学校グラウンド,北海道根室市光洋町2-12,,1,1,1,1,,,,1,43.324170244748,145.60080536594,
2006,E0122300010201,光和公園,北海道根室市光和町3,,1,1,1,1,,,,,43.3247580673205,145.581306253266,
2007,E0122300011201,厚床会館駐車場,北海道根室市厚床1-128-5,,1,1,1,1,,,,,43.231753156611,145.2581405104,
2008,E0122300012201,厚床小中学校グラウンド,北海道根室市厚床1-218-1,,1,1,1,1,,,,1,43.233245472288,145.25892045535,
2009,E0122300013201,旧厚床小学校グラウンド,北海道根室市厚床2-193,,1,1,1,1,,,,,43.228611125556,145.24766973386,
2010,E0122300014201,昆布盛会館駐車場,北海道根室市昆布盛,,1,1,1,1,,,,,43.226671141378,145.54578580085,
2011,E0122300015201,旧昆布盛小学校グラウンド,北海道根室市昆布盛168-8,,1,1,1,1,,,,1,43.220108724946,145.54749455197,
2012,E0122300016201,新和会館駐車場,北海道根室市歯舞1-15,,1,1,,,,,,,43.33741836088,145.72495540173,
2013,E0122300017201,旧下内牧場・宮下牧場交差点,北海道根室市歯舞2,,1,1,1,1,,,,,43.349770781446,145.72417389467,
2014,E0122300018201,中澤牧場向かい,北海道根室市歯舞3,,1,1,1,1,,,,,43.349752643238,145.74766639931,
2015,E0122300019201,法泉寺駐車場,北海道根室市歯舞3-150,,1,1,1,1,,,,,43.35026616162,145.76816462223,
2016,E0122300020201,歯舞学園３階,北海道根室市歯舞3-178,,,,,1,,,,,43.346046804141,145.75060762181,
2017,E0122300021201,歯舞会館（あさひ）駐車場,北海道根室市歯舞3-35,,1,1,,,,,,,43.343343781314,145.75372170062,
2018,E0122300022201,初田牛会館駐車場,北海道根室市初田牛511,,1,1,1,1,,,,,43.205901071926,145.32435540532,
2019,E0122300023201,総合文化会館駐車場,北海道根室市曙町1-40,,1,1,1,1,,,,1,43.331871640104,145.59157654162,
2020,E0122300024201,昭和公園,北海道根室市昭和町2-115,,1,1,1,1,,,,1,43.32322083256,145.5931644226,
2021,E0122300025201,まつもと保育所駐車場,北海道根室市松本町1-14-2,,1,1,1,1,,,,,43.327486411072,145.57369695426,
2022,E0122300062201,根室市役所,北海道根室市常盤町2-27,,1,1,1,1,,,,,43.329849,145.58313,
2023,E0122300026201,ときわ台公園,北海道根室市清隆町,,1,1,1,1,,,,,43.329680598663,145.58140653711,
2024,E0122300027201,柏陵中学校グラウンド,北海道根室市西浜町4-1,,1,1,1,1,,,,1,43.31815682285,145.56816110019,
2025,E0122300028201,第二老人福祉センター駐車場,北海道根室市西浜町4-46,,1,1,1,1,,,,,43.317138154478,145.56339213257,
2026,E0122300030201,青果市場駐車場,北海道根室市西浜町7-137,,1,1,1,1,,,,,43.323132649073,145.56805139774,
2027,E0122300031201,海星学校グラウンド,北海道根室市西和田219,,1,1,1,1,,,,1,43.279724962651,145.51858299268,
2028,E0122300032201,西和田会館前,北海道根室市西和田789,,1,1,1,1,,,,,43.267359986086,145.54043310608,
2029,E0122300033201,吉田牧場,北海道根室市双沖1-222,,1,1,1,1,,,,,43.34289313781,145.69106971414,
2030,E0122300034201,鳴海公園,北海道根室市朝日町,,1,1,1,1,,,,,43.336013017132,145.58505740211,
2031,E0122300035201,個人干場（小林）,北海道根室市長節116,,,1,1,1,,,,,43.254940078815,145.54826680591,
2032,E0122300037201,東梅会館前,北海道根室市東梅213,,1,1,1,1,,,,,43.269344533765,145.47838746356,
2033,E0122300038201,根室市農業会館駐車場,北海道根室市東和田724-5,,1,1,1,1,,,,,43.288085486401,145.55436649951,
2034,E0122300039201,納沙布会館前,北海道根室市納沙布33,,1,1,,,,,,,43.384781981518,145.81206502665,
2035,E0122300040201,個人干場（東后）,北海道根室市浜松,,,1,1,1,,,,,43.203090646876,145.52532277675,
2036,E0122300041201,旧柏陵中学校グラウンド,北海道根室市敷島町1-10,,,1,1,1,,,,,43.323854665992,145.57531019535,
2037,E0122300042201,別当賀夢原館グラウンド,北海道根室市別当賀253,,1,1,1,1,,,,1,43.219502095865,145.42549528576,
2038,E0122300044201,豊里会館前,北海道根室市豊里15,,1,1,1,1,,,,,43.381504090181,145.71870941201,
2039,E0122300045201,北斗小学校グラウンド,北海道根室市北斗町3-5,,1,1,1,1,,,,1,43.328529005249,145.57918637769,
2040,E0122300046201,明治公園,北海道根室市牧の内,,1,1,1,1,,,,,43.334686585422,145.59869115625,
2041,E0122300047201,根室高等学校グラウンド,北海道根室市牧の内146,,1,1,1,1,,,,1,43.331085075958,145.60649703595,
2042,E0122300048201,青少年センター駐車場,北海道根室市牧の内146-16,,1,1,1,1,,,,,43.331752328097,145.60808490369,
2043,E0122300050201,図書館駐車場,北海道根室市弥生町2-5,,1,1,1,1,,,,,43.331373514741,145.57834565172,
2044,E0122300051201,根室ゴルフ場駐車場,北海道根室市友知93,,1,1,1,1,,,,,43.32882167584,145.66942801429,
2045,E0122300053201,落石灯台高台,北海道根室市落石西,,,1,1,1,,,,,43.174100885573,145.50590982394,
2046,E0122300054201,落石会館（ふるさと館）駐車場,北海道根室市落石東133-3,,1,1,1,1,,,,1,43.1964879485802,145.521143033335,
2047,E0122300055201,おちいし義務教育学校グラウンド,北海道根室市落石東135-2,,1,1,1,1,,,,1,43.195359076325,145.52155525415,
2048,E0122300056201,旧落石中学校グラウンド,北海道根室市落石東180,,1,1,1,1,,,,,43.193045596257,145.5195261792,
2049,E0122300057201,旧珸瑤瑁小学校屋上,北海道根室市珸瑤琩1-122,,,,,1,,,,,43.367499455967,145.80101234797,
2050,E0122300058201,珸瑤瑁第一町会会館駐車場,北海道根室市珸瑤琩1-26,,1,1,,,,,,,43.362695432176,145.78792247958,
2051,E0122300059201,珸瑤瑁第二会館駐車場,北海道根室市珸瑤琩1-57,,1,1,,,,,,,43.36570749879,145.79344583635,
2052,E0155200001201,旧栄小学校グラウンド,北海道佐呂間町字栄3-1,,,,1,,,,,1,43.95965259,143.6624319,
2053,E0155200002201,町民センター駐車場,北海道佐呂間町字永代町166-1,,,,1,,,,,1,44.0164031,143.7776044,
2054,E0155200006201,佐呂間小学校グラウンド,北海道佐呂間町字幸町1-1,1,,,1,,,,,1,44.01979252,143.7704207,
2055,E0155200007201,佐呂間町交通公園,北海道佐呂間町字幸町21-2,,,,1,,,,,,44.01903019,143.77815,
2056,E0155200008201,佐呂間町１００年多目的広場,北海道佐呂間町字幸町57-1,1,,,1,,,,,,44.02116916,143.7702182,
2057,E0155200009201,佐呂間中学校グラウンド,北海道佐呂間町字幸町9-1,1,,,1,,,,,1,44.01968926,143.7752568,
2058,E0155200010201,若佐コミュニティセンター駐車場,北海道佐呂間町字若佐185-1,,,,1,,,,,1,43.98519047,143.7085511,
2059,E0155200012201,旧若里小学校グラウンド,北海道佐呂間町字若里498-29,1,,,1,1,,,,1,44.05671073,143.7496185,
2060,E0155200013201,仁倉公民館駐車場,北海道佐呂間町字仁倉427-2,,,,1,,,,,1,44.0473129,143.9073681,
2061,E0155200016201,佐呂間町総合グラウンド,北海道佐呂間町字西富230-1,1,,,1,,,,,,44.00516761,143.7562781,
2062,E0155200021201,旧知来小学校グラウンド,北海道佐呂間町字知来489-2,,,,1,,,,,,44.03056224,143.8466592,
2063,E0155200022201,若佐小学校グラウンド,北海道佐呂間町字中園38-1,1,,,1,,,,,1,43.97960964,143.6946866,
2064,E0155200025201,浜佐呂間小学校グラウンド,北海道佐呂間町字浜佐呂間167,1,,,1,1,,,,,44.08183859,143.9475913,
2065,E0155200026201,浜佐呂間活性化センター駐車場,北海道佐呂間町字浜佐呂間310-5,1,,,1,,,,,1,44.07954937,143.9434132,
2066,E0155200029201,富武士公民館駐車場,北海道佐呂間町字富武士490-3,1,,,1,1,,,,1,44.06790974,143.7925611,
2067,E0155200030201,富武士漁村環境改善センターグラウンド,北海道佐呂間町字富武士54-5,1,,,1,,,,,1,44.09000291,143.8060696,
2068,E0155200033201,佐呂間高校グラウンド,北海道佐呂間町字北311-1,1,,,1,,,,,1,44.02389941,143.7693501,
2069,E0155200035201,旧幌岩小学校グラウンド,北海道佐呂間町字幌岩86-2,1,,,1,,,,,,44.09316279,143.8931808,
2070,E0122600001201,砂川学園　グラウンド,北海道砂川市吉野二条南5-1-1,1,1,,1,,1,1,,1,43.48373865,141.9180712,
2071,E0122600003201,旧空知太小学校　グラウンド,北海道砂川市空知太西五条6-3-1,,,,1,,1,,,1,43.54339678,141.9184065,
2072,E0122600002201,北地区コミュニティセンター駐車場,北海道砂川市空知太西四条4-107-2,1,1,,,,,1,,1,43.5391805052478,141.916027277153,
2073,E0122600005201,旧中央小学校　グラウンド,北海道砂川市晴見一条北7-69-9,,,,1,,1,,,1,43.4972137,141.9179581,
2074,E0122600006201,旧砂川小学校　グラウンド,北海道砂川市西三条南8-1-1,1,1,,1,,1,1,,1,43.48298283,141.9012718,
2075,E0122600007201,海洋センター　横公園及び　駐車場,北海道砂川市西三条北9-1-1,,,,1,,1,,,1,43.50096167,141.9077978,
2076,E0122600008201,公民館駐車場,北海道砂川市西八条北3-1-1,,,,1,,1,,,1,43.49499879,141.9028483,
2077,E0122600010201,旧豊沼小学校　グラウンド,北海道砂川市東五条南17-227,1,1,,1,,1,1,,1,43.46673177,141.9050879,
2078,E0122600009201,地域交流センターゆう　駐車場,北海道砂川市東三条北2-3-3,1,1,,1,,1,1,,1,43.49296941,141.9103374,
2079,E0122600011201,総合体育館　前公園,北海道砂川市日の出一条南9-2-2,1,1,,1,,1,1,,1,43.47894855,141.9117636,
2080,E0122600012201,旧北光小学校　グラウンド,北海道砂川市北光222-1,1,1,,1,,1,1,,1,43.51416129,141.9198026,
2081,E0122600014201,北海道子どもの国駐車場,北海道砂川市北光401-1,1,1,,1,,1,1,,,43.52054,141.93061,
2082,E0110000001202,もみじ台中学校,北海道札幌市厚別区もみじ台西1-1-1,1,1,,1,,1,,,1,43.03806002377,141.48471007692,
2083,E0110000002202,もみじの森小学校,北海道札幌市厚別区もみじ台西3-4-1,1,1,,1,,1,,,1,43.031737202971,141.48628989429,
2084,E0110000003201,熊の沢公園,北海道札幌市厚別区もみじ台西6,,,,,,1,,,,43.029200723126,141.49060815161,
2085,E0110000005202,もみじの丘小学校,北海道札幌市厚別区もみじ台東4-5-1,1,1,,1,,1,,,1,43.02982536585,141.4976460203,
2086,E0110000010202,厚別西小学校,北海道札幌市厚別区厚別西三条1-3-1,1,,,1,,1,,,1,43.048157547332,141.45774773239,
2087,E0110000011202,厚別通小学校,北海道札幌市厚別区厚別西四条3-10-30,1,,,1,,1,,,1,43.052445430084,141.46183455449,
2088,E0110000018202,信濃中学校,北海道札幌市厚別区厚別中央三条2-3-1,1,1,,1,,1,,,1,43.036467762677,141.45968962194,
2089,E0110000023202,信濃小学校,北海道札幌市厚別区厚別中央四条3-6-1,1,1,,1,,1,,,1,43.041991093873,141.46344534195,
2090,E0110000016202,ひばりが丘小学校,北海道札幌市厚別区厚別中央二条4-3-1,1,1,,1,,1,,,1,43.036495447985,141.46612253977,
2091,E0110000017201,厚別区体育館,北海道札幌市厚別区厚別中央二条5-1-20,1,1,,1,,,,,1,43.037306690408,141.470521277,
2092,E0110000025201,野幌森林公園,北海道札幌市厚別区厚別町小野幌53,,,,,,1,,,,43.054659096516,141.49661316234,
2093,E0110000026202,厚別北中学校,北海道札幌市厚別区厚別町小野幌774-5,,,,1,,1,,,1,43.058987280163,141.47004959084,
2094,E0110000029202,厚別中学校,北海道札幌市厚別区厚別東三条5-1-1,1,1,,1,,1,,,1,43.047081700897,141.48743731577,
2095,E0110000031202,厚別東小学校,北海道札幌市厚別区厚別東四条8-1-1,1,1,,1,,1,,,1,43.055043571638,141.48657803278,
2096,E0110000028202,小野幌小学校,北海道札幌市厚別区厚別東二条4-5-1,1,1,,1,,1,,,1,43.044018323992,141.4850520555,
2097,E0110000034202,共栄小学校,北海道札幌市厚別区厚別南2-21-22,1,1,,1,,1,,,1,43.029714846745,141.47061955466,
2098,E0110000035202,新札幌わかば小学校,北海道札幌市厚別区厚別南7-9-1,1,1,,1,,1,,,1,43.022515949029,141.4791421085,
2099,E0110000036202,厚別北小学校,北海道札幌市厚別区厚別北二条3-3-1,1,1,,1,,1,,,1,43.05500083396,141.4756025329,
2100,E0110000039201,厚別公園,北海道札幌市厚別区上野幌三条1,,,,,,1,,,,43.019537579014,141.46316378897,
2101,E0110000037202,上野幌中学校,北海道札幌市厚別区上野幌二条3-10-1,1,1,,1,,1,,,1,43.015589826612,141.47180797896,
2102,E0110000038202,ノホロの丘小学校,北海道札幌市厚別区上野幌二条4-5-1,1,1,,1,,1,,,1,43.01410227474,141.47537232565,
2103,E0110000040202,青葉中学校,北海道札幌市厚別区青葉町10-1-1,1,1,,1,,1,,,1,43.024687160909,141.48017486932,
2104,E0110000042201,青葉中央公園,北海道札幌市厚別区青葉町5,,,,,,1,,,,43.029310522841,141.47387116736,
2105,E0110000044201,北星学園大学,北海道札幌市厚別区大谷地西2-3-1,,,,,,1,,,1,43.025718401692,141.44911974256,
2106,E0110000046202,大谷地東小学校,北海道札幌市厚別区大谷地東5-8-1,1,1,,1,,1,,,1,43.023764224328,141.45819811384,
2107,E0110000047202,厚別南中学校,北海道札幌市厚別区大谷地東7-1-1,,,,1,,1,,,1,43.028792036465,141.46003794987,
2108,E0110000051201,稲穂中学校,北海道札幌市手稲区稲穂四条2-88-1,,,,,,1,,,1,43.119811057423,141.22725251364,
2109,E0110000052202,稲穂小学校,北海道札幌市手稲区稲穂四条5-189-1,,,,1,,1,,,1,43.123285108863,141.21868065402,
2110,E0110000055202,手稲西小学校,北海道札幌市手稲区金山三条2-8-60,1,1,,1,,1,,,1,43.123383624325,141.20284613732,
2111,E0110000056202,手稲西中学校,北海道札幌市手稲区金山三条2-8-7,1,1,,1,,1,,,1,43.123590769593,141.20389662726,
2112,E0110000057202,手稲北小学校,北海道札幌市手稲区手稲山口653-2,1,1,,1,,1,,,1,43.142028219976,141.20831962989,
2113,E0110000061202,手稲中央小学校,北海道札幌市手稲区手稲本町三条2-6-1,1,1,,1,,1,,,1,43.115582161847,141.24067544754,
2114,E0110000065201,札幌運転免許試験場,北海道札幌市手稲区曙五条4,,,,,,1,,,,43.135420566901,141.22869084166,
2115,E0110000066201,稲陵中学校,北海道札幌市手稲区曙七条2-6-50,1,,,1,,1,,,1,43.139154754683,141.23665190522,
2116,E0110000063202,手稲山口小学校,北海道札幌市手稲区曙十一条2-7-1,1,,,1,,1,,,1,43.145805353435,141.23576890601,
2117,E0110000064201,手稲区体育館,北海道札幌市手稲区曙二条1-2-46,1,1,,1,,,,,1,43.126571516341,141.23923297824,
2118,E0110000068202,新陵東小学校,北海道札幌市手稲区新発寒五条4-2-1,1,,,1,,1,,,1,43.11413194348,141.27266097813,
2119,E0110000070202,新陵中学校,北海道札幌市手稲区新発寒五条4-4-1,1,,,1,,1,,,1,43.115274076239,141.27406882485,
2120,E0110000067202,新発寒小学校,北海道札幌市手稲区新発寒二条2-1115-307,1,,,1,,1,,,1,43.107161095933,141.27063619984,
2121,E0110000071202,新陵小学校,北海道札幌市手稲区新発寒六条6-3-1,1,,,1,,1,,,1,43.11971619245,141.27253260614,
2122,E0110000074202,星置中学校,北海道札幌市手稲区星置三条5-13-1,1,1,,1,,1,,,1,43.139902887383,141.20386309675,
2123,E0110000072202,星置東小学校,北海道札幌市手稲区星置二条1-6-1,1,1,,1,,1,,,1,43.135123344345,141.21705816201,
2124,E0110000075202,西宮の沢小学校,北海道札幌市手稲区西宮の沢二条4-15-1,1,1,,1,,1,,,1,43.106025757626,141.25997916767,
2125,E0110000084201,前田森林公園,北海道札幌市手稲区前田591-4,,,,,,1,,,,43.144470698504,141.25639506635,
2126,E0110000079201,手稲稲積公園,北海道札幌市手稲区前田一条5,,,,,,1,,,,43.115945922064,141.25983384249,
2127,E0110000085202,稲積小学校,北海道札幌市手稲区前田五条7-1-1,1,1,,1,,1,,,1,43.120839638713,141.25930285886,
2128,E0110000083202,稲積中学校,北海道札幌市手稲区前田四条5-2-1,1,1,,1,,1,,,1,43.117312282706,141.26223382542,
2129,E0110000087202,前田中学校,北海道札幌市手稲区前田七条13-1-1,1,,,1,,1,,,1,43.130565494519,141.25124430109,
2130,E0110000088202,北海道科学大学,北海道札幌市手稲区前田七条15,1,,,1,,1,,,1,43.134470702281,141.24849393517,
2131,E0110000076202,前田北中学校,北海道札幌市手稲区前田十条15-8-1,1,,,1,,1,,,1,43.138698154307,141.2522555716,
2132,E0110000077202,前田北小学校,北海道札幌市手稲区前田十条18-4-1,1,,,1,,1,,,1,43.143358804402,141.24776367974,
2133,E0110000080202,手稲鉄北小学校,北海道札幌市手稲区前田二条12-1-2,1,1,,1,,1,,,1,43.124352611355,141.24570690679,
2134,E0110000089202,前田中央小学校,北海道札幌市手稲区前田八条12-2-1,1,,,1,,1,,,1,43.13141827389,141.25639603819,
2135,E0110000086202,前田小学校,北海道札幌市手稲区前田六条11-3-1,1,,,1,,1,,,1,43.127348013577,141.25357709753,
2136,E0110000090202,富丘小学校,北海道札幌市手稲区富丘一条6-4-1,1,1,,1,,1,,,1,43.11450171173,141.25225495083,
2137,E0110000091202,手稲中学校,北海道札幌市手稲区富丘三条5-2-1,1,1,,1,,1,,,1,43.107924045966,141.24794397389,
2138,E0110000098201,北海学園清田グラウンド,北海道札幌市清田区清田355,,,,,,1,,,,42.984540190107,141.42173661663,
2139,E0110000095202,清田小学校,北海道札幌市清田区清田一条4-3-30,1,1,,1,,1,,,1,43.001223960387,141.44028127093,
2140,E0110000101202,清田南小学校,北海道札幌市清田区清田五条2-18-1,1,1,,1,,1,,,1,42.99660646076,141.43031120024,
2141,E0110000099201,清田中学校,北海道札幌市清田区清田三条3-7-1,,,,,,1,,,1,42.997577689263,141.43428558859,
2142,E0110000104202,清田緑小学校,北海道札幌市清田区清田七条3-12-10,1,1,,1,,1,,,1,42.987766616424,141.43433413379,
2143,E0110000106202,真栄小学校,北海道札幌市清田区美しが丘一条1-1-10,1,1,,1,,1,,,1,42.98975351593,141.44805541577,
2144,E0110000107202,真栄中学校,北海道札幌市清田区美しが丘一条1-2-10,1,1,,1,,1,,,1,42.988966753183,141.44862078551,
2145,E0110000110202,美しが丘緑小学校,北海道札幌市清田区美しが丘四条5-8-1,1,1,,1,,1,,,1,42.977806698832,141.45237889803,
2146,E0110000109202,美しが丘小学校,北海道札幌市清田区美しが丘二条5-1-1,1,1,,1,,1,,,1,42.983936384117,141.45394694916,
2147,E0110000111201,清田区体育館,北海道札幌市清田区平岡一条5-4-1,1,1,,1,,,,,1,42.991258975356,141.45219790112,
2148,E0110000119202,平岡小学校,北海道札幌市清田区平岡九条2-5-1,1,1,,1,,1,,,1,43.015240360698,141.45876686489,
2149,E0110000116202,平岡中央小学校,北海道札幌市清田区平岡五条3-9-1,1,1,,1,,1,,,1,43.006012714896,141.45695839177,
2150,E0110000117202,平岡中央中学校,北海道札幌市清田区平岡五条4-7-1,1,1,,1,,1,,,1,43.004164209986,141.45763041389,
2151,E0110000120201,平岡公園,北海道札幌市清田区平岡公園,,,,,,1,,,,43.008440917603,141.46851408813,
2152,E0110000121202,平岡公園小学校,北海道札幌市清田区平岡公園東5-9-1,,1,,1,,1,,,1,43.004459466894,141.47423770341,
2153,E0110000122202,平岡緑中学校,北海道札幌市清田区平岡公園東9-11-1,,,,1,,1,,,1,43.000901155487,141.47592324854,
2154,E0110000113202,平岡中学校,北海道札幌市清田区平岡二条5-4-10,1,1,,1,,1,,,1,42.993572863868,141.45510706007,
2155,E0110000114202,平岡南小学校,北海道札幌市清田区平岡二条6-2-1,1,1,,1,,1,,,1,42.992648731235,141.45696806927,
2156,E0110000126202,北野小学校,北海道札幌市清田区北野三条2-10-1,1,1,,1,,1,,,1,43.015030372027,141.4332637518,
2157,E0110000129202,北野台中学校,北海道札幌市清田区北野四条4-13-1,1,1,,1,,1,,,1,43.012791953478,141.44320152699,
2158,E0110000130202,北野台小学校,北海道札幌市清田区北野四条5-4-80,1,1,,1,,1,,,1,43.011933876099,141.4470824005,
2159,E0110000124202,北野平小学校,北海道札幌市清田区北野二条3-7-1,1,1,,1,,1,,,1,43.009727119093,141.43492250656,
2160,E0110000125202,北野中学校,北海道札幌市清田区北野二条3-7-30,1,1,,1,,1,,,1,43.008673278655,141.43657239669,
2161,E0110000132202,有明小学校,北海道札幌市清田区有明141-2,1,1,,1,,1,,,1,42.950245989786,141.45111178874,
2162,E0110000134201,里塚霊園,北海道札幌市清田区里塚468,,,,,,1,,,,42.970759173597,141.46143641868,
2163,E0110000133202,三里塚小学校,北海道札幌市清田区里塚二条6-7-1,,1,,1,,1,,,1,42.980736885966,141.46856366738,
2164,E0110000138202,手稲宮丘小学校,北海道札幌市西区宮の沢三条2-1-1,,1,,1,,1,,,1,43.0846891715,141.26630813122,
2165,E0110000140201,琴似小学校,北海道札幌市西区琴似二条7-1-30,1,1,,1,,,,,1,43.075117658003,141.29923372295,
2166,E0110000143202,山の手南小学校,北海道札幌市西区山の手一条9-6-1,1,1,,1,,1,,,1,43.063382033067,141.29585668794,
2167,E0110000147202,山の手小学校,北海道札幌市西区山の手五条6-1-1,1,1,,1,,1,,,1,43.070289534587,141.29099353336,
2168,E0110000146202,琴似中学校,北海道札幌市西区山の手四条2-1-1,1,1,,1,,1,,,1,43.071508691362,141.29657735361,
2169,E0110000154201,宮丘公園,北海道札幌市西区西野290,,,,,,1,,,,43.083022225351,141.26616685886,
2170,E0110000153202,西園小学校,北海道札幌市西区西野一条7-4-1,1,1,,1,,1,,,1,43.081218117252,141.27685214379,
2171,E0110000156201,宮の丘中学校,北海道札幌市西区西野三条10-9-1,,,,,,1,,,1,43.081653829837,141.26814787209,
2172,E0110000160202,手稲東小学校,北海道札幌市西区西野四条3-7-1,1,1,,1,,1,,,1,43.071610420516,141.2787511494,
2173,E0110000155202,手稲東中学校,北海道札幌市西区西野二条5-3-1,1,1,,1,,1,,,1,43.077790126082,141.28029645063,
2174,E0110000163202,西野小学校,北海道札幌市西区西野八条4-4-1,1,1,,1,,1,,,1,43.063389639526,141.26952813287,
2175,E0110000164202,西野第二小学校,北海道札幌市西区西野八条7-1-1,1,1,,1,,1,,,1,43.067614374608,141.26306766097,
2176,E0110000165202,西野中学校,北海道札幌市西区西野八条7-5-1,1,1,,1,,1,,,1,43.066255016082,141.26180945468,
2177,E0110000166202,陵北中学校,北海道札幌市西区二十四軒二条3-1-23,1,,,1,,1,,,1,43.072389303719,141.31407166839,
2178,E0110000167202,二十四軒小学校,北海道札幌市西区二十四軒二条3-1-37,1,,,1,,1,,,1,43.072960840156,141.3130542603,
2179,E0110000172202,八軒西小学校,北海道札幌市西区八軒三条西5-1-1,1,,,1,,1,,,1,43.088477358985,141.30635849265,
2180,E0110000174201,八軒小学校,北海道札幌市西区八軒四条西1-1-8,1,,,1,,1,,,1,43.085814433898,141.3121310825,
2181,E0110000175201,農試公園,北海道札幌市西区八軒四条西6,,,,,,1,,,,43.091234871788,141.30493761818,
2182,E0110000178202,琴似中央小学校,北海道札幌市西区八軒七条東1-1-1,1,,,1,,1,,,1,43.08677683847,141.31793415174,
2183,E0110000171202,八軒東中学校,北海道札幌市西区八軒二条東3-1-20,1,,,1,,1,,,1,43.079977034605,141.31556224469,
2184,E0110000179202,八軒北小学校,北海道札幌市西区八軒八条西6-1-1,1,,,1,,1,,,1,43.093476983956,141.30956448342,
2185,E0110000180202,八軒中学校,北海道札幌市西区八軒八条西8-1-1,1,,,1,,1,,,1,43.095200910504,141.30611245317,
2186,E0110000188202,発寒中学校,北海道札幌市西区発寒五条7-1-1,1,,,1,,1,,,1,43.085857835655,141.28634912582,
2187,E0110000189202,発寒西小学校,北海道札幌市西区発寒五条7-1-2,1,1,,1,,1,,,1,43.085761640815,141.28512037756,
2188,E0110000190201,西区体育館,北海道札幌市西区発寒五条8-9-1,1,1,,1,,,,,1,43.087510693204,141.28244894088,
2189,E0110000191202,西小学校,北海道札幌市西区発寒七条13-2-1,1,1,,1,,1,,,1,43.096295848148,141.27305151311,
2190,E0110000184202,発寒東小学校,北海道札幌市西区発寒十五条2-2-1,1,,,1,,1,,,1,43.102151748319,141.29698523683,
2191,E0110000185202,西陵中学校,北海道札幌市西区発寒十五条2-5-1,1,,,1,,1,,,1,43.103166484381,141.29704882799,
2192,E0110000183201,鉄興公園,北海道札幌市西区発寒十三条11-3-1,,,,,,1,,,1,43.102381,141.28772,
2193,E0110000182202,発寒小学校,北海道札幌市西区発寒十条4-1-62,1,,,1,,1,,,1,43.091408293673,141.29282860685,
2194,E0110000186202,発寒南小学校,北海道札幌市西区発寒二条4-1-1,1,1,,1,,1,,,1,43.081761265931,141.29340515294,
2195,E0110000192202,福井野小学校,北海道札幌市西区福井6-11-1,1,1,,1,,1,,,1,43.05523758817,141.26604811701,
2196,E0110000193201,福井野中学校,北海道札幌市西区福井6-12-10,1,1,,1,,1,,,1,43.055938549565,141.26446547293,
2197,E0110000194202,平和小学校,北海道札幌市西区平和三条8-2-1,1,1,,1,,1,,,1,43.054263483781,141.25051487194,
2198,E0110000198201,旭山記念公園,北海道札幌市中央区界川4,,,,,,1,,,,43.039298915508,141.31351332045,
2199,E0110000199201,円山公園,北海道札幌市中央区宮が丘,,,,,,1,,,,43.056274350848,141.31143714764,
2200,E0110000202202,宮の森中学校,北海道札幌市中央区宮の森一条16-5-1,,,,,,1,,,1,43.046498456779,141.29534369263,
2201,E0110000205202,大倉山小学校,北海道札幌市中央区宮の森三条13-6-20,1,1,,1,,1,,,1,43.051362087317,141.29720278683,
2202,E0110000207202,三角山小学校,北海道札幌市中央区宮の森四条11-4-1,1,1,,1,,1,,,1,43.057207756212,141.29567611706,
2203,E0110000208202,宮の森小学校,北海道札幌市中央区宮の森四条6-1-2,1,1,,1,,1,,,1,43.063973992446,141.30262974325,
2204,E0110000210202,中央小学校,北海道札幌市中央区大通東6-12-1,1,,,1,,1,,,1,43.062858,141.3661,
2205,E0110000211201,中島公園,北海道札幌市中央区中島公園,,,,,,1,,,,43.043713182617,141.35479070637,
2206,E0110000247202,啓明中学校,北海道札幌市中央区南九条西22-2-1,1,1,,1,,1,,,1,43.044389046647,141.32272452009,
2207,E0110000241202,資生館小学校,北海道札幌市中央区南三条西7-1-1,1,,,1,,1,,,1,43.055665050127,141.34762907255,
2208,E0110000223202,山鼻小学校,北海道札幌市中央区南十四条西10-1-1,1,1,,1,,1,,,1,43.041375805113,141.34470471923,
2209,E0110000213202,幌西小学校,北海道札幌市中央区南十条西17-1-1,1,1,,1,,1,,,1,43.045849720924,141.33142164986,
2210,E0110000214202,緑丘小学校,北海道札幌市中央区南十条西22-3-1,1,1,,1,,1,,,1,43.043086513682,141.3234365954,
2211,E0110000221201,中島中学校,北海道札幌市中央区南十二条西7-2-1,1,,,1,,,,,1,43.043788583835,141.34944152561,
2212,E0110000228202,伏見小学校,北海道札幌市中央区南十八条西15-1-1,1,1,,1,,1,,,1,43.034849894693,141.33622205145,
2213,E0110000226202,伏見中学校,北海道札幌市中央区南十六条西17-1-35,1,1,,1,,1,,,1,43.03764941192,141.33294174131,
2214,E0110000231202,幌南小学校,北海道札幌市中央区南二十一条西5-1-1,,,,1,,1,,,1,43.032247797153,141.35396899264,
2215,E0110000232201,柏中学校,北海道札幌市中央区南二十一条西5-1-2,,,,1,,,,,1,43.03140119126,141.35329963426,
2216,E0110000236201,山鼻南小学校,北海道札幌市中央区南二十九条西12-1-1,,,,,,1,,,1,43.021418839671,141.34494235814,
2217,E0110000234202,山鼻中学校,北海道札幌市中央区南二十三条西13-1-1,1,1,,1,,1,,,1,43.028837389357,141.34060135232,
2218,E0110000238201,二条小学校,北海道札幌市中央区南二条西15-291-98,1,,,1,,1,,,1,43.054720040252,141.33542832019,
2219,E0110000248201,盤渓小学校,北海道札幌市中央区盤渓226-4,,,,,,1,,,1,43.031871621027,141.27908242166,
2220,E0110000254201,円山小学校,北海道札幌市中央区北一条西25-1-8,1,1,,1,,,,,1,43.05774985183,141.3192737116,
2221,E0110000258202,向陵中学校,北海道札幌市中央区北四条西28-1-30,1,1,,1,,1,,,1,43.060464256921,141.31387879937,
2222,E0110000259202,中央中学校,北海道札幌市中央区北四条東3,1,,,1,,1,,,1,43.067695546978,141.35968558022,
2223,E0110000260201,北ガスアリーナ札幌４６（中央体育館）,北海道札幌市中央区北四条東6,1,,,1,,,,,1,43.0678010710335,141.363427245513,
2224,E0110000262202,桑園小学校,北海道札幌市中央区北八条西17-1,1,,,1,,1,,,1,43.06788626,141.3281301,
2225,E0110000263202,日新小学校,北海道札幌市中央区北八条西25-2-1,1,,,1,,1,,,1,43.066850571871,141.31752647931,
2226,E0110000264201,札幌市スポーツ交流施設（つどーむ）,北海道札幌市東区栄町885,,,,,,1,,,,43.115759778954,141.37517326229,
2227,E0110000266201,札幌市農業体験交流施設（さとらんど）,北海道札幌市東区丘珠町584-2,,,,,,1,,,,43.119506627202,141.41560661313,
2228,E0110000267202,丘珠小学校,北海道札幌市東区丘珠町593-3,1,,,1,,1,,,1,43.121393162746,141.40396231196,
2229,E0110000268202,丘珠中学校,北海道札幌市東区丘珠町674-15,1,,,1,,1,,,1,43.120601435722,141.40098735112,
2230,E0110000272202,義務教育学校福移学園,北海道札幌市東区中沼町240,,,,1,,1,,,1,43.151517725394,141.43768747884,
2231,E0110000273202,中沼小学校,北海道札幌市東区中沼町73-10,1,,,1,,1,,,1,43.132207606769,141.43250035192,
2232,E0110000282202,札苗北小学校,北海道札幌市東区東苗穂九条3-2-3,1,,,1,,1,,,1,43.098499831728,141.41672666787,
2233,E0110000279202,東苗穂小学校,北海道札幌市東区東苗穂五条2-3-1,1,,,1,,1,,,1,43.090165208652,141.40520009924,
2234,E0110000280202,札苗中学校,北海道札幌市東区東苗穂七条1-1-1,1,,,1,,1,,,1,43.096906299512,141.40572304227,
2235,E0110000281202,札苗小学校,北海道札幌市東区東苗穂七条2-3-1,1,,,1,,1,,,1,43.09393687164,141.41127067883,
2236,E0110000278202,札苗緑小学校,北海道札幌市東区東苗穂十三条4-9-30,1,,,1,,1,,,1,43.105372534803,141.42945240723,
2237,E0110000277202,札苗北中学校,北海道札幌市東区東苗穂十条3-645,1,,,1,,1,,,1,43.100325274774,141.42132868951,
2238,E0110000696201,伏古公園,北海道札幌市東区伏古一条2,,,,,,1,,,,43.0844589659352,141.3863572682982,
2239,E0110000289202,札幌小学校,北海道札幌市東区伏古一条2-1-31,1,,,1,,1,,,1,43.082800242464,141.38787979478,
2240,E0110000287202,伏古北小学校,北海道札幌市東区伏古十一条1-2-10,1,,,1,,1,,,1,43.099341731595,141.39408545586,
2241,E0110000292202,札幌中学校,北海道札幌市東区伏古八条1-1-28,1,,,1,,1,,,1,43.095428119999,141.38878645416,
2242,E0110000293202,伏古小学校,北海道札幌市東区伏古八条5-2-1,1,,,1,,1,,,1,43.089978077533,141.39885055405,
2243,E0110000307201,美香保公園,北海道札幌市東区北20,,,,,,1,,,,43.088020099204,141.35691656371,
2244,E0110000345202,苗穂小学校,北海道札幌市東区北九条東13-1-1,1,,,1,,1,,,1,43.075084168418,141.37391290798,
2245,E0110000342202,栄緑小学校,北海道札幌市東区北五十一条東10-1-1,1,,,1,,1,,,1,43.123526129912,141.35854754654,
2246,E0110000322202,元町北小学校,北海道札幌市東区北三十一条東14-1-1,1,,,1,,1,,,1,43.100675383952,141.36696611128,
2247,E0110000332201,栄西小学校,北海道札幌市東区北三十九条東4-1-1,1,,,1,,1,,,1,43.1073052993193,141.350889231374,
2248,E0110000323202,北栄中学校,北海道札幌市東区北三十三条東2-1-1,1,,,1,,1,,,1,43.100791493854,141.34993391243,
2249,E0110000324202,北小学校,北海道札幌市東区北三十三条東4-1-1,1,,,1,,1,,,1,43.101186874876,141.35273688877,
2250,E0110000330202,栄南小学校,北海道札幌市東区北三十七条東20-3-1,1,,,1,,1,,,1,43.108688477078,141.37658326349,
2251,E0110000326202,栄町小学校,北海道札幌市東区北三十六条東13-3-1,1,,,1,,1,,,1,43.106169601796,141.36457056072,
2252,E0110000327202,栄町中学校,北海道札幌市東区北三十六条東14-1-1,1,,,1,,1,,,1,43.10558843481,141.365501494,
2253,E0110000328201,栄南中学校,北海道札幌市東区北三十六条東16-1-1,1,,,1,,,,,1,43.1063735699,141.36962447162,
2254,E0110000333201,ひのまる公園,北海道札幌市東区北四十一条東10,,,,,,1,,,,43.110805439716,141.36023509024,
2255,E0110000341202,栄北小学校,北海道札幌市東区北四十七条東6-1-1,1,,,1,,1,,,1,43.11764623059,141.35139920131,
2256,E0110000337202,栄小学校,北海道札幌市東区北四十二条東10-2-3,1,,,1,,1,,,1,43.112324009572,141.36002481232,
2257,E0110000339202,栄東小学校,北海道札幌市東区北四十六条東13-1-1,1,,,1,,1,,,1,43.117336165142,141.36146577298,
2258,E0110000340202,栄中学校,北海道札幌市東区北四十六条東6-1-1,1,,,1,,1,,,1,43.116230754968,141.35211035294,
2259,E0110000305202,明園小学校,北海道札幌市東区北十九条東14-1-1,1,,,1,,1,,,1,43.086313071034,141.37121260733,
2260,E0110000302202,美香保中学校,北海道札幌市東区北十七条東6-2-11,1,,,1,,1,,,1,43.083179801084,141.36049209306,
2261,E0110000297202,北光小学校,北海道札幌市東区北十二条東6-5-8,1,,,1,,1,,,1,43.077510392255,141.36199931263,
2262,E0110000304201,美香保小学校,北海道札幌市東区北十八条東6-1-10,1,,,1,,1,,,1,43.084491853895,141.35982170926,
2263,E0110000310201,開成小学校,北海道札幌市東区北二十一条東21-3-1,1,,,1,,1,,,1,43.089630315307,141.38306547485,
2264,E0110000317202,元町小学校,北海道札幌市東区北二十五条東17-1-1,1,,,1,,1,,,1,43.095585745243,141.37407099206,
2265,E0110000318202,北園小学校,北海道札幌市東区北二十五条東4-3-1,1,,,1,,1,,,1,43.092547887767,141.35532110041,
2266,E0110000320201,東区体育館,北海道札幌市東区北二十七条東14-3-1,1,,,1,,,,,1,43.097430107779,141.36853754471,
2267,E0110000312202,明園中学校,北海道札幌市東区北二十二条東12-1-1,1,,,1,,1,,,1,43.090432362955,141.36633763416,
2268,E0110000313201,開成中等教育学校,北海道札幌市東区北二十二条東21-1-1,1,,,1,,1,,,1,43.0921404534191,141.383193998197,
2269,E0110000321201,元町中学校,北海道札幌市東区北二十八条東20-1-1,1,,,1,,1,,,1,43.100027097961,141.38062936473,
2270,E0110000352202,東栄中学校,北海道札幌市東区本町一条7-2-7,1,,,1,,1,,,1,43.075435774573,141.39270137285,
2271,E0110000353202,東光小学校,北海道札幌市東区本町二条1-2-32,1,,,1,,1,,,1,43.081359287241,141.38040386284,
2272,E0110000355202,本町小学校,北海道札幌市東区本町二条7-1-30,1,,,1,,1,,,1,43.076304300967,141.39315962581,
2273,E0110000357202,常盤中学校,北海道札幌市南区常盤二条2-21-1,,1,,1,,1,,,1,42.94649159788,141.34837080182,
2274,E0110000358202,芸術の森小学校,北海道札幌市南区常盤二条3-1,1,1,,1,1,1,,,1,42.9464632888516,141.349990032111,
2275,E0110000687201,駒岡清掃工場,北海道札幌市南区真駒内129-3,1,1,,1,,1,,,1,42.962535,141.354915,
2276,E0110000361201,駒岡小学校,北海道札幌市南区真駒内143,,,,,,1,,,1,42.957692340427,141.35868078231,
2277,E0110000363201,真駒内公園,北海道札幌市南区真駒内公園,,,,,,1,,,,42.996952904319,141.34766528496,
2278,E0110000367202,真駒内公園小学校,北海道札幌市南区真駒内曙町2-1-1,1,1,,1,,1,,,1,43.000476180175,141.34949281263,
2279,E0110000368202,真駒内曙中学校,北海道札幌市南区真駒内曙町2-1-2,1,1,,1,,1,,,1,42.999434181991,141.35006592507,
2280,E0110000369202,真駒内桜山小学校,北海道札幌市南区真駒内泉町3-13-1,1,1,,1,,1,,,1,42.985006808259,141.35489900027,
2281,E0110000377202,澄川南小学校,北海道札幌市南区澄川五条13-7-1,1,1,,1,,1,,,1,42.993248608016,141.36853493932,
2282,E0110000378202,澄川小学校,北海道札幌市南区澄川五条4-1-1,1,1,,1,,1,,,1,43.012738851745,141.37074514529,
2283,E0110000373202,澄川西小学校,北海道札幌市南区澄川二条5-7-2,,,,1,,1,,,1,43.010352910993,141.36210524725,
2284,E0110000380202,澄川中学校,北海道札幌市南区澄川六条6-1-10,1,1,,1,,1,,,1,43.007607005899,141.37288257171,
2285,E0110000385202,藤の沢小学校,北海道札幌市南区石山528,1,1,,1,,1,,,1,42.957991171552,141.31286610852,
2286,E0110000381201,札幌啓北商業高等学校,北海道札幌市南区石山一条2,,,,,,1,,,1,42.974271245825,141.34036483395,
2287,E0110000382202,石山緑小学校,北海道札幌市南区石山一条4-1-1,,,,1,,1,,,1,42.966719132332,141.33151081938,
2288,E0110000384202,石山中学校,北海道札幌市南区石山二条8-7-1,1,1,,1,,1,,,1,42.959127491755,141.31751706869,
2289,E0110000391201,札幌藻岩高等学校,北海道札幌市南区川沿三条2,,,,,,1,,,1,42.996855552602,141.33460230041,
2290,E0110000392201,南区体育館,北海道札幌市南区川沿四条2-2-1,1,1,,1,,,,,1,42.995362105621,141.33329161129,
2291,E0110000393202,藻岩小学校,北海道札幌市南区川沿七条2-3-1,1,1,,1,,1,,,1,42.988419991536,141.33307891211,
2292,E0110000394202,藻岩中学校,北海道札幌市南区川沿七条3-4-1,1,1,,1,,1,,,1,42.988188329964,141.33079949993,
2293,E0110000389202,藻岩南小学校,北海道札幌市南区川沿十八条2-1-15,1,1,,1,,1,,,1,42.972972486551,141.3321865679,
2294,E0110000390202,藻岩北小学校,北海道札幌市南区川沿二条3-7-1,1,1,,1,,1,,,1,42.999132942109,141.3299841489,
2295,E0110000399202,義務教育学校定山渓学園,北海道札幌市南区定山渓温泉西1,1,1,,1,,1,,,1,42.972149970054,141.17128037434,
2296,E0110000409202,藤野中学校,北海道札幌市南区藤野五条6-456-3,1,1,,1,,1,,,1,42.95529487625,141.29220435929,
2297,E0110000406201,藤野公園,北海道札幌市南区藤野三条10,,,,,,1,,,,42.959823485574,141.28203051618,
2298,E0110000407202,藤野南小学校,北海道札幌市南区藤野四条6-295-17,1,1,,1,,1,,,1,42.95732719401,141.29541995294,
2299,E0110000404202,藤野小学校,北海道札幌市南区藤野二条7-7-1,1,1,,1,,1,,,1,42.963997186122,141.29273069839,
2300,E0110000411202,南小学校,北海道札幌市南区南三十一条西9-2-1,1,1,,1,,1,,,1,43.016791771597,141.34913325847,
2301,E0110000417202,南の沢小学校,北海道札幌市南区南沢三条2-18-1,,1,,1,,1,,,1,42.987301692277,141.31905315696,
2302,E0110000416202,南が丘中学校,北海道札幌市南区南沢二条1-17-1,1,1,,1,,1,,,1,42.984913196167,141.32524143807,
2303,E0110000420201,豊滝除雪ステーション,北海道札幌市南区豊滝424-1,1,1,,1,,1,,,,42.957112296744,141.23798311524,
2304,E0110000422202,北の沢小学校,北海道札幌市南区北ノ沢1727,,1,,1,,1,,,1,43.003708042337,141.31715433394,
2305,E0110000423202,簾舞小学校,北海道札幌市南区簾舞一条4-2-1,1,1,,1,,1,,,1,42.964205681388,141.26474302387,
2306,E0110000424202,簾舞中学校,北海道札幌市南区簾舞三条3-3-33,1,1,,1,,1,,,1,42.960687698429,141.26685308259,
2307,E0110000435201,菊水小学校,北海道札幌市白石区菊水元町二条3-2-14,1,,,1,,1,,,1,43.065915210255,141.40125261967,
2308,E0110000439202,上白石小学校,北海道札幌市白石区菊水上町一条3-52,1,,,1,,1,,,1,43.06196657751,141.38693346069,
2309,E0110000432202,東橋小学校,北海道札幌市白石区菊水八条1-3-25,1,,,1,,1,,,1,43.062126100937,141.38076454972,
2310,E0110000429202,幌東中学校,北海道札幌市白石区菊水六条3-2-51,1,,,1,,1,,,1,43.056862657037,141.38037475413,
2311,E0110000430202,幌東小学校,北海道札幌市白石区菊水六条3-2-65,1,,,1,,1,,,1,43.057979768298,141.37918078685,
2312,E0110000441201,川下公園,北海道札幌市白石区川下2651,,,,,,1,,,,43.062988962163,141.444656985,
2313,E0110000444202,北都中学校,北海道札幌市白石区川下749-56,1,,,1,,1,,,1,43.057214151079,141.44135471205,
2314,E0110000443202,東川下小学校,北海道札幌市白石区川下四条3-1-1,1,,,1,,1,,,1,43.050984749725,141.44382232862,
2315,E0110000447202,川北小学校,北海道札幌市白石区川北四条2-2-1,1,,,1,,1,,,1,43.063551440439,141.43643029799,
2316,E0110000449202,西白石小学校,北海道札幌市白石区中央三条5-2-22,1,,,1,,1,,,1,43.058491138551,141.40281041012,
2317,E0110000451202,日章中学校,北海道札幌市白石区東札幌四条5-1-1,1,,,1,,1,,,1,43.04819148274,141.39299664677,
2318,E0110000452202,東札幌小学校,北海道札幌市白石区東札幌四条5-4-20,,,,1,,1,,,1,43.047982280144,141.3955661213,
2319,E0110000454201,札幌コンベンションセンター,北海道札幌市白石区東札幌六条1-1-1,1,,,1,,,,,1,43.057006173489,141.38804708635,
2320,E0110000455201,札幌白陵高等学校,北海道札幌市白石区東米里2062,1,,,1,,1,,,1,43.081423121948,141.45652683822,
2321,E0110000457202,本郷小学校,北海道札幌市白石区南郷通１０－南3-1,1,,,1,,1,,,1,43.037242729676,141.4163658667,
2322,E0110000458202,東白石中学校,北海道札幌市白石区南郷通１５－北4-1,1,,,1,,1,,,1,43.034827841782,141.42838800047,
2323,E0110000460202,南白石小学校,北海道札幌市白石区南郷通２－南6-35,1,,,1,,1,,,1,43.042454153998,141.39991662112,
2324,E0110000461201,白石区体育館,北海道札幌市白石区南郷通６丁目北1,1,,,1,,,,,1,43.042329503786,141.40818358754,
2325,E0110000468202,柏丘中学校,北海道札幌市白石区平和通８－北3-1,1,,,1,,1,,,1,43.04790868105,141.42039209022,
2326,E0110000469202,本通小学校,北海道札幌市白石区平和通９－南1-1,1,,,1,,1,,,1,43.045272946335,141.42074276661,
2327,E0110000470202,米里小学校,北海道札幌市白石区米里一条3-8-1,1,,,1,,1,,,1,43.073738595354,141.41821489134,
2328,E0110000471202,米里中学校,北海道札幌市白石区米里一条4-5-1,1,,,1,,1,,,1,43.070909789507,141.41938371128,
2329,E0110000473202,北都小学校,北海道札幌市白石区北郷三条11-7-1,1,,,1,,1,,,1,43.051275282098,141.43426062273,
2330,E0110000478202,北郷小学校,北海道札幌市白石区北郷四条5-1-1,1,,,1,,1,,,1,43.058724215219,141.41912687941,
2331,E0110000481201,北郷公園,北海道札幌市白石区北郷八条9,,,,,,1,,,,43.065727057934,141.42852581173,
2332,E0110000479202,北白石中学校,北海道札幌市白石区北郷六条3-5-1,1,,,1,,1,,,1,43.064364583493,141.41759528889,
2333,E0110000480202,北白石小学校,北海道札幌市白石区北郷六条3-5-2,1,,,1,,1,,,1,43.0646788177,141.41801899217,
2334,E0110000483202,南郷小学校,北海道札幌市白石区本郷通４－南3-1,1,,,1,,1,,,1,43.044622138401,141.40661988173,
2335,E0110000484202,白石中学校,北海道札幌市白石区本郷通６－南1-1,1,,,1,,1,,,1,43.04313676327,141.41009351641,
2336,E0110000493202,白石小学校,北海道札幌市白石区本通１－北4-1,1,,,1,,1,,,1,43.052291233002,141.40553211685,
2337,E0110000487202,東白石小学校,北海道札幌市白石区本通１４－南6-1,1,,,1,,1,,,1,43.036953988327,141.42665620546,
2338,E0110000488202,平和通小学校,北海道札幌市白石区本通１５－北3-1,1,,,1,,1,,,1,43.038870073823,141.432463865,
2339,E0110000491202,大谷地小学校,北海道札幌市白石区本通１８－南1-1,1,,,1,,1,,,1,43.032182494451,141.43622634082,
2340,E0110000496201,アクセスサッポロ第３駐車場,北海道札幌市白石区流通センター7,,,,,,1,,,,43.0378113251116,141.452791336694,
2341,E0110000504202,南月寒小学校,北海道札幌市豊平区月寒西四条8-2-1,1,1,,1,,1,,,1,43.026631549406,141.38960976895,
2342,E0110000502201,月寒小学校,北海道札幌市豊平区月寒西二条5-1-1,1,1,,1,,,,,1,43.031984735946,141.39049665809,
2343,E0110000506202,あやめ野小学校,北海道札幌市豊平区月寒東一条11-7-32,,,,1,,1,,,1,43.02511258577,141.40379939368,
2344,E0110000507202,羊丘小学校,北海道札幌市豊平区月寒東一条16-3-1,1,1,,1,,1,,,1,43.018259999781,141.4121516022,
2345,E0110000512202,月寒東小学校,北海道札幌市豊平区月寒東三条10-1-1,1,,,1,,1,,,1,43.029852933216,141.40647184173,
2346,E0110000513202,あやめ野中学校,北海道札幌市豊平区月寒東三条11-15-1,1,,,1,,1,,,1,43.029640847637,141.41704564069,
2347,E0110000514202,東月寒中学校,北海道札幌市豊平区月寒東三条18-1-72,1,1,,1,,1,,,1,43.019349663007,141.42133424095,
2348,E0110000516202,しらかば台小学校,北海道札幌市豊平区月寒東四条18-10-43,1,1,,1,,1,,,1,43.0229113294,141.42795602703,
2349,E0110000511202,月寒中学校,北海道札幌市豊平区月寒東二条2-4-54,1,1,,1,,1,,,1,43.038648657554,141.39860516289,
2350,E0110000510201,豊平区体育館,北海道札幌市豊平区月寒東二条20-4-15,1,1,,1,,,,,1,43.014360499233,141.42676098814,
2351,E0110000518202,旭小学校,北海道札幌市豊平区水車町3-1-22,,,,1,,1,,,1,43.047459962053,141.36277984941,
2352,E0110000530201,西岡公園,北海道札幌市豊平区西岡544,,,,,,1,,,,42.982586643231,141.37760891278,
2353,E0110000522202,西岡中学校,北海道札幌市豊平区西岡三条12-1-1,1,1,,1,,1,,,1,42.997044509496,141.3777386693,
2354,E0110000524202,西岡北小学校,北海道札幌市豊平区西岡三条6-7-20,1,1,,1,,1,,,1,43.012820841705,141.38605411806,
2355,E0110000526202,西岡北中学校,北海道札幌市豊平区西岡三条8-1-1,1,1,,1,,1,,,1,43.008231691811,141.38361895709,
2356,E0110000527202,西岡南小学校,北海道札幌市豊平区西岡四条12-7-1,1,1,,1,,1,,,1,42.996593407454,141.37933421205,
2357,E0110000521202,西岡小学校,北海道札幌市豊平区西岡二条9-1-1,1,1,,1,,1,,,1,43.006808259851,141.38213680145,
2358,E0110000535202,中の島小学校,北海道札幌市豊平区中の島二条1-1-22,,,,1,,1,,,1,43.037985503734,141.36295716304,
2359,E0110000538202,中の島中学校,北海道札幌市豊平区中の島二条3-9-1,1,1,,1,,1,,,1,43.033921267155,141.36172754086,
2360,E0110000540201,月寒公園,北海道札幌市豊平区美園10,,,,,,1,,,,43.031527945106,141.38612760861,
2361,E0110000541202,豊園小学校,北海道札幌市豊平区美園一条4-1-1,1,1,,1,,1,,,1,43.044342446821,141.38901155217,
2362,E0110000542202,みどり小学校,北海道札幌市豊平区美園五条2-2-1,1,1,,1,,1,,,1,43.041790854642,141.38144593904,
2363,E0110000546202,羊丘中学校,北海道札幌市豊平区福住一条3-16-1,1,1,,1,,1,,,1,43.018261529917,141.39701811513,
2364,E0110000548202,福住小学校,北海道札幌市豊平区福住三条5-1-1,1,1,,1,,1,,,1,43.01295894555,141.40173131796,
2365,E0110000549202,平岸西小学校,北海道札幌市豊平区平岸一条15-2-1,1,1,,1,,1,,,1,43.02454013814,141.36179706388,
2366,E0110000550202,平岸中学校,北海道札幌市豊平区平岸一条21-3-1,,,,1,,1,,,1,43.017454014821,141.35797618574,
2367,E0110000560201,平岸霊園,北海道札幌市豊平区平岸五条15,,,,,,1,,,,43.023520182849,141.37433125335,
2368,E0110000561202,平岸高台小学校,北海道札幌市豊平区平岸五条18-1-1,1,1,,1,,1,,,1,43.017830387107,141.37269154606,
2369,E0110000563202,美園小学校,北海道札幌市豊平区平岸五条7-2-21,1,1,,1,,1,,,1,43.035903873532,141.37899003893,
2370,E0110000557202,東山小学校,北海道札幌市豊平区平岸四条11-6-1,1,1,,1,,1,,,1,43.029885638321,141.37378635563,
2371,E0110000553202,平岸小学校,北海道札幌市豊平区平岸二条14-1-28,1,1,,1,,1,,,1,43.026005363344,141.36679642403,
2372,E0110000565202,陵陽中学校,北海道札幌市豊平区平岸六条11-1-25,1,1,,1,,1,,,1,43.029640323724,141.38068396366,
2373,E0110000574201,豊平公園,北海道札幌市豊平区豊平5,,,,,,1,,,,43.042626288929,141.37804037503,
2374,E0110000566202,東園小学校,北海道札幌市豊平区豊平一条12-1-1,1,,,1,,1,,,1,43.048110527625,141.38156163156,
2375,E0110000577202,豊平小学校,北海道札幌市豊平区豊平五条7-1-2,1,,,1,,1,,,1,43.048436639895,141.37240526362,
2376,E0110000580202,八条中学校,北海道札幌市豊平区豊平八条13-2-1,1,1,,1,,1,,,1,43.040794830699,141.37710377027,
2377,E0110000581201,北海道農業研究センター,北海道札幌市豊平区羊が丘1,,,,,,1,,,,43.00838544788,141.41158497648,
2378,E0110000581202,大和ハウス　プレミストドーム,北海道札幌市豊平区羊が丘1,,,,,,1,,,,43.015103455764,141.40970959027,
2379,E0110000586202,鴻城小学校,北海道札幌市北区あいの里三条6-2-1,1,,,1,,1,,,1,43.162692669941,141.40196668244,
2380,E0110000587202,あいの里東小学校,北海道札幌市北区あいの里三条7-11-1,1,,,1,,1,,,1,43.162191312195,141.40942927891,
2381,E0110000588201,あいの里公園,北海道札幌市北区あいの里四条8,,,,,,1,,,,43.166712784279,141.40917013999,
2382,E0110000583202,拓北小学校,北海道札幌市北区あいの里二条1-24-1,1,,,1,,1,,,1,43.160137009102,141.38236425142,
2383,E0110000584202,あいの里西小学校,北海道札幌市北区あいの里二条3-9-1,1,,,1,,1,,,1,43.161117671181,141.39158866363,
2384,E0110000585202,あいの里東中学校,北海道札幌市北区あいの里二条7-14-1,1,,,1,,1,,,1,43.159814988886,141.40977658989,
2385,E0110000589202,太平小学校,北海道札幌市北区篠路一条2-6-20,1,,,1,,1,,,1,43.141478769891,141.35294820589,
2386,E0110000593202,篠路西小学校,北海道札幌市北区篠路五条2-2-1,1,,,1,,1,,,1,43.149174926667,141.35411643568,
2387,E0110000592202,篠路小学校,北海道札幌市北区篠路四条9-3-1,1,,,1,,1,,,1,43.14603771536,141.37099727607,
2388,E0110000596202,篠路中学校,北海道札幌市北区篠路町篠路368,1,,,1,,1,,,1,43.157044275147,141.37358100806,
2389,E0110000598202,上篠路中学校,北海道札幌市北区篠路町上篠路116-14,1,,,1,,1,,,1,43.134993869001,141.37141233775,
2390,E0110000595202,篠路西中学校,北海道札幌市北区篠路六条2-1-50,1,,,1,,1,,,1,43.150594489536,141.35471427878,
2391,E0110000604202,新光小学校,北海道札幌市北区新琴似一条12-1-1,1,,,1,,1,,,1,43.109744348344,141.30695449422,
2392,E0110000605202,新琴似南小学校,北海道札幌市北区新琴似一条3-1-1,1,,,1,,1,,,1,43.104292801656,141.32313775867,
2393,E0110000608202,光陽小学校,北海道札幌市北区新琴似五条11-4-1,1,,,1,,1,,,1,43.116448771857,141.31560585356,
2394,E0110000607201,光陽中学校,北海道札幌市北区新琴似四条11-7-1,1,,,1,,1,,,1,43.115094439007,141.31343094368,
2395,E0110000610202,新琴似小学校,北海道札幌市北区新琴似七条3-2-1,1,,,1,,1,,,1,43.112915963471,141.33055871982,
2396,E0110000611202,新琴似中学校,北海道札幌市北区新琴似七条4-1-1,1,,,1,,1,,,1,43.112687294906,141.32924148452,
2397,E0110000601202,新琴似西小学校,北海道札幌市北区新琴似十一条15-1-5,1,,,1,,1,,,1,43.128203768667,141.31552453895,
2398,E0110000602202,新琴似北小学校,北海道札幌市北区新琴似十一条6-1-1,1,,,1,,1,,,1,43.119981795441,141.33076855234,
2399,E0110000599202,新琴似北中学校,北海道札幌市北区新琴似十条10-2-46,1,,,1,,1,,,1,43.121883927308,141.32495800424,
2400,E0110000600202,新琴似緑小学校,北海道札幌市北区新琴似十条11-5-1,1,,,1,,1,,,1,43.122942382257,141.32199072827,
2401,E0110000613201,北区体育館,北海道札幌市北区新琴似八条2-1-25,1,,,1,,,,,1,43.112598231222,141.33392993733,
2402,E0110000617201,新川中央公園,北海道札幌市北区新川4,,,,,,1,,,,43.112002,141.300369,
2403,E0110000621201,新川小学校,北海道札幌市北区新川五条15-1-1,1,,,1,,1,,,1,43.11453815741,141.29897124496,
2404,E0110000616202,新川中央小学校,北海道札幌市北区新川三条3-2-1,1,,,1,,1,,,1,43.098278560784,141.32107603996,
2405,E0110000618202,新川西中学校,北海道札幌市北区新川四条15-1-1,1,,,1,,1,,,1,43.112741512678,141.29961937144,
2406,E0110000619202,新川中学校,北海道札幌市北区新川四条3-1-1,1,,,1,,1,,,1,43.098830301781,141.32218287139,
2407,E0110000627202,太平南小学校,北海道札幌市北区太平一条1-2-1,1,,,1,,1,,,1,43.12371857086,141.34704683681,
2408,E0110000628202,太平中学校,北海道札幌市北区太平八条2-1-1,1,,,1,,1,,,1,43.133883252917,141.35016208396,
2409,E0110000630202,茨戸小学校,北海道札幌市北区東茨戸一条2-314-15,1,,,1,,1,,,1,43.159865654874,141.35642902072,
2410,E0110000638202,屯田北小学校,北海道札幌市北区屯田九条3-4-1,1,,,1,,1,,,1,43.143041878056,141.34202568939,
2411,E0110000639202,屯田北中学校,北海道札幌市北区屯田九条4-2-1,1,,,1,,1,,,1,43.143015103148,141.33900382338,
2412,E0110000632202,屯田南小学校,北海道札幌市北区屯田五条4-6-1,1,,,1,,1,,,1,43.131811187551,141.33656755395,
2413,E0110000631201,屯田西公園,北海道札幌市北区屯田四条9,,,,,,1,,,,43.131157174229,141.31995788475,
2414,E0110000636202,屯田小学校,北海道札幌市北区屯田七条6-2-2,1,,,1,,1,,,1,43.137008120384,141.33224448623,
2415,E0110000634202,屯田西小学校,北海道札幌市北区屯田六条10-3-1,1,,,1,,1,,,1,43.135589689427,141.31982567824,
2416,E0110000635202,屯田中央中学校,北海道札幌市北区屯田六条8-1-1,1,,,1,,1,,,1,43.134475344206,141.32659645842,
2417,E0110000641202,百合が原小学校,北海道札幌市北区百合が原6-5-1,1,,,1,,1,,,1,43.134207959644,141.36630231094,
2418,E0110000642201,百合が原公園,北海道札幌市北区百合が原公園,,,,,,1,,,,43.128339362305,141.36594833885,
2419,E0110000649201,北大農場（北１９条以北）,北海道札幌市北区北19,,,,,,1,,,,43.08546202451,141.3334399656,
2420,E0110000666201,北大農場（北１８条以南）,北海道札幌市北区北8,,,,,,1,,,,43.076387668452,141.33423389946,
2421,E0110000667202,北九条小学校,北海道札幌市北区北九条西1-1-1,1,,,1,,1,,,1,43.072060950793,141.35290492305,
2422,E0110000661201,北陽小学校,北海道札幌市北区北三十一条西9-2-1,1,,,1,,1,,,1,43.097428121966,141.33383314034,
2423,E0110000662202,北陽中学校,北海道札幌市北区北三十四条西7-3-1,1,,,1,,1,,,1,43.101100351592,141.33487178158,
2424,E0110000663202,和光小学校,北海道札幌市北区北三十四条西7-3-2,1,,,1,,1,,,1,43.102308704852,141.33564269053,
2425,E0110000650202,幌北小学校,北海道札幌市北区北十九条西2-1-1,1,,,1,,1,,,1,43.083556881974,141.34857655579,
2426,E0110000648202,北辰中学校,北海道札幌市北区北十八条西2-21-50,1,,,1,,1,,,1,43.082693566739,141.34852015498,
2427,E0110000653202,白楊小学校,北海道札幌市北区北二十四条西7-1-1,1,,,1,,1,,,1,43.089907942304,141.33906619983,
2428,E0110000659201,新陽小学校,北海道札幌市北区北二十七条西14-1-1,1,,,1,,1,,,1,43.094907,141.326687,
2429,E0110000668201,麻生球場,北海道札幌市北区麻生町7,,,,,,1,,,,43.113566842754,141.34159200541,
2430,E0122200002201,道の駅三笠駐車場,北海道三笠市岡山1057-1,,1,,1,,,,,,43.247685106144,141.80447109562,
2431,E0122200003201,岡山中央東公園,北海道三笠市岡山52,,1,,1,,,,,,43.236688680994,141.81855407044,
2432,E0122200007201,萱野中学校グラウンド,北海道三笠市萱野192-1,1,1,,1,,,,,1,43.226354129819,141.82559957912,
2433,E0122200008201,川向町児童公園,北海道三笠市幾春別川向町87,1,1,,1,,,,,,43.257406336859,141.95996917168,
2434,E0122200009201,中島町児童公園,北海道三笠市幾春別中島町287,,1,,1,,,,,,43.263662303707,141.95721521126,
2435,E0122200048201,三笠開拓記念広場,北海道三笠市幾春別町１丁目157,,1,,1,,,,,,43.261416544136,141.95649895125,
2436,E0122200013201,中央公園,北海道三笠市幸町1,,1,,1,,,,,,43.245846425155,141.87665062387,
2437,E0122200017201,見晴公園,北海道三笠市高美町454,1,1,,1,,,,,,43.25179448824,141.87453720862,
2438,E0122200018201,榊町児童公園,北海道三笠市榊町461,1,1,,1,,,,,,43.249085574379,141.87149036174,
2439,E0122200020201,若松町児童公園,北海道三笠市若松町5,,1,,1,,,,,,43.243376650671,141.8721688391,
2440,E0122200021201,三笠運動公園,北海道三笠市若草町280,,1,,1,,,,,1,43.246621382485,141.88616665445,
2441,E0122200025201,初音公園,北海道三笠市初音町253,,1,,1,,,,,,43.237890051006,141.88017531031,
2442,E0122200026201,清住町児童公園,北海道三笠市清住町130,1,1,,1,,,,,,43.253909666199,141.90627986867,
2443,E0122200029201,常盤町児童公園,北海道三笠市唐松常盤町325,1,1,,1,,,,,,43.25054498449,141.92049843343,
2444,E0122200049201,千代田公園,北海道三笠市唐松千代田町１丁目166,1,1,,1,,,,,,43.250554684962,141.91706155081,
2445,E0122200050201,唐松ポケットパーク,北海道三笠市唐松町２丁目304,1,1,,1,,,,,,43.252408956011,141.91588977813,
2446,E0122200032201,柏町児童公園,北海道三笠市柏町440,1,1,,1,,,,,,43.250438497095,141.87840769461,
2447,E0122200034201,美園町緑地公園,北海道三笠市美園町8,1,1,,1,,,,,,43.25128138055,141.88935668759,
2448,E0122200035201,金谷公園,北海道三笠市幌内金谷町31,1,1,,1,,,,,,43.229693669715,141.89165220153,
2449,E0122200037201,幌内住吉町広場,北海道三笠市幌内住吉町4-1,1,1,,1,,,,,,43.233243186751,141.88801808948,
2450,E0122200047201,もみじ公園,北海道三笠市幌内町１丁目173,1,,,1,,,,,,43.228568484418,141.90616193796,
2451,E0122200039201,三笠中学校グラウンド,北海道三笠市本郷町484-2,1,1,,1,,,,,1,43.24630039356,141.8636670486,
2452,E0122200041201,クロフォード公園,北海道三笠市本町971-1,1,1,,1,,,,,,43.24084225108,141.87891415718,
2453,E0122200042201,花園町児童公園,北海道三笠市弥生花園町28,1,1,,1,,,,,,43.258978217314,141.94135113353,
2454,E0122200043201,弥生市民広場,北海道三笠市弥生橘町26,1,1,,1,,,,,,43.258268681224,141.93922942791,
2455,E0122000006202,旧温根別中学校体育館,北海道士別市温根別町,,1,,1,,1,1,,,44.175327,142.276039,
2456,E0122000001201,教信寺,北海道士別市温根別町2676,1,1,,1,,1,1,,1,44.178448,142.271531,
2457,E0122000003201,トヨタ自動車（株）シラカバハウス士別,北海道士別市温根別町仲線,1,1,,1,,1,1,,1,44.18514121,142.2346095,
2458,E0122000004201,温根別出張所,北海道士別市温根別町南１線,,1,,,,1,1,,,44.174665500499,142.2743893619,
2459,E0122000005201,温根別小学校,北海道士別市温根別町南２線通,,,,1,,1,1,,,44.17593515,142.2731099,
2460,E0122000007201,公民館北温分館,北海道士別市温根別町北１４線,1,1,,1,,1,1,,,44.25736153,142.250515,
2461,E0122000008201,下士別自治会館,北海道士別市下士別町４２線東,1,1,,1,,1,1,,,44.21264626,142.3952685,
2462,E0122000009201,上士別構造改善センター,北海道士別市上士別町1655-2,,1,,1,,1,1,,1,44.13425265,142.4860303,
2463,E0122000013201,士別東高等学校,北海道士別市上士別町2263,,1,,,,1,1,,1,44.13603137,142.479711,
2464,E0122000011202,上士別小学校,北海道士別市上士別町１６線南2,1,1,,1,,1,1,,1,44.134017395402,142.48471548728,
2465,E0122000011201,上士別中学校　（１０００年に１度の洪水時は２階以上へ避難）,北海道士別市上士別町１６線南2,1,1,,1,,1,1,,1,44.133343702784,142.48406459207,
2466,E0122000012201,成美自治会館,北海道士別市上士別町２０線南,,1,,,,1,1,,,44.1068902,142.5044361,
2467,E0122000014201,大和自治会館,北海道士別市上士別町２２線南,,1,,1,,1,1,,,44.08858366,142.5249166,
2468,E0122000015201,公民館兼内分館,北海道士別市上士別町２５線北2,1,1,,1,,1,1,,,44.12630551,142.5475843,
2469,E0122000016201,士別市いきいき健康センター　（１０００年に１度の洪水時は他の避難へ移動）,北海道士別市西2-3-1924-3,1,1,,1,,1,1,,1,44.176311,142.389613,
2470,E0122000017201,スポーツ交流館,北海道士別市西２－北9-80-9,,1,,1,,1,1,,1,44.1886951,142.3849035,
2471,E0122000020202,学田自治会館,北海道士別市西士別町,,1,,,,1,1,,,44.17949303,142.3710107,
2472,E0122000018201,士別市環境センター,北海道士別市西士別町2549-4,1,1,,1,,1,1,,1,44.183673,142.350485,
2473,E0122000021201,川西農業活性化施設,北海道士別市川西町,1,1,,1,,1,1,,,44.13297023,142.4316489,
2474,E0122000022201,多寄研修センター,北海道士別市多寄町３６線西4,1,1,,,,1,1,,1,44.23907931,142.3940773,
2475,E0122000023201,旧多寄中学校,北海道士別市多寄町３７線西,1,1,,1,,1,1,,1,44.23643015,142.3913343,
2476,E0122000023202,多寄小学校,北海道士別市多寄町３７線西,1,1,,1,,1,1,,1,44.236843316998,142.39210951639,
2477,E0122000024201,中士別自治会館,北海道士別市中士別町７線東,1,1,,1,,1,1,,,44.16367261,142.4482113,
2478,E0122000025201,公民館三栄分館,北海道士別市朝日町三栄7053,,1,,,,1,1,,,44.05362737,142.6517911,
2479,E0122000026201,朝日多目的交流施設,北海道士別市朝日町中央4015,,1,,1,,1,1,,,44.11537539,142.580382,
2480,E0122000027201,朝日町活性化施設（まなべーる）,北海道士別市朝日町中央4038,1,,,1,,1,1,,1,44.11893586,142.5943878,
2481,E0122000027202,あさひサンライズホール,北海道士別市朝日町中央4038,1,1,,1,,,1,,1,44.11723365,142.5952193,
2482,E0122000028201,朝日町農業者トレーニングセンター,北海道士別市朝日町中央4039,,1,,1,,,1,,1,44.11369384,142.5963728,
2483,E0122000028202,朝日地域交流施設,北海道士別市朝日町中央4039,,1,,,,,1,,1,44.11344735,142.5972579,
2484,E0122000029201,朝日中学校,北海道士別市朝日町中央4050,1,1,,,,1,1,,1,44.11647166,142.6028702,
2485,E0122000029202,糸魚小学校,北海道士別市朝日町中央4050,1,1,,1,,1,1,,1,44.11573851,142.6025875,
2486,E0122000030201,朝日町郷土文化保存伝習施設,北海道士別市朝日町中央4071,,1,,1,,1,1,,,44.12003464,142.6152615,
2487,E0122000031201,あさひスキー場ロッジ,北海道士別市朝日町中央6656,1,1,,1,,1,1,,,44.11984042,142.5986687,
2488,E0122000032201,朝日町登和里コミュニティセンター,北海道士別市朝日町登和里3891,,1,,1,,1,1,,,44.1234315,142.6730205,
2489,E0122000033201,朝日町壬子生活改善センター,北海道士別市朝日町南朝日4477,1,1,,,,1,1,,,44.08408348,142.6367242,
2490,E0122000034201,茂志利地区農業活性化センター,北海道士別市朝日町茂志利4715,1,1,,1,,1,1,,,44.056504,142.7198691,
2491,E0122000035201,保健福祉センター,北海道士別市東11-5-3029,1,1,,1,,1,1,,1,44.178859,142.406876,
2492,E0122000037201,士別南小学校,北海道士別市東4-14,,1,,1,,1,1,,1,44.16866222,142.4009586,
2493,E0122000038201,士別南中学校　（１０００年に１度の洪水時は２階以上へ避難）,北海道士別市東4-17,,1,,1,,1,1,,1,44.16541059,142.4016248,
2494,E0122000039201,総合体育館　（１０００年に１度の洪水時は２階以上へ避難）,北海道士別市東4-4,1,1,,,,1,1,,1,44.17809247,142.3978608,
2495,E0122000041201,勤労者センター,北海道士別市東5-9-1607-14,,1,,1,,,1,,1,44.17322496,142.4010101,
2496,E0122000047201,士別同友会カントリークラブ,北海道士別市東8-15,1,1,,1,,1,1,,,44.165778,142.408867,
2497,E0122000036201,士別小学校　（１０００年に１度の洪水時は２階以上へ避難）,北海道士別市東３－北3,1,1,,1,,1,1,,1,44.1830711,142.3947736,
2498,E0122000040201,ほくと子どもセンター,北海道士別市東４－北5,1,1,,1,,1,1,,1,44.185809,142.395792,
2499,E0122000042201,北星保育園,北海道士別市東５－北5,1,1,,1,,1,1,,,44.185758,142.397216,
2500,E0122000053201,士別市民文化センター　（１０００年に１度の洪水時は２階以上へ避難）,北海道士別市東６4-1,1,1,,1,,1,1,,,44.178748,142.401075,
2501,E0122000044201,士別翔雲高等学校,北海道士別市東６－北6,1,1,,1,,1,1,,1,44.18687742,142.4001775,
2502,E0122000045201,士別中学校,北海道士別市東６－北9,,1,,1,,1,1,,1,44.18943512,142.3962004,
2503,E0122000048201,士別神社社務所,北海道士別市東８－北1,1,1,,1,,1,1,,,44.182553,142.404002,
2504,E0122000049201,南士別自治会館,北海道士別市南士別町,1,1,,,,1,1,,,44.15318347,142.3683404,
2505,E0122000050201,武徳自治会館,北海道士別市武徳町４４線東,1,1,,1,,1,1,,,44.2006686,142.445143,
2506,E0163200001201,プラザ緑風駐車場,北海道士幌町字下居辺西2-134-10,,,,1,,1,,,1,43.137684127587,143.36721858156,
2507,E0163200003201,南町公民館,北海道士幌町字士幌228,1,1,,1,,1,1,,1,43.161323789007,143.24035927547,
2508,E0163200006201,町営グランド,北海道士幌町字士幌幹線168,1,1,,1,,1,1,,,43.168742093614,143.23652621324,
2509,E0163200007201,道の駅ピア２１しほろ,北海道士幌町字士幌西2-134-1,1,1,,1,,1,1,,1,43.144328523868,143.23957900851,
2510,E0163200008201,農村運動公園野球場,北海道士幌町字士幌西2-148,1,1,,1,,1,1,,1,43.155838295045,143.24110847301,
2511,E0163200009201,農村運動公園駐車場,北海道士幌町字士幌西2-150,1,1,,1,,1,1,,,43.156909562124,143.24174042757,
2512,E0163200010201,士幌小学校,北海道士幌町字士幌西2-164,1,1,,1,,1,1,,1,43.169188116443,143.24352141436,
2513,E0163200013201,北地区公民館,北海道士幌町字士幌西2-178,,1,,1,,1,,,1,43.181044799732,143.24818881723,
2514,E0163200014201,佐倉交流センター,北海道士幌町字士幌東7-132,1,1,,1,,1,1,,1,43.142353457627,143.30332767552,
2515,E0163200015201,上居辺小学校,北海道士幌町字士幌東7-175,1,1,,1,,1,1,,1,43.178230861607,143.30970160647,
2516,E0163200016201,士幌高等学校,北海道士幌町字上音更21,1,1,,1,,1,1,,1,43.189376288928,143.14162440133,
2517,E0163200018201,西上地区公民館,北海道士幌町字上音更西3-227,1,1,,1,,1,1,,1,43.213327212368,143.21126693042,
2518,E0163200020201,旧北中音更小学校グラウンド,北海道士幌町字中音更西3-180,1,1,,1,,1,1,,,43.174550579289,143.19601010519,
2519,E0163200021201,中士幌公民館,北海道士幌町字中士幌西2-80,1,1,,1,,1,1,,1,43.100299478194,143.22961126593,
2520,E0163200022201,中士幌小学校,北海道士幌町字中士幌西2-88,1,1,,1,,1,1,,1,43.105735861436,143.23083971767,
2521,E0151400001201,枝幸浄水場　駐車場,北海道枝幸町宇遠内1108-3,1,1,1,1,1,,1,,,44.926455813682,142.55857118839,
2522,E0151400002201,やすらぎ聖苑　駐車場,北海道枝幸町宇遠内1211-5,1,1,1,1,1,,1,,,44.923761570606,142.56330474635,
2523,E0151400003201,枝幸中学校グランド,北海道枝幸町栄町611,1,1,1,1,1,,1,,1,44.936102062364,142.57539854052,
2524,E0151400004201,道の駅マリーンアイランド岡島,北海道枝幸町岡島1978-13,1,1,1,1,1,,1,,1,44.878209083473,142.63156282308,
2525,E0151400006201,岡島小学校グランド,北海道枝幸町岡島4800-1,1,1,1,1,1,,1,,1,44.874325215268,142.63216659084,
2526,E0151400007201,（元）乙忠部小学校グランド,北海道枝幸町乙忠部248-1,1,1,1,1,1,,1,,,44.780932925749,142.71792658898,
2527,E0151400009201,音標小学校グランド,北海道枝幸町音標153-1,1,1,1,1,1,,1,,1,44.705724428395,142.80608665594,
2528,E0151400012201,（元）志美宇丹小中学校グランド,北海道枝幸町歌登志美宇丹2787,1,1,1,1,,,1,,,44.76985397939,142.57723391008,
2529,E0151400015201,歌登小学校,北海道枝幸町歌登西町124,1,1,1,1,,,1,,1,44.841782889005,142.47271672958,
2530,E0151400016201,町営歌登球場,北海道枝幸町歌登西町124-7,,1,1,1,,,,,,44.842695764136,142.47191206689,
2531,E0151400017201,歌登小学校グランド,北海道枝幸町歌登西町124-8,,1,1,1,,,,,,44.841916017529,142.47348384137,
2532,E0151400020201,歌登地域総合センター,北海道枝幸町歌登東町106-19,1,1,1,1,,,1,,1,44.841613274627,142.48030362491,
2533,E0151400021201,歌登Ｂ＆Ｇ海洋センター,北海道枝幸町歌登南町1076-11,1,1,1,1,,,1,,1,44.838385316595,142.47764068294,
2534,E0151400023201,町営歌登サブ球場,北海道枝幸町歌登南町3499,,1,1,1,,,,,,44.838241557339,142.47528628583,
2535,E0151400026201,歌登中学校,北海道枝幸町歌登桧垣町136,1,1,1,1,,,1,,1,44.838940994648,142.46558356161,
2536,E0151400027201,歌登中学校グランド,北海道枝幸町歌登桧垣町136-33,,1,1,1,,,,,,44.838727977864,142.46598589297,
2537,E0151400030201,（元）本幌別小学校グランド,北海道枝幸町歌登本幌別3823,1,1,1,1,,,1,,,44.764971375594,142.37593412351,
2538,E0151400032201,オホーツクミュージアムえさし　駐車場,北海道枝幸町三笠町1614-1,1,1,1,1,1,,1,,,44.938343131471,142.56750787855,
2539,E0151400033201,三笠コミュニティセンター広場,北海道枝幸町三笠町529-1,1,1,1,1,1,,1,,1,44.939542859031,142.57295058967,
2540,E0151400034201,枝幸町営牧場,北海道枝幸町山臼3703-2,1,1,1,1,1,,1,,1,44.799308098719,142.66063366145,
2541,E0151400035201,山臼小学校グランド,北海道枝幸町山臼4770-1,1,1,1,1,1,,1,,1,44.81888596609,142.68183487425,
2542,E0151400038201,枝幸小学校グランド,北海道枝幸町新栄町627,1,1,1,1,1,,1,,1,44.939923566632,142.57988628217,
2543,E0151400039201,枝幸町除雪センター,北海道枝幸町新栄町968-2,1,1,1,1,1,,1,,,44.932175440644,142.56763169044,
2544,E0151400040201,徳志別コミュニティセンター広場,北海道枝幸町徳志別226-2,1,1,1,1,1,,1,,1,44.846116831364,142.65222514168,
2545,E0151400041201,風烈布コミュニティセンター広場,北海道枝幸町風烈布1190-11,1,1,1,1,1,,1,,1,44.74026282842,142.76423152433,
2546,E0151400042201,枝幸南中学校グランド,北海道枝幸町風烈布1203-1,1,1,1,1,1,,1,,1,44.751454158589,142.75039980545,
2547,E0151400046201,町営多目的グラウンド,北海道枝幸町北幸町1063,1,1,1,1,1,,1,,,44.934385661824,142.56926247352,
2548,E0151400047201,三笠山スキー場　駐車場,北海道枝幸町北幸町1327,1,1,1,1,1,,1,,,44.93411223701,142.56592580551,
2549,E0151400048201,ホテルニュー幸林　駐車場,北海道枝幸町北幸町1624-2,1,1,1,1,1,,1,,,44.934830687048,142.56683266757,
2550,E0151400050201,枝幸除雪ステーション　駐車スペース,北海道枝幸町北幸町7020-11,1,1,1,1,1,,1,,,44.932124730966,142.5675426366,
2551,E0151400051201,町営枝幸球場,北海道枝幸町北幸町862,1,1,1,1,1,,1,,,44.933793239749,142.57049628967,
2552,E0151400057201,目梨泊小学校グランド,北海道枝幸町目梨泊,1,1,1,1,1,,1,,1,45.032949968161,142.51573124414,
2553,E0151400059201,（元）問牧小学校グランド,北海道枝幸町問牧950-1,1,1,1,1,1,,1,,,45.001965830252,142.53574773274,
2554,E0163400001201,瓜幕中学校グラウンド,北海道鹿追町瓜幕西27-23,,,,1,,1,,,1,43.170973049964,143.02762495801,
2555,E0163400004201,瓜幕小学校グラウンド,北海道鹿追町瓜幕東3-8,,,,1,,1,,,1,43.16887599311,143.02846180722,
2556,E0163400030201,鹿追神社境内,北海道鹿追町元町3-1,,,,1,,1,,,,43.098715,142.983679,
2557,E0163400006201,笹川小学校グラウンド,北海道鹿追町笹川北9-10,,,,1,,1,,,1,43.13160210424,142.990846508,
2558,E0163400009201,新然別公民館グラウンド,北海道鹿追町上然別西11-17,,,,1,,1,,,1,43.0542713,143.0478703,
2559,E0163400010201,上幌内小学校グラウンド,北海道鹿追町上幌内４－南3,,,,1,,1,,,1,43.150005816149,142.93902634874,
2560,E0163400011201,鹿追高等学校グラウンド,北海道鹿追町西町1-8,,,,1,,1,,,1,43.103784520339,142.98372256085,
2561,E0163400012201,通明小学校グラウンド,北海道鹿追町中瓜幕西20-25,,,,1,,1,,,1,43.171176491947,143.08122622296,
2562,E0163400013201,中央公園,北海道鹿追町仲町1-32,,,,1,,1,,,,43.102092502616,142.98814284131,
2563,E0163400014201,鹿追小学校グラウンド,北海道鹿追町東町3-2,,,,1,,1,,,1,43.096497467861,142.99199966899,
2564,E0163400014202,千の公園,北海道鹿追町東町3-2,1,1,,1,,1,1,,1,43.097455196148,142.99041180125,
2565,E0163400016201,鹿美公民館グラウンド,北海道鹿追町美蔓西15-19,,,,1,,1,,,1,43.06034,143.018917,
2566,E0163400017201,北鹿追公民館グラウンド,北海道鹿追町北鹿追北10-4,,,,1,,1,,,1,43.131624,143.034477,
2567,E0163400018201,幌内公民館グラウンド,北海道鹿追町幌内西25-28,,,,1,,1,,,1,43.10226925703,142.94700155071,
2568,E0163400035201,総合グラウンド（野球場）,北海道鹿追町緑町4-4,,,,1,,1,,,,43.107372069881,142.9966186218,
2569,E0134300001201,宮浜児童館,北海道鹿部町字宮浜210-6,,1,,,,,,,,42.044767395726,140.81101951105,
2570,E0134300002201,総合体育館,北海道鹿部町字宮浜265-1,1,1,,1,,1,,1,1,42.040308022397,140.80867629503,
2571,E0134300003202,鹿部中学校,北海道鹿部町字宮浜281,1,1,,1,,1,,1,1,42.039499262555,140.81146579239,
2572,E0134300003201,鹿部中学校グランド,北海道鹿部町字宮浜281,,,,1,,1,,,1,42.039204441136,140.81217925999,
2573,E0134300004201,しかべ幼稚園グランド,北海道鹿部町字宮浜311-2,,,,,,1,,,1,42.037092842346,140.81283908339,
2574,E0134300004202,しかべ幼稚園,北海道鹿部町字宮浜311-2,1,1,,,,,,,1,42.0372243213,140.81254940482,
2575,E0134300004203,鹿部中央公民館駐車場,北海道鹿部町字宮浜311-2,,,,1,,1,,,1,42.036845820545,140.81303756686,
2576,E0134300004204,鹿部中央公民館,北海道鹿部町字宮浜311-2,1,1,1,,,1,,1,1,42.037339863187,140.81323068591,
2577,E0134300005201,宮浜生活館,北海道鹿部町字宮浜314,,1,,,,,,,,42.035818052149,140.81623444805,
2578,E0134300006202,鹿部小学校,北海道鹿部町字宮浜314-1,,1,1,1,,1,,1,1,42.035310559791,140.81338914891,
2579,E0134300006201,鹿部小学校グランド,北海道鹿部町字宮浜314-1,,,,1,,1,,,1,42.035075475631,140.81415661677,
2580,E0134300007201,山村広場多目的グランド,北海道鹿部町字宮浜369,,,,1,,1,,,,42.043505843107,140.80534440625,
2581,E0134300008201,鹿部会館,北海道鹿部町字鹿部112-20,1,1,,,,,,,1,42.032222631672,140.82236382027,
2582,E0134300009201,鹿部公園,北海道鹿部町字鹿部214,,,,1,1,1,,,,42.031991820951,140.81104931751,
2583,E0134300010201,大岩地域会館,北海道鹿部町字鹿部258-18,,1,1,1,1,,,1,1,42.023870025293,140.83642897984,
2584,E0134300011201,渡島リハビリテーション体育館,北海道鹿部町字鹿部258-7,,1,1,1,1,1,,1,1,42.022843737866,140.83519216253,
2585,E0134300012201,大岩墓地,北海道鹿部町字大岩143,,,,,1,1,,,,42.016466738983,140.84661804834,
2586,E0134300013201,本別中央会館,北海道鹿部町字本別224-1,,1,,1,,1,,,1,42.05348983389,140.80553297602,
2587,E0134300014201,鹿部飛行場,北海道鹿部町字本別450-1,,,,,1,,,,,42.042638500135,140.79195783123,
2588,E0134300015201,鹿部カントリークラブ駐車場,北海道鹿部町字本別530-248,,,,,1,,,,,42.07351,140.771409,
2589,E0134300016201,ひょうたん沼公園,北海道鹿部町字本別540-201,,,,1,1,1,,,,42.072337459055,140.79795114802,
2590,E0134300017201,出来澗会館,北海道鹿部町字本別540-7,1,1,,,,,,,1,42.074808253274,140.79724495016,
2591,E0134300018201,本別生活改善センター,北海道鹿部町字本別70-1,1,1,,,,,,,,42.049803287613,140.81109587753,
2592,E0133700001201,桜町振興会館,北海道七飯町桜町1-9-30,1,1,,,,,1,1,,41.902037,140.687022,
2593,E0133700002201,池田園駅前会館,北海道七飯町字軍川77-2,1,1,,,,,1,,,41.989147739978,140.70192091096,
2594,E0133700003201,大沼岳陽学校グラウンド,北海道七飯町字上軍川180-2,1,1,,1,,1,1,,1,41.983277,140.69034,
2595,E0133700003202,大沼岳陽学校屋内体育館,北海道七飯町字上軍川180-2,1,1,,1,,1,1,,1,41.983960495047,140.69065329776,
2596,E0133700004201,川尻町内会館,北海道七飯町字上軍川376,1,1,,,,,1,,,41.980568547408,140.69346310076,
2597,E0133700005201,軍川振興会館,北海道七飯町字上軍川808,1,,,1,,,1,,,41.977226246055,140.7155899536,
2598,E0133700006201,旧軍川小学校グラウンド,北海道七飯町字上軍川808-1,1,,,1,,1,1,,,41.97610096507,140.71512548436,
2599,E0133700007201,俄路会館,北海道七飯町字上軍川968-2,1,1,,,,,1,,,41.96131352483,140.70839576352,
2600,E0133700008201,藤城青葉台町内会館,北海道七飯町字上藤城313-169,1,1,,,,,1,1,,41.912848453387,140.68672904585,
2601,E0133700009201,上藤城会館,北海道七飯町字上藤城5-1,1,1,,1,,,1,1,1,41.90917254393,140.68172866064,
2602,E0133700010201,西大沼会館,北海道七飯町字西大沼340-2,1,1,,1,,1,1,,1,41.994269195884,140.6357798654,
2603,E0133700011201,南北海道大沼婦人会館,北海道七飯町字大沼町212-2,1,1,,,,,1,,,41.981286441804,140.67168173962,
2604,E0133700012201,旧大沼小学校グラウンド,北海道七飯町字大沼町429-2,1,1,,1,,1,1,,,41.977831632664,140.67572093143,
2605,E0133700013201,大沼多目的会館,北海道七飯町字大沼町502-1,1,1,,1,,1,1,,1,41.97347400749,140.67218041555,
2606,E0133700014201,旧大沼公民館,北海道七飯町字大沼町699,1,1,,,,,1,,,41.971365977072,140.67347386055,
2607,E0133700015201,吉野山会館,北海道七飯町字大沼町914,1,1,,1,,,1,,,41.973078529802,140.69091051962,
2608,E0133700016201,中島会館,北海道七飯町字中島16-2,1,1,,1,,,1,1,,41.865364500504,140.71210593503,
2609,E0133700017201,鶴野地域センター（屋内運動場）,北海道七飯町字鶴野229-2,1,1,,1,,1,1,1,1,41.881098726993,140.68090936568,
2610,E0133700018201,鶴野会館,北海道七飯町字鶴野248-3,,1,,,,,1,1,,41.881005424817,140.68217247008,
2611,E0133700020201,東大沼多目的グラウンド,北海道七飯町字東大沼28-2,1,1,,1,,1,1,,,42.017353137326,140.71818805516,
2612,E0133700022201,旧東大沼小学校グラウンド,北海道七飯町字東大沼403,1,1,,1,,1,1,,1,42.000452899582,140.73043985334,
2613,E0133700023202,藤城小学校屋内体育館,北海道七飯町字藤城268,1,1,,1,,1,1,1,1,41.918678186901,140.67408625246,
2614,E0133700023201,藤城小学校グラウンド,北海道七飯町字藤城268,1,1,,1,,1,1,1,1,41.918562429522,140.67500893237,
2615,E0133700024201,藤城公民館,北海道七飯町字藤城9-2,1,1,,,,,1,1,,41.917201070746,140.67390846099,
2616,E0133700025201,峠下公民館,北海道七飯町字峠下159-2,1,1,,,,,1,1,,41.926721123142,140.64883511297,
2617,E0133700026201,道の駅駐車場,北海道七飯町字峠下318,,1,,1,,1,1,1,,41.9256712251421,140.657144465505,
2618,E0133700027202,峠下小学校屋内体育館,北海道七飯町字峠下420-1,1,1,,1,,1,1,1,1,41.929337320975,140.65408554781,
2619,E0133700027201,峠下小学校グラウンド,北海道七飯町字峠下420-1,1,1,,1,,1,1,1,1,41.929792289179,140.65390315761,
2620,E0133700028201,水防センター,北海道七飯町字飯田町167,,1,,1,,1,1,1,1,41.897812582615,140.67464490363,
2621,E0133700029201,豊田会館,北海道七飯町字豊田171-1,,1,,,,,1,1,,41.859190694396,140.69466091533,
2622,E0133700031201,大川コミニュティセンター,北海道七飯町大川1-2-17,1,1,,1,,1,1,1,1,41.854045218032,140.71989169593,
2623,E0133700030201,大川会館,北海道七飯町大川11-345,1,1,,,,,1,1,,41.868893396091,140.72527580656,
2624,E0133700032201,松の木町内会館,北海道七飯町大川2-18-12,1,1,,1,,,1,1,1,41.853083010745,140.72769457657,
2625,E0133700033201,大川美園振興会館,北海道七飯町大川4-10-1,1,1,,,,,1,1,,41.859142621933,140.72217483865,
2626,E0133700034201,大川十字街町内会館,北海道七飯町大川5-18-2,1,1,,1,,,1,1,,41.861401291235,140.72054435179,
2627,E0133700035201,東大川振興会館,北海道七飯町大川9-25-11,1,1,,1,,,1,1,1,41.860154846945,140.72917710978,
2628,E0133700036201,大中山小学校グラウンド,北海道七飯町大中山2-1-5,1,1,,1,,1,1,1,1,41.865973714197,140.71781943356,
2629,E0133700036202,大中山小学校屋内体育館,北海道七飯町大中山2-1-5,1,1,,1,,1,1,1,1,41.865710048594,140.7171166948,
2630,E0133700037201,グリーンヒルななえ町内会館,北海道七飯町大中山2-30-4,1,1,,1,,,1,1,,41.867962784608,140.71659482301,
2631,E0133700038201,大中山コモン,北海道七飯町大中山3-275-2,1,1,,1,,1,1,1,1,41.870134465628,140.71826565164,
2632,E0133700039202,大中山中学校屋内体育館,北海道七飯町大中山3-291-1,1,1,,1,,1,1,1,1,41.869798247137,140.72110879319,
2633,E0133700039201,大中山中学校グラウンド,北海道七飯町大中山3-291-1,1,1,,1,,1,1,1,1,41.86887946272,140.71893083947,
2634,E0133700040203,武佐川会館,北海道七飯町大中山4-183,1,,,,,,1,1,,41.875231,140.715938,
2635,E0133700041201,あかまつ公園,北海道七飯町大中山5-122-1,1,1,,1,,1,1,1,,41.878036878453,140.70616639436,
2636,E0133700042201,高見会館,北海道七飯町大中山7-594-1,1,1,,,,,1,1,,41.879000889352,140.71379172367,
2637,E0133700043201,本町光陽会館,北海道七飯町本町2-141-1,1,1,,1,,,1,1,,41.897093067133,140.68213854353,
2638,E0133700044201,本町振興会館,北海道七飯町本町3-17-62,1,1,,1,,,1,1,1,41.889750353508,140.69025496951,
2639,E0133700045201,寿会館,北海道七飯町本町4-22-29,1,1,,,,,1,1,,41.895864481583,140.68791240123,
2640,E0133700046201,七飯町地域センター,北海道七飯町本町4-8-1,1,1,,,,,1,1,,41.897456843727,140.69020253309,
2641,E0133700047201,本町見晴振興会館,北海道七飯町本町5-17-19,1,1,,,,,1,1,,41.892971933569,140.69666176367,
2642,E0133700048201,本町多目的グラウンド,北海道七飯町本町5-24-1,1,1,,1,,1,1,1,,41.89208682817,140.69556630434,
2643,E0133700049201,スポーツセンター,北海道七飯町本町5-6-1,1,1,,,,,1,1,,41.895038852189,140.69544880208,
2644,E0133700050201,文化センター,北海道七飯町本町6-1-2,1,1,,1,,1,1,1,1,41.897031531681,140.69443465875,
2645,E0133700052201,七重小学校グラウンド,北海道七飯町本町6-2-11,1,1,,1,,1,1,1,1,41.895728726316,140.69245289881,
2646,E0133700052202,七重小学校屋内体育館,北海道七飯町本町6-2-11,1,1,,1,,1,1,1,1,41.897548373553,140.69299515212,
2647,E0133700053202,七飯中学校屋内体育館,北海道七飯町本町6-9-1,1,,,1,,1,1,1,,41.900208788481,140.69564472752,
2648,E0133700053201,七飯中学校グラウンド,北海道七飯町本町6-9-1,1,,,1,,1,1,1,,41.900015833995,140.69361664571,
2649,E0133700054201,冬トピア団地集会場,北海道七飯町本町8-15-5,1,,,1,,,1,1,,41.899673101506,140.69665707424,
2650,E0133700055201,鳴川振興会館,北海道七飯町鳴川3-12-1,1,1,,1,,,1,1,1,41.886287929567,140.69576071164,
2651,E0133700056201,果樹センター,北海道七飯町鳴川4-248,1,1,,,,,1,1,,41.882479794109,140.70504691244,
2652,E0133700057201,鳴川中央町内会館,北海道七飯町鳴川5-10-36,1,1,,1,,,1,1,,41.889756657417,140.69775098034,
2653,E0133700058201,鳴川高台団地集会所,北海道七飯町鳴川5-19-2,1,1,,1,,,1,1,,41.889464781412,140.702300366,
2654,E0133700059201,緑町会館,北海道七飯町緑町2-8-26,1,1,,,,,1,1,,41.883432369551,140.68789555375,
2655,E0120500068201,みゆき町公園,北海道室蘭市みゆき町1-12,1,1,,,1,,,,,42.329422,141.01315,
2656,E0120500200201,天理教輪西分教会,北海道室蘭市みゆき町1-16-7,1,1,,,,,,,,42.332246,141.01152,
2657,E0120500287201,廣徳寺,北海道室蘭市みゆき町1-6-5,1,1,,,,,,,,42.33146,141.009642,
2658,E0120500298201,双葉保育所,北海道室蘭市みゆき町2--16-1,1,1,,,1,,,,,42.332521,141.015858,
2659,E0120500171201,西乘寺,北海道室蘭市みゆき町2-8-5,1,1,,,1,,,,,42.331829,141.013894,
2660,E0120500137201,室蘭高等技術専門学院,北海道室蘭市みゆき町2-9-5,1,1,,,1,,,,,42.331597,141.015093,
2661,E0120500133201,室蘭ユースホステル,北海道室蘭市みゆき町3-12-2,1,1,,,1,,,,,42.329807,141.017514,
2662,E0120500195201,潮見公園,北海道室蘭市みゆき町3-289,1,1,,,,,,,,42.333007,141.01937,
2663,E0120500289201,絆ホール室蘭,北海道室蘭市栄町1-8-8,1,1,,,,,,,,42.312722,140.970086,
2664,E0120500075201,栄町公園,北海道室蘭市栄町2-3,1,1,,,,,,,,42.311444,140.972995,
2665,E0120500141201,室蘭市武揚体育館,北海道室蘭市栄町2-3-3,1,1,,,,,,,,42.311925,140.973031,
2666,E0120500161201,常盤保育所,北海道室蘭市栄町2-6-16,1,1,,,,,,,,42.311408,140.972214,
2667,E0120500186201,中央埠頭多目的広場,北海道室蘭市海岸町1,1,1,,,,,,,,42.325685,140.972284,
2668,E0120500069201,レインボー公園,北海道室蘭市海岸町1-2,1,1,,,,,,,,42.318635,140.974958,
2669,E0120500090204,旧室蘭駅舎公園,北海道室蘭市海岸町1-5,1,1,,,,,,,,42.322437,140.970459,
2670,E0120500293202,旧室蘭駅舎,北海道室蘭市海岸町1-5-1,1,1,,,,,,,,42.322156,140.970214,
2671,E0120500076201,海岸町２丁目公園,北海道室蘭市海岸町2-2,1,1,,,,,,,,42.322013,140.969754,
2672,E0120500296201,むろらん仲間の家,北海道室蘭市海岸町2-6-1,1,,,,1,,,,,42.321838,140.969191,
2673,E0120500099201,港町会館,北海道室蘭市海岸町3-11-7,1,1,,,1,,,,,42.324264,140.967605,
2674,E0120500066201,みなとが丘児童遊園地,北海道室蘭市海岸町3-14,1,1,,,1,,,,,42.32429,140.966604,
2675,E0120500077201,海岸町３丁目公園,北海道室蘭市海岸町3-7,1,1,,,1,,,,,42.325826,140.967545,
2676,E0120500081201,絵鞆町会館,北海道室蘭市絵鞆町1-11-12,1,1,,,1,,,,,42.337017,140.938832,
2677,E0120500079201,絵鞆２丁目公園,北海道室蘭市絵鞆町2-19,1,1,,,1,,,,,42.334349,140.937864,
2678,E0120500078201,絵鞆２丁目２号公園,北海道室蘭市絵鞆町2-6,1,1,,,1,,,,,42.337117,140.934798,
2679,E0120500080201,絵鞆３丁目公園,北海道室蘭市絵鞆町3-8,1,1,,,1,,,,,42.33301,140.941271,
2680,E0120500055201,エンルムマリーナ室蘭センターハウス,北海道室蘭市絵鞆町4-2-14,1,1,,,,,,,,42.340474,140.940715,
2681,E0120500291201,蓬崍殿,北海道室蘭市宮の森町1-1,1,1,,,1,,,,,42.355471,141.021223,
2682,E0120500192201,中島中央会館,北海道室蘭市宮の森町1-1-59,1,1,,,1,,,,,42.353509,141.022421,
2683,E0120500084201,楽山三ツ和会館,北海道室蘭市宮の森町1-11-3,1,1,,,1,,,,,42.357056,141.024644,
2684,E0120500001201,旭ヶ丘小学校グラウンド,北海道室蘭市宮の森町1-5,1,1,,,1,,,,,42.35637078,141.0221428,
2685,E0120500003201,室蘭工業高等学校グラウンド,北海道室蘭市宮の森町3-1-1,1,1,,,,,,,1,42.35552476,141.0291173,
2686,E0120500295201,楽山保育園,北海道室蘭市宮の森町3-1-95,1,1,,,1,,,,,42.35677,141.031,
2687,E0120500088201,宮の森小公園,北海道室蘭市宮の森町3-7,1,1,,,,,,,,42.355951,141.031817,
2688,E0120500089201,宮の森町会館,北海道室蘭市宮の森町3-9-18,1,1,,,,,,,,42.354985,141.030182,
2689,E0120500189201,中島公園,北海道室蘭市宮の森町4-1,1,1,,,1,,,,,42.353075,141.025526,
2690,E0120500087201,宮の森旭通り親交会会館,北海道室蘭市宮の森町4-6-10,1,1,,,,,,,,42.353382,141.027894,
2691,E0120500092201,御崎公園,北海道室蘭市御崎町2-6,1,1,,,1,,,,,42.330528,140.994103,
2692,E0120500093201,御崎町内会会館,北海道室蘭市御崎町2-7-37,1,1,,,,,,,,42.330661,140.993376,
2693,E0120500086201,願隆寺,北海道室蘭市御前水町1-11-9,1,1,,,1,,,,,42.32318,141.000074,
2694,E0120500288201,淨誓寺,北海道室蘭市御前水町1-23-33,1,1,,,1,,,,,42.322633,141.001246,
2695,E0120500094201,御前水１丁目公園,北海道室蘭市御前水町1-3,1,1,,,1,,,,,42.325437,140.998699,
2696,E0120500095201,御前水公園,北海道室蘭市御前水町2-2,1,1,,,1,,,,,42.322286,140.998592,
2697,E0120500096201,御前水町会館,北海道室蘭市御前水町2-2-5,1,1,,,1,,,,,42.32267,140.998255,
2698,E0120500097201,護国寺,北海道室蘭市御前水町3-1-1,1,1,,,1,,,,,42.318594,140.994991,
2699,E0120500082201,開運公園,北海道室蘭市幸町1,1,1,,,,,,,,42.314855,140.974639,
2700,E0120500067201,みなと小学校グラウンド,北海道室蘭市港南町2-5-1,1,1,,,1,,,,,42.332762,140.953413,
2701,E0120500102201,港北中央会館,北海道室蘭市港北町1-4-9,1,1,,,,,,,,42.35972,140.986422,
2702,E0120500056201,室蘭市サンライフ,北海道室蘭市港北町1-6-2,1,1,,,,,,,,42.360521,140.983877,
2703,E0120500119201,桜ヶ丘幼稚園,北海道室蘭市港北町2-26-30,1,1,,,1,,,,,42.363675,140.989717,
2704,E0120500101201,港北公園,北海道室蘭市港北町2-354,1,1,,,1,,,,,42.368026,140.992599,
2705,E0120500100201,港北ふれあいセンター,北海道室蘭市港北町3-29-1,1,1,,,1,,,,,42.362893,140.992427,
2706,E0120500009201,蘭北小学校グラウンド,北海道室蘭市港北町4-9,1,1,,,1,,,,,42.3644186,140.9949988,
2707,E0120500116201,高砂緑ヶ丘町会会館,北海道室蘭市高砂町1-12-11,1,1,,,1,,,,,42.35768,141.037282,
2708,E0123000001201,緑ヶ丘公園付近（旧高砂小学校付近）,北海道室蘭市高砂町1-30,,,,,1,,,,,42.361288,141.037468,
2709,E0120500292201,緑ヶ丘公園,北海道室蘭市高砂町1-30,1,1,,,1,,,,,42.361234,141.037454,
2710,E0120500104201,高砂１丁目公園,北海道室蘭市高砂町1-4,1,1,,,1,,,,,42.358051,141.033097,
2711,E0120500110201,高砂第一会館,北海道室蘭市高砂町1-52-34,1,1,,,,,,,,42.362592,141.041212,
2712,E0120500114201,高砂東公園,北海道室蘭市高砂町2-23,1,1,,,1,,,,,42.36959,141.032819,
2713,E0120500111201,高砂第三町会会館,北海道室蘭市高砂町2-5-18,1,1,,,1,,,,,42.36071,141.033119,
2714,E0120500112201,高砂中央会館,北海道室蘭市高砂町3-11-3,1,1,,,1,,,,,42.366935,141.032884,
2715,E0120500105201,高砂３丁目公園,北海道室蘭市高砂町3-14,1,1,,,1,,,,,42.365968,141.037452,
2716,E0120500109201,わかば会館,北海道室蘭市高砂町3-14-4,1,1,,,1,,,,,42.366194,141.037027,
2717,E0120500011201,海星学院高等学校グラウンド,北海道室蘭市高砂町3-7,1,1,,,1,,,,,42.36534541,141.0327177,
2718,E0120500209201,東明公園,北海道室蘭市高砂町4-16,1,1,,,1,,,,,42.369584,141.03283,
2719,E0120500106201,高砂４丁目公園,北海道室蘭市高砂町4-25,1,1,,,1,,,,,42.368249,141.034578,
2720,E0120500013201,室蘭東翔高等学校グラウンド,北海道室蘭市高砂町4-35,1,1,,,1,,,,,42.36857476,141.037156,
2721,E0123000187201,北海道室蘭東翔高等学校グラウンド,北海道室蘭市高砂町4-35,,1,,1,1,,,,,42.368404,141.037016,
2722,E0120500014201,室蘭東翔高等学校体育館,北海道室蘭市高砂町4-35-1,,1,,,1,,,,1,42.369374,141.036805,
2723,E0120500015201,東明中学校グラウンド,北海道室蘭市高砂町4-9,1,1,,,1,,,,,42.36974335,141.0315431,
2724,E0120500113201,高砂町会館,北海道室蘭市高砂町5-14-2,1,1,,,1,,,,,42.372898,141.036111,
2725,E0120500107201,高砂５丁目２号公園,北海道室蘭市高砂町5-26,1,1,,,1,,,,,42.372376,141.037674,
2726,E0120500108201,高砂５丁目公園,北海道室蘭市高砂町5-5,1,1,,,1,,,,,42.375495,141.034065,
2727,E0120500117201,崎守町会館,北海道室蘭市崎守町100,1,1,,,1,,,,,42.373636,140.927054,
2728,E0120500118201,崎守臨海公園,北海道室蘭市崎守町387,1,1,,,,,,,,42.369832,140.927084,
2729,E0120500132201,室蘭ベルコ会館,北海道室蘭市山手町1-1-8,1,1,,,1,,,,,42.316355,140.977502,
2730,E0120500017201,室蘭西中学校グラウンド,北海道室蘭市山手町2-10,1,,,,1,,,,,42.31325282,140.9794562,
2731,E0120500018201,室蘭西中学校,北海道室蘭市山手町2-10-1,1,,,,1,,,,,42.312481,140.978699,
2732,E0120500176201,大川原脳神経外科病院　３階以上,北海道室蘭市寿町1-10-1,,,,,1,,,,,42.348153,141.030996,
2733,E0120500208201,東町保育所,北海道室蘭市寿町1-11-5,1,1,,,,,,,,42.348552,141.031424,
2734,E0120500149201,寿町町会会館,北海道室蘭市寿町1-18-6,1,1,,,,,,,,42.350658,141.031056,
2735,E0120500124201,市営寿町団地（１２－Ｋ－３）　３階以上,北海道室蘭市寿町1-8-1,,,,,1,,,,,42.347405,141.032377,
2736,E0120500148201,寿公園,北海道室蘭市寿町1-9,1,1,,,,,,,,42.347703,141.031408,
2737,E0120500146201,寿２丁目公園,北海道室蘭市寿町2-12,1,1,,,,,,,,42.350573,141.033834,
2738,E0120500123201,市営寿団地（９５・ＲＣ）３階以上,北海道室蘭市寿町3-10-2,,,,,1,,,,,42.345155,141.034099,
2739,E0120500051202,あけぼの公園,北海道室蘭市寿町3-11,1,1,,,,,,,,42.34538,141.033816,
2740,E0120500073201,雲上閣メモリアル,北海道室蘭市寿町3-16-3,1,1,,,,,,,,42.347003,141.033923,
2741,E0120500074201,雲上閣本館,北海道室蘭市寿町3-3-2,1,1,,,,,,,,42.345289,141.032896,
2742,E0120500147201,寿３丁目町会会館,北海道室蘭市寿町3-8-18,1,1,,,,,,,,42.3441,141.034731,
2743,E0120500122201,市営寿団地（９４・Ｒ－Ｃ）３階以上,北海道室蘭市寿町3-9-3,,,,,1,,,,,42.344942,141.034474,
2744,E0120500150201,舟見町会館,北海道室蘭市舟見町2-1-6,1,1,,,,,,,,42.311459,140.973389,
2745,E0120500210201,特養老人ホーム　エンルムハイツ,北海道室蘭市祝津町3-16-32,1,1,,,1,,,,,42.333172,140.943632,
2746,E0120500278201,養護老人ホームあいらん,北海道室蘭市祝津町3-16-47,1,1,,,1,,,,,42.334116,140.942688,
2747,E0120500151201,祝津公園,北海道室蘭市祝津町3-4,1,1,,,1,,,,,42.337014,140.943805,
2748,E0120500153201,祝津臨海公園,北海道室蘭市祝津町4,1,1,,,,,,,,42.3412,140.947482,
2749,E0120500247201,白鳥大橋記念館「みたら」,北海道室蘭市祝津町4-16-15,1,1,,,,,,,,42.341939,140.943635,
2750,E0120500152201,祝津町会館,北海道室蘭市祝津町4-4-2,1,1,,,,,,,,42.340705,140.947992,
2751,E0120500155201,小橋内１丁目公園,北海道室蘭市小橋内町1-18,1,1,,,,,,,,42.332297,140.960778,
2752,E0120500157201,小橋内町会館,北海道室蘭市小橋内町1-18-18,1,1,,,1,,,,,42.331855,140.960321,
2753,E0120500156201,小橋内２丁目公園,北海道室蘭市小橋内町2-17,1,1,,,1,,,,,42.325861,140.956719,
2754,E0120500159201,常盤公園,北海道室蘭市常盤町16,1,,,,1,,,,,42.316566,140.965857,
2755,E0120500270201,本教寺,北海道室蘭市常盤町6-14,1,1,,,1,,,,,42.317015,140.969443,
2756,E0120500218201,日本製鋼所㈱室蘭労働組合事務所,北海道室蘭市新富町1-3-25,1,1,,,1,,,,,42.315422,140.98625,
2757,E0120500162201,陣屋１号公園,北海道室蘭市陣屋町3-15,1,,,,1,,,,,42.368532,140.954314,
2758,E0120500164201,陣屋町会館,北海道室蘭市陣屋町3-16-3,1,1,,,1,,,,,42.36935,140.953584,
2759,E0120500163201,陣屋３号公園,北海道室蘭市陣屋町4-13,1,1,,,1,,,,,42.373939,140.959141,
2760,E0120500165201,水元町会館,北海道室蘭市水元町28-19,1,1,,,1,,,,,42.376964,141.035196,
2761,E0120500020201,室蘭工業大学体育館,北海道室蘭市水元町34-1,,1,,,1,,,,1,42.377888,141.035947,
2762,E0123000188201,国立大学法人室蘭工業大学グラウンド,北海道室蘭市水元町37,,1,,1,1,,,,,42.379135,141.035446,
2763,E0120500136201,室蘭工業大学グラウンド,北海道室蘭市水元町37,1,1,,,1,,,,,42.3792,141.036045,
2764,E0120500057201,せせらぎ公園,北海道室蘭市水元町43,1,1,,,1,,,,,42.382477,141.035079,
2765,E0123000179201,室蘭市立天神小学校グラウンド,北海道室蘭市水元町5-1,1,1,,1,1,,,,1,42.374796,141.032894,
2766,E0120500021201,天神小グラウンド,北海道室蘭市水元町5-1,1,1,,,1,,,,1,42.374911,141.032845,
2767,E0120500054201,うぐいす公園,北海道室蘭市水元町53,1,1,,,1,,,,,42.385862,141.033129,
2768,E0120500168201,清水町２丁目公園,北海道室蘭市清水町2-12,1,1,,,1,,,,,42.317972,140.959051,
2769,E0120500169201,清水町会館,北海道室蘭市清水町2-9-8,1,1,,,1,,,,,42.316745,140.961967,
2770,E0120500249201,幡守公園,北海道室蘭市石川町132-1,1,1,,,1,,,,,42.382419,140.928467,
2771,E0120500139201,室蘭市地域交流センター,北海道室蘭市石川町166-4,1,1,,,1,,,,,42.384716,140.930536,
2772,E0120500022201,げんき館ペトトル,北海道室蘭市石川町20-3,1,1,,,,,,,,42.380326,140.918206,
2773,E0120500170201,西いぶり総合公園（多目的広場）,北海道室蘭市石川町22-2,1,1,,,1,,,,,42.380935,140.918479,
2774,E0120500023201,喜門岱小学校グラウンド,北海道室蘭市石川町282-36,1,1,,,1,,,,1,42.39348561,140.9692672,
2775,E0120500174201,増市１丁目公園,北海道室蘭市増市町1-17,1,1,,,1,,,,,42.323964,140.952093,
2776,E0120500175201,増市町会館,北海道室蘭市増市町1-17-20,1,1,,,1,,,,,42.323674,140.950802,
2777,E0120500173201,増市１丁目２号公園,北海道室蘭市増市町1-9,1,1,,,1,,,,,42.32586,140.95242,
2778,E0120500024201,室蘭清水丘高等学校グラウンド,北海道室蘭市増市町2-6-16,1,1,,,1,,,,1,42.32288233,140.9484107,
2779,E0120500167201,瑞の江公園,北海道室蘭市大沢町1-3,1,1,,,,,,,,42.333096,141.000099,
2780,E0120500166201,瑞の江会館,北海道室蘭市大沢町1-3-3,1,1,,,,,,,,42.333843,141.000203,
2781,E0120500172201,善行寺,北海道室蘭市大沢町2-1-10,1,,,,1,,,,,42.332302,141.005519,
2782,E0120500294201,わかさのアリーナ,北海道室蘭市大沢町2-20-1,1,,,,1,,,,,42.329612,141.007932,
2783,E0120500261201,富之沢自治会館,北海道室蘭市大沢町2-23-13,1,1,,,1,,,,,42.327011,141.006571,
2784,E0120500286201,蓮華寺,北海道室蘭市大沢町2-28-12,1,,,,1,,,,,42.329023,141.004505,
2785,E0120500279201,立雲寺,北海道室蘭市大沢町2-4-1,1,,,,1,,,,,42.332387,141.005102,
2786,E0120500297201,大谷ホール,北海道室蘭市沢町10-3,1,,,,1,,,,,42.322049,140.967127,
2787,E0120500178201,沢町会館,北海道室蘭市沢町6-2,1,1,,,1,,,,,42.322217,140.966534,
2788,E0120500025201,桜蘭中学校,北海道室蘭市知利別町1-11-30,,,,,1,,,,,42.359115,141.020612,
2789,E0120500083201,楽山公園,北海道室蘭市知利別町2-16,1,1,,,1,,,,,42.35925,141.023954,
2790,E0120500181201,知利別町楽山ヶ丘自治会会館,北海道室蘭市知利別町2-20-24,1,1,,,1,,,,,42.359748,141.025109,
2791,E0120500180201,知利別中央会館,北海道室蘭市知利別町2-27-26,,1,,,1,,,,,42.360979,141.022743,
2792,E0120500179201,知利別４丁目公園,北海道室蘭市知利別町4-1,1,1,,,1,,,,,42.363582,141.027034,
2793,E0120500182201,知利別南公園,北海道室蘭市知利別町4-40,1,1,,,1,,,,,42.367539,141.028963,
2794,E0120500131201,室蘭プリンスホテル,北海道室蘭市中央町1-4-9,1,1,,,1,,,,,42.319421,140.970139,
2795,E0120500185201,中央町浜町会館,北海道室蘭市中央町2-4-16,1,1,,,,,,,,42.318172,140.972188,
2796,E0120500160201,常盤町会館,北海道室蘭市中央町2-8-23,1,1,,,1,,,,,42.316998,140.969964,
2797,E0120500183201,中央町３丁目町会会館,北海道室蘭市中央町3-1-6,1,1,,,,,,,,42.315103,140.975282,
2798,E0120500184201,中央町小公園,北海道室蘭市中央町3-8,1,1,,,,,,,,42.316601,140.972054,
2799,E0120500305201,ＦＫホールディングス生涯学習センターきらん　２階以上,北海道室蘭市中島町2-22-1,,,,,1,,,,,42.351631,141.018723,
2800,E0120500062201,ベルコシティホールやわらぎ,北海道室蘭市中島町2-23-2,,1,,,,,,,,42.352085,141.017941,
2801,E0120500064201,ホテルニューバジェット室蘭　３階以上,北海道室蘭市中島町2-25-8,,,,,1,,,,,42.35202,141.020145,
2802,E0120500063201,アパホテル室蘭　３階以上,北海道室蘭市中島町2-28-6,,,,,1,,,,,42.353211,141.019763,
2803,E0120500196201,潮止公園,北海道室蘭市中島町2-4,1,1,,,,,,,,42.350043,141.015648,
2804,E0120500191201,中島西口町会館,北海道室蘭市中島町3-39-1,1,1,,,,,,,,42.350523,141.026125,
2805,E0120500190201,中島小公園,北海道室蘭市中島町3-9,1,1,,,,,,,,42.350357,141.021578,
2806,E0120500060201,ひまわりＳ室蘭店立体駐車場　３階以上,北海道室蘭市中島町4-14,,,,,1,,,,,42.348057,141.020014,
2807,E0120500188201,中島あすなろ町会会館,北海道室蘭市中島町4-8-1,,1,,,,,,,,42.346976,141.016656,
2808,E0120500187201,中島４丁目公園,北海道室蘭市中島町4-9,1,1,,,,,,,,42.348268,141.017838,
2809,E0120500130201,市民斎場　聖天閣,北海道室蘭市中島本町1-12-14,1,1,,,,,,,,42.351855,141.006767,
2810,E0120500193201,中島保育所,北海道室蘭市中島本町2-5-3,1,1,,,,,,,,42.356123,141.016061,
2811,E0120500194201,中島本町公園,北海道室蘭市中島本町2-8,1,1,,,,,,,,42.354985,141.012811,
2812,E0120500115201,高砂北公園（天神町公園）,北海道室蘭市天神町15,1,1,,,1,,,,,42.371324,141.029734,
2813,E0120500199201,天神町会館,北海道室蘭市天神町28-15,1,1,,,1,,,,,42.371035,141.025776,
2814,E0120500198201,天神２号公園,北海道室蘭市天神町8,1,1,,,1,,,,,42.369154,141.02806,
2815,E0120500276201,弥生公園,北海道室蘭市東町1-16,1,1,,,,,,,,42.343036,141.022685,
2816,E0120500126201,市営弥生団地（５３・ＫＲ－１）３階以上,北海道室蘭市東町1-21-1,,,,,1,,,,,42.344038,141.022681,
2817,E0120500128201,市営弥生団地（５４・ＫＲ－２）３階以上,北海道室蘭市東町1-22-1,,,,,1,,,,,42.34453,141.022167,
2818,E0120500127201,市営弥生団地（５４・Ｈ－２）３階以上,北海道室蘭市東町1-24-1,,,,,1,,,,,42.345571,141.022438,
2819,E0120500129201,市営弥生団地（５５・Ｈ－３）３階以上,北海道室蘭市東町1-26-1,,,,,1,,,,,42.34458,141.023728,
2820,E0120500277201,弥生集会所,北海道室蘭市東町1-26-2,1,1,,,,,,,,42.344308,141.023241,
2821,E0120500125201,市営弥生団地（５３・Ｈ－１）３階以上,北海道室蘭市東町1-28-1,,,,,1,,,,,42.345449,141.023238,
2822,E0120500158201,障害者福祉総合センター,北海道室蘭市東町2-1-6,1,1,,,,,,,,42.346148,141.023933,
2823,E0120500201201,東公園,北海道室蘭市東町2-10,1,1,,,,,,,,42.344432,141.02741,
2824,E0120500204201,東町会館,北海道室蘭市東町2-16-1,1,1,,,,,,,,42.34742,141.025371,
2825,E0120500143201,室蘭市防災センター,北海道室蘭市東町2-28-7,1,1,,,1,,,,,42.34703,141.023573,津波災害は３階以上
2826,E0120500202201,東室蘭自由通路　通路部,北海道室蘭市東町2-29-4,,,,,1,,,,,42.348694,141.02534,
2827,E0120500053201,イタンキ生活館,北海道室蘭市東町3-13-4,1,,,,,,,,,42.339399,141.031251,
2828,E0120500053202,イタンキ高台避難場所,北海道室蘭市東町3-13-4,,,,,1,,,,,42.340228,141.031116,
2829,E0120500045201,海陽小学校グラウンド,北海道室蘭市東町3-18,1,1,,,,,,,,42.342757,141.029271,
2830,E0120500026201,海陽小学校,北海道室蘭市東町3-18-1,1,1,,,1,,,,,42.3421277,141.0284631,
2831,E0120500047201,室蘭栄高等学校グラウンド,北海道室蘭市東町3-29,1,1,,,,,,,,42.343114,141.031895,
2832,E0120500027201,室蘭栄高等学校,北海道室蘭市東町3-29-5,1,1,,,1,,,,,42.34410149,141.0312762,
2833,E0120500177201,大和公園,北海道室蘭市東町4-15,1,1,,,,,,,,42.338825,141.024322,
2834,E0120500207201,東町中央町会館,北海道室蘭市東町4-16-1,1,1,,,,,,,,42.34095,141.025086,
2835,E0120500142201,室蘭市保健センター,北海道室蘭市東町4-20-6,1,1,,,1,,,,,42.341894,141.02555,津波災害は３階以上
2836,E0120500206201,東町中央公園,北海道室蘭市東町4-22,1,1,,,,,,,,42.340586,141.026087,
2837,E0120500300201,市営東町たいわ団地（９３ＲＣ）　２階以上,北海道室蘭市東町5-1-8,,,,,1,,,,,42.341512,141.020113,
2838,E0120500303201,市営東町たいわ団地（３号棟）　３階以上,北海道室蘭市東町5-10-1,,,,,1,,,,,42.340389,141.021988,
2839,E0120500304201,市営東町たいわ団地（ＫＳ４号棟）　３階以上,北海道室蘭市東町5-10-2,,,,,1,,,,,42.34037,141.022156,
2840,E0120500058201,たいわ集会所,北海道室蘭市東町5-10-3,1,1,,,,,,,,42.339983,141.022861,
2841,E0120500046201,翔陽中学校グラウンド,北海道室蘭市東町5-11,1,1,,,,,,,,42.337979,141.022103,
2842,E0120500028201,翔陽中学校,北海道室蘭市東町5-11-1,1,1,,,1,,,,,42.338897,141.022098,
2843,E0120500070201,旭町会館,北海道室蘭市東町5-15-14,1,1,,,,,,,,42.337625,141.021083,
2844,E0120500203201,東町５丁目公園,北海道室蘭市東町5-22,1,1,,,,,,,,42.336552,141.021908,
2845,E0120500071201,旭町自治会会館,北海道室蘭市東町5-29-6,1,1,,,1,,,,,42.335447,141.01947,
2846,E0120500301201,市営東町たいわ団地（１号棟）　３階以上,北海道室蘭市東町5-4-3,,,,,1,,,,,42.341408,141.022522,
2847,E0120500302201,市営東町たいわ団地（２号棟）　３階以上,北海道室蘭市東町5-4-4,,,,,1,,,,,42.341393,141.02272,
2848,E0120500205201,東町西公園,北海道室蘭市東町5-8,1,,,,,,,,,42.340186,141.021451,
2849,E0120500212201,日の出町１丁目会館,北海道室蘭市日の出町1-15-2,1,1,,,,,,,,42.352025,141.03727,
2850,E0120500217201,日の出町公園,北海道室蘭市日の出町1-17,1,1,,,,,,,,42.351712,141.038591,
2851,E0120500144201,室蘭法務総合庁舎　２階以上,北海道室蘭市日の出町1-18-21,,,,,1,,,,,42.350937,141.037997,
2852,E0120500120201,札幌地方裁判所室蘭支部庁舎　２階以上,北海道室蘭市日の出町1-18-29,,,,,1,,,,,42.35098,141.037069,
2853,E0120500214201,日の出町２丁目中央町会会館,北海道室蘭市日の出町2-15-1,1,1,,,,,,,,42.354639,141.042547,
2854,E0120500213201,日の出町２号公園,北海道室蘭市日の出町2-29,1,1,,,,,,,,42.354167,141.045199,
2855,E0120500052201,いしだ市民斎場,北海道室蘭市日の出町2-31,1,1,,,1,,,,,42.353471,141.044899,
2856,E0123000002201,いしだ市民斎場駐車場付近,北海道室蘭市日の出町2-31-1,,,,,1,,,,,42.353158,141.044144,
2857,E0120500290201,日の出町１号公園,北海道室蘭市日の出町2-5,1,1,,,,,,,,42.354902,141.041152,
2858,E0120500215201,日の出町３号公園,北海道室蘭市日の出町3-10,1,1,,,1,,,,,42.35261,141.045824,
2859,E0120500216201,日の出町４号公園,北海道室蘭市日の出町3-4,1,1,,,1,,,,,42.349993,141.041419,
2860,E0120500220201,入江運動公園,北海道室蘭市入江町1,1,1,,,,,,,,42.321499,140.977291,
2861,E0120500029202,㊆栗林商会アリーナ,北海道室蘭市入江町1-62,1,1,,,,,,,,42.319369,140.977083,
2862,E0120500029201,入江運動公園温水プール,北海道室蘭市入江町1-62,1,1,,,,,,,,42.319863,140.977998,
2863,E0120500134201,室蘭建設会館,北海道室蘭市入江町1-74,1,1,,,,,,,,42.321244,140.975534,
2864,E0120500221201,入江臨海公園,北海道室蘭市入江町1-8,1,1,,,,,,,,42.323239,140.974735,
2865,E0120500222201,柏木公園,北海道室蘭市柏木町13,1,1,,,1,,,,,42.373613,140.994098,
2866,E0120500223201,柏木町会館,北海道室蘭市柏木町31-15,1,1,,,1,,,,,42.375832,140.996043,
2867,E0120500030201,港北中学校グラウンド,北海道室蘭市柏木町361,1,1,,,1,,,,,42.36920746,140.9897948,
2868,E0120500224201,白鳥台１丁目２号公園,北海道室蘭市白鳥台1-11,1,1,,,1,,,,,42.371227,140.932081,
2869,E0120500226201,白鳥台１丁目公園,北海道室蘭市白鳥台1-18,1,1,,,1,,,,,42.370388,140.934448,
2870,E0120500225201,白鳥台１丁目３号公園,北海道室蘭市白鳥台1-26,1,1,,,1,,,,,42.372121,140.935862,
2871,E0120500227201,白鳥台１丁目町会会館,北海道室蘭市白鳥台1-39-3,1,1,,,1,,,,,42.369936,140.934735,
2872,E0120500245201,白鳥台南公園,北海道室蘭市白鳥台2-1,1,,,,1,,,,,42.373932,140.932008,
2873,E0120500032201,白蘭小学校グラウンド,北海道室蘭市白鳥台2-2,1,1,,,1,,,,,42.374466626772,140.93363537054,
2874,E0120500230201,白鳥台２丁目４号公園,北海道室蘭市白鳥台2-25,1,1,,,1,,,,,42.3764,140.932111,
2875,E0120500231201,白鳥台２丁目公園,北海道室蘭市白鳥台2-26,1,1,,,1,,,,,42.377332,140.933165,
2876,E0120500243201,白鳥台みなみ町会館,北海道室蘭市白鳥台2-26-2,1,1,,,1,,,,,42.37741,140.932545,
2877,E0120500229201,白鳥台２丁目３号公園,北海道室蘭市白鳥台2-33,1,1,,,1,,,,,42.378386,140.934711,
2878,E0120500228201,白鳥台２丁目２号公園,北海道室蘭市白鳥台2-44,1,1,,,1,,,,,42.378482,140.937722,
2879,E0120500034201,本室蘭中学校グラウンド,北海道室蘭市白鳥台2-5,1,1,,,1,,,,,42.3754605,140.9375916,
2880,E0120500248201,白鳥保育所,北海道室蘭市白鳥台2-8-3,1,1,,,1,,,,,42.37732,140.937261,
2881,E0120500246201,白鳥台北公園,北海道室蘭市白鳥台3-17,1,1,,,1,,,,,42.381621,140.938495,
2882,E0120500234201,白鳥台３丁目公園,北海道室蘭市白鳥台3-4,1,1,,,1,,,,,42.383427,140.934477,
2883,E0120500232201,白鳥台３丁目２号公園,北海道室蘭市白鳥台3-44,1,1,,,1,,,,,42.383906,140.943805,
2884,E0120500233201,白鳥台３丁目３号公園,北海道室蘭市白鳥台3-9,1,1,,,1,,,,,42.382426,140.932808,
2885,E0120500236201,白鳥台４丁目公園,北海道室蘭市白鳥台4-16,1,1,,,1,,,,,42.381014,140.947426,
2886,E0120500244201,白鳥台東公園,北海道室蘭市白鳥台4-23,1,1,,,1,,,,,42.379138,140.946138,
2887,E0120500235201,白鳥台４丁目２号公園,北海道室蘭市白鳥台4-33,1,1,,,1,,,,,42.379601,140.948565,
2888,E0120500059201,ディ・サービスセンター白鳥ハイツ,北海道室蘭市白鳥台4-8-1,1,,,,1,,,,,42.382952,140.948118,
2889,E0120500242201,白鳥台ショッピングセンター,北海道室蘭市白鳥台5-1-4,1,1,,,1,,,,,42.377637,140.941149,
2890,E0120500237201,白鳥台５丁目２号公園,北海道室蘭市白鳥台5-13,1,1,,,1,,,,,42.380841,140.940416,
2891,E0120500140201,室蘭市白鳥台集会所,北海道室蘭市白鳥台5-2-2,1,1,,,1,,,,,42.378314,140.939766,
2892,E0120500238201,白鳥台５丁目３号公園,北海道室蘭市白鳥台5-29,1,1,,,1,,,,,42.378291,140.943913,
2893,E0120500239201,白鳥台５丁目４号公園,北海道室蘭市白鳥台5-45,1,1,,,1,,,,,42.376115,140.943074,
2894,E0120500240201,白鳥台５丁目５号公園,北海道室蘭市白鳥台5-50,1,1,,,1,,,,,42.37461,140.94256,
2895,E0120500241201,白鳥台５丁目公園,北海道室蘭市白鳥台5-9,1,1,,,1,,,,,42.380012,140.941136,
2896,E0120500255201,八丁平第２南公園,北海道室蘭市八丁平1-26,1,1,,,1,,,,,42.362794,141.003542,
2897,E0120500259201,八丁平南公園,北海道室蘭市八丁平1-31,1,1,,,1,,,,,42.364009,141.004602,
2898,E0120500252201,八丁平５号公園,北海道室蘭市八丁平2-14,1,1,,,1,,,,,42.370389,141.009754,
2899,E0120500036201,北海道大谷室蘭高校グラウンド,北海道室蘭市八丁平3-1,1,1,,,1,,,,,42.37589219,141.0113831,
2900,E0120500256201,八丁平第一町会会館,北海道室蘭市八丁平3-33-1,1,1,,,1,,,,,42.376235,141.015259,
2901,E0120500254201,八丁平８号公園,北海道室蘭市八丁平3-36,1,1,,,1,,,,,42.375807,141.01537,
2902,E0120500250201,八丁平１号公園,北海道室蘭市八丁平4-26,1,1,,,1,,,,,42.368295,141.012737,
2903,E0120500260201,八丁平北公園,北海道室蘭市八丁平4-35,1,1,,,1,,,,,42.371021,141.014074,
2904,E0120500038201,八丁平小学校グラウンド,北海道室蘭市八丁平4-42,1,1,,,1,,,,,42.37253415,141.0150014,
2905,E0120500258201,八丁平町会会館,北海道室蘭市八丁平4-48-7,1,1,,,1,,,,,42.370369,141.016574,
2906,E0120500253201,八丁平５丁目室商跡公園,北海道室蘭市八丁平5-30-2,1,1,,,1,,,,,42.361446,141.007769,
2907,E0120500257201,八丁平中央町会館,北海道室蘭市八丁平5-32-17,1,1,,,1,,,,,42.361816,141.005704,
2908,E0120500251201,八丁平２号公園,北海道室蘭市八丁平5-48,1,1,,,1,,,,,42.36389,141.009502,
2909,E0120500040201,星蘭中学校,北海道室蘭市母恋南町1-32-22,1,,,,1,,,,,42.308696500009,140.99212300761,
2910,E0120500121201,子ども発達支援センター前広場,北海道室蘭市母恋南町2-22,1,1,,,1,,,,,42.312958,141.000041,
2911,E0120500299201,コミュニティプラザ　はーもにー,北海道室蘭市母恋南町2-22-1,1,1,,,1,,,,,42.313087,140.999542,
2912,E0120500266201,母恋南町会館,北海道室蘭市母恋南町2-3-18,1,1,,,1,,,,,42.311445,140.994717,
2913,E0120500267201,母恋南町公園,北海道室蘭市母恋南町4-8,1,1,,,1,,,,,42.307023,141.000384,
2914,E0120500265201,母恋南町５丁目公園,北海道室蘭市母恋南町5-3,1,1,,,1,,,,,42.309496,140.997284,
2915,E0120500135201,室蘭言泉学園,北海道室蘭市母恋南町5-5-39,1,,,,1,,,,,42.308711,140.997464,
2916,E0120500091201,経王寺,北海道室蘭市母恋北町1-17-3,1,1,,,1,,,,,42.31632,140.993223,
2917,E0120500072201,安龍寺,北海道室蘭市母恋北町1-18-3,1,1,,,1,,,,,42.316964,140.99401,
2918,E0120500048201,北海道福祉教育専門学校,北海道室蘭市母恋北町1-5-11,1,1,,,1,,,,,42.313576615577,140.99172854197,
2919,E0120500154201,勝光寺,北海道室蘭市母恋北町1-7-20,1,1,,,1,,,,,42.315298,140.991339,
2920,E0120500043201,地球岬小学校グラウンド,北海道室蘭市母恋北町2-12,1,,,,1,,,,,42.31245906,140.9898296,
2921,E0120500050201,地球岬小学校,北海道室蘭市母恋北町2-12-8,1,,,,1,,,,,42.3121082,140.9894798,
2922,E0120500263201,母恋会館,北海道室蘭市母恋北町2-2-18,1,1,,,1,,,,,42.316598,140.988991,
2923,E0120500264201,母恋公園,北海道室蘭市母恋北町2-6,1,1,,,1,,,,,42.31269,140.990937,
2924,E0120500061201,ひまわり公園,北海道室蘭市幌萌町40-24,1,1,,,1,,,,,42.36518,140.965524,
2925,E0120500269201,幌萌町会館,北海道室蘭市幌萌町42,1,1,,,1,,,,,42.365927,140.96486,
2926,E0120500268201,幌萌１号公園,北海道室蘭市幌萌町93,1,1,,,1,,,,,42.379335,140.973922,
2927,E0120500268202,幌萌２号公園,北海道室蘭市幌萌町93,1,1,,,1,,,,,42.380562,140.97655,
2928,E0120500284201,鈴かけニュータウン会館,北海道室蘭市幌萌町93-339,1,1,,,1,,,,,42.378213,140.977226,
2929,E0120500145201,室蘭民報社本社ビル会議室,北海道室蘭市本町1-3-16,1,1,,,,,,,,42.313463,140.9704,
2930,E0120500272201,本町会館,北海道室蘭市本町2-8-16,1,1,,,,,,,,42.313605,140.971435,
2931,E0120500275201,本輪西町会館,北海道室蘭市本輪西町3-11-12,1,1,,,,,,,,42.365114,140.981077,
2932,E0120500103201,港北保育所,北海道室蘭市本輪西町3-33-1,1,1,,,1,,,,,42.363661,140.984123,
2933,E0120500271201,本光寺,北海道室蘭市本輪西町3-33-7,1,1,,,1,,,,,42.364269,140.983642,
2934,E0120500274201,本輪西公園,北海道室蘭市本輪西町3-4,1,1,,,,,,,,42.364129,140.981261,
2935,E0120500273201,本輪西５丁目公園,北海道室蘭市本輪西町5-18,1,1,,,1,,,,,42.380118,140.98599,
2936,E0120500285201,鈴かけ中央会館,北海道室蘭市本輪西町5-18-6,1,1,,,1,,,,,42.380356,140.986157,
2937,E0120500280201,緑町会館,北海道室蘭市緑町13-8,1,1,,,1,,,,,42.326815,140.964762,
2938,E0120500197201,天照教室蘭分教会,北海道室蘭市緑町9-32,1,1,,,1,,,,,42.327927,140.966611,
2939,E0120500283201,輪西第二町会会館,北海道室蘭市輪西町1-12-3,1,1,,,,,,,,42.333096,141.007587,
2940,E0120500281201,輪西駅前広場,北海道室蘭市輪西町1-20,1,1,,,,,,,,42.333709,141.007603,
2941,E0120500282201,輪西公園,北海道室蘭市輪西町1-34,1,1,,,,,,,,42.333619,141.011837,
2942,E0120500138201,室蘭市市民会館,北海道室蘭市輪西町2-5-1,1,1,,,,,,,,42.334282,141.013417,
2943,E0120500219201,日本製鉄体育館,北海道室蘭市輪西町3-2,1,1,,,1,,,,,42.337162,141.017192,
2944,E0120500098201,光昭寺,北海道室蘭市輪西町3-4-4,1,1,,,,,,,,42.335314,141.016339,
2945,E0154500002201,ウトロ漁村センター広場,北海道斜里町ウトロ香川1,1,1,,1,1,,,,1,44.06966520064,144.99697174219,
2946,E0154500003201,知床ウトロ学校グラウンド,北海道斜里町ウトロ高原20,1,1,,1,1,,,,1,44.06485744,144.9924217,
2947,E0154500004201,オホーツクハイツ,北海道斜里町ウトロ東131,,,,,1,,,,,44.07197298,144.9945767,
2948,E0154500005201,知床グランドホテル北こぶし,北海道斜里町ウトロ東172,,,,,1,,,,,44.07222502,144.9951983,
2949,E0154500006201,知床ノーブルホテル,北海道斜里町ウトロ東3,,,,,1,,,,,44.0703723,144.9935213,
2950,E0154500007201,コーポグランド,北海道斜里町ウトロ東76,,,,,1,,,,,44.07167647,144.9928947,
2951,E0154500010201,旧森のまなびや越川８７グラウンド,北海道斜里町越川89,1,1,,1,1,,,,1,43.86999668,144.7504439,
2952,E0154500011201,光陽広場,北海道斜里町光陽町34,,,,1,,,,,,43.90441629,144.6739773,
2953,E0154500012201,光陽公園,北海道斜里町光陽町49,,,,1,,,,,,43.9041056,144.6784749,
2954,E0154500013201,砂丘公園,北海道斜里町港西町10,,,,1,,,,,1,43.91525325,144.6563235,
2955,E0154500014201,港町公園,北海道斜里町港西町15,,,,1,,,,,,43.9126733,144.6604392,
2956,E0154500015201,ルートイングランティア斜里駅前,北海道斜里町港町16-10,,,,,1,,,,,43.91154718,144.6613157,
2957,E0154500016201,公民館旧三井小学校分館グラウンド,北海道斜里町三井131,1,1,,1,1,,,,1,43.85271469,144.6869474,
2958,E0154500017201,斜里町農業振興センター駐車場,北海道斜里町似久科北586,,,,1,,,,,,43.89215575,144.6894806,
2959,E0154500018201,旧朱円小学校グラウンド,北海道斜里町朱円32,1,1,,1,,,,,,43.90612777,144.7530013,
2960,E0154500020201,いずみの公園,北海道斜里町新光町26,,,,1,,,,,,43.90495631,144.6496547,
2961,E0154500021201,はまなす公園,北海道斜里町青葉町22,,,,1,,,,,,43.90276254,144.6576584,
2962,E0154500022201,青葉公園,北海道斜里町青葉町38,,,,1,,,,,,43.90343129,144.6623898,
2963,E0154500023201,かえで緑地,北海道斜里町青葉町54,,,,1,,,,,,43.90564543,144.6654315,
2964,E0154500024201,旧川上小学校グラウンド,北海道斜里町川上122,1,1,,1,,,,,,43.87207061,144.6438632,
2965,E0154500025201,中斜里農村公園,北海道斜里町中斜里38,,,,1,,,,,1,43.87017648,144.6606873,
2966,E0154500026201,斜里町海洋センター広場,北海道斜里町朝日町20,,1,,1,,,,,1,43.90675472,144.6705543,
2967,E0154500027201,あさひ広場,北海道斜里町朝日町28,,,,1,,,,,,43.90847202,144.6741411,
2968,E0154500028201,斜里町民公園,北海道斜里町朝日町3,1,,,1,1,,,,,43.912519546963,144.68021219029,
2969,E0154500029201,朝日小学校グラウンド,北海道斜里町朝日町6,,,,1,1,,,,1,43.91045409,144.6782783,
2970,E0154500031201,美咲公民館広場,北海道斜里町美咲73,1,1,,1,,,,,1,43.89721848,144.6179365,
2971,E0154500032201,富士コミュニティセンター広場,北海道斜里町富士56,1,1,,1,1,,,,1,43.83831579,144.7331102,
2972,E0154500033201,斜里小学校グラウンド,北海道斜里町文光町29,,,,1,,,,,1,43.90623377,144.6585361,
2973,E0154500034201,斜里町高等学校グラウンド,北海道斜里町文光町5,,,,1,,,,,1,43.90930881,144.6573806,
2974,E0154500035201,斜里中学校グラウンド,北海道斜里町文光町51,,,,1,,,,,1,43.90663909,144.6648479,
2975,E0154500036201,自然休養村管理センター駐車場,北海道斜里町峰浜110,,,,1,,,,,1,43.92674117,144.8068319,
2976,E0154500037201,旧峰浜小学校グラウンド,北海道斜里町峰浜69,1,1,,1,,,,,,43.92848961,144.7963156,
2977,E0154500041201,道の駅しゃり広場,北海道斜里町本町37,,,,1,,,,,1,43.91192508,144.6640576,
2978,E0154500042201,ゆめホール知床広場,北海道斜里町本町4,1,,,1,1,,,,1,43.911146,144.672872,
2979,E0154500043201,旧来運水の学校グラウンド,北海道斜里町来運117,1,1,,1,1,,,,,43.83466468,144.6428204,
2980,E0139200034201,旧磯谷小学校グラウンド,北海道寿都町字磯谷町,,1,,,1,,,,,42.860878,140.352568,
2981,E0139200007201,潮路小学校グラウンド,北海道寿都町字歌棄町歌棄155,,1,,,1,,,,1,42.77044552,140.3012967,
2982,E0139200013201,寿都町総合文化センター外構,北海道寿都町字開進町187-1,,1,,,1,,,,1,42.789392183168,140.23277622275,
2983,E0139200021201,旧樽岸小学校グラウンド,北海道寿都町字樽岸町樽岸172,,1,,,,,,,1,42.7659774,140.2502576,
2984,E0139200022201,寿都町防災広場,北海道寿都町字渡島町132-7,,1,,,1,,,,,42.789828576435,140.23047082275,
2985,E0139200024201,旧湯別小学校グラウンド,北海道寿都町字湯別町下湯別319,,1,,,,,,,1,42.75335152,140.2820582,
2986,E0139200028201,寿都小学校グラウンド,北海道寿都町字矢追町,,1,,,1,,,,,42.79808417,140.2218213,
2987,E0139200031201,寿都中学校グラウンド,北海道寿都町字六条町,,1,,,1,,,,,42.78506132,140.2318322,
2988,E0148500001201,旧第２栄生活改善センター,北海道初山別村字栄142-1,,1,1,,,1,,1,1,44.48126125,141.7641585,
2989,E0148500002201,第１栄部落会館,北海道初山別村字栄878,1,1,1,,1,1,1,1,1,44.45242456,141.7873643,
2990,E0148500003201,福祉の家共成館,北海道初山別村字共成109-1,1,1,1,1,1,1,1,1,1,44.6300454,141.8168174,
2991,E0148500004201,初山別村高齢者生活福祉センター,北海道初山別村字初山別149,1,1,1,1,1,1,1,1,1,44.53366924,141.7691927,
2992,E0148500005201,ふじみへき地保育所,北海道初山別村字初山別153-1,1,1,1,1,1,1,1,1,1,44.53457934,141.7689869,
2993,E0148500006201,初山別村自然交流センター,北海道初山別村字初山別155-1,1,1,1,1,1,1,1,1,1,44.5355329,141.769162,
2994,E0148500007205,初山別村立初山別小学校屋内体育館,北海道初山別村字初山別173-1,1,1,1,1,1,1,1,1,1,44.53287563,141.7707562,
2995,E0148500007202,初山別村立初山別中学校屋内体育館,北海道初山別村字初山別173-1,1,1,1,1,1,1,1,1,1,44.5326596,141.7721859,
2996,E0148500007203,初山別村立初山別中学校校舎,北海道初山別村字初山別173-1,1,1,1,1,1,1,1,1,1,44.53256049,141.7716511,
2997,E0148500007204,初山別村立初山別小学校グラウンド,北海道初山別村字初山別173-1,1,1,1,1,1,1,1,1,1,44.53312215,141.7701002,
2998,E0148500007206,初山別村立初山別小学校校舎,北海道初山別村字初山別173-1,1,1,1,1,1,1,1,1,1,44.53278413,141.7700325,
2999,E0148500007201,初山別村立初山別中学校グラウンド,北海道初山別村字初山別173-1,1,1,1,1,1,1,1,1,1,44.53209794,141.7707241,
3000,E0148500008201,南千代田会館,北海道初山別村字千代田95-1,1,1,1,,1,1,1,1,1,44.52101654,141.7884924,
3001,E0148500009201,岬センター・Ｃｏｓｍｉｃ－ｉｎｎ・みさき台公園内駐車場,北海道初山別村字豊岬153-1,1,1,1,1,1,1,1,1,1,44.56300779,141.7795894,
3002,E0148500009202,岬センター・Ｃｏｓｍｉｃ－ｉｎｎ,北海道初山別村字豊岬153-1,1,1,1,1,1,1,1,1,1,44.56355962,141.7769776,
3003,E0148500010202,旧初山別村立豊岬小中学校屋内体育館,北海道初山別村字豊岬182-1,1,1,1,1,1,1,1,1,1,44.56783075,141.7854252,
3004,E0148500010203,旧初山別村立豊岬小中学校校舎,北海道初山別村字豊岬182-1,1,1,1,1,1,1,1,1,1,44.56770884,141.7859386,
3005,E0148500010201,旧初山別村立豊岬小中学校グラウンド,北海道初山別村字豊岬182-1,1,1,1,1,1,1,1,1,1,44.56772407,141.7843485,
3006,E0148500011202,ふれあいの里豊岬館,北海道初山別村字豊岬220-1,1,1,1,1,1,1,1,1,1,44.57130893,141.7848928,
3007,E0148500011201,ふれあいの里豊岬館駐車場,北海道初山別村字豊岬220-1,1,1,1,1,1,1,1,1,1,44.57109051,141.7847538,
3008,E0148500012201,北明里部落会館,北海道初山別村字明里1748-6,1,1,1,,1,1,1,1,1,44.57081834,141.7931538,
3009,E0148500013201,南明里部落会館,北海道初山別村字明里227-7,1,1,1,,1,1,1,1,1,44.55855696,141.7951182,
3010,E0148500014201,旧明里生活改善センター,北海道初山別村字明里881-2,1,1,1,,1,1,1,1,1,44.55623225,141.785346,
3011,E0148500015201,旧初山別村立有明小学校グラウンド,北海道初山別村字有明336-1,1,1,1,1,1,1,1,1,1,44.44236388,141.7752275,
3012,E0148500015203,旧初山別村立有明小学校校舎,北海道初山別村字有明336-1,1,1,1,1,1,1,1,1,1,44.44256234,141.77592,
3013,E0148500015202,旧初山別村立有明小学校屋内体育館,北海道初山別村字有明336-1,1,1,1,1,1,1,1,1,1,44.44215682,141.776016,
3014,E0148500016201,有明特別母と子の家,北海道初山別村字有明39-4,1,1,1,1,1,1,1,1,1,44.44772219,141.7587867,
3015,E0154700006201,小清水町防災拠点型複合庁舎ワタシノ,北海道小清水町元町2-1-1,1,1,1,1,1,1,1,1,,43.856564,144.462265,
3016,E0154700003201,道の駅はなやか小清水,北海道小清水町字浜小清水474-7,1,1,1,1,1,1,1,1,,43.9336563267533,144.4534179614,
3017,E0120300001201,いなきたコミュニティセンター駐車場,北海道小樽市稲穂5-10-1,,1,,1,1,,,,1,43.20301588,140.9944071,
3018,E0120300003201,塩谷小学校グラウンド,北海道小樽市塩谷2-18-1,1,1,,1,1,,,,1,43.20711989,140.9286046,
3019,E0120300004201,奥沢小学校グラウンド,北海道小樽市奥沢2-5-1,1,,,1,,,,,1,43.17787207,141.0005859,
3020,E0120300008201,山の手小学校グラウンド,北海道小樽市花園5-2-20,,1,,1,,,,,1,43.18492944,140.9891904,
3021,E0120300009201,小樽公園花園グラウンド,北海道小樽市花園5-3,,,,,,1,,,,43.18748294,140.9914668,
3022,E0120300011201,花園小学校グラウンド,北海道小樽市花園5-4-1,1,1,,1,,,,,1,43.188146,140.995378,
3023,E0120300012201,菁園中学校グラウンド,北海道小樽市花園5-4-2,1,1,,1,,,,,1,43.18695074,140.9962254,
3024,E0120300013201,桂岡小学校グラウンド,北海道小樽市桂岡町23-1,,1,,1,,,,,1,43.13714494,141.1413695,
3025,E0120300014201,銭函中学校グラウンド,北海道小樽市見晴町2-12,1,1,,1,1,,,,1,43.1397339,141.1551402,
3026,E0120300016201,銭函小学校グラウンド,北海道小樽市見晴町5-2,1,1,,1,1,,,,1,43.13892559,141.1586532,
3027,E0120300017201,幸小学校グラウンド,北海道小樽市幸4-21-1,,1,,1,,,,,1,43.22023311,140.9646618,
3028,E0120300018201,高島小学校グラウンド,北海道小樽市高島5-6-1,,1,,1,1,,,,1,43.2247077,140.998766,
3029,E0120300020201,小樽未来創造高等学校駐車場,北海道小樽市最上1-29-1,,1,,1,,,,,1,43.18013698,140.9810097,
3030,E0120300021201,松ヶ枝中学校駐車場,北海道小樽市最上1-31-1,,1,,1,,,,,1,43.1807327,140.9793491,
3031,E0120300023201,桜小学校グラウンド,北海道小樽市桜1-16-1,,1,,1,1,,,,1,43.17449524,141.0328722,
3032,E0120300024201,桜町中学校グラウンド,北海道小樽市桜1-29-1,,1,,1,,,,,1,43.17359664,141.0269147,
3033,E0120300026201,小樽水産高等学校グラウンド,北海道小樽市若竹町9-1,1,1,,1,1,,,,1,43.17920083,141.0240467,
3034,E0120300027201,手宮公園陸上競技場,北海道小樽市手宮2-5,,,,,,1,,,,43.21461613,141.0027577,
3035,E0120300029201,双葉中学校グラウンド,北海道小樽市住ノ江1-3-3,,1,,1,1,,,,1,43.18666582,141.0058832,
3036,E0120300030201,旧祝津小学校グラウンド,北海道小樽市祝津3-64,,1,,1,1,,,,,43.23246415,141.0080972,
3037,E0120300031201,張碓小学校グラウンド,北海道小樽市春香町215,,,,1,,,,,1,43.15240364,141.1187121,
3038,E0120300033201,朝里小学校グラウンド,北海道小樽市新光2-6-1,1,1,,1,1,,,,1,43.17382544,141.0571354,
3039,E0120300034201,朝里中学校グラウンド,北海道小樽市新光3-7-1,1,1,,1,1,,,,1,43.1721841,141.060207,
3040,E0120300035201,潮見台小学校グラウンド,北海道小樽市新富町9-13,1,1,,1,1,,,,1,43.18190885,141.0143205,
3041,E0120300036201,北陵中学校グラウンド,北海道小樽市清水町5-1,,,,1,,,,,1,43.21323484,140.9900599,
3042,E0120300038201,北海道高等聾学校グラウンド,北海道小樽市銭函1-5-1,,1,,1,,,,,1,43.14817401,141.1460939,
3043,E0120300068201,銭函公園,北海道小樽市銭函2-24,1,1,,1,1,,,,,43.140358,141.161071,
3044,E0120300069201,しらゆり公園,北海道小樽市銭函2-28,1,1,,1,1,,,,,43.138839,141.16617,
3045,E0120300067201,障がい者支援施設　朝里ファミリア,北海道小樽市朝里川温泉1-227,1,1,,1,,,,,,43.155199,141.039605,
3046,E0120300043201,潮見台中学校グラウンド,北海道小樽市潮見台1-17-1,1,1,,1,,,,,1,43.17987159,141.0185117,
3047,E0120300044201,小樽潮陵高等学校グラウンド,北海道小樽市潮見台2-1-1,1,1,,1,,,,,1,43.17923265,141.0103581,
3048,E0120300045201,小樽桜陽高等学校グラウンド,北海道小樽市長橋3-19-1,,1,,1,,,,,1,43.21325579,140.9836634,
3049,E0120300046201,長橋中学校グラウンド,北海道小樽市長橋4-16-1,,1,,1,,,,,1,43.2109774,140.9653106,
3050,E0120300047201,長橋小学校駐車場,北海道小樽市長橋4-5-1,,1,,1,,,,,1,43.208953,140.974417,
3051,E0120300048201,向陽中学校グラウンド,北海道小樽市天神1-7-11,1,1,,1,,,,,1,43.16926017,140.9885631,
3052,E0120300049201,市民消防防災研修センターグラウンド,北海道小樽市天神2-18-17,,,,1,,,,,1,43.16021331,140.9858036,
3053,E0120300050201,旧堺小学校グラウンド,北海道小樽市東雲町9-12,1,1,,1,1,,,,,43.19323896,141.0029504,
3054,E0120300051201,桃内町内会館広場,北海道小樽市桃内1-167,1,1,,1,1,,,,1,43.20782933,140.897725,
3055,E0120300054201,忍路中央小学校・忍路中学校グラウンド,北海道小樽市忍路1-171,1,1,,1,1,,,,1,43.20113933,140.8672317,
3056,E0120300056201,稲穂小学校グラウンド,北海道小樽市富岡1-5-1,,1,,1,1,,,,1,43.19365894,140.9941564,
3057,E0120300058201,望洋台小学校グラウンド,北海道小樽市望洋台1-8-25,1,1,,1,,,,,1,43.16601798,141.0411132,
3058,E0120300059201,望洋台中学校グラウンド,北海道小樽市望洋台3-6-1,1,1,,1,,,,,1,43.16113413,141.0303703,
3059,E0120300060201,手宮中央小学校グラウンド,北海道小樽市末広町13-5,,1,,1,1,,,,1,43.2133502,140.9979613,
3060,E0120300061201,忍路中学校旧校舎グラウンド,北海道小樽市蘭島1-28-1,1,1,,1,1,,,,1,43.19918375,140.8632367,
3061,E0120300064201,小樽商科大学屋外運動場,北海道小樽市緑3-5,,,,1,,,,,,43.19046188,140.9773938,
3062,E0148200001201,旧臼谷小学校グラウンド,北海道小平町字臼谷223-1,1,,,,1,1,,,,43.994099278517,141.65819219975,
3063,E0148200002201,臼谷福祉会館,北海道小平町字臼谷6-4,1,1,,1,,,,,1,43.996979,141.65333,
3064,E0148200003201,小平町望洋台キャンプ場,北海道小平町字花岡17-1,1,1,,1,1,1,,,,44.03248308,141.6659503,
3065,E0148200004201,小平町多目的防災交流施設群来る,北海道小平町字鬼鹿港町125-1,,1,,1,1,1,,,1,44.1538411,141.6569321,
3066,E0148200005201,鬼鹿厳島神社,北海道小平町字鬼鹿港町25-19,1,1,,1,1,,,,1,44.15256642,141.6586104,
3067,E0148200006201,おにしかこども園,北海道小平町字鬼鹿港町283,,1,,1,1,,,,1,44.15552933,141.6602266,
3068,E0148200028201,天応寺,北海道小平町字鬼鹿田代20,1,1,,1,1,1,,,1,44.157617,141.662565,
3069,E0148200007202,北海道小平高等養護学校,北海道小平町字鬼鹿田代577-2,1,1,,1,1,1,,,1,44.15003805,141.6637011,
3070,E0148200007201,北海道小平高等養護学校グラウンド,北海道小平町字鬼鹿田代577-2,1,1,,1,1,1,,,1,44.15067039,141.6634674,
3071,E0148200008201,おにしか更生園（体育館）,北海道小平町字鬼鹿田代584,1,1,,1,1,1,,,1,44.147984801877,141.66523458567,
3072,E0148200009201,鬼鹿小学校グラウンド,北海道小平町字鬼鹿田代64-1,,,,,1,1,,,1,44.155420310957,141.66362641161,
3073,E0148200009202,鬼鹿小学校,北海道小平町字鬼鹿田代64-1,,,,,1,1,,,1,44.155893029748,141.66385405028,
3074,E0148200010201,小平中央公園,北海道小平町字小平町163-13,,1,,1,,1,,,,44.01755231,141.6648179,
3075,E0148200011201,小平町健康福祉センター,北海道小平町字小平町216,,1,,1,,,,,1,44.01546386,141.6627716,
3076,E0148200012202,小平小学校,北海道小平町字小平町351-2,,1,,1,,1,,,1,44.01993235,141.6655844,
3077,E0148200012201,小平小学校グラウンド,北海道小平町字小平町351-2,,1,,1,,1,,,1,44.02050918,141.6654715,
3078,E0148200013201,小平町文化交流センター,北海道小平町字小平町356-2,,1,,1,,1,,,1,44.01981699,141.6637602,
3079,E0148200014202,小平幼稚園,北海道小平町字小平町372-3,,1,,1,,1,,,1,44.01882568,141.6682211,
3080,E0148200014201,小平幼稚園グラウンド,北海道小平町字小平町372-3,,1,,1,,1,,,1,44.018639858334,141.66845406406,
3081,E0148200015202,小平中学校,北海道小平町字小平町401-7,1,1,,1,1,1,,,1,44.01211675,141.6646574,
3082,E0148200015201,小平中学校グラウンド,北海道小平町字小平町401-7,1,1,,1,1,1,,,1,44.01269366,141.6651268,
3083,E0148200016201,小平町Ｂ＆Ｇ海洋センターグラウンド,北海道小平町字小平町455-11,,1,,1,,1,,,,44.02583287,141.6649961,
3084,E0148200017201,おびまる広場,北海道小平町字小平町458-15,1,1,,1,1,1,,,,44.028204958489,141.66673470583,
3085,E0148200018201,総合交流ターミナル施設ゆったりかん,北海道小平町字小平町458-25,1,1,,1,,1,,,1,44.02769535,141.6653845,
3086,E0148200019201,小平町Ｂ＆Ｇ海洋センター,北海道小平町字小平町458-3,,1,,1,,1,,,1,44.02651563,141.6646625,
3087,E0148200020201,やすらぎ滞在交流拠点施設ゆうゆうそう,北海道小平町字小平町469-3,1,,,,1,,,,1,44.02972008,141.6653353,
3088,E0148200021201,大椴集会所,北海道小平町字大椴238-3,1,1,,1,1,1,,,,44.06724102,141.7002081,
3089,E0148200022201,達布活性化センター,北海道小平町字達布374-4,1,,,,1,1,,,1,44.04857369,141.8567989,
3090,E0148200024201,旧寧楽小学校グラウンド,北海道小平町字寧楽86-1,1,1,,1,1,1,,,,44.02610696,141.7874102,
3091,E0148200025201,本郷地区集落センター,北海道小平町字本郷122-2,,1,,1,1,,,,1,43.99710674,141.7138969,
3092,E0148200026201,報徳山観音寺,北海道小平町字本郷195-1,1,1,,1,1,,,,1,43.99890413,141.6962967,
3093,E0148200027201,旧本郷小・中学校グラウンド,北海道小平町字本郷44-1,,1,,1,1,1,,,,43.99835702,141.7135998,
3094,E0133100001201,館浜体験交流センター,北海道松前町字館浜322-1,1,1,1,1,1,1,1,1,1,41.448801,140.046778,
3095,E0133100062201,伝治沢上,北海道松前町字月島１３３付近,,,1,1,1,1,,,,41.431511463534,140.11926602044,
3096,E0133100060203,旧石戸畳店横農道,北海道松前町字月島１４３付近,,,1,1,1,1,,,,41.430851859129,140.1197005383,
3097,E0133100060202,旧石戸畳店横農道,北海道松前町字月島１４３付近,,,1,1,1,1,,,,41.430851859129,140.1197005383,
3098,E0133100054201,矢田宅上農道,北海道松前町字月島６４付近,,,1,1,1,1,,,,41.429934119908,140.12344998837,
3099,E0133100007201,松前高等学校体育館,北海道松前町字建石216,1,1,1,1,1,1,1,1,1,41.431267151792,140.07867202709,
3100,E0133100007202,松前高等学校グラウンド,北海道松前町字建石216,1,1,1,1,1,1,1,1,1,41.431531,140.077416,
3101,E0133100008201,建石コミュニティーセンター前,北海道松前町字建石53-6,1,1,1,1,1,1,1,,1,41.423966,140.086292,
3102,E0133100008202,建石コミュニティーセンター,北海道松前町字建石53-6,1,1,1,,1,1,1,1,1,41.424001,140.086107,
3103,E0133100010202,松前町交流の里づくり館グラウンド,北海道松前町字原口413,1,1,1,1,1,1,1,,1,41.600156,139.984549,
3104,E0133100010201,松前町交流の里づくり館,北海道松前町字原口413,1,1,1,1,1,1,1,1,1,41.599702,139.985018,
3105,E0133100011201,松前町パートナーシップランド,北海道松前町字江良425-1,1,1,1,1,1,1,1,1,1,41.547412,139.993119,
3106,E0133100012201,大島小学校グラウンド,北海道松前町字江良813-2,1,1,1,1,1,1,1,,1,41.548627,139.99532,
3107,E0133100012202,大島小学校体育館,北海道松前町字江良813-2,1,1,1,1,1,1,1,1,1,41.548920197501,139.99632212446,
3108,E0133100015201,旧大沢町民グラウンド,北海道松前町字荒谷549-1,1,1,1,1,1,1,1,,,41.423135751192,140.16198286815,
3109,E0133100057202,松橋宅上農道,北海道松前町字荒谷１５４付近,1,,1,1,1,1,1,,,41.418921197975,140.16486932083,
3110,E0133100016201,高野小公園,北海道松前町字高野122,1,1,1,1,1,1,1,,,41.537119173062,140.00120409685,
3111,E0133100018201,ふれあい公園,北海道松前町字札前375-116,1,1,1,1,1,1,,,,41.459783,140.032834,
3112,E0133100019201,町営牧場,北海道松前町字札前449-3,1,1,1,1,1,1,1,,,41.464814209543,140.03875662691,
3113,E0133100020201,松前公園,北海道松前町字松城144,1,1,1,1,1,1,1,,,41.430083,140.108001,
3114,E0133100021201,阿吽寺境内,北海道松前町字松城371,1,1,1,1,1,1,1,,1,41.430748,140.107239,
3115,E0133100023202,神明グラウンド,北海道松前町字神明30,,1,1,1,,1,,,1,41.434894,140.11186,
3116,E0133100023201,松前町民体育館,北海道松前町字神明30,,,1,1,,1,1,1,1,41.435504,140.112358,
3117,E0133100025201,清部生活改善センター,北海道松前町字清部460-2,1,1,1,,1,1,1,1,1,41.524695,140.00529,
3118,E0133100024201,旧清部小学校グラウンド,北海道松前町字清部４１５付近北,1,1,1,1,1,1,1,,,41.525091158552,140.00629560044,
3119,E0133100064201,小島支所横農道,北海道松前町字赤神,,,1,1,1,1,,,,41.478439,140.0277443,
3120,E0133100029201,小島小学校グラウンド,北海道松前町字赤神403,,,,1,,1,,,1,41.481596,140.027049,
3121,E0133100029202,小島小学校体育館,北海道松前町字赤神403,,,,1,,1,,1,1,41.482048119643,140.0280557479,
3122,E0133100031201,赤神地蔵堂上,北海道松前町字赤神50-1,1,,1,1,1,1,,,,41.478488,140.027621,
3123,E0133100061201,小島小学校横高台,北海道松前町字赤神４０３付近,1,,1,1,1,1,1,,,41.482556,140.026176,
3124,E0133100055201,花田宅上,北海道松前町字大沢１３３付近,1,,1,1,1,1,,,,41.429488845199,140.14307500169,
3125,E0133100059201,根森稲荷神社横,北海道松前町字大沢２４０付近,1,,1,1,1,1,1,,,41.428541703878,140.13820178956,
3126,E0133100058202,橋端宅上,北海道松前町字大沢４１３付近,1,,1,1,1,1,1,,,41.426813576258,140.14938475562,
3127,E0133100037201,寺子屋,北海道松前町字朝日３５８天満神社上朝日地蔵堂,1,,1,1,1,1,1,,,41.432151609678,140.12597331314,
3128,E0133100039201,木田宅横,北海道松前町字朝日３７３付近朝日,1,,1,1,1,1,1,,,41.434774,140.126301,
3129,E0133100040202,松城小学校グラウンド,北海道松前町字唐津113-1,1,1,1,1,1,1,1,,1,41.428105,140.105709,
3130,E0133100040201,松城小学校体育館,北海道松前町字唐津113-1,1,1,1,1,1,1,1,1,1,41.428865,140.105486,
3131,E0133100043201,松前中学校体育館,北海道松前町字博多265,1,1,1,1,1,1,1,1,1,41.429041373849,140.09783543658,
3132,E0133100043202,松前中学校グラウンド,北海道松前町字博多265,1,1,1,1,1,1,1,,1,41.42838,140.099647,
3133,E0133100044201,法徳寺境内,北海道松前町字白神822,1,,1,1,1,,,,1,41.41072,140.176448,
3134,E0133100045201,旧白神小学校グラウンド,北海道松前町字白神928,1,,1,1,1,1,1,,,41.412078252639,140.17453180542,
3135,E0133100046201,白神寿の家,北海道松前町字白神958,1,1,1,,1,1,1,1,1,41.412874,140.173682,
3136,E0133100048201,正行寺,北海道松前町字豊岡256,1,1,1,,1,1,1,1,1,41.429772,140.114161,
3137,E0133100049201,法華寺境内,北海道松前町字豊岡258,1,1,1,1,1,1,,,1,41.429046,140.113337,
3138,E0133100051205,林地区国道横駐車場,北海道松前町字茂草,1,1,1,1,1,1,1,,,41.50264,140.01496,
3139,E0143800003201,田島公園,北海道沼田町旭町4-3,1,1,,1,,1,1,,,43.80864216923,141.947022664151,
3140,E0143800004201,共成農村公園,北海道沼田町字共成182-1,1,1,,1,,1,1,,,43.8176364423363,142.001802348161,
3141,E0143800007201,恵比島地区活性化センター駐車場,北海道沼田町字恵比島425-1,1,1,,1,,1,1,,1,43.8480689020906,141.883800797981,
3142,E0143800010201,雨竜川総合運動公園,北海道沼田町字沼田107-66-77,1,1,,1,,1,1,,,43.8003106291923,141.935499894229,
3143,E0143800014201,ひばりヶ丘公園,北海道沼田町字北竜505,1,1,,1,,1,1,,,43.7870043388795,141.904538778526,
3144,E0143800015201,緑ヶ丘公園,北海道沼田町字緑町1022-8,,1,,1,,1,1,,,43.8137366748554,141.930888472524,
3145,E0143800016201,沼田中学校グランド,北海道沼田町西町1-9,1,1,,1,,1,1,,1,43.8086887645191,141.924773035971,
3146,E0143800017201,あるくらす（旧中学校跡地）,北海道沼田町南一条1-172-2,1,1,,1,,1,1,,,43.8066447040119,141.938591776815,
3147,E0136200001201,比石の館跡,北海道上ノ国町字館野２８－１周辺,1,1,,1,1,,,,,41.701838197391,140.02205407445,
3148,E0136200002201,宮越地区農業担い手センター,北海道上ノ国町字宮越155-4,1,,,,1,,,,1,41.75836,140.186143,
3149,E0136200003201,旧宮越小学校グラウンド,北海道上ノ国町字宮越１５８－２周辺,1,,,1,1,,,,,41.757397768644,140.18508516549,
3150,E0136200004201,桂岡生活改善センター,北海道上ノ国町字桂岡194-4,1,1,,,1,,,,1,41.77559,140.165154,
3151,E0136200006201,日本海情報交流館「文珠」,北海道上ノ国町字原歌3,1,1,,1,1,,,,1,41.808499,140.094969,
3152,E0136200007201,原歌取付道路（国道２２８号）,北海道上ノ国町字原歌32-7,1,1,,1,1,,,,,41.80757771804,140.092860889,
3153,E0136200008201,原歌生活改善センター,北海道上ノ国町字原歌72,1,,,,1,,,,1,41.806529,140.088885,
3154,E0136200005201,宮寿司付近（国道２２８号）,北海道上ノ国町字原歌１３４－３周辺,1,1,,1,1,,,,,41.807445764937,140.08389784048,
3155,E0136200009201,向浜生活改善センター,北海道上ノ国町字向浜208,,1,,,,,,,1,41.808512,140.114441,
3156,E0136200011201,汐吹生活館,北海道上ノ国町字汐吹184-1,1,1,,,1,,,,1,41.734184,140.049431,
3157,E0136200014201,照光寺裏（墓地）,北海道上ノ国町字汐吹591-2,1,,,1,1,,,,,41.740363018511,140.05399588087,
3158,E0136200015201,愛宕神社裏（国道２２８号）,北海道上ノ国町字汐吹637,1,,,1,1,,,,,41.741408065056,140.05532536254,
3159,E0136200010201,汐吹地区第３避難階段（国道２２８号）,北海道上ノ国町字汐吹１１１－８周辺,1,,,1,1,,,,,41.737374,140.05137,
3160,E0136200012201,汐吹地区第１避難階段（汐吹地区緑地公園）,北海道上ノ国町字汐吹５４７－１周辺,1,,,1,1,,,,,41.7396008,140.052821,
3161,E0136200013201,汐吹地区緑地公園,北海道上ノ国町字汐吹５６６－１周辺,1,1,,1,1,,,,,41.738734539842,140.05329493013,
3162,E0136200016201,汐吹地区第２避難階段（国道２２８号）,北海道上ノ国町字汐吹９３－３周辺,1,,,1,1,,,,,41.738706,140.051555,
3163,E0136200019201,上ノ国中学校,北海道上ノ国町字勝山39,,1,,1,1,,,,1,41.798251,140.121895,
3164,E0136200021201,夷王山駐車場,北海道上ノ国町字勝山520,1,1,,1,1,,,,,41.796994451626,140.09866046796,
3165,E0136200017201,花沢公園,北海道上ノ国町字勝山１５０周辺,1,1,,1,1,,,,,41.7981782135,140.11520433316,
3166,E0136200020201,大澗駐車帯（国道２２８号）,北海道上ノ国町字勝山４６９－１周辺,1,1,,1,1,,,,,41.805716184049,140.09930956253,
3167,E0136200022201,木ノ子浄水場,北海道上ノ国町字小安在６１５－２周辺,1,1,,1,1,,,,,41.766619220724,140.0777802985,
3168,E0136200023201,町道木ノ子浄水場線,北海道上ノ国町字小安在７６周辺,1,1,,1,1,,,,,41.766038,140.073121,
3169,E0136200024201,小砂子集会施設,北海道上ノ国町字小砂子163-2,1,1,,1,1,,,,1,41.648541,140.000399,
3170,E0136200025201,小森生活改善センター,北海道上ノ国町字小森246-4,1,1,,,1,,,,1,41.7735,140.147153,
3171,E0136200026201,上ノ国町高齢者能力活用センター,北海道上ノ国町字上ノ国274-7,1,1,,1,1,,,,1,41.80225,140.109174,
3172,E0136200027201,ハンノキ地区コミュニティ施設,北海道上ノ国町字新村375,1,1,,1,1,,,,1,41.798299,140.133088,
3173,E0136200029201,旧早川小学校,北海道上ノ国町字石崎331-1,1,,,1,,,,,1,41.703853,140.028062,
3174,E0136200030201,石崎地区集会施設,北海道上ノ国町字石崎334-2,1,,,1,1,,,,1,41.705539,140.03213,
3175,E0136200031201,法香寺（墓地）,北海道上ノ国町字石崎454-2,1,,,1,1,,,,,41.706523881647,140.02749695055,
3176,E0136200028201,石崎住宅児童公園,北海道上ノ国町字石崎２１６－３周辺,1,,,1,1,,,,,41.705128,140.029556,
3177,E0136200032201,町道石崎長内線,北海道上ノ国町字石崎４５周辺,1,,,1,1,,,,,41.707135956981,140.02634002427,
3178,E0136200037201,扇石地区多目的集会施設,北海道上ノ国町字扇石84,1,,,1,1,,,,1,41.742887,140.05613,
3179,E0136200033201,扇石地区第３避難階段（国道２２８号）,北海道上ノ国町字扇石２５７－３周辺,1,,,1,1,,,,,41.744924,140.058754,
3180,E0136200034201,扇石地区第４避難階段（国道２２８号）,北海道上ノ国町字扇石２７８周辺,1,,,1,1,,,,,41.74357,140.057725,
3181,E0136200035201,扇石地区第１避難階段（国道２２８号）,北海道上ノ国町字扇石６５６－１周辺,1,,,1,1,,,,,41.75078552,140.0628051,
3182,E0136200036201,扇石地区第２避難階段（国道２２８号）,北海道上ノ国町字扇石６７１－２周辺,1,,,1,1,,,,,41.747928,140.061119,
3183,E0136200038201,早瀬生活改善センター,北海道上ノ国町字早瀬71-1,,,,,1,,,,1,41.766372,140.175951,
3184,E0136200040201,裏山の高台,北海道上ノ国町字大安在１５周辺,1,1,,1,1,,,,,41.778802866497,140.07600052315,
3185,E0136200041201,大崎生活改善センター,北海道上ノ国町字大崎186-1,1,1,,,1,,,,1,41.80291,140.072502,
3186,E0136200047201,上ノ国町総合福祉センター,北海道上ノ国町字大留100,,1,,1,1,,,,1,41.800959,140.121234,
3187,E0136200042201,上ノ国町スポーツセンター,北海道上ノ国町字大留109-2,1,1,,1,1,,,,1,41.8004546,140.1221236,
3188,E0136200066201,大留地区複合施設,北海道上ノ国町字大留244-92,,1,,1,1,,,,1,41.80535,140.12409,
3189,E0136200044201,上ノ国高等学校,北海道上ノ国町字大留351,1,1,,1,1,,,,1,41.804012,140.127311,
3190,E0136200046201,上ノ国小学校,北海道上ノ国町字大留70-1,,1,,1,,,,,1,41.800915,140.118876,
3191,E0136200045201,上ノ国町民球技場,北海道上ノ国町字大留４５－１周辺,,1,,1,,,,,,41.803183510927,140.11834351252,
3192,E0136200048201,女性活動支援センター,北海道上ノ国町字中須田375-2,1,1,,1,1,,,,1,41.786142,140.144464,
3193,E0136200049201,河北小学校,北海道上ノ国町字中須田920-4,1,1,,1,1,,,,1,41.781771,140.15159,
3194,E0136200051201,湯ノ岱地区複合施設,北海道上ノ国町字湯ノ岱109-4,1,1,,1,1,,,,1,41.75037511252,140.24342507464,
3195,E0136200053201,神明地区集会施設,北海道上ノ国町字湯ノ岱355-2,1,1,,1,1,,,,1,41.736872,140.272194,
3196,E0136200050201,旧湯ノ岱青少年広場,北海道上ノ国町字湯ノ岱１０４１－１周辺,1,1,,1,1,,,,,41.750223208417,140.24436700433,
3197,E0136200054201,オコセ地区,北海道上ノ国町字内郷９１－１周辺,1,1,,1,1,,,,,41.8172601929,140.12741196244,
3198,E0136200055201,豊田生活改善センター,北海道上ノ国町字豊田126-4,1,1,,,1,,,,1,41.792333,140.148432,
3199,E0136200056201,北村コミュニティセンター,北海道上ノ国町字北村134-1,1,1,,1,1,,,,1,41.8107,140.119331,
3200,E0136200057201,木ノ子児童館,北海道上ノ国町字木ノ子14-2,1,,,1,,,,,1,41.765877,140.071504,
3201,E0136200058201,旧滝沢小学校,北海道上ノ国町字木ノ子192,1,,,1,,,,,1,41.755071,140.063826,
3202,E0136200060201,光明寺裏山（墓地）,北海道上ノ国町字木ノ子391-1,1,1,,1,1,,,,,41.761492619021,140.0705728144,
3203,E0136200059201,木ノ子郵便局裏山（国道２２８号）,北海道上ノ国町字木ノ子３７７－５周辺,1,,,1,1,,,,,41.764621540581,140.07080223279,
3204,E0136200061201,稲荷神社裏山（国道２２８号）,北海道上ノ国町字木ノ子４７５－１周辺,1,,,1,1,,,,,41.761261201603,140.06921025221,
3205,E0136200062201,タンコウノ沢線（国道２２８号）,北海道上ノ国町字木ノ子５３９－３周辺,1,,,1,1,,,,,41.754845860191,140.06579024744,
3206,E0136200063201,旧滝沢小学校裏山（国道２２８号）,北海道上ノ国町字木ノ子５７３－２周辺,1,,,1,1,,,,,41.753698993978,140.06488653128,
3207,E0142500001201,下鶉生活館,北海道上砂川町下鶉南二条1-3-2,1,1,,1,,1,1,,1,43.48035035,141.9522979,
3208,E0142500002201,上砂川勤労者体育センター,北海道上砂川町中央南一条5-2-1,1,1,,1,,1,1,,1,43.482058,141.983541,
3209,E0142500002202,上砂川町民センター,北海道上砂川町中央南一条5-2-1,1,1,,1,,1,1,,1,43.482321,141.983644,
3210,E0142500003201,産業活性化センター,北海道上砂川町中央北二条1-2-1,1,1,,1,,1,1,,1,43.481011,141.990339,
3211,E0142500004201,朝駒集会所,北海道上砂川町朝駒三条1-1-1,1,1,,1,,1,1,,1,43.474923,141.989254,
3212,E0142500005201,中央ふれあいセンター,北海道上砂川町東鶉南一条2-1-3,1,1,,1,,1,1,,1,43.482905,141.978917,
3213,E0142500006201,上砂川町立中央小学校屋内体育館,北海道上砂川町東鶉南一条4-1-1,1,1,,1,,1,1,,1,43.481329,141.975391,
3214,E0142500006203,上砂川町立中央小学校校舎,北海道上砂川町東鶉南一条4-1-1,1,1,,1,,1,1,,1,43.481377,141.975902,
3215,E0142500006202,上砂川町立中央小学校グラウンド,北海道上砂川町東鶉南一条4-1-1,1,1,,1,,1,1,,1,43.482022,141.975627,
3216,E0142500007201,上砂川町デイサービスセンター,北海道上砂川町本町北2-1-2,1,1,,1,,1,1,,1,43.474875,141.994618,
3217,E0142500008201,緑が丘集会所,北海道上砂川町緑が丘四条2-1-9,1,1,,,,1,1,,1,43.478193,141.961089,
3218,E0142500009201,認定こども園ふたば,北海道上砂川町鶉一条1-1-2,1,1,,1,,1,1,,1,43.48196,141.973592,
3219,E0142500010202,上砂川町立上砂川中学校グラウンド,北海道上砂川町鶉一条2-2-1,1,,,1,,1,1,,1,43.481601,141.972208,
3220,E0142500010201,上砂川町立上砂川中学校屋内体育館,北海道上砂川町鶉一条2-2-1,1,,,1,,1,1,,1,43.481487,141.971119,
3221,E0142500010203,上砂川町立上砂川中学校校舎,北海道上砂川町鶉一条2-2-1,1,,,1,,1,1,,1,43.481484,141.970472,
3222,E0142500011201,鶉若葉生活館,北海道上砂川町鶉一条3-1-3,,1,,1,,1,1,,1,43.48137559,141.9681022,
3223,E0142500012201,鶉本町生活館,北海道上砂川町鶉本町北3-2-2,1,,,1,,1,1,,1,43.482632,141.961253,
3224,E0163300001201,糠平温泉文化ホール駐車場,北海道上士幌町字ぬかびら源泉郷北区44-3,1,1,,1,,1,1,1,1,43.36636961646,143.19075898879,
3225,E0163300003201,旧北門小学校グランド,北海道上士幌町字居辺東15-291,1,1,,1,,1,1,1,1,43.266805262174,143.38511312408,
3226,E0163300004201,旧萩ヶ岡小学校グランド,北海道上士幌町字居辺東6-300,1,1,,1,,1,1,1,1,43.280787880878,143.3279928009,
3227,E0163300005201,旧北居辺小学校グラウンド,北海道上士幌町字居辺東9-235,1,1,,1,,1,1,1,1,43.225166477276,143.33382928772,
3228,E0163300006201,旧上音更小学校グラウンド,北海道上士幌町字上音更東1-274,1,1,,1,,1,1,1,1,43.245598671867,143.24917877121,
3229,E0163300007201,航空公園,北海道上士幌町字上士幌基線242,1,1,,1,,1,1,1,,43.242755911023,143.2769739813,
3230,E0163300008201,北海道上士幌高等学校グラウンド,北海道上士幌町字上士幌東1-227,1,1,,1,,1,1,1,1,43.225649726038,143.27739433998,
3231,E0163300009201,上士幌町立上士幌小学校グラウンド,北海道上士幌町字上士幌東1-233,1,1,,1,,1,1,1,1,43.23090299153,143.27840285056,
3232,E0163300010201,交通公園,北海道上士幌町字上士幌東2-236,1,1,,1,,1,1,1,,43.230779369239,143.28920269414,
3233,E0163300011201,中央公園,北海道上士幌町字上士幌東3-238,1,1,,1,,1,1,1,1,43.232215505703,143.2964799114,
3234,E0163300012201,役場北側駐車場,北海道上士幌町字上士幌東3-240,1,1,,1,,1,1,1,,43.233268,143.297746,
3235,E0163300014201,上士幌町スポーツセンターグランド,北海道上士幌町字上士幌東4-237,1,1,,1,,1,1,1,1,43.232145153975,143.3002886482,
3236,E0163300015201,高台公園,北海道上士幌町字上士幌東4-241,1,1,,1,,1,1,1,,43.238199361184,143.30269386605,
3237,E0163300016201,上士幌町立上士幌中学校グラウンド,北海道上士幌町字上士幌東4-243,1,1,,1,,1,1,1,1,43.237225532605,143.3003722383,
3238,E0163300013201,道の駅かみしほろ,北海道上士幌町字上士幌東３線225,1,1,,1,,1,1,1,,43.224863257886,143.290827030021,
3239,E0145700001201,旭町公園,北海道上川町旭町2-5,1,1,,1,,1,1,1,,43.846278996387,142.77650016365,
3240,E0145700002201,上川町営球場,北海道上川町栄町33-1,1,1,,1,,1,1,1,,43.847502847345,142.75591371917,
3241,E0145700003201,栄町公園,北海道上川町栄町70-35,1,1,,1,,1,1,1,,43.848652839444,142.76021634117,
3242,E0145700004201,花園公園,北海道上川町花園町164,1,1,,1,,1,1,1,,43.85417162269,142.76837903081,
3243,E0145700005201,総合グラウンド,北海道上川町花園町3,1,1,,1,,1,1,1,1,43.853706185556,142.76565816042,
3244,E0145700006201,旧越路小学校グラウンド,北海道上川町字越路210,1,1,,1,,1,1,1,,43.867962153817,142.7405067141,
3245,E0145700008201,旧青少年野外活動センター,北海道上川町字菊水440-1,1,1,,1,,1,1,1,,43.830397708503,142.78822321245,
3246,E0145700009201,みずほ公園,北海道上川町字共進202-25,1,1,,1,,1,1,1,,43.851674876719,142.75579379472,
3247,E0145700010201,旧清川小学校グラウンド,北海道上川町字清川108,1,1,,1,,1,1,1,,43.795792074439,142.89471369336,
3248,E0145700014201,層雲峡中央プロムナード広場,北海道上川町字層雲峡84,1,1,,1,,1,1,1,1,43.726546024398,142.94622283531,
3249,E0145700017201,旧東雲小学校グラウンド,北海道上川町字東雲139-1,1,1,,1,,1,1,1,1,43.842403307187,142.71186728976,
3250,E0145700018201,つつじ公園,北海道上川町新光町46-23,1,1,,1,,1,1,1,,43.846286759621,142.76408909224,
3251,E0145700019201,新町公園,北海道上川町新町278,1,1,,1,,1,1,1,,43.850541302772,142.7768033435,
3252,E0145700020201,上川小学校グラウンド,北海道上川町新町379-1,1,1,,1,,1,1,1,1,43.848581562479,142.77486726047,
3253,E0145700021201,西町公園,北海道上川町西町21-1,1,1,,1,,1,1,1,,43.853444209647,142.76234537739,
3254,E0145700022201,駅前広場,北海道上川町中央町531,1,1,,1,,1,1,1,,43.849254335044,142.76696637905,
3255,E0145700023201,上川高等学校グラウンド,北海道上川町東町148,1,1,,1,,1,1,1,1,43.847421137351,142.77926208536,
3256,E0145700024201,山の下公園,北海道上川町東町27,1,1,,1,,1,1,1,,43.849974806221,142.78155836296,
3257,E0145700025201,東町公園,北海道上川町東町271-40,1,1,,1,,1,1,1,,43.846956274285,142.78184108201,
3258,E0145700026201,南町公園,北海道上川町南町109-2,1,1,,1,,1,1,1,,43.849146853902,142.77068200523,
3259,E0145700028201,上川中学校グラウンド,北海道上川町北町45,1,1,,1,,1,1,1,1,43.851142381281,142.77389348812,
3260,E0146000001201,上富良野中学校,北海道上富良野町旭町1-1-5,1,,,1,,1,1,1,1,43.455298,142.475079,
3261,E0146000086201,上富良野町こどもセンター,北海道上富良野町旭町2-1-26,1,,,1,,,1,,1,43.457726,142.475679,
3262,E0146000003201,わかば愛育園,北海道上富良野町旭町3-5-43,1,,,1,,,1,,1,43.458072,142.477512,
3263,E0146000004201,ふらの農業協同組合上富良野支所,北海道上富良野町栄町2-2-45,1,,,1,,1,1,1,1,43.46409,142.466204,
3264,E0146000005201,専誠寺,北海道上富良野町栄町3-2-27,,,,1,,,,,1,43.464585,142.464399,
3265,E0146000006201,高田幼稚園,北海道上富良野町栄町3-2-30,1,,,1,,,1,1,1,43.464222,142.464535,
3266,E0146000059201,島津ふれあいセンター,北海道上富良野町基線北２３号,1,,,1,,1,1,,1,43.451365,142.459522,
3267,E0146000087201,基線北２７号　朝倉地先,北海道上富良野町基線北２７号,1,,,1,,1,1,1,,43.470834,142.476338,
3268,E0146000060201,基線北２８号　橋本地先,北海道上富良野町基線北２８号,1,,,1,,1,1,1,,43.471423,142.480253,
3269,E0146000010201,富原運動公園,北海道上富良野町丘町1-1,,,,1,,1,1,,,43.451015,142.478348,
3270,E0146000011201,上富良野小学校,北海道上富良野町宮町1-3-13,1,,,1,,1,1,1,1,43.457884,142.471453,
3271,E0146000061201,見晴台公園,北海道上富良野町光町２丁目,1,,,1,,1,1,1,,43.462478,142.457962,
3272,E0146000013201,細野農場　菊地地先,北海道上富良野町細野農場,,,,1,,1,,1,,43.498609,142.5096,
3273,E0146000062203,吹上温泉保養センター白銀荘,北海道上富良野町十勝岳温泉地区,,,,,,,,1,1,43.431466,142.641648,
3274,E0146000062201,十勝岳温泉　凌雲閣,北海道上富良野町十勝岳温泉地区,,,,,,,,1,1,43.413446,142.64305,
3275,E0146000062202,カミホロ荘,北海道上富良野町十勝岳温泉地区,,,,,,,,1,1,43.415292,142.638556,
3276,E0146000015203,十人牧場東,北海道上富良野町十人牧場,1,,,1,,1,1,1,1,43.4614,142.545492,
3277,E0146000015201,旭野公民館,北海道上富良野町十人牧場,1,,,1,,1,1,,1,43.458072,142.540357,
3278,E0146000015202,十人牧場西,北海道上富良野町十人牧場,1,,,1,,1,1,1,1,43.459702,142.522244,
3279,E0146000016202,新井牧場　白井地先,北海道上富良野町新井牧場,1,1,,1,,1,1,1,1,43.482827,142.509168,
3280,E0146000016201,日新公民館,北海道上富良野町新井牧場,,,,1,,1,,,1,43.489049,142.498611,
3281,E0146000017201,清富多世代交流センター,北海道上富良野町清富,,,,1,,1,,1,,43.502214,142.553659,
3282,E0146000064201,里仁公民館,北海道上富良野町西１１線北３６号,1,,,1,,1,1,,1,43.529414,142.439187,
3283,E0146000065201,静修農業構造改善センター,北海道上富良野町西１２線北３２号,1,,,1,,1,1,,1,43.518374,142.421149,
3284,E0146000066201,ラベンダーハイツ,北海道上富良野町西１線北２４号,1,,,1,,1,1,1,1,43.45957,142.454197,
3285,E0146000067202,西１線北２９号　藤田地先,北海道上富良野町西１線北２９号,1,,,1,,1,1,1,,43.481487,142.478112,
3286,E0146000067201,西１線北２９号　加藤地先,北海道上富良野町西１線北２９号,1,,,1,,1,1,1,,43.478867,142.475423,
3287,E0146000023203,土の博物館　土の館,北海道上富良野町西２線北25,1,,,1,,1,1,1,,43.462824,142.451668,
3288,E0146000068201,西２線北２１号　北川地先,北海道上富良野町西２線北２１号,1,,,1,,1,1,1,,43.447866,142.439372,
3289,E0146000069201,富良野ホップスホテル,北海道上富良野町西２線北２５号,1,,,1,,1,1,1,1,43.462881,142.454371,
3290,E0146000070201,草分１会館,北海道上富良野町西２線北２９号,1,,,1,,1,1,1,1,43.48072,142.471073,
3291,E0146000071202,西２線北３１号　一色地先（北）,北海道上富良野町西２線北３１号,1,,,1,,1,1,1,,43.492546,142.479497,
3292,E0146000071201,西２線北３１号　一色地先（南）,北海道上富良野町西２線北３１号,1,,,1,,1,1,1,,43.487904,142.485089,
3293,E0146000072201,西３線北２５号　高橋地先,北海道上富良野町西３線北２５号,1,,,1,,1,1,1,,43.46919,142.444704,
3294,E0146000074201,西３線北２６号　小原地先,北海道上富良野町西３線北２６号,1,,,1,,1,1,1,,43.470238,142.453177,
3295,E0146000073201,草分防災センター,北海道上富良野町西３線北２８号,1,1,,1,,1,1,1,1,43.481845,142.462985,
3296,E0146000075201,西３線北３０号　田村地先,北海道上富良野町西３線北３０号,1,,,1,,1,1,1,,43.490717,142.467841,
3297,E0146000076201,西４線北３１号　及川地先,北海道上富良野町西４線北３１号,1,,,1,,1,1,1,,43.495643,142.463993,
3298,E0146000031201,江花公民館,北海道上富良野町西５線北23,1,,,1,,1,1,,,43.464332,142.429002,
3299,E0146000084201,フラワーランドかみふらの駐車場,北海道上富良野町西５線北２７号,1,,,1,,1,1,1,,43.48183,142.445081,
3300,E0146000077201,西５線北２９号　伊藤地先,北海道上富良野町西５線北２９号,1,,,1,,1,1,1,,43.489372,142.451777,
3301,E0146000083201,パティスリーメルシー地先,北海道上富良野町西６線北３１号,1,,,1,,1,1,1,,43.501738,142.460113,
3302,E0146000082201,江幌公民館,北海道上富良野町西９線北２９号,1,,,1,,1,1,,1,43.501901,142.427138,
3303,E0146000036201,明憲寺,北海道上富良野町西町1-1-1,1,,,1,,1,1,1,1,43.461845,142.461382,
3304,E0146000078201,上富良野西小学校,北海道上富良野町扇町３丁目,1,,,1,,1,1,1,1,43.471551,142.461299,
3305,E0146000038201,泉栄防災センター,北海道上富良野町泉町1-5-1,1,,,1,,1,1,1,1,43.466532,142.463918,
3306,E0146000039201,上富良野町役場,北海道上富良野町大町2-2-11,1,,,,,1,1,1,1,43.455639,142.467084,
3307,E0146000040201,保健福祉総合センター,北海道上富良野町大町2-8-4,1,,,1,,1,1,1,1,43.455133,142.468029,
3308,E0146000042201,中ノ沢会館,北海道上富良野町中ノ沢,1,,,1,,1,1,1,,43.452538,142.533692,
3309,E0146000043201,セントラルプラザ,北海道上富良野町中町1-1-8,1,,,1,,1,1,1,1,43.462099,142.468829,
3310,E0146000044201,大雄寺,北海道上富良野町中町3-4-43,,,,1,,,,,1,43.463004,142.464405,
3311,E0146000081201,日の出公園,北海道上富良野町東２線北２７号,1,,,1,,1,1,1,,43.463853,142.483022,
3312,E0146000080201,富原公民館,北海道上富良野町東３線北２３号,1,,,1,,1,1,,1,43.442527,142.476427,
3313,E0146000079201,後藤純男美術館駐車場,北海道上富良野町東４線北２６号,1,,,1,,1,1,1,,43.453649,142.493307,
3314,E0146000058202,東中公民館,北海道上富良野町東８線北１８号,1,,,1,,1,1,,1,43.408614,142.484589,
3315,E0146000058201,東中小学校,北海道上富良野町東８線北１８号,1,,,1,,1,1,,1,43.408699,142.488107,
3316,E0146000049201,上富良野高等学校,北海道上富良野町東町3-1-3,1,,,1,,1,1,1,1,43.456384,142.48081,
3317,E0146000050201,東明会館,北海道上富良野町東町5-1-3,1,,,1,,,1,,1,43.459546,142.482962,
3318,E0146000051201,上富良野町公民館,北海道上富良野町富町1-3-25,1,,,1,,1,1,1,1,43.458625,142.466261,
3319,E0146000052201,島津公園,北海道上富良野町富町1-4,,,,1,,1,,,,43.458628,142.463655,
3320,E0146000053201,わかば中央保育園,北海道上富良野町富町1-4-90,,,,1,,,,,1,43.459108,142.465033,
3321,E0146000054201,聞信寺,北海道上富良野町本町2-3-5,1,,,1,,,1,1,1,43.459789,142.470478,
3322,E0146000088201,中央コミュニティ広場,北海道上富良野町本町3,,,,1,,1,,,,43.462775,142.469614,
3323,E0146000055201,日東会館,北海道上富良野町本町6,,,,1,,1,,1,1,43.467234,142.473598,
3324,E0146000056201,社会教育総合センター,北海道上富良野町緑町1-9-4,1,1,,1,,1,1,1,1,43.452842,142.475178,
3325,E0161000112201,旭ヶ丘公園,北海道新ひだか町三石旭町162-1,1,1,,1,1,1,,,,42.25319079,142.5631144,
3326,E0161000002202,三石中学校,北海道新ひだか町三石旭町96-1,1,1,,,1,,,,1,42.25158353,142.5670943,
3327,E0161000002201,三石中学校グランド,北海道新ひだか町三石旭町96-1,1,1,,1,1,1,,,1,42.25080503,142.5666368,
3328,E0161000003201,三石旭町生活館,北海道新ひだか町三石旭町96-8,1,1,,,1,,,,,42.25006678,142.5660242,
3329,E0161000005201,越海町生活館,北海道新ひだか町三石越海町162-2,1,,,,,,,,,42.253158,142.540129,
3330,E0161000006201,久遠生活館,北海道新ひだか町三石歌笛221-1,1,1,,,1,,,,,42.28407623,142.6799938,
3331,E0161000009201,歌笛生活館,北海道新ひだか町三石歌笛565-1,,1,,,1,,,,,42.2687421,142.683585,
3332,E0161000010201,新ひだか町歌笛会館,北海道新ひだか町三石歌笛683-5,,1,,,1,,,,,42.269203,142.663529,
3333,E0161000117201,港町生活改善センター,北海道新ひだか町三石港町137-1,1,,,,,,,,,42.25092985,142.5504283,
3334,E0161000013201,西蓬莱生活館,北海道新ひだか町三石西蓬莱90,1,1,,,1,,,,,42.25832551,142.5794759,
3335,E0161000118201,川上会館,北海道新ひだか町三石川上136-1,1,1,,,1,,,,,42.30038191,142.7094849,
3336,E0161000016201,消防署三石支署２階（コミュニティ消防センター）,北海道新ひだか町三石東蓬莱10-1,1,1,,1,,,,,,42.24561431,142.5797088,
3337,E0161000017201,新ひだか町三石スポーツセンター,北海道新ひだか町三石東蓬莱12-30,1,1,,,,,,,,42.24589225,142.5805948,
3338,E0161000019201,美野和生活改善センター,北海道新ひだか町三石美野和368,1,1,,,1,,,,,42.251105,142.669367,
3339,E0161000021201,富沢生活館,北海道新ひだか町三石富澤349-3,,1,,,1,,,,,42.29489767,142.6181766,
3340,E0161000022201,延出基幹集落センター,北海道新ひだか町三石富澤41-11,,1,,,1,,,,1,42.28051759,142.6075446,
3341,E0161000024201,蓬栄生活館,北海道新ひだか町三石蓬栄299-9,,1,,,1,,,,,42.27460262,142.6111693,
3342,E0161000025201,旧延出小学校,北海道新ひだか町三石豊岡198,1,1,,,1,,,,,42.28003,142.603135,
3343,E0161000028201,本桐生活館,北海道新ひだか町三石本桐224-6,,1,,,1,,,,1,42.250496,142.6348819,
3344,E0161000032201,新ひだか町総合町民センター,北海道新ひだか町三石本町212,1,1,,1,,,,,1,42.24843,142.559554,
3345,E0161000033201,三石小学校グランド,北海道新ひだか町三石本町222-1,1,1,,1,1,1,,,1,42.24969471,142.5604526,
3346,E0161000033202,三石小学校,北海道新ひだか町三石本町222-1,1,1,,,1,,,,1,42.2494264,142.5615756,
3347,E0161000034201,新ひだか町みついしふれあいプラザ,北海道新ひだか町三石本町59-1,1,1,,,,,,,,42.24822371,142.5565768,
3348,E0161000035201,鳧舞生活館,北海道新ひだか町三石鳧舞117-9,1,1,,,,,,,,42.22605917,142.623081,
3349,E0161000036201,旧鳧舞小学校,北海道新ひだか町三石鳧舞120,1,1,,,,,,,,42.22611586,142.6245564,
3350,E0161000037201,新ひだか町活性化センター,北海道新ひだか町三石鳧舞163-1,1,1,,,,,,,,42.21974261,142.6361004,
3351,E0161000038201,こうせい児童館,北海道新ひだか町静内こうせい町2-8-14,1,1,,,,,,,,42.345469,142.371145,
3352,E0161000039201,高静小学校グランド,北海道新ひだか町静内こうせい町2-9,,1,,1,,1,,,,42.34691315,142.370802,
3353,E0161000040201,高静小学校,北海道新ひだか町静内こうせい町2-9-1,1,1,,,,,,,1,42.34617814,142.3719291,
3354,E0161000041201,静内高等学校グランド,北海道新ひだか町静内ときわ町1-1,,1,,1,,1,,,,42.34440229,142.3662374,
3355,E0161000042201,北海道静内高等学校,北海道新ひだか町静内ときわ町1-1-1,1,1,,,,,,,,42.34347442,142.3655913,
3356,E0161000043201,静内旭町生活館,北海道新ひだか町静内旭町1-24-31,,1,,,,,,,,42.34493395,142.3781326,
3357,E0161000045201,浦和生活館,北海道新ひだか町静内浦和299-3,1,1,,,1,,,,,42.32469416,142.4473909,
3358,E0161000046201,花園生活館,北海道新ひだか町静内花園1,1,1,,,1,,,,1,42.34972742,142.3575682,
3359,E0161000047201,海岸町生活館,北海道新ひだか町静内海岸町1-4-1,,1,,,,,,,,42.33571147,142.3598202,
3360,E0161000108201,新ひだか町公民館,北海道新ひだか町静内古川町1-1-2,1,1,,,,,,,,42.33526967,142.3647167,
3361,E0161000049201,新ひだか町体育館,北海道新ひだか町静内古川町1-1-3,,1,,,,,,,,42.33583918,142.36443,
3362,E0161000050201,静内武道館,北海道新ひだか町静内古川町1-1-5,,1,,,,,,,,42.33521985,142.364042,
3363,E0161000051201,古川公園,北海道新ひだか町静内古川町1-5,,1,,1,,1,,,,42.33451524,142.36577,
3364,E0161000052201,御園生活館,北海道新ひだか町静内御園111-3,1,,,,1,,,,,42.41037646,142.4797941,
3365,E0161000053201,ピュア,北海道新ひだか町静内御幸町2-7-40,1,1,,,,,,,,42.33913898,142.366385,
3366,E0161000054201,役場（静内庁舎）,北海道新ひだか町静内御幸町3-2-50,1,1,,1,1,,,,1,42.34129413,142.3686384,
3367,E0161000055201,静内生活センター,北海道新ひだか町静内御幸町5-6-1,1,1,,,,,,,,42.3430577,142.367345,
3368,E0161000056201,静内中学校グランド,北海道新ひだか町静内山手町1-9,,1,,1,,1,,,,42.3429878,142.3637026,
3369,E0161000057201,静内中学校,北海道新ひだか町静内山手町1-9-1,1,1,,,,,,,1,42.34368222,142.362554,
3370,E0161000058202,青少年会館,北海道新ひだか町静内山手町2-9-1,1,1,,,,,,,,42.34538958,142.3611278,
3371,E0161000058201,新ひだか町山手体育館,北海道新ひだか町静内山手町2-9-1,1,1,,,,,,,,42.34569261,142.3608901,
3372,E0161000059201,新ひだか町図書館・博物館,北海道新ひだか町静内山手町3-1-1,1,1,,,,,,,,42.34375324,142.3587909,
3373,E0161000115201,山手公園,北海道新ひだか町静内山手町3-34,1,1,,1,1,1,,,,42.3446564,142.3574689,
3374,E0161000066201,神森生活館,北海道新ひだか町静内神森171,,1,,,,,,,,42.34822797,142.385751,
3375,E0161000067201,神森会館,北海道新ひだか町静内神森58,,1,,,1,,,,,42.35513694,142.384186,
3376,E0161000068201,静内第三中学校,北海道新ひだか町静内神森60,1,1,,,1,,,,1,42.35657702,142.3826259,
3377,E0161000069201,清水丘生活センター,北海道新ひだか町静内清水丘5-1,1,1,,,1,,,,1,42.3568973,142.3639077,
3378,E0161000110201,あおば公園,北海道新ひだか町静内青柳町2-5,,1,,1,,1,,,,42.33505884,142.3712143,
3379,E0161000074201,青柳生活センター,北海道新ひだか町静内青柳町4-6-20,,1,,,,,,,,42.33567179,142.3728444,
3380,E0161000105201,ふれあい生活館,北海道新ひだか町静内川合108-1,1,1,,,1,,,,1,42.33359333,142.4911316,
3381,E0161000077201,中野生活改善センター,北海道新ひだか町静内中野町4-36,,1,,,1,,,,,42.35249711,142.3757641,
3382,E0161000078201,田原生活館,北海道新ひだか町静内田原137-2,,1,,,1,,,,,42.37290103,142.4211421,
3383,E0161000079201,旧桜丘小学校,北海道新ひだか町静内田原562-2,1,1,,,1,,,,1,42.38701481,142.446367,
3384,E0161000080201,田原高台生活館,北海道新ひだか町静内田原565-2,1,1,,,1,,,,1,42.38650789,142.4454685,
3385,E0161000081201,桔梗親和生活館,北海道新ひだか町静内田原635-2,1,1,,,1,,,,1,42.39544731,142.4380589,
3386,E0161000107201,東西生活館,北海道新ひだか町静内東別45-2,1,1,,,1,,,,1,42.28310124,142.5243456,
3387,E0161000083202,入船生活館,北海道新ひだか町静内入船町49-2,1,1,,,,,,,,42.3245554,142.3724176,
3388,E0161000084201,農屋生活館,北海道新ひだか町静内農屋155-2,1,1,,,1,,,,,42.42198361,142.5132524,
3389,E0161000086202,柏公園,北海道新ひだか町静内柏台13,1,1,,1,1,1,,,,42.35157729,142.3535817,
3390,E0161000087201,柏台会館,北海道新ひだか町静内柏台14-1,1,1,,,1,,,,1,42.35046404,142.3538674,
3391,E0161000088201,新ひだか町豊畑体育館,北海道新ひだか町静内豊畑171-5,,1,,,1,,,,,42.38800512,142.4679546,
3392,E0161000088202,豊畑会館,北海道新ひだか町静内豊畑171-5,,1,,,1,,,,,42.38771107,142.468216,
3393,E0161000091201,観光情報センター「ぽっぽ」,北海道新ひだか町静内本町5-1-22,,1,,,,,,,,42.3367383,142.3606149,
3394,E0161000092201,末広生活センター,北海道新ひだか町静内末広町3-1-71,1,1,,,,,,,,42.34339849,142.3500781,
3395,E0161000093201,静内総合自動車学校,北海道新ひだか町静内木場町2-3,1,1,,1,,1,,,,42.34069089,142.3544115,
3396,E0161000094201,目名生活改善センター,北海道新ひだか町静内目名270,,1,,,1,,,,,42.36290392,142.4021929,
3397,E0161000095201,静内小学校グランド,北海道新ひだか町静内緑町3-5,,1,,1,,1,,,,42.33960264,142.3727019,
3398,E0161000096201,静内小学校,北海道新ひだか町静内緑町3-5-1,1,1,,,,,,,1,42.33909261,142.3723578,
3399,E0161000097201,緑町生活館,北海道新ひだか町静内緑町4-3-1,,1,,,,,,,,42.33974122,142.3738794,
3400,E0161000098201,総合ケアセンター,北海道新ひだか町静内緑町4-5-1,1,1,,1,,,,,1,42.33887,142.374665,
3401,E0161000099201,東静内生活館,北海道新ひだか町東静内12-1,,1,,,,,,,,42.30337858,142.453394,
3402,E0161000102201,東静内会館,北海道新ひだか町東静内72,1,,,,,,,,,42.29810919,142.4546567,
3403,E0160400063201,東川地区高台（共同墓地地先）,北海道新冠町字共栄333,1,1,,,,1,1,,,42.455385,142.300354,
3404,E0160400062201,共栄地区高台（高橋牧場地先）,北海道新冠町字共栄41,1,1,,,,1,1,,,42.440294,142.288499,
3405,E0160400056201,古岸地区高台（ヒノデファーム地先）,北海道新冠町字古岸104-1,1,1,,,,1,1,,,42.429359,142.401273,
3406,E0160400002203,サラブレッド銀座駐車公園,北海道新冠町字高江98,1,1,1,1,1,1,1,,,42.373243,142.310153,
3407,E0160400060201,若園地区高台（八木沢地先）,北海道新冠町字若園135-1,1,1,,,,1,1,,,42.49897,142.430609,
3408,E0160400058201,若園地区高台（メイタイ地先）,北海道新冠町字若園4-4,1,1,,,,1,1,,,42.464369,142.409678,
3409,E0160400059201,若園地区高台（松本地先）,北海道新冠町字若園77-1,1,1,,,,1,1,,,42.482878,142.42046,
3410,E0160400057201,新栄地区高台（津田牧場地先）,北海道新冠町字新栄51-8,1,1,,,,1,1,,,42.459682,142.41531,
3411,E0160400066201,新和地区高台（錦岡牧場地先）,北海道新冠町字新和262,1,1,,,,1,1,,,42.538494,142.346216,
3412,E0160400004202,節婦地区高台（海渕宅前地先）,北海道新冠町字節婦町10-1,1,1,1,1,1,1,1,,,42.389292,142.275603,
3413,E0160400048201,節婦高台（ホロシリ乗馬クラブ跡地先）,北海道新冠町字節婦町71-11,1,1,1,1,1,1,1,,,42.377291,142.288075,
3414,E0160400049201,節婦金刀比羅神社,北海道新冠町字節婦町91-8,1,1,1,1,1,1,1,,,42.381458,142.279465,
3415,E0160400067201,太陽地区高台（大槻地先）,北海道新冠町字太陽14-2,1,1,,,,1,1,,,42.522336,142.373235,
3416,E0160400068201,太陽地区高台（高橋地先）,北海道新冠町字太陽289-1,1,1,,,,1,1,,,42.527934,142.396492,
3417,E0160400061201,大狩部地区高台（白浜地先）,北海道新冠町字大狩部136-4,1,,,,,1,1,,,42.420509,142.233483,
3418,E0160400051201,朝日地区高台（田渕地先）,北海道新冠町字朝日351,1,1,,1,,1,1,,,42.39548,142.336836,
3419,E0160400052201,朝日地区高台（藤澤地先）,北海道新冠町字朝日389-7,1,1,,1,,1,1,,,42.40635,142.360915,
3420,E0160400013202,氷川神社境内,北海道新冠町字東町4-1,1,1,1,1,1,1,1,,,42.357463,142.320818,
3421,E0160400047201,泊津高台（東町避難路地先）,北海道新冠町字東町7-1,1,1,1,1,1,1,1,,,42.359226,142.32257,
3422,E0160400053201,大富地区高台（赤坂地先）,北海道新冠町字東泊津182-2,1,1,,,,1,1,,,42.383597,142.376427,
3423,E0160400065201,美宇地区高台（益子地先）,北海道新冠町字美宇155-7,1,1,,,,1,1,,,42.516203,142.409846,
3424,E0160400064201,美宇地区高台（ノースヒルズ地先）,北海道新冠町字美宇207,1,1,,,,1,1,,,42.507664,142.367263,
3425,E0160400050201,"北星町地区高台（日高自動車道）
※建設予定",北海道新冠町字北星町11-2,1,,,,1,1,1,,,42.36793,142.320045,
3426,E0160400054201,万世地区高台（芳住地先）,北海道新冠町字万世165-6,,1,,,,1,,,,42.398845,142.404174,
3427,E0160400055201,万世地区高台（アラキファーム地先）,北海道新冠町字万世188-4,1,1,,,,1,1,,,42.41899,142.414613,
3428,E0160400069201,里平地区高台（佐藤地先）,北海道新冠町字里平70-4,1,1,,,,1,1,,,42.555799,142.417531,
3429,E0130400001201,第５地区ふれあいセンター,北海道新篠津村第３９線北35,1,,,1,,,1,,1,43.240250695033,141.59194645774,
3430,E0130400002201,第４地区社会教育会館,北海道新篠津村第４０線南45,1,,,1,,,1,,1,43.172482310783,141.60846858792,
3431,E0130400003201,第３地区社会教育会館,北海道新篠津村第４２線南7,1,,,1,,,1,,1,43.206347315736,141.61973435413,
3432,E0130400004201,新篠津高等養護学校,北海道新篠津村第４５線北13,1,,,1,,,1,,1,43.224206139512,141.63709461305,
3433,E0130400005201,障がい者支援施設ふれあいの苑,北海道新篠津村第４５線北14,1,,,1,,,1,,1,43.224390625505,141.63925038506,
3434,E0130400006201,新篠津村立新篠津小学校,北海道新篠津村第４６線北10,1,,,1,,,1,,1,43.2220148056,141.64704329126,
3435,E0130400007201,新篠津村自治センター,北海道新篠津村第４６線北12,1,,,1,,,1,,1,43.223493322969,141.64692966049,
3436,E0130400008201,新篠津村Ｂ＆Ｇ体育館,北海道新篠津村第４６線北15,1,,,1,,,1,,1,43.226514894563,141.6436037213,
3437,E0130400009201,コミュニティプラザ第１,北海道新篠津村第４７線北65,1,,,1,,,1,,1,43.267717035742,141.64560191804,
3438,E0130400010201,新篠津村立新篠津中学校,北海道新篠津村第４７線北7,1,,,1,,,1,,1,43.220543569309,141.65157944059,
3439,E0143200029201,花月区自治会館,北海道新十津川町字花月243-7,,,,1,,,,,,43.498285,141.858972,
3440,E0143200004201,吉野地区地区活性化センター,北海道新十津川町字吉野1-39,,,,1,,,,,,43.5930109677828,141.734111513581,
3441,E0143200005201,スポーツセンター,北海道新十津川町字総進187-2,1,,,1,,,,,,43.5328952669985,141.845802833892,
3442,E0143200008201,総進区自治会館,北海道新十津川町字総進60-34,1,,,1,,,,,,43.5537939515431,141.854670107664,
3443,E0143200009201,西空知広域水道企業団,北海道新十津川町字大和232-20,1,,,,,,,,,43.5835702903725,141.848886330668,
3444,E0143200010201,大和区自治会館,北海道新十津川町字大和96-15,,,,1,,,,,,43.5965082342957,141.865254784135,
3445,E0143200011201,青葉区自治会館,北海道新十津川町字中央12-166,,,,1,,,,,,43.5457468911624,141.881903669095,
3446,E0143200014201,新十津川中学校武道場,北海道新十津川町字中央28-1,1,,,1,,,,,,43.5448560298504,141.869006552132,
3447,E0143200017201,菊水区自治会館,北海道新十津川町字中央331-7,,,,1,,,,,,43.5476172602123,141.882660109745,
3448,E0143200020201,児童館,北海道新十津川町字中央534-13,1,,,1,,,,,,43.5465669674717,141.868753225946,
3449,E0143200027201,文京区自治会館,北海道新十津川町字中央534-14,1,,,1,,,,,,43.547347,141.86916,
3450,E0143200022201,中央区自治会館,北海道新十津川町字中央6-41,,,,1,,,,,,43.5492352554768,141.876164555186,
3451,E0143200023201,橋本区自治会館,北海道新十津川町字中央71-115,,,,1,,,,,,43.5593256574911,141.879409869249,
3452,E0143200025201,みどり区自治会館,北海道新十津川町字中央89-12,,,,1,,,,,,43.5570299498491,141.881926254978,
3453,E0143200026201,弥生区自治会館,北海道新十津川町字弥生125-7,,,,1,,,,,,43.5264392522311,141.875033105607,
3454,E0163500008201,屈足公園,北海道新得町屈足旭町東2,1,1,,1,,1,,,,43.099005107216,142.90982660799,
3455,E0163500009201,もみじ公園,北海道新得町屈足幸町1,1,1,,1,,1,,,,43.099795854721,142.90232896326,
3456,E0163500010201,屈足南小学校グラウンド,北海道新得町屈足柏町2-63,1,1,,1,,1,,,1,43.103462444678,142.90509519129,
3457,E0163500012201,柏町公園,北海道新得町屈足柏町4,1,1,,1,,1,,,,43.106979517051,142.90270266085,
3458,E0163500013201,屈足中学校グラウンド,北海道新得町屈足緑町西4-5,1,1,,1,,1,,,1,43.105327536979,142.89609843408,
3459,E0163500014201,二条公園,北海道新得町元町,,1,,1,,1,,,,43.084866346989,142.83690453058,
3460,E0163500004201,運動公園,北海道新得町五条南4,1,1,,1,,1,,,,43.079851835727,142.84292023673,
3461,E0163500016201,富村牛小中学校グラウンド,北海道新得町字屈足トムラウシ252,1,1,,1,,1,,1,,43.333669338793,142.94674455807,
3462,E0163500018201,屈足農村環境改善センター,北海道新得町字屈足基線39,1,1,,1,,1,,,1,43.123145267708,142.89730542814,
3463,E0163500019201,旧佐幌小学校グラウンド,北海道新得町字上佐幌基線25,1,1,,1,,1,,,1,43.086671948724,142.86974990408,
3464,E0163500021201,旧上佐幌小学校グラウンド,北海道新得町字上佐幌基線86,1,1,,1,,1,,,,43.133698203674,142.86206805746,
3465,E0163500022201,かえで公園,北海道新得町字上佐幌西２線37-20,1,1,,1,,1,,,,43.093629474372,142.85274469893,
3466,E0163500031201,新得中学校グラウンド,北海道新得町西四条南1-1,1,1,,1,,1,,,1,43.079133737406,142.82265031378,
3467,E0163500032201,つつじヶ丘公園,北海道新得町西四条南4,1,1,,1,,1,,,,43.075763966697,142.82282197516,
3468,E0163500026201,なかよし公園,北海道新得町西二条南4,1,1,,1,,1,,,,43.078036623102,142.82979571859,
3469,E0163500028201,新得高等学校グラウンド,北海道新得町西二条南7-2,1,1,,1,,1,,,1,43.073585272117,142.83365809958,
3470,E0163500029201,新得小学校グラウンド,北海道新得町西二条北1-1,1,1,,1,,1,,,1,43.082048831396,142.82852971595,
3471,E0163500001201,中央公園,北海道新得町二条南2,1,1,,1,,1,,,,43.081669846303,142.83587139144,
3472,E0163500033201,北公園,北海道新得町本通北6,1,1,,1,,1,,,,43.094318915854,142.83490264456,
3473,E0134500045201,駒ヶ岳小学校グラウンド,北海道森町字駒ヶ岳452-2,,1,,1,,1,,,,42.03349123,140.6140087,
3474,E0134500005201,森町漁村センター,北海道森町字港町185-3,,1,,,,,,,1,42.10687353,140.5927996,
3475,E0134500006201,森町総合運動公園,北海道森町字砂原1-22-1,,1,,1,,1,,,,42.12223786,140.6637982,
3476,E0134500007201,さわら幼稚園,北海道森町字砂原1-27-2,,1,,1,,1,,,1,42.12238764,140.6655607,
3477,E0134500008201,森町砂原公民館,北海道森町字砂原1-31-3,,1,,,,1,,,1,42.12584277,140.6623241,
3478,E0134500009201,さわら小学校,北海道森町字砂原1-41-1,,1,1,1,1,1,,,1,42.12149336,140.6634114,
3479,E0134500010201,砂原中学校,北海道森町字砂原2-188-14,,1,1,1,1,1,,,1,42.12219992,140.6673933,
3480,E0134500011201,道の駅つど～る・プラザ・さわら,北海道森町字砂原2-358-1,,,,1,,,,,,42.12528735,140.6673491,
3481,E0134500012201,森町ふれあいの森,北海道森町字砂原3-242,,,1,,1,,,,1,42.12181703,140.6804898,
3482,E0134500013201,砂原特別母と子の家,北海道森町字砂原3-35,,,1,,1,,,,1,42.12382726,140.6793077,
3483,E0134500014201,森町郷土館,北海道森町字砂原4-147,,1,1,,1,,,,1,42.12322891,140.6911673,
3484,E0134500015201,彦澗集落センター,北海道森町字砂原5-140,,1,,,,,,,1,42.12876736,140.6998829,
3485,E0134500016201,掛澗生活館,北海道森町字砂原西1-225-1,,,1,,1,,,,1,42.120188361047,140.63620020239,
3486,E0134500017201,砂原婦人会館,北海道森町字砂原西3-47-33,,,1,,1,,,,1,42.122550231474,140.64424984525,
3487,E0134500018201,森町公民館（さわやかセンター・砂原）,北海道森町字砂原西4-234-4,,,1,,1,,,,1,42.12242947,140.6485371,
3488,E0134500019201,開拓会館,北海道森町字砂原東4-1-106,1,,1,,1,,1,,1,42.10759926,140.7487049,
3489,E0134500020202,森中学校,北海道森町字上台町326-1,1,,1,1,1,1,1,1,1,42.09677508,140.5694251,
3490,E0134500020201,森中学校グラウンド,北海道森町字上台町326-1,,,,1,,1,,,1,42.09748991,140.5678084,
3491,E0134500021202,森町上台地区活性化支援センター,北海道森町字上台町326-18,1,1,1,,1,,1,1,1,42.10292104,140.5696055,
3492,E0134500021201,道の駅ＹＯＵ・遊・もり,北海道森町字上台町326-18,,,,1,,,,,1,42.09947531,140.5680983,
3493,E0134500059201,森高等学校,北海道森町字上台町326-48,,,,,1,,,1,1,42.094433,140.566361,
3494,E0134500022201,みどりヶ丘会館,北海道森町字上台町330,,1,1,,1,,,1,1,42.10308202,140.5642774,
3495,E0134500023201,常盤福祉会館,北海道森町字常盤町97-2,1,,1,,1,,1,,1,42.10377358,140.5870995,
3496,E0134500024201,森川・姫川生活改善センター,北海道森町字森川町208,1,1,1,1,1,,1,1,1,42.10006475,140.5818308,
3497,E0134500057201,森町基幹集落センター,北海道森町字森川町278,1,1,1,1,1,,1,1,1,42.096304,140.578077,
3498,E0134500001201,もり保育所,北海道森町字森川町278-2,,1,,,,,,1,1,42.096031,140.576919,
3499,E0134500058201,緑の家,北海道森町字清澄町22-4,,1,,,,,,1,1,42.102927,140.574118,
3500,E0134500025201,森町民体育館,北海道森町字清澄町24-2,1,,1,1,1,,1,1,1,42.10131523,140.5713441,
3501,E0134500026201,サンビレッジ森,北海道森町字清澄町25-6,1,,1,1,1,1,1,1,1,42.10053467,140.5720083,
3502,E0134500027202,森小学校,北海道森町字清澄町27-1,1,,1,1,1,1,1,1,1,42.09978125,140.5735984,
3503,E0134500027201,森小学校グラウンド,北海道森町字清澄町27-1,,,,1,,1,,,1,42.09892142,140.5727933,
3504,E0134500028201,石倉小学校グラウンド,北海道森町字石倉町280-1,,,,1,,,,,,42.15411021,140.4802364,
3505,E0134500029201,石倉小学校,北海道森町字石倉町283,1,1,1,1,1,,1,1,1,42.15412115,140.4798379,
3506,E0134500030201,旧赤井川小学校グラウンド,北海道森町字赤井川117-1,,,,1,,,,,,42.00359,140.633802,
3507,E0134500031201,グリーンピア大沼,北海道森町字赤井川299,1,1,,1,,1,1,1,1,42.00130343656,140.60172803307,
3508,E0134500032201,濁川小学校,北海道森町字濁川201,1,1,,1,,1,1,1,1,42.12322752,140.4455152,
3509,E0134500033201,濁川小学校グラウンド,北海道森町字濁川201-1,,,,1,,1,,,,42.1229696,140.4457555,
3510,E0134500034201,濁川活性化センター,北海道森町字濁川231,1,1,,,,,1,1,1,42.12076572,140.4443048,
3511,E0134500035201,鷲ノ木小学校,北海道森町字鳥崎町195,1,1,1,1,1,,1,1,1,42.10755149,140.5581888,
3512,E0134500036201,鷲ノ木小学校グラウンド,北海道森町字鳥崎町195-6,,,,1,,,,,,42.10789285,140.5576709,
3513,E0134500037201,森町農業集落センター,北海道森町字白川38,1,,,,,,1,,1,42.08902804,140.6015848,
3514,E0134500038201,尾白内南部生活改善センター,北海道森町字尾白内町1046,1,,1,,1,,1,,1,42.10340966,140.6124945,
3515,E0134500039201,尾白内運動広場,北海道森町字尾白内町929-1,,,,1,,1,,,,42.10768267,140.6070926,
3516,E0134500040201,尾白内小学校グラウンド,北海道森町字尾白内町948,,,,1,,1,,,,42.10869968,140.6063486,
3517,E0134500041201,富士見生活館（旧鷲ノ木生活館）,北海道森町字富士見町109,1,,1,,1,,1,1,1,42.11266483,140.5470802,
3518,E0134500042201,駅前ふれあいセンター,北海道森町字本町6-22,,,,,,,,1,1,42.10901951076,140.57238390046,
3519,E0134500043201,鷲ノ木生活館（旧鷲ノ木史跡公園会館）,北海道森町字鷲ノ木町168-1,,1,1,,1,,,1,1,42.11773889,140.538648,
3520,E0134500044202,石谷小学校グラウンド,北海道森町字蛯谷町153,,,,1,,,,,1,42.12889539,140.5118792,
3521,E0134500044201,石谷小学校,北海道森町字蛯谷町153,1,1,1,1,1,,1,1,1,42.12920401,140.5117831,
3522,E0122800001201,経済センター,北海道深川市1-9-19,1,1,,1,,1,1,,1,43.721264282773,142.04310713177,
3523,E0122800003201,総合福祉センター,北海道深川市3-18-36,1,1,,1,,1,1,,1,43.72311295852,142.05451807581,
3524,E0122800006201,文化交流ホール,北海道深川市5-7-20,1,1,,1,,1,1,,1,43.717201227654,142.04194493941,
3525,E0122800007201,総合体育館,北海道深川市6-21-1,1,1,,1,,1,1,,1,43.722957259788,142.06169085644,
3526,E0122800008201,深川東高等学校,北海道深川市8-5-10,1,1,,1,,1,1,,1,43.714165969073,142.04007056513,
3527,E0122800009201,あけぼのコミュニティセンター,北海道深川市あけぼの町9-22,1,1,,1,,1,1,,1,43.744505325358,142.03600716844,
3528,E0122800010201,拓殖大学北海道短期大学,北海道深川市メム4558,1,1,,1,,1,1,,1,43.716240089858,142.0194544626,
3529,E0122800011201,北新小学校,北海道深川市一已町字一已2041-1,1,1,,1,,1,1,,1,43.742648971831,142.02736079986,
3530,E0122800049201,新岩山会館,北海道深川市一已町字一已2529-85,1,1,,1,,1,1,,1,43.74345802375,142.06539344977,
3531,E0122800050201,入志別コミュニティセンター,北海道深川市一已町字一已3078,1,1,,1,,1,1,,1,43.727163496588,142.08736235182,
3532,E0122800051201,拓殖大学北海道研修所,北海道深川市一已町字一已633-1,1,1,,1,,1,1,,1,43.741831925035,142.04255068516,
3533,E0122800016201,一已中学校,北海道深川市稲穂町1-8-3,1,1,,1,,1,1,,1,43.727358682093,142.05321344896,
3534,E0122800017201,一已小学校,北海道深川市稲穂町2-1-9,1,1,,1,,1,1,,1,43.727469085429,142.04880475485,
3535,E0122800019201,音江小学校,北海道深川市音江町2-4-1,1,1,,1,,1,1,,1,43.693798704173,142.07555442675,
3536,E0122800020201,音江公民館,北海道深川市音江町2-6-50,1,1,,1,,1,1,,1,43.694487013541,142.07765599057,
3537,E0122800021201,稲田コミュニティセンター,北海道深川市音江町字稲田1764-2,1,1,,1,,1,1,,1,43.660761477237,141.99140353161,
3538,E0122800022201,菊丘コミュニティセンター,北海道深川市音江町字菊丘344,1,1,,1,,1,1,,,43.649780647024,142.17649934005,
3539,E0122800023201,吉住・更進コミュニティセンター,北海道深川市音江町字吉住15-2,1,1,,1,,1,1,,1,43.682780014414,142.16963566098,
3540,E0122800024201,ほっと館ふぁーむ,北海道深川市音江町字向陽100-1,1,1,,1,,1,1,,1,43.670720072674,142.01572050617,
3541,E0122800025201,豊泉コミュニティセンター,北海道深川市音江町字広里1079,1,1,,1,,1,1,,1,43.681033315175,142.0378247079,
3542,E0122800026201,音江広里交流館　エフパシオ,北海道深川市音江町字広里246-1,1,1,,1,,1,1,,1,43.703095244626,142.06344115278,
3543,E0122800027201,内園コミュニティセンター,北海道深川市音江町字内園641,1,1,,1,,1,1,,1,43.710020060713,142.13616310719,
3544,E0122800029201,三和コミュニティセンター,北海道深川市新光町3-4-1,1,1,,1,,1,1,,1,43.720971098066,142.03095398707,
3545,E0122800030201,菊水コミュニティセンター,北海道深川市深川町字メム67-3,1,1,,1,,1,1,,1,43.705731154104,142.00182482151,
3546,E0122800032201,深川小学校,北海道深川市西町23-18,1,1,,1,,1,1,,1,43.710655251112,142.03203321185,
3547,E0122800033201,生きがい文化センター,北海道深川市西町3-15,1,1,,1,,1,1,,1,43.715456090648,142.02941394544,
3548,E0122800034201,深川西高等学校,北海道深川市西町7-31,1,1,,1,,1,1,,1,43.715094148481,142.02465181586,
3549,E0122800035201,多度志小学校,北海道深川市多度志1160,1,1,,1,,1,1,,1,43.810741495646,142.02528412293,
3550,E0122800037201,リフレッシュプラザ鷹泊,北海道深川市鷹泊530,1,1,,1,,1,1,,1,43.888786550147,142.10392887555,
3551,E0122800038201,納内小学校,北海道深川市納内町2-13-11,1,1,,1,,1,1,,1,43.727787603712,142.13040645161,
3552,E0122800042201,深川中学校,北海道深川市文光町13-3,1,1,,1,,1,1,,1,43.71076690147,142.02251431008,
3553,E0122800046201,幌成コミュニティセンター,北海道深川市幌内160,1,1,,1,,1,1,,1,43.849975632882,142.10236657435,
3554,E0139600001202,御保内小学校グラウンド,北海道真狩村字加野46,1,1,,1,,1,1,1,1,42.70945696,140.7883659,
3555,E0139600001201,御保内小学校,北海道真狩村字加野46,1,1,,1,,1,1,1,1,42.70908584,140.7880628,
3556,E0139600002202,真狩中学校グラウンド,北海道真狩村字見晴48,1,1,,1,,1,1,1,1,42.757669,140.801387,
3557,E0139600002201,真狩中学校グラウンド,北海道真狩村字見晴48,1,1,,1,,1,1,1,1,42.75757992,140.8016111,
3558,E0139600003201,真狩村公民館,北海道真狩村字光4,1,1,,1,,1,1,1,1,42.7638386,140.8083939,
3559,E0139600004201,真狩高等学校,北海道真狩村字光6,1,1,,1,,1,1,1,1,42.76430551,140.8080823,
3560,E0139600004202,真狩総合グラウンド,北海道真狩村字光6,1,1,,1,,1,1,1,1,42.76476793,140.8068846,
3561,E0139600006201,克雪管理センター,北海道真狩村字桜川160-2,1,1,,1,,1,1,1,,42.75471748,140.7606981,
3562,E0139600007201,旧知来別小学校グラウンド,北海道真狩村字桜川180,1,1,,1,,1,1,1,,42.75638225,140.7638077,
3563,E0139600009201,真狩村保健福祉センター,北海道真狩村字真狩17-1,1,1,,1,,1,1,1,,42.76701752,140.8041508,
3564,E0139600010201,真狩小学校グラウンド,北海道真狩村字真狩55,1,1,,1,,1,1,1,,42.76428876,140.8042181,
3565,E0139600011201,真狩小学校,北海道真狩村字真狩56,1,1,,1,,1,1,1,1,42.76453071,140.8037166,
3566,E0139600012201,旧川崎小学校グラウンド,北海道真狩村字川崎83,1,1,,1,,1,1,1,,42.679284,140.769517,
3567,E0139600014201,富里地区研修センター,北海道真狩村字富里318-5,1,1,,1,,1,1,1,,42.78093747,140.7607186,
3568,E0139600015201,旧富里小学校グラウンド,北海道真狩村字富里321-1,1,1,,1,,1,1,1,,42.780901,140.762018,
3569,E0140400001201,日本郷土玩具館,北海道神恵内村大字珊内村256,1,1,1,1,1,,,,1,43.19754415,140.3483852,
3570,E0140400002201,珊内集会所,北海道神恵内村大字珊内村57-27,1,1,1,1,1,,,,1,43.19706895,140.3483637,
3571,E0140400004201,川白ふれあいセンター,北海道神恵内村大字珊内村字川白,1,1,1,1,,,,,1,43.22023176,140.3266521,
3572,E0140400005201,神恵内村生涯学習館,北海道神恵内村大字珊内村字川白250-1,1,1,1,1,1,,,,1,43.22038764,140.327686,
3573,E0140400007201,神恵内村漁村センター,北海道神恵内村大字神恵内村65-4,1,1,1,1,,,,,1,43.14460829,140.4354396,
3574,E0140400010201,神恵内村商工観光センター,北海道神恵内村大字神恵内村字ヘルカイシ59-3,1,1,1,1,1,,,,1,43.13821624,140.4309186,
3575,E0140400011201,神恵内村中学校,北海道神恵内村大字神恵内村字横澗11-7,1,1,1,1,1,,,,1,43.14460991,140.425131,
3576,E0140400013201,神恵内小学校,北海道神恵内村大字神恵内村字横澗154,1,1,1,,1,,,,1,43.14497736,140.4259837,
3577,E0140400014201,神恵内保育所,北海道神恵内村大字神恵内村字横澗20-4,1,1,1,,1,,,,1,43.144275841145,140.42607458379,
3578,E0140400016201,赤石集会所,北海道神恵内村大字赤石村23-1,,,,1,,,,,1,43.15855103,140.4019942,
3579,E0140400018201,道の駅　オスコイ！かもえない,北海道神恵内村大字赤石村字大森292-1,,,,1,,,,,1,43.165346,140.385629,
3580,E0140700001201,銀山中学校グランド,北海道仁木町銀山2-113,1,,,1,,1,,,1,43.042264096845,140.72563244118,
3581,E0140700002201,銀山小学校グランド,北海道仁木町銀山2-446,1,,,1,,1,,,1,43.039277047092,140.73248811749,
3582,E0140700007201,仁木小学校グランド,北海道仁木町西町1-60,,1,,1,,1,,,,43.152065330386,140.76341733502,
3583,E0140700008201,グランド（旧然別小学校）,北海道仁木町然別141,,,,1,,1,,,,43.125009989418,140.73476800595,
3584,E0140700010201,グランド（旧大江小学校）,北海道仁木町大江1-345,,1,,1,,1,,,,43.097606187934,140.71859425236,
3585,E0140700012201,ふれあい遊トピア公園,北海道仁木町大江1-929,1,1,,1,,1,,,,43.117041711969,140.73044659256,
3586,E0140700013201,長沢会館前,北海道仁木町長沢南464-2,,1,,1,,1,,,1,43.03786777423,140.76213107485,
3587,E0140700014201,グランド（旧砥の川小学校）,北海道仁木町砥の川303,1,1,,1,,1,,,1,43.145342461057,140.7394073169,
3588,E0140700016201,フルーツパークにき　（多目的活性化広場）,北海道仁木町東町16-121,1,1,,1,,1,,,1,43.151507997782,140.79063109688,
3589,E0140700017201,尾根内会館前,北海道仁木町尾根内221-4,1,1,,1,,1,,,1,43.037552143532,140.78652844805,
3590,E0140700018201,いきいき８８広場,北海道仁木町北町1-88-1,,1,,1,,1,,,1,43.155179592163,140.76830708978,
3591,E0140700019201,仁木中学校グランド,北海道仁木町北町4-52,,1,,1,,1,,,1,43.159930460452,140.76439982814,
3592,E0140700021202,旧町民野球場,北海道仁木町北町8-25-1,,1,,1,,1,,,,43.16321320007,140.77285611628,
3593,E0140700021201,観光管理センター広場,北海道仁木町北町8-25-1,,1,,1,,1,,,,43.162364105855,140.7739021778,
3594,E0163600001201,御影公民館,北海道清水町御影東一条5-1-1,1,1,,,,1,1,,1,42.945639051076,142.94234037273,
3595,E0163600001202,御影公民館広場,北海道清水町御影東一条5-1-1,,,,1,,,,,1,42.945902143189,142.94202923649,
3596,E0163600002201,御影鉄南中央公園,北海道清水町御影東一条南2-3,,,,1,,,,,,42.939900919719,142.93509948023,
3597,E0163600003201,御影小学校グラウンド,北海道清水町御影東二条3-2,,,,1,,,,,1,42.942882406405,142.94084370009,
3598,E0163600003202,御影小学校,北海道清水町御影東二条3-2,1,1,,,,1,1,,1,42.943243683105,142.94028580063,
3599,E0163600004201,剣の郷創造館グラウンド,北海道清水町字旭山31,,,,1,,,,,1,42.902389173331,142.91550293439,
3600,E0163600004202,剣の郷創造館,北海道清水町字旭山31,,1,,,,1,,,1,42.902587884207,142.91520088675,
3601,E0163600005201,少年自然の家広場,北海道清水町字羽帯南１０線94,,,,1,,,,,1,42.927297258795,142.87608519071,
3602,E0163600005202,少年自然の家,北海道清水町字羽帯南１０線94,,1,,,,1,,,1,42.927508590235,142.87581138819,
3603,E0163600006201,羽帯福祉館広場,北海道清水町字羽帯南２線97,,,,1,,,,,1,42.960597066468,142.9085721063,
3604,E0163600006202,羽帯福祉館,北海道清水町字羽帯南２線97,1,1,,,,1,1,,1,42.96085616886,142.90878668301,
3605,E0163600008201,旧下佐幌小学校グラウンド（さくらさくらグラウンド）,北海道清水町字下佐幌基線98,,,,1,,,,,1,43.045581092172,142.89125755601,
3606,E0163600008202,旧下佐幌小学校（さくらさくら）,北海道清水町字下佐幌基線98,1,1,,,,1,1,,1,43.045704583868,142.89097324185,
3607,E0163600009201,旧松沢小学校グラウンド（松沢の郷グラウンド）,北海道清水町字熊牛11,,,,1,,,,,1,42.976530372907,142.9783411044,
3608,E0163600009202,旧松沢小学校（松沢の郷）,北海道清水町字熊牛11,1,1,,,,1,1,,1,42.976828655863,142.97840547742,
3609,E0163600010201,きたくま文化蔵グラウンド,北海道清水町字熊牛125,,,,1,,,,,1,43.068398931725,142.93575149545,
3610,E0163600010202,きたくま文化蔵,北海道清水町字熊牛125,1,1,,,,1,1,,1,43.068634066276,142.93568712244,
3611,E0163600011201,旧熊牛小学校グラウンド,北海道清水町字熊牛68,,,,1,,,,,1,43.013549564229,142.95266177844,
3612,E0163600011202,旧熊牛小学校,北海道清水町字熊牛68,1,1,,,,1,1,,1,43.013904542367,142.95239087533,
3613,E0163600012201,御影中学校グラウンド,北海道清水町字御影南２線73,,,,1,,,,,1,42.949023242225,142.93018798396,
3614,E0163600012202,御影中学校,北海道清水町字御影南２線73,1,1,,,,1,1,,1,42.949694676982,142.92972664402,
3615,E0163600013201,旧下人舞小学校グラウンド,北海道清水町字人舞169,,,,1,,,,,1,43.012769600397,142.92789765835,
3616,E0163600013202,旧下人舞小学校,北海道清水町字人舞169,1,1,,,,1,1,,1,43.012993180865,142.92770990371,
3617,E0163600014201,人舞福祉館広場,北海道清水町字人舞289,,,,1,,,,,1,43.065724861709,142.91386019862,
3618,E0163600014202,人舞福祉館,北海道清水町字人舞289,1,1,,,,1,1,,1,43.065995278161,142.91357052005,
3619,E0163600015202,清水小学校,北海道清水町字清水第２線71,1,1,,,,1,1,,1,43.018981522739,142.87408984242,
3620,E0163600015201,清水小学校グラウンド,北海道清水町字清水第２線71,,,,1,,,,,1,43.019805152911,142.87512249291,
3621,E0163600016201,上清水福祉館広場,北海道清水町字清水第３線32,,,,1,,,,,1,42.989637708026,142.89685391994,
3622,E0163600016202,上清水福祉館,北海道清水町字清水第３線32,1,1,,,,1,1,,1,42.989756407356,142.89672919721,
3623,E0163600017201,農業研修会館広場,北海道清水町字清水第４線59,,,,1,,,,,1,43.005581762239,142.87330659596,
3624,E0163600017202,農業研修会館,北海道清水町字清水第４線59,,1,,,,1,,,1,43.005428767757,142.87284525601,
3625,E0163600018202,美蔓福祉館,北海道清水町字美蔓西２３線85,1,1,,,,1,1,,1,43.037713414491,142.97277711499,
3626,E0163600018201,美蔓福祉館広場,北海道清水町字美蔓西２３線85,,,,1,,,,,1,43.037366415807,142.972956823,
3627,E0163600025201,東地域集会所広場,北海道清水町南九条8-1,,,,1,,,,,,43.010093613209,142.89575917075,
3628,E0163600024201,有明公園多目的広場,北海道清水町南五条6-1,,,,1,,,,,,43.012793677596,142.88973106886,
3629,E0163600023201,清水中央公園,北海道清水町南三条3-1,,,,1,,,,,1,43.012579902611,142.88460536742,
3630,E0163600023202,文化センター,北海道清水町南三条3-1,,1,,,,1,,,1,43.01205036504,142.88561387801,
3631,E0163600020201,老人福祉センター,北海道清水町南二条7-1,,1,,,,1,,,1,43.015853099685,142.88829262362,
3632,E0163600021201,西地域集会所広場,北海道清水町南二条西5-2,,,,1,,,,,,43.008803604989,142.87575933572,
3633,E0163600026201,北地域集会所広場,北海道清水町北二条7-2,,,,1,,,,,,43.019586348944,142.88474267939,
3634,E0163600027201,清水高等学校グラウンド,北海道清水町北二条西2-2,,,,1,,,,,1,43.0143814091,142.87501038885,
3635,E0163600027202,清水高等学校,北海道清水町北二条西2-2,1,1,,,,1,1,,1,43.014059774037,142.87401260709,
3636,E0163600028201,清水中学校グラウンド,北海道清水町本通11-2,,,,1,,,,,1,43.02126495745,142.88987642744,
3637,E0163600028202,清水中学校,北海道清水町本通11-2,1,1,,,,1,1,,1,43.021680680503,142.88871234872,
3638,E0154600001201,町民会館,北海道清里町羽衣町14,1,1,,1,,1,1,,1,43.83519392,144.5952271,
3639,E0154600002201,清里トレーニングセンター,北海道清里町羽衣町31,1,1,,1,,1,1,,1,43.83412932,144.5986144,
3640,E0154600003201,町民グラウンド,北海道清里町羽衣町32,1,1,,1,,1,1,,,43.83338153,144.5993044,
3641,E0154600004201,清里小学校,北海道清里町羽衣町33,1,1,,1,,1,1,,1,43.83185556,144.5986584,
3642,E0154600005201,生涯学習総合センター,北海道清里町羽衣町35,1,1,,1,,1,1,,1,43.83132592,144.5947472,
3643,E0154600006201,モトエカ広場,北海道清里町羽衣町36,1,1,,1,,1,1,,,43.83033912,144.5951084,
3644,E0154600007201,清里高等学校グラウンド,北海道清里町羽衣町38,1,1,,1,,1,1,,,43.82746532,144.5912872,
3645,E0154600008201,清里中学校,北海道清里町羽衣町58,1,1,,1,,1,1,,1,43.8289021,144.5886424,
3646,E0154600008202,清里中学校グラウンド,北海道清里町羽衣町58,1,1,,1,,1,1,,1,43.82801991,144.5883679,
3647,E0154600009201,きよ～る,北海道清里町羽衣町62,1,1,,1,,1,1,,1,43.82848998,144.5858194,
3648,E0154600010201,江南総合研修センター,北海道清里町江南263,1,1,,,,1,1,,,43.79777741,144.5989719,
3649,E0154600011201,旧江南小学校グラウンド,北海道清里町江南370,1,1,,1,,1,1,,,43.79693872,144.605408,
3650,E0154600012201,札弦センター,北海道清里町札弦25,1,1,,1,,1,1,,1,43.78590791,144.5345963,
3651,E0154600013201,札弦トレーニングセンター,北海道清里町札弦28,1,1,,,,1,1,,1,43.78536143,144.5342897,
3652,E0154600014201,札南団地跡地,北海道清里町札弦町36,1,1,,1,,1,1,,,43.78329116,144.5284298,
3653,E0154600018201,旧新栄小学校グラウンド,北海道清里町上斜里1393,1,1,,1,,1,1,,,43.86968424,144.5941983,
3654,E0154600019201,光岳小学校グラウンド,北海道清里町神威1056,1,1,,1,,1,1,,,43.79253365,144.5382541,
3655,E0154600020201,パパスランドさっつる,北海道清里町神威1071-4,1,1,,1,,1,1,,,43.79037978,144.5340304,
3656,E0154600020202,町民活動施設,北海道清里町神威1071-4,1,1,,1,,1,1,,,43.79075038,144.534583,
3657,E0154600021201,神威地区研修集会施設,北海道清里町神威787,1,1,,,,1,1,,,43.80327203,144.5465987,
3658,E0154600022201,清里町コミュニティセンター,北海道清里町水元町12,1,1,,1,,1,1,,1,43.83896996,144.5964931,
3659,E0154600023201,新町自治会館,北海道清里町水元町35,1,1,,,,1,1,,1,43.839586,144.588441,
3660,E0154600023202,さくらんぼ団地内公園,北海道清里町水元町35,1,1,,1,,1,1,,1,43.83948927,144.5870064,
3661,E0154600025201,緑駅前広場,北海道清里町緑町25,1,1,,1,,1,1,,,43.71961042,144.5048637,
3662,E0154600026201,緑の湯,北海道清里町緑町26,1,1,,1,,1,1,,1,43.71985102,144.5056728,
3663,E0154600027201,緑センター,北海道清里町緑町9,1,1,,,,1,1,,1,43.7183146,144.5083166,
3664,E0156200001201,上興部小学校グラウンド,北海道西興部村字上興部112,1,1,,1,,1,1,,1,44.33711982,142.8783881,
3665,E0156200010201,西興部森林公園,北海道西興部村字西興部107,1,1,,1,,1,1,,,44.32784376,142.9469411,
3666,E0156200011201,西興部小学校グラウンド,北海道西興部村字西興部240,1,1,,1,,1,1,,1,44.32891637,142.9513007,
3667,E0156200014201,西興部中学校グラウンド,北海道西興部村字西興部374,1,1,,1,,1,1,,1,44.33563262,142.9536307,
3668,E0156200021201,いこいの森公園,北海道西興部村上興部315-1,1,1,,1,,1,1,,,44.33716557,142.8711853,
3669,E0166800078201,西庶路地区津波避難タワー,北海道西庶路西１条南3-4-17,,,,,1,,,,,42.973531,144.129591,
3670,E0123500001202,旧石狩小学校グラウンド,北海道石狩市横町39,,1,1,1,1,1,1,,1,43.244287,141.348931,
3671,E0123500001201,旧石狩小学校,北海道石狩市横町39,1,1,1,1,1,,1,,1,43.24385944,141.3482465,
3672,E0123500002202,石狩翔陽高等学校グラウンド,北海道石狩市花川東128-31,,1,1,1,1,1,1,,1,43.1714322,141.3410212,
3673,E0123500002201,石狩翔陽高等学校,北海道石狩市花川東128-31,1,1,1,1,1,,1,,1,43.17045412,141.3417401,
3674,E0123500010201,花川南中学校,北海道石狩市花川南九条4-94,1,1,1,1,1,,1,,1,43.13677351,141.2849841,
3675,E0123500010202,花川南中学校グラウンド,北海道石狩市花川南九条4-94,,1,1,1,1,1,1,,1,43.13603366,141.2857297,
3676,E0123500003201,南線小学校,北海道石狩市花川南三条1-18,1,1,1,1,1,,1,,1,43.15421311,141.2924883,
3677,E0123500003202,南線小学校グラウンド,北海道石狩市花川南三条1-18,1,1,1,1,1,1,1,,1,43.15346173,141.2913886,
3678,E0123500004201,藤女子大学花川キャンパス前庭,北海道石狩市花川南四条5-7-1,,1,1,1,1,,1,,,43.14401995,141.3000176,
3679,E0123500008201,彩林公園,北海道石狩市花川南八条3-153-1,,1,1,1,1,1,1,,,43.140084,141.2865941,
3680,E0123500009201,石狩南高等学校,北海道石狩市花川南八条5-1,1,1,1,1,1,,1,,1,43.13819978,141.2901057,
3681,E0123500009202,石狩南高等学校グラウンド,北海道石狩市花川南八条5-1,,1,1,1,1,1,1,,1,43.13887697,141.2918545,
3682,E0123500005202,花川南小学校グラウンド,北海道石狩市花川南六条5-1,,1,1,1,1,1,1,,1,43.14160848,141.2959974,
3683,E0123500005201,花川南小学校,北海道石狩市花川南六条5-1,1,1,1,1,1,,1,,1,43.14222301,141.2956058,
3684,E0123500006201,花川南コミュニティセンター,北海道石狩市花川南六条5-27-2,1,1,1,1,1,,1,,1,43.140612816847,141.29379751447,
3685,E0123500007201,花川南公園,北海道石狩市花川南六条5-94,,1,1,1,1,1,1,,,43.13980008,141.2955361,
3686,E0123500011201,紅南小学校,北海道石狩市花川北一条6-1,1,1,1,1,1,,1,,1,43.15057709,141.3131124,
3687,E0123500011202,紅南小学校グラウンド,北海道石狩市花川北一条6-1,,1,1,1,1,1,1,,1,43.14988046,141.3134289,
3688,E0123500012201,紅南公園,北海道石狩市花川北一条6-2-1,,1,1,1,1,1,1,,,43.14934036,141.3117713,
3689,E0123500014201,花川北コミュニティセンター,北海道石狩市花川北三条2-198-1,1,1,1,1,1,,1,,1,43.1644748,141.3090472,
3690,E0123500015201,学び交流センター星置養護学校石狩紅葉山校舎,北海道石狩市花川北三条3-1,1,1,1,1,1,,1,,1,43.15961451,141.3086864,
3691,E0123500015202,星置養護学校石狩紅葉山校舎グラウンド,北海道石狩市花川北三条3-1,1,1,1,1,1,1,1,,1,43.16031886,141.3093892,
3692,E0123500016202,花川北中学校グラウンド,北海道石狩市花川北三条4-130,1,1,1,1,1,1,1,,1,43.16044238,141.3142788,
3693,E0123500016201,花川北中学校,北海道石狩市花川北三条4-130,1,1,1,1,1,,1,,1,43.15962846,141.3132381,
3694,E0123500017201,花川中学校,北海道石狩市花川北四条1-2-1,1,1,1,1,1,,1,,1,43.16835031,141.3119227,
3695,E0123500017202,花川中学校グラウンド,北海道石狩市花川北四条1-2-1,1,1,1,1,1,1,1,,1,43.16781429,141.3110912,
3696,E0123500018202,双葉小学校グラウンド,北海道石狩市花川北四条3-1,1,1,1,1,1,1,1,,1,43.1642461,141.3124733,
3697,E0123500018201,双葉小学校,北海道石狩市花川北四条3-1,1,1,1,1,1,,1,,1,43.16378439,141.3129937,
3698,E0123500019201,若葉公園,北海道石狩市花川北四条3-2,1,1,1,1,1,1,1,,,43.16295133,141.3145149,
3699,E0123500013201,紅葉山公園,北海道石狩市花川北二条3-210,1,1,1,1,1,1,1,,,43.15814138,141.3092477,
3700,E0123500021201,石狩市スポーツ広場,北海道石狩市花畔337-3,1,1,1,1,1,1,1,,,43.16970142,141.3079949,
3701,E0123500020201,花川小学校,北海道石狩市花畔一条1-7,1,1,1,1,1,,1,,1,43.17429565,141.3176986,
3702,E0123500020202,花川小学校グラウンド,北海道石狩市花畔一条1-7,,1,1,1,1,1,1,,1,43.17378586,141.3181337,
3703,E0123500022202,厚田学園グラウンド,北海道石狩市厚田区厚田171-1,1,1,1,1,1,1,1,,1,43.40197187,141.4323427,
3704,E0123500022201,厚田学園,北海道石狩市厚田区厚田171-1,1,1,1,1,1,,1,,1,43.402638347206,141.43202090794,
3705,E0123500023201,発足会館,北海道石狩市厚田区厚田292-25,1,,1,1,1,,1,,1,43.42483667,141.4965219,
3706,E0123500023202,発足会館駐車場,北海道石狩市厚田区厚田292-25,1,,1,1,1,1,1,,1,43.42457173,141.4964361,
3707,E0123500024202,道の駅石狩「あいろーど厚田」駐車場,北海道石狩市厚田区厚田98-2,1,1,1,1,1,,1,,,43.403917518761,141.43143004717,
3708,E0123500024201,道の駅石狩「あいろーど厚田」,北海道石狩市厚田区厚田98-2,1,1,1,1,1,,1,,,43.404361820531,141.43137640299,
3709,E0123500025201,株式会社新厚商事,北海道石狩市厚田区小谷194-2,1,1,1,1,1,,1,,1,43.36499023,141.4278569,
3710,E0123500026201,戸田記念墓地公園（礼拝堂ほか）,北海道石狩市厚田区望来327,1,1,1,1,1,,1,,,43.31965762,141.4464971,
3711,E0123500027201,聚富会館,北海道石狩市厚田区聚富126-11,1,1,1,1,1,,1,,1,43.276329998709,141.40694515895,
3712,E0123500027202,聚富会館駐車場,北海道石狩市厚田区聚富126-11,1,1,1,1,1,,1,,1,43.276347769246,141.40720785079,
3713,E0123500028201,石狩中学校,北海道石狩市志美293-30,1,1,1,1,1,,1,,1,43.2186641,141.3367296,
3714,E0123500028202,石狩中学校グラウンド,北海道石狩市志美293-30,1,1,1,1,1,1,1,,1,43.21926613,141.3360108,
3715,E0123500029201,石狩市防災ひろば,北海道石狩市志美65-48,1,1,1,1,1,1,1,,,43.2142503,141.3344394,
3716,E0123500030201,樽川公園,北海道石狩市新港西2-784,,1,1,1,1,1,1,,,43.16830858,141.2769671,
3717,E0123500062201,ダイナム　石狩店,北海道石狩市新港南2-729,1,1,1,1,1,1,1,,,43.1839987,141.3167782,
3718,E0123500031201,青葉公園,北海道石狩市新港南3-706,1,1,1,1,1,1,1,,,43.19737952,141.3167711,
3719,E0123500032202,生振小学校グラウンド,北海道石狩市生振375-1,1,1,1,1,1,1,1,,1,43.19021237,141.360969,
3720,E0123500032201,生振小学校,北海道石狩市生振375-1,1,1,1,1,1,,1,,1,43.19097503,141.3612104,
3721,E0123500033201,ふれあいの杜公園,北海道石狩市樽川四条1-600,,1,1,1,1,1,1,,,43.15312245,141.2881529,
3722,E0123500034201,樽川中学校,北海道石狩市樽川六条3-600,1,1,1,1,1,,1,,1,43.15261473,141.280413,
3723,E0123500034202,樽川中学校グラウンド,北海道石狩市樽川六条3-600,,1,1,1,1,1,1,,1,43.15177332,141.2801608,
3724,E0123500035201,八幡コミュニティセンター,北海道石狩市八幡2-332-12,,1,1,1,1,,1,,1,43.24513988,141.371132,
3725,E0123500036202,石狩八幡小学校グラウンド,北海道石狩市八幡4-167,,1,1,1,1,1,1,,1,43.24442988,141.3767557,
3726,E0123500036201,石狩八幡小学校,北海道石狩市八幡4-167,1,1,1,1,1,,1,,1,43.24373431,141.3771526,
3727,E0123500037201,高岡ふれあい研修センター,北海道石狩市八幡町高岡28-5,1,1,1,1,1,,1,,1,43.25421217,141.4212239,
3728,E0123500038201,公民館美登位分館,北海道石狩市美登位694-1,1,1,1,1,1,,1,,1,43.20180269,141.4038342,
3729,E0123500039202,浜益スポーツセンター駐車場,北海道石狩市浜益区群別1-41,1,,1,1,1,,1,,1,43.62433986,141.3717824,
3730,E0123500039201,浜益スポーツセンター,北海道石狩市浜益区群別1-41,1,1,1,1,1,,1,,1,43.62444859,141.3712674,
3731,E0123500041201,実田会館,北海道石狩市浜益区実田129-2,,1,1,1,1,,1,,1,43.58457699,141.4399655,
3732,E0123500041202,実田会館駐車場,北海道石狩市浜益区実田129-2,,1,1,1,1,,1,,1,43.58462751,141.4401801,
3733,E0123500042201,石狩市浜益保養センター（浜益温泉）,北海道石狩市浜益区実田254-4,,,1,1,1,,1,,1,43.585821606899,141.42413723214,
3734,E0123500043201,旧床丹小学校グラウンド,北海道石狩市浜益区床丹435-1,1,1,1,1,1,,1,,,43.67011735,141.3557654,
3735,E0123500044201,旧千代志別小学校グラウンド,北海道石狩市浜益区千代志別595-1,1,1,1,1,1,,1,,,43.69151665,141.3431782,
3736,E0123500045201,旧浜益中学校グラウンド,北海道石狩市浜益区川下141-8,1,,1,1,1,1,1,,,43.59098782,141.3898949,
3737,E0123500046201,旧浜益中学校,北海道石狩市浜益区川下162-2,1,,1,,1,,1,,1,43.59161336,141.3900237,
3738,E0123500047201,送毛入口バス停,北海道石狩市浜益区送毛364-2,1,1,1,1,1,,1,,,43.50781906,141.3739466,
3739,E0123500048201,送毛会館,北海道石狩市浜益区送毛37-3,1,,1,1,1,,1,,1,43.51004445,141.3704949,
3740,E0123500049201,浜益小学校,北海道石狩市浜益区柏木1-17,1,1,1,1,,,1,,1,43.57802446,141.3880403,
3741,E0123500049202,浜益小学校グラウンド,北海道石狩市浜益区柏木1-17,,1,1,1,,,1,,1,43.57835089,141.3882119,
3742,E0123500050201,摺鉢山会館,北海道石狩市浜益区柏木279-1,1,1,1,1,1,,1,,1,43.577849,141.420338,
3743,E0123500050202,摺鉢山会館駐車場,北海道石狩市浜益区柏木279-1,1,1,1,1,1,,1,,1,43.577898,141.42036,
3744,E0123500051201,毘砂別神社下市道,北海道石狩市浜益区毘砂別1441-1,1,,1,1,,,1,,,43.55658694,141.3770062,
3745,E0123500052201,毘砂別会館,北海道石狩市浜益区毘砂別35-4,1,1,1,,,,1,,1,43.5608080228,141.37832774083,
3746,E0123500053202,浜益支所駐車場,北海道石狩市浜益区浜益2-3,1,,1,1,1,,1,,1,43.60103561,141.3870061,
3747,E0123500053201,浜益支所,北海道石狩市浜益区浜益2-3,1,1,1,1,1,,1,,1,43.60061217,141.3869631,
3748,E0123500054201,浜益中学校,北海道石狩市浜益区浜益50-22,1,,1,1,1,,1,,1,43.60411487,141.3848188,
3749,E0123500054202,浜益中学校校舎前グラウンド,北海道石狩市浜益区浜益50-22,1,,1,1,1,,1,,1,43.60444117,141.3853928,
3750,E0123500055201,浜益コミュニティセンターきらり,北海道石狩市浜益区浜益630-1,1,1,1,1,,,1,,1,43.60086021,141.3828889,
3751,E0123500055202,浜益コミュニティセンターきらり駐車場,北海道石狩市浜益区浜益630-1,1,1,1,1,,1,1,,1,43.6005539,141.383664,
3752,E0123500056201,旧幌中学校グラウンド,北海道石狩市浜益区幌161-1,1,1,1,1,1,,1,,,43.651987222674,141.35746081154,
3753,E0123500057201,幌会館,北海道石狩市浜益区幌21-2,1,1,1,,1,,1,,1,43.65037089,141.3530177,
3754,E0123500058201,北生振ふれあい研修センター,北海道石狩市北生振200-2,,1,1,1,1,,1,,1,43.23348042,141.3779277,
3755,E0123500059201,イオンスーパーセンター石狩緑苑台店,北海道石狩市緑苑台中央1-2,,1,1,1,1,1,1,,,43.15819648,141.3354671,
3756,E0123500060201,紅葉山南公園,北海道石狩市緑苑台中央3-601,,1,1,1,1,1,1,,,43.15746503,141.3390318,
3757,E0123500061201,緑苑台小学校,北海道石狩市緑苑台中央3-603,1,1,1,1,1,,1,,1,43.158903947228,141.34013187082,
3758,E0123500061202,緑苑台小学校グラウンド,北海道石狩市緑苑台中央3-603,,1,1,1,1,1,1,,1,43.15949091,141.3412048,
3759,E0140500001201,神岬会館広場（緑地広場）,北海道積丹町神岬町字尾根内60,,,,1,,,,,,43.30336672,140.3554349,
3760,E0140500028201,日司みなと防災センター,北海道積丹町大字日司町127,,,,1,1,,,,,43.355094,140.470811,
3761,E0140500027201,黄金岬遊歩道,北海道積丹町大字美国町,,,,1,1,,,,,43.299947,140.598515,
3762,E0140500003201,積丹町総合文化センター,北海道積丹町大字美国町字船澗48-12,,,,1,,,,,1,43.29870135,140.597785,
3763,E0140500024201,Ｂ＆Ｇ防災拠点広場,北海道積丹町大字美国町字大沢784-1,,,,1,,,,,,43.292685,140.595843,
3764,E0140500005201,岬の湯（Ｍｉｓａｋｉ　ｎｏ　Ｙｏｕ）しゃこたん,北海道積丹町大字野塚町字ウエント川の上212-1,,,,1,,,,,1,43.33875245,140.4543424,
3765,E0140500006201,日司小学校グランド（日司地区緑地広場）,北海道積丹町日司町字日和山120,,,,1,,,,,,43.35637712,140.4663134,
3766,E0140500007201,島武意駐車場,北海道積丹町入舸町字出岬町山ノ上472-21,,,,1,,,,,,43.37105839,140.4775433,
3767,E0140500008201,旧入舸小学校グランド,北海道積丹町入舸町字沢199,,,,1,,,,,,43.36651354,140.4821483,
3768,E0140500009201,研修センター敷地,北海道積丹町美国町字小泊115-5,,,,1,,,,,,43.29261645,140.6018025,
3769,E0140500010201,小泊野営場駐車場,北海道積丹町美国町字小泊29-70,,,,1,,,,,,43.29479211,140.6050862,
3770,E0140500011201,Ｂ＆Ｇ海洋センター駐車場,北海道積丹町美国町字船澗1458-3,,,,1,,,,,,43.293000217918,140.59691797743,
3771,E0140500012201,美国小学校グランド（研修広場）,北海道積丹町美国町字大沢213-1,,,,1,,,,,,43.29161725,140.592539,
3772,E0140500013201,憩いの広場,北海道積丹町美国町字大沢326-1,,,,1,,,,,,43.29468121,140.5982067,
3773,E0140500014201,美国中学校グランド,北海道積丹町美国町字大沢344-1,,,,1,,,,,,43.29114612,140.5938525,
3774,E0140500015201,美国小泊共同墓地広場,北海道積丹町美国町字美良波1,,,,1,,,,,,43.28999217,140.5995128,
3775,E0140500016201,婦美会館広場,北海道積丹町婦美町字婦美519,,,,1,,,,,,43.31040981,140.5496642,
3776,E0140500017201,旧幌武意小学校グランド,北海道積丹町幌武意町44,,,,1,,,,,,43.36002166,140.5030404,
3777,E0140500018201,野塚児童公園,北海道積丹町野塚町199,,,,1,,,,,,43.34088055,140.4591446,
3778,E0140500019201,野塚小学校グランド,北海道積丹町野塚町326,,,,1,,,,,,43.33949911,140.4553681,
3779,E0140500020201,岬の湯（Ｍｉｓａｋｉ　ｎｏ　Ｙｏｕ）しゃこたん駐車場,北海道積丹町野塚町字ウエント川の上229-1,,,,1,,,,,,43.33828132,140.4550277,
3780,E0140500021201,雙源寺前広場,北海道積丹町余別町49,,,,1,,,,,,43.32694942,140.3777219,
3781,E0140500022201,余別小学校グランド,北海道積丹町余別町字沢544-1,,,,1,,,,,,43.32463661,140.3797582,
3782,E0140500023201,来岸町旧小学校グランド用地,北海道積丹町来岸町84,,,,1,,,,,,43.329211956924,140.39511801616,
3783,E0140900001201,赤井川村山村活性化支援センター,北海道赤井川村字常盤443-1,1,1,,1,,1,1,,1,43.090986181575,140.95232056212,
3784,E0140900002201,健康支援センター　（赤井川村高齢者・女性等活動　支援センター）,北海道赤井川村字赤井川318-1,1,1,,1,,1,1,,1,43.087383943676,140.81140524221,
3785,E0140900003203,赤井川村立赤井川中学校校舎,北海道赤井川村字赤井川67,1,1,,1,,1,1,,1,43.083253068983,140.80957578126,
3786,E0140900003202,赤井川村立赤井川中学校体育館,北海道赤井川村字赤井川67,1,1,,1,,1,1,,1,43.083192584839,140.80884679961,
3787,E0140900003201,赤井川村立赤井川中学校　グラウンド,北海道赤井川村字赤井川67,1,1,,1,,1,1,,1,43.082851720437,140.80962464023,
3788,E0140900004201,赤井川村体育館,北海道赤井川村字赤井川71-2,1,1,,1,,1,1,,1,43.081133954061,140.81178459543,
3789,E0140900005201,赤井川村立赤井川小学校体育館,北海道赤井川村字赤井川72,1,1,,1,,1,1,,1,43.083390197669,140.8107505888,
3790,E0140900005202,赤井川村立赤井川小学校校舎,北海道赤井川村字赤井川72,1,1,,1,,1,1,,1,43.083166873652,140.81128703061,
3791,E0140900006201,赤井川村山村広場施設運動場　（赤井川小学校グラウンド）,北海道赤井川村字赤井川72-6,1,1,,1,,1,1,,,43.082355848003,140.81168399754,
3792,E0140900007201,赤井川村立都小学校グラウンド,北海道赤井川村字都113,,1,,1,,1,1,,1,43.050299879043,140.83681027496,
3793,E0140900007203,赤井川村立都小学校校舎,北海道赤井川村字都113,,1,,1,,1,1,,1,43.049954911592,140.83610217177,
3794,E0140900007202,赤井川村立都小学校体育館,北海道赤井川村字都113,,1,,1,,1,1,,1,43.049954911592,140.83558718765,
3795,E0140900008201,赤井川村都住民センター,北海道赤井川村字都127-15,,1,,1,,1,1,,1,43.051110200296,140.83290467531,
3796,E0140900009202,道の駅あかいがわ（屋外）,北海道赤井川村字都190-16,1,1,,1,,1,,,1,43.056477,140.835342,
3797,E0140900010201,旧赤井川村立落合小学校　グラウンド,北海道赤井川村字落合256-6,1,1,,1,,1,1,,,43.079667554386,140.88742138428,
3798,E0121800001201,豊里記念の丘公園,北海道赤平市宮下町3-1-1,1,1,,1,,,1,,,43.55974733,142.0307126,
3799,E0121800004201,錦町公園,北海道赤平市錦町2-3,,1,,1,,,,,,43.55787535,142.0500199,
3800,E0121800005201,赤間小学校グラウンド,北海道赤平市字豊里32,,1,,1,,,,,1,43.56152214,142.0486832,
3801,E0121800007201,旧住吉小学校跡グラウンド,北海道赤平市住吉町358,,1,,1,,,,,,43.56336011,141.9936751,
3802,E0121800009201,川添公園,北海道赤平市昭和町3-38,,1,,1,,,,,,43.56622654,142.0310202,
3803,E0121800012201,泉町公園,北海道赤平市泉町3-3,,1,,1,,,,,,43.55836371,142.0463054,
3804,E0121800013201,赤平中央中学校グラウンド,北海道赤平市大町3-1,,1,,1,,,,,,43.55464371,142.0541461,
3805,E0121800015201,コミュニティ広場,北海道赤平市東大町3-5,,1,,1,,,,,,43.5517832,142.0582883,
3806,E0121800016201,東文京公園,北海道赤平市東文京町3-9,,1,,1,,,,,,43.5633864,142.0463732,
3807,E0121800018201,翠光苑,北海道赤平市百戸町西1-6,1,1,,1,,,1,,,43.54547696,142.0801461,
3808,E0121800021201,平岸公園,北海道赤平市平岸新光町5-34-1,,1,,1,,,,,,43.54161754,142.1149857,
3809,E0121800022201,平岸コミュニティセンター駐車場,北海道赤平市平岸仲町2-3-5,1,1,,1,,,1,,1,43.542330959468,142.12108748935,
3810,E0121800023201,平岸中央公園,北海道赤平市平岸仲町5-32-3,1,1,,1,,,1,,,43.53824521,142.123816,
3811,E0121800026201,豊栄町公園,北海道赤平市豊栄町1-9,,1,,1,,,,,,43.56460139,142.0366141,
3812,E0121800027201,豊里小学校グラウンド,北海道赤平市豊栄町5-18,1,1,,1,,,1,,1,43.56212531,142.0349344,
3813,E0121800028201,並木公園,北海道赤平市豊栄町５－１８先,1,1,,1,,,1,,,43.55989401,142.0366832,
3814,E0121800030201,赤平中学校グラウンド,北海道赤平市北文京町1-2,,1,,1,,,,,1,43.567467707476,142.04336147809,
3815,E0121800031201,赤平幼稚園グラウンド,北海道赤平市幌岡町113-1,1,1,,1,,,1,,1,43.58219867,142.025071,
3816,E0121800032201,フラワーヒルズ・コミュニティ広場,北海道赤平市幌岡町147-1,1,1,,1,,,1,,,43.58007259,142.0361615,
3817,E0121800034201,茂尻駅前公園,北海道赤平市茂尻元町南1-38,1,1,,1,,,1,,,43.53814618,142.0830918,
3818,E0121800035201,出雲公園,北海道赤平市茂尻元町北1-1,,1,,1,,,,,,43.53971673,142.0827936,
3819,E0121800038201,茂尻小学校グラウンド,北海道赤平市茂尻本町1-1,,1,,1,,,,,,43.53981022,142.0915446,
3820,E0121800040201,茂尻本町公園,北海道赤平市茂尻本町2-32,1,1,,1,,,1,,,43.53756211,142.0943912,
3821,E0122400001201,青空公園,北海道千歳市あずさ1-1,,,,1,,1,,,,42.841878199969,141.65195424301,
3822,E0122400002201,富丘中学校,北海道千歳市あずさ1-2-1,1,,,1,,,,,1,42.842609343508,141.64904644523,
3823,E0122400003201,千歳市総合武道館,北海道千歳市あずさ1-3-1,,,,1,,,,1,1,42.844089656436,141.65052735006,
3824,E0122400004201,あずさ４号公園,北海道千歳市あずさ5-21,,,,1,,,,,,42.846517884424,141.64880319063,
3825,E0122400005201,みどり台２号公園,北海道千歳市みどり台南2-5,,,,1,,,,,,42.858342044628,141.61793449443,
3826,E0122400006201,みどり台１号公園,北海道千歳市みどり台南4-109,,,,1,,,,,,42.858384238191,141.62274065493,
3827,E0122400007201,みどり台４号公園,北海道千歳市みどり台北2-3,,,,1,,,,,,42.863254036728,141.61440257004,
3828,E0122400008201,みどり台３号公園,北海道千歳市みどり台北4-5,,,,1,,,,,,42.862657793883,141.61888077917,
3829,E0122400154201,みどり台小学校,北海道千歳市みどり台北5-3-1,1,,,1,,,,,1,42.862156,141.621756,
3830,E0122400009201,祝梅３号公園,北海道千歳市旭ケ丘3-8,,,,1,,,,,,42.827559055571,141.68362997214,
3831,E0122400010201,祝梅１号公園,北海道千歳市旭ケ丘4-4,,,,1,,,,,,42.826362948599,141.6780857967,
3832,E0122400011201,稲穂公園,北海道千歳市稲穂2-8,,,,1,,,,,,42.838461634013,141.65611152763,
3833,E0122400012201,稲穂フレンド公園,北海道千歳市稲穂3-13,,,,1,,,,,,42.841835823273,141.65407350111,
3834,E0122400013201,稲穂やすらぎ公園,北海道千歳市稲穂3-6,,,,1,,,,,,42.840869681629,141.65654802928,
3835,E0122400014201,稲穂第２公園,北海道千歳市稲穂4-3,,,,1,,,,,,42.840399093275,141.65880349983,
3836,E0122400015201,千歳中学校,北海道千歳市栄町4-35,1,1,,1,,,,,1,42.827290627999,141.64658908277,
3837,E0122400016201,交通安全教育施設,北海道千歳市花園1-6,,,,1,,,,,,42.83198254617,141.65732923375,
3838,E0122400017201,道の駅サーモンパーク千歳駐車場,北海道千歳市花園2-4-2,,,,1,,,,,,42.8342617258227,141.658589912772,
3839,E0122400020201,花園公園,北海道千歳市花園4-7,,,,1,,,,,,42.835082828644,141.65656252317,
3840,E0122400021201,花園第２公園,北海道千歳市花園6-8,,,,1,,,,,,42.833964844656,141.65341317766,
3841,E0122400023201,河川防災ステーション,北海道千歳市駒里2212-13,,,,1,,,,,,42.806708761494,141.71984744963,
3842,E0122400024201,駒里小中学校,北海道千歳市駒里945,,,,1,,,,,1,42.811698240537,141.74247539459,
3843,E0122400026201,桂木町内会館,北海道千歳市桂木4-6-2,1,1,,1,,,,,1,42.818226530467,141.61938146675,
3844,E0122400027201,桂木５号公園,北海道千歳市桂木4-7,,,,1,,,,,,42.818530466484,141.62019851427,
3845,E0122400028201,グリーンベルト（つどいの広場）,北海道千歳市幸町4-27,,,,1,,,,,,42.825558351759,141.64903968274,
3846,E0122400029201,むつみ公園,北海道千歳市高台3-2,,,,1,,,,,,42.834610369611,141.65117765835,
3847,E0122400030201,桜ケ丘公園,北海道千歳市高台5-2,,,,1,,,,,,42.836665807982,141.65031244789,
3848,E0122400031201,ふなっこ公園,北海道千歳市桜木1-7,,,,1,,,,,,42.838835164238,141.61297680574,
3849,E0122400032201,桜木２号公園,北海道千歳市桜木4-10,,,,1,,,,,,42.839583079668,141.60971170995,
3850,E0122400034201,支笏湖小学校,北海道千歳市支笏湖温泉2,,1,,1,,,,,1,42.773180517835,141.40803685546,
3851,E0122400035201,白樺公園,北海道千歳市自由ケ丘1-8,,,,1,,,,,,42.835467381322,141.62230689062,
3852,E0122400036201,自由ケ丘公園,北海道千歳市自由ケ丘4-9,,,,1,,,,,,42.837204596035,141.61945818792,
3853,E0122400037201,桜木小学校,北海道千歳市自由ケ丘7-1-1,,,,1,,,,,1,42.83513121035,141.61377313196,
3854,E0122400038201,若草ゴリラ公園,北海道千歳市若草1-4,,,,1,,,,,,42.797448370281,141.60329361687,
3855,E0122400039201,若草ゾウ公園,北海道千歳市若草3-9,,,,1,,,,,,42.794173563403,141.60061531213,
3856,E0122400040201,向陽台小学校,北海道千歳市若草5-1,,,,1,,,,,1,42.79277031701,141.59801440455,
3857,E0122400041201,若草公園,北海道千歳市若草5-4,,,,1,,,,,,42.791123014749,141.59726310808,
3858,E0122400042201,向陽台中学校,北海道千歳市若草5-5,,1,,1,,,,,1,42.78950099151,141.59674898531,
3859,E0122400043201,寿１号公園,北海道千歳市寿1-12,,,,1,,,,,,42.831793339892,141.6862195435,
3860,E0122400044201,寿２号公園,北海道千歳市寿2-14,,,,1,,,,,,42.834139026027,141.68523407287,
3861,E0122400045201,住吉グランド,北海道千歳市住吉1-3,,,,1,,,,,,42.831615310296,141.66093598802,
3862,E0122400046201,すみよし２号公園,北海道千歳市住吉2-11,,,,1,,,,,,42.830915050424,141.66442822416,
3863,E0122400047201,すみよし１号公園,北海道千歳市住吉5-10,,,,1,,,,,,42.828660789203,141.6675664087,
3864,E0122400048201,春日公園,北海道千歳市春日町1-5,,,,1,,,,,,42.821362500734,141.64121443721,
3865,E0122400049201,上長都公園,北海道千歳市上長都1051-19,,,,1,,,,,,42.846567411839,141.60798540829,
3866,E0122400050201,上長都明星公園,北海道千歳市上長都946-2,,,,1,,,,,,42.841151336928,141.61722293615,
3867,E0122400051201,しなの公園,北海道千歳市信濃2-18,,,,1,,,,,,42.836456777367,141.63373768891,
3868,E0122400052201,信濃小学校,北海道千歳市信濃2-34-12,,,,1,,,,,1,42.836211667766,141.62963823009,
3869,E0122400053201,しなの第２公園,北海道千歳市信濃4-18,,,,1,,,,,,42.84113252618,141.63329682598,
3870,E0122400054201,千歳市蘭越生活館,北海道千歳市新星1-3-7,,,,1,,,,,1,42.815209789579,141.60679017763,
3871,E0122400056201,新富おおぞら公園,北海道千歳市新富1-6,,,,1,,,,,,42.831371325256,141.63752591676,
3872,E0122400058201,はくちょう公園,北海道千歳市新富2-4,,,,1,,,,,,42.833250100446,141.63983101594,
3873,E0122400059201,しんとみ公園,北海道千歳市新富3-14,,,,1,,,,,1,42.836420584418,141.63872077116,
3874,E0122400060201,北海道千歳高等支援学校,北海道千歳市真々地2-3-1,1,,,1,,,,,1,42.812997852486,141.64333977635,
3875,E0122400062201,青葉公園,北海道千歳市真町2196-1,,,,1,,1,,,,42.815824024236,141.63475583905,
3876,E0122400157201,グリーンベルト（わんぱく公園）,北海道千歳市清水町4,,,,1,,,,,,42.824167434845,141.65068200747,
3877,E0122400064201,千歳第二小学校,北海道千歳市清流1-4-1,,,,1,,,,,1,42.845795732117,141.66777166373,
3878,E0122400065201,遺跡公園,北海道千歳市清流2-1,,,,1,,,,,,42.842160351038,141.66103731289,
3879,E0122400066201,クワガタ公園,北海道千歳市清流2-16,,,,1,,,,,,42.847045379423,141.66463683739,
3880,E0122400067201,コオロギ公園,北海道千歳市清流8-3,,,,1,,,,,,42.84802863151,141.65877889291,
3881,E0122400068201,青葉丘公園,北海道千歳市青葉1-4,,,,1,,,,,,42.825691624079,141.6563437694,
3882,E0122400069201,あづまソフトボール公園,北海道千歳市青葉2-17,,,,1,,,,,,42.822473862407,141.6599405469,
3883,E0122400070201,ハルニレ公園,北海道千歳市青葉4-7,,,,1,,,,,,42.827919114195,141.65953285113,
3884,E0122400071201,東１号公園,北海道千歳市青葉5-4,,,,1,,,,,,42.827706663941,141.66203266993,
3885,E0122400072201,鉄東コミュニティセンター,北海道千歳市青葉5-8-2,1,,,1,,,,,1,42.8278582499535,141.663708381343,
3886,E0122400073201,日の出丘１号公園,北海道千歳市青葉6-11,,,,1,,,,,,42.8261486731,141.6669893922,
3887,E0122400074201,アンカレジパーク,北海道千歳市青葉丘2018,,,,1,,,,,,42.822918471034,141.66679627314,
3888,E0122400076201,千歳公民館泉郷分館,北海道千歳市泉郷289-17,1,1,,1,,,,,1,42.906824199926,141.72077941249,
3889,E0122400077201,うぐいす公園,北海道千歳市大和3-6,,,,1,,,,,,42.821225782162,141.62833853312,
3890,E0122400078201,大和３丁目町内会館（大和団地集会所）,北海道千歳市大和3-6-24,1,1,,,,,,,,42.821287374544,141.62807270708,
3891,E0122400079201,指宿公園,北海道千歳市大和4-3,,,,1,,,,,,42.821906004203,141.63084592484,
3892,E0122400080202,旧中央小学校グランド,北海道千歳市中央539,,,,1,,,,,1,42.870500494099,141.71240639903,
3893,E0122400080201,中央コミュニティセンター,北海道千歳市中央539,1,,,1,,,,,1,42.8701909774184,141.712706622686,
3894,E0122400081201,朝日町西チビッコ広場公園,北海道千歳市朝日町3,,,,1,,,,,,42.818255874682,141.65266291702,
3895,E0122400082201,グリーンベルト（旅人の森）,北海道千歳市朝日町5-31,,,,1,,,,,,42.820919589866,141.65449443692,
3896,E0122400083201,朝日町東公園,北海道千歳市朝日町8-1206-186,,,,1,,,,,,42.819264858479,141.65846577801,
3897,E0122400084201,埋蔵文化財センター広場,北海道千歳市長都42,,,,1,,,,,,42.886970704809,141.64072861058,
3898,E0122400085201,長都４号公園,北海道千歳市長都駅前1-15,,,,1,,,,,,42.851813705773,141.62917358372,
3899,E0122400086201,長都３号公園,北海道千歳市長都駅前2-4,,,,1,,,,,,42.851537219506,141.62535298621,
3900,E0122400087201,長都１号公園,北海道千歳市長都駅前3-4,,,,1,,,,,,42.853792435528,141.62247091346,
3901,E0122400088201,スズラン公園,北海道千歳市長都駅前4-1,,,,1,,,,,,42.854177859788,141.62519645323,
3902,E0122400089201,長都２号公園,北海道千歳市長都駅前4-6,,,,1,,,,,,42.855560219359,141.62437605318,
3903,E0122400091201,グリーンベルト（花の広場）,北海道千歳市東雲町3-3-1,,,,1,,,,,,42.82247114165,141.65270567165,
3904,E0122400092201,東小学校,北海道千歳市東丘824-30,,,,1,,,,,1,42.914573437054,141.80208017841,
3905,E0122400093201,東郊１号公園,北海道千歳市東郊1-11,,,,1,,,,,,42.837315186096,141.66283187578,
3906,E0122400094201,東郊２号公園,北海道千歳市東郊2-10,,,,1,,,,,,42.835289629047,141.66602192362,
3907,E0122400095201,日の出小学校,北海道千歳市日の出2-3-20,1,,,1,,,,,1,42.829667772204,141.67151887843,
3908,E0122400096201,あけぼの公園,北海道千歳市日の出3-8,,,,1,,,,,,42.828131176942,141.67163674045,
3909,E0122400097201,日の出丘２号公園,北海道千歳市日の出5-15,,,,1,,,,,,42.825139682532,141.67087590484,
3910,E0122400098201,祝梅小学校,北海道千歳市梅ケ丘3-2-1,1,,,1,,,,,1,42.831492417973,141.67780587323,
3911,E0122400099201,太陽公園,北海道千歳市柏陽1-1,,,,1,,,,,,42.782243991714,141.59881547659,
3912,E0122400100201,泉沢小学校,北海道千歳市柏陽2-9,,,,1,,,,,1,42.780060047678,141.59536322361,
3913,E0122400101201,白樺ライオン公園,北海道千歳市白樺1-4,,,,1,,,,,,42.787225659667,141.602536331,
3914,E0122400102201,白樺パンダ公園,北海道千歳市白樺5-12,,,,1,,,,,,42.788640439135,141.59394640295,
3915,E0122400103201,高台小学校,北海道千歳市富丘1-19-4,,,,1,,,,,1,42.83547675127,141.64662840156,
3916,E0122400104201,とみおか３号公園,北海道千歳市富丘2-17,,,,1,,,,,,42.839972295448,141.6471752234,
3917,E0122400105201,末広小学校,北海道千歳市富丘2-6-2,,,,1,,,,,1,42.839833385198,141.65109385215,
3918,E0122400106201,とみおか２号公園,北海道千歳市富丘3-13,,,,1,,,,,,42.842308541972,141.64470139868,
3919,E0122400107201,あすなろ公園,北海道千歳市富丘3-22,,,,1,,,,,,42.840985098277,141.6417061248,
3920,E0122400109201,とみおか公園,北海道千歳市富丘4-13,,,,1,,,,,,42.839379227867,141.64379087269,
3921,E0122400110201,とみおか４号公園,北海道千歳市富丘4-27,,,,1,,,,,,42.839591637999,141.64001968681,
3922,E0122400111201,富士２号公園,北海道千歳市富士4-13,,,,1,,,,,,42.842995663694,141.63062563156,
3923,E0122400112201,リス公園,北海道千歳市福住3-9,,,,1,,,,,,42.779212301939,141.59186855524,
3924,E0122400113201,向陽台公園,北海道千歳市文京3-4,,,,1,,,,,,42.778094621599,141.602663306,
3925,E0122400114201,豊里ハスカップ公園,北海道千歳市豊里2-5,,,,1,,,,,,42.837052483586,141.66714771371,
3926,E0122400115201,青葉中学校,北海道千歳市豊里4-1-1,,,,1,,,,,1,42.833122616468,141.66921837906,
3927,E0122400116201,豊里くるみ公園,北海道千歳市豊里5-11,,,,1,,,,,,42.833846251974,141.672278184,
3928,E0122400117201,北栄小学校,北海道千歳市北栄1-10-2,1,1,,1,,,,,1,42.826342224562,141.64086711908,
3929,E0122400118201,北進小中学校,北海道千歳市北栄1-2-6,,,,1,,,,,1,42.827414077338,141.64208351213,
3930,E0122400119201,北海道千歳高等学校,北海道千歳市北栄1-4-1,,,,1,,,,,1,42.828257208302,141.64411761993,
3931,E0122400120201,北栄１号公園,北海道千歳市北栄1-7,,,,1,,,,,,42.828240190106,141.64150534522,
3932,E0122400121201,北栄緑地,北海道千歳市北栄2-11,,,,1,,,,,,42.831158978852,141.64373286135,
3933,E0122400123201,ひばりが丘３号公園,北海道千歳市北光3-3,,,,1,,,,,,42.842809432896,141.63540634897,
3934,E0122400124201,ひばりが丘２号公園,北海道千歳市北光6-3,,,,1,,,,,,42.846049833578,141.63330196134,
3935,E0122400125201,開拓記念公園,北海道千歳市北信濃864-4,,,,1,,,,,,42.842305023618,141.62469750985,
3936,E0122400127201,北斗２号公園,北海道千歳市北斗2-13,,,,1,,,,,,42.828972999555,141.63387162718,
3937,E0122400128201,北斗すみれ公園,北海道千歳市北斗4-4,,,,1,,,,,,42.831730290142,141.62782658339,
3938,E0122400129201,北斗中学校,北海道千歳市北斗5-1-1,,,,1,,,,,1,42.83183335391,141.62484460052,
3939,E0122400131201,北海道千歳北陽高等学校,北海道千歳市北陽2-10-53,,,,1,,,,,1,42.847702914431,141.64018519301,
3940,E0122400132201,北陽小学校,北海道千歳市北陽3-9-1,,,,1,,,,,1,42.848492854621,141.63410417515,
3941,E0122400133201,北信濃２号公園,北海道千歳市北陽6-12,,,,1,,,,,,42.850104702792,141.64004955413,
3942,E0122400134201,東千歳中学校,北海道千歳市幌加731,1,1,,1,,,,,1,42.911950801834,141.80029705484,
3943,E0122400135201,千歳小学校,北海道千歳市本町3-4-1,,,,1,,,,,1,42.81855379877,141.64587820061,
3944,E0122400136201,末広東公園,北海道千歳市末広3-3,,,,1,,,,,,42.829052855501,141.65718457402,
3945,E0122400137201,末広中公園,北海道千歳市末広4-6,,,,1,,,,,,42.830835015632,141.65453455152,
3946,E0122400138201,末広西公園,北海道千歳市末広8-2,,,,1,,,,,,42.831384121106,141.65137984179,
3947,E0122400140201,カナリヤ公園,北海道千歳市弥生1-1-1,,,,1,,,,,,42.829884780827,141.68090869423,
3948,E0122400141201,やまどり公園,北海道千歳市弥生2-2-2,,,,1,,,,,,42.832651436778,141.67994941247,
3949,E0122400142201,祝梅コミュニティセンター,北海道千歳市弥生2-7-10,1,,,1,,,,,1,42.8336430272627,141.680914771414,
3950,E0122400143201,弥生公園,北海道千歳市弥生3-8,,,,1,,,,,,42.83513869712,141.67843813693,
3951,E0122400144201,勇舞中学校,北海道千歳市勇舞3-4-2,1,,,1,,,,,1,42.854127006867,141.63459034692,
3952,E0122400145201,勇舞公園,北海道千歳市勇舞6-9,,,,1,,,,,,42.855536281901,141.63136349525,
3953,E0122400146201,蘭越共同墓地前広場,北海道千歳市蘭越,,,,1,,,,,,42.818488655648,141.61197199866,
3954,E0122400147201,ザ・ノースカントリーゴルフクラブ前庭,北海道千歳市蘭越26,1,1,,1,,,,,,42.8164686548567,141.601484640553,
3955,E0122400148201,泉沢向陽台コミュニティセンター,北海道千歳市里美2-9-2,,,,1,,,,,1,42.785276024581,141.59920424749,
3956,E0122400149201,里美ターザン緑地,北海道千歳市里美3-1,,,,1,,,,,,42.785868474377,141.59661815951,
3957,E0122400150201,里美コアラ公園,北海道千歳市里美4-10,,,,1,,,,,,42.784410327755,141.59317075346,
3958,E0122400151201,千歳市温水プール,北海道千歳市流通3-1-9,,,,1,,,,,,42.829454186979,141.68508615126,
3959,E0122400153201,緑小学校,北海道千歳市緑町4-4-1,,,,1,,,,,1,42.82390514868,141.63648006151,
3960,E0146300001201,トマムコミュニティセンター,北海道占冠村字上トマム,1,1,,1,,1,1,,1,43.0414224,142.6555762,
3961,E0146300001202,トマム学校,北海道占冠村字上トマム,1,1,,1,,1,1,,1,43.04283378,142.6556891,
3962,E0146300002201,占冠地域交流館,北海道占冠村字占冠,1,1,,1,,1,1,,1,43.00534884,142.4076671,
3963,E0146300003201,双珠別住民センター,北海道占冠村字双珠別,,1,,1,,1,1,,1,42.95212496,142.4377411,
3964,E0146300003202,双民館,北海道占冠村字双珠別,1,1,,1,,1,1,,1,42.94781923,142.4421382,
3965,E0146300004202,占冠村コミュニティプラザ,北海道占冠村字中央,,1,,1,,1,1,,1,42.97832008,142.397754,
3966,E0146300004203,占冠中学校,北海道占冠村字中央,1,1,,1,,1,1,,1,42.98031543,142.4023472,
3967,E0146300004201,美園地区集会所,北海道占冠村字中央,1,1,,1,,1,1,,1,42.99008257,142.4002259,
3968,E0146300004204,占冠村総合センター,北海道占冠村字中央,,1,,1,,1,1,,1,42.97987204,142.3985265,
3969,E0157500001201,壮瞥町総合グラウンド,北海道壮瞥町字滝之町234-6,1,1,,1,,1,1,,,42.55580082,140.8828805,
3970,E0157500002201,壮瞥高等学校体育館,北海道壮瞥町字滝之町235-13,1,,,1,,1,1,,1,42.55513496,140.8832197,
3971,E0157500003201,壮瞥町遊学館,北海道壮瞥町字滝之町242,1,,,1,,1,1,,1,42.55668843,140.8846742,
3972,E0157500004201,壮瞥町保健センター,北海道壮瞥町字滝之町284-2,1,1,,1,,1,1,,1,42.55229253,140.8849938,
3973,E0157500005201,壮瞥町町民公園,北海道壮瞥町字滝之町287-1,1,1,,1,,1,1,,,42.55265593,140.8873107,
3974,E0157500006201,壮瞥町地域交流センター山美湖,北海道壮瞥町字滝之町287-7,1,1,,1,,1,1,,,42.551978,140.885689,
3975,E0157500007201,ゆーあいの家,北海道壮瞥町字滝之町290-44,1,1,,1,,1,1,,1,42.5485047,140.878188,
3976,E0157500008201,そうべつ情報館ｉ（多目的広場）,北海道壮瞥町字滝之町384-1,1,1,,1,,1,1,1,,42.55832609,140.899183,
3977,E0157500009201,壮瞥中学校グラウンド,北海道壮瞥町字滝之町420-5,1,1,,1,,1,1,1,,42.55934683,140.8922438,
3978,E0157500010201,そうべつ子どもセンター,北海道壮瞥町字滝之町432-9,1,1,,1,,1,1,1,1,42.56099123,140.8946274,
3979,E0157500024201,壮瞥中学校体育館,北海道壮瞥町字滝之町434-15,1,1,,1,,1,1,1,1,42.560383,140.89592,
3980,E0157500011201,壮瞥小学校体育館,北海道壮瞥町字滝之町435,1,1,,1,,1,1,1,1,42.56075632,140.8955244,
3981,E0157500023201,壮栄寺駐車場,北海道壮瞥町字滝之町453,1,,,,,,,1,,42.564492,140.901589,
3982,E0157500012201,仲洞爺公民館,北海道壮瞥町字仲洞爺22-5,1,,,1,,1,1,1,1,42.6169051,140.9147796,
3983,E0157500013201,来夢人の家,北海道壮瞥町字仲洞爺30-10,1,1,,1,,1,1,1,1,42.61314287,140.9164728,
3984,E0157500014201,壮瞥町青少年会館,北海道壮瞥町字南久保内14-22,1,,,1,,1,1,1,1,42.5761817,140.9572676,
3985,E0157500015201,久保内小学校グラウンド,北海道壮瞥町字南久保内142-4,1,,,1,,1,1,1,1,42.573753793706,140.95955706879,
3986,E0157500015202,久保内小学校体育館,北海道壮瞥町字南久保内142-4,1,,,1,,1,1,1,1,42.57445911,140.9595614,
3987,E0157500016201,壮瞥町農村環境改善センター,北海道壮瞥町字南久保内145-8,1,1,,1,,1,1,1,1,42.57724978,140.9611741,
3988,E0157500017201,オロフレほっとピアザ,北海道壮瞥町字弁景204-7,1,1,,1,,1,1,1,1,42.55783235,140.9856413,
3989,E0157500018201,旧立香ふれあいセンター,北海道壮瞥町字立香142,1,1,,1,,1,1,1,1,42.55158301,140.9124788,
3990,E0157500019201,蟠岳荘,北海道壮瞥町字蟠渓18,1,1,,1,,1,1,1,1,42.587113,141.025212,
3991,E0157500020201,旧蟠渓ふれあいセンター,北海道壮瞥町字蟠渓26-1,1,1,,1,,1,1,1,1,42.5906182,141.0268862,
3992,E0157500021201,湯人家,北海道壮瞥町字蟠渓8-10,1,1,,1,,1,1,1,1,42.582606,141.024633,
3993,E0148100001201,旧阿分小学校,北海道増毛町阿分116,1,1,1,1,1,1,,,1,43.894022697618,141.60506294367,
3994,E0148100003201,岩尾温泉あったま～る駐車場,北海道増毛町岩老109-1,,,1,,,1,,,,43.774265,141.368868,
3995,E0148100005201,旧増毛小学校グラウンド,北海道増毛町見晴町120,,,1,1,,1,,,,43.853555133102,141.5257995568,
3996,E0148100006201,町民グラウンド,北海道増毛町見晴町148,,,1,1,,1,,,,43.852116089038,141.52704410179,
3997,E0148100008201,旧舎熊小学校,北海道増毛町舎熊203-1,1,1,1,1,1,1,,,1,43.874429025792,141.58531588584,
3998,E0148100009201,町道朱文別道路線・揚水機場付近,北海道増毛町朱文別315-17,,,1,,1,1,,,,43.859997292255,141.5673431895,
3999,E0148100011201,増毛小学校グラウンド,北海道増毛町南暑寒町2-38,,,1,1,,1,,,,43.851902400733,141.51521064755,
4000,E0148100012201,増毛中学校グラウンド,北海道増毛町南暑寒町5-330,,,1,1,,1,,,1,43.850854962498,141.51756732037,
4001,E0148100015201,箸別跨線橋付近広場,北海道増毛町箸別83-1,,,1,,1,1,,,,43.857946068483,141.54645675658,
4002,E0148100016201,湯の沢会館付近,北海道増毛町箸別981,,,1,,1,1,,,,43.846579095079,141.55486003754,
4003,E0148100017201,小樽間内会館,北海道増毛町別苅149-4,,,1,,1,1,,,1,43.840213831103,141.5000370777,
4004,E0148100019201,オーベルジュましけ,北海道増毛町別苅217-1,1,1,1,1,1,1,,,1,43.853243153746,141.51008763293,
4005,E0148100021201,旧雄冬自然体験館グラウンド,北海道増毛町雄冬218,,,1,,1,1,,,1,43.738523041307,141.34160398989,
4006,E0164700001201,相和生活改善センター広場,北海道足寄町愛冠14-16,1,1,,1,,1,,1,1,43.289903,143.56233,
4007,E0164700002201,生涯学習館広場,北海道足寄町旭町1-38,,1,,1,,1,,1,1,43.2404,143.557727,
4008,E0164700003201,旭町母と子の家広場,北海道足寄町旭町3-3,,1,,1,,1,,1,1,43.24352,143.557599,
4009,E0164700004201,稲牛集落センター広場,北海道足寄町稲牛172-40,1,1,,1,,1,,1,1,43.259727,143.689928,
4010,E0164700006201,栄町公園,北海道足寄町栄町2-161-8,,1,,1,,1,,1,,43.235834,143.554981,
4011,E0164700008201,北星公園,北海道足寄町下愛冠4-39,1,,,1,,1,,1,,43.263165,143.543319,
4012,E0164700009201,上芽登集落センター広場,北海道足寄町芽登1896,1,1,,1,,1,,1,1,43.316875,143.388432,
4013,E0164700063201,芽登小学校校庭,北海道足寄町芽登本町196,1,1,,1,,1,,1,,43.279447,143.425011,
4014,E0164700010201,芽登集落センター広場,北海道足寄町芽登本町241-1,,1,,1,,1,,1,1,43.276636,143.426268,
4015,E0164700012201,喜登牛集落センター広場,北海道足寄町喜登牛663,1,1,,1,,1,,1,1,43.353548,143.399815,
4016,E0164700013201,下水道終末処理施設広場,北海道足寄町共栄町120-12,,1,,1,,1,,1,1,43.233188,143.559878,
4017,E0164700014201,郊南コミュニティセンター広場,北海道足寄町郊南1-15-5,1,1,,1,,1,,1,1,43.22289,143.550646,
4018,E0164700015201,足寄動物化石博物館駐車場,北海道足寄町郊南1-29-25,1,1,,1,,1,,1,1,43.231855,143.543297,
4019,E0164700016201,下足寄太会館広場,北海道足寄町郊南2-30-5,,1,,1,,1,,1,1,43.201432,143.574507,
4020,E0164700017201,上足寄集落センター広場,北海道足寄町上足寄本町7-10,1,,,1,,1,,1,1,43.356801,143.786799,
4021,E0164700018201,上螺湾集会所広場,北海道足寄町上螺湾126-7,1,1,,1,,1,,1,1,43.319291,143.802613,
4022,E0164700019201,塩幌会館広場,北海道足寄町上利別123-10,1,1,,1,,1,,1,1,43.327884,143.580408,
4023,E0164700020201,上利別基幹集落センター広場,北海道足寄町上利別本町65,1,1,,1,,1,,1,1,43.354031,143.604682,
4024,E0164700022201,北海道立青少年体験活動支援施設ネイパル足寄広場,北海道足寄町常盤3-3,1,,,1,,1,,1,,43.243519,143.537729,
4025,E0164700023201,ケアハウス銀河の里あしょろ広場,北海道足寄町新町2-10,1,,,1,,1,,1,1,43.25659,143.569261,
4026,E0164700024201,足寄神社社務所広場,北海道足寄町西町2-4-13,,1,,1,,1,,1,1,43.240848,143.544048,
4027,E0164700025201,つくし公園,北海道足寄町西町5-2-31,,1,,1,,1,,1,,43.244951,143.543694,
4028,E0164700026201,山手通公園,北海道足寄町西町8-1-19,,1,,1,,1,,1,,43.251402,143.544456,
4029,E0164700027201,美盛会館広場,北海道足寄町西町9-1-38,,1,,1,,1,,1,,43.253086,143.544477,
4030,E0164700029201,上大誉地集落センター広場,北海道足寄町大誉地324-4,1,1,,,,,,,1,43.4352923531638,143.651093848224,
4031,E0164700030201,中大誉地会館広場,北海道足寄町大誉地664-2,1,1,,1,,1,,1,1,43.398817,143.694257,
4032,E0164700032201,大誉地小学校校庭,北海道足寄町大誉地本町2-5,,1,,1,,1,,1,,43.388659,143.677998,
4033,E0164700033201,中足寄集落センター広場,北海道足寄町中足寄58-5,1,1,,1,,1,,1,1,43.286068,143.636225,
4034,E0164700034201,中矢会館広場,北海道足寄町中矢46,1,1,,1,,1,,1,1,43.2318,143.512296,
4035,E0164700035201,紅葉橋地区多目的集会施設広場,北海道足寄町中矢673-1,1,1,,1,,1,,1,1,43.252243,143.479535,
4036,E0164700036201,町民センター広場,北海道足寄町南一条5-3,,1,,1,,1,,1,1,43.243634,143.554267,
4037,E0164700040201,南区コミュニティセンター広場,北海道足寄町南五条2-8,,1,,1,,1,,1,1,43.238921,143.54791,
4038,E0164700042201,中島通公園,北海道足寄町南五条5-17,,1,,1,,1,,1,,43.238983,143.553768,
4039,E0164700039201,老人憩の家駐車場,北海道足寄町南三条3-5,,1,,1,,1,,1,,43.241572,143.548554,
4040,E0164700037201,中央公園,北海道足寄町南二条4-19,,1,,1,,1,,1,,43.242508,143.551322,
4041,E0164700043201,足寄小学校校庭,北海道足寄町南六条3-1,,1,,1,,1,,1,1,43.237534,143.548887,
4042,E0164700044201,利別川公園,北海道足寄町南六条7-57,,1,,1,,1,,1,,43.237733,143.559058,
4043,E0164700045201,白糸集落センター広場,北海道足寄町白糸71,,1,,1,,1,,1,1,43.354983,143.558704,
4044,E0164700046201,平和生活改善センター広場,北海道足寄町平和124-4,1,1,,1,,1,,1,1,43.249366,143.587741,
4045,E0164700047201,あしょろ銀河ホール２１駐車場,北海道足寄町北一条1-3-1,,1,,1,,1,,1,1,43.243505,143.546596,
4046,E0164700048201,足寄ウェタスキウィン公園,北海道足寄町北一条4-43-5,,1,,1,,1,,1,,43.244267,143.553784,
4047,E0164700051201,子どもセンター広場,北海道足寄町北三条1-5-1,,1,,1,,1,,1,1,43.247661,143.548318,
4048,E0164700052201,足寄橋公園,北海道足寄町北六条1-14,,1,,1,,1,,1,,43.253027,143.548157,
4049,E0164700053201,茂喜登牛集落センター広場,北海道足寄町茂喜登牛1371-2,1,1,,1,,1,,1,1,43.35134,143.473849,
4050,E0164700054201,柏倉集落センター広場,北海道足寄町茂喜登牛1530-1,,1,,1,,1,,1,1,43.362768,143.459188,
4051,E0164700055201,茂足寄集落センター広場,北海道足寄町茂足寄96-4,1,1,,1,,1,,1,1,43.382041,143.897503,
4052,E0164700057201,らわん蕗の里広場,北海道足寄町螺湾本町7-17,1,1,,1,,1,,1,1,43.309388,143.704455,
4053,E0164700058201,足寄中学校校庭,北海道足寄町里見が丘4-4,1,1,,1,,1,,1,1,43.234157,143.541988,
4054,E0164700059201,総合体育館駐車場,北海道足寄町里見が丘7-1,1,1,,1,,1,,1,1,43.237989,143.543334,
4055,E0164700060201,鷲府集会所広場,北海道足寄町鷲府144-5,1,1,,1,,1,,1,1,43.296244,143.552105,
4056,E0164700061201,上鷲府会館広場,北海道足寄町鷲府315-5,1,1,,1,,1,,1,1,43.303498,143.559138,
4057,E0120700001202,愛国小学校（体育館等）,北海道帯広市愛国町基線23,1,,,1,,,,,1,42.85127743,143.2025613,
4058,E0120700001201,愛国小学校（校庭）,北海道帯広市愛国町基線23,,,,1,,1,,,1,42.85078409,143.2021442,
4059,E0120700003201,以平農業センター（敷地）,北海道帯広市以平町西８線12-6,,,,1,,,,,1,42.76009478,143.2317083,
4060,E0120700003202,以平農業センター（施設）,北海道帯広市以平町西８線12-6,1,,,1,,,,,1,42.76023381,143.2323138,
4061,E0120700110203,国立大学法人北海道国立大学機構帯広畜産大学ラグビー場,北海道帯広市稲田町基線2-1,,,,1,,1,,,1,42.874998,143.171521,
4062,E0120700110201,国立大学法人北海道国立大学機構帯広畜産大学体育館,北海道帯広市稲田町基線2-1,1,,,1,,,,,1,42.876882,143.172708,
4063,E0120700110202,国立大学法人北海道国立大学機構帯広畜産大学野球場,北海道帯広市稲田町基線2-1,,,,1,,1,,,1,42.877102,143.171264,
4064,E0120700005201,北高校（校庭）,北海道帯広市稲田町基線8-2,,,,1,,1,,,1,42.87831247,143.1912489,
4065,E0120700005202,北高校（体育館等）,北海道帯広市稲田町基線8-2,1,,,1,,,,,1,42.87908836,143.1919979,洪水時：２階以上に避難
4066,E0120700006201,農業高校（校庭）,北海道帯広市稲田町西１線9,,,,1,,1,,,1,42.87641832,143.18334,
4067,E0120700006202,農業高校（体育館等）,北海道帯広市稲田町西１線9,1,,,1,,,,,1,42.87743192,143.1820125,
4068,E0120700007202,帯広の森コミュニティセンター（施設）,北海道帯広市空港南町南１１線43,1,,,1,,,,,1,42.88080873,143.1556774,
4069,E0120700007201,帯広の森コミュニティセンター（敷地）,北海道帯広市空港南町南１１線43,,,,1,,1,,,1,42.88064921,143.1559435,
4070,E0120700008201,花園小学校（校庭）,北海道帯広市公園東町2-3,,,,1,,1,,,1,42.9062723,143.1958669,
4071,E0120700008202,花園小学校（体育館等）,北海道帯広市公園東町2-3,1,,,1,,,,,1,42.90671631,143.196136,
4072,E0120700010202,幸福農業センター（施設）,北海道帯広市幸福町東１線163-4,1,,,1,,,,,1,42.74418713,143.1641623,
4073,E0120700010201,幸福農業センター（敷地）,北海道帯広市幸福町東１線163-4,,,,1,,,,,1,42.74445124,143.1640986,
4074,E0120700012202,広野小学校（体育館等）,北海道帯広市広野町西１線149,1,1,,1,,,,,1,42.75200409,143.014451,
4075,E0120700012201,広野小学校（校庭）,北海道帯広市広野町西１線149,,,,1,,1,,,1,42.75186057,143.0149668,
4076,E0120700014201,桜木農業センター（敷地）,北海道帯広市桜木町東２線102-6,,,,1,,,,,1,42.79169044,143.2077319,
4077,E0120700014202,桜木農業センター（施設）,北海道帯広市桜木町東２線102-6,1,,,1,,,,,1,42.79148945,143.2083984,
4078,E0120700015201,戸蔦林業センター（敷地）,北海道帯広市上清川町西１線183-21,,,,1,,,,,1,42.70011678,143.059188,
4079,E0120700015202,戸蔦林業センター（施設）,北海道帯広市上清川町西１線183-21,1,1,,1,,,,,1,42.70019054,143.0589254,
4080,E0120700017201,上帯広農業センター（敷地）,北海道帯広市上帯広町西１線73-157,,,,1,,,,,1,42.80028654,143.0693733,
4081,E0120700017202,上帯広農業センター（施設）,北海道帯広市上帯広町西１線73-157,1,,,1,,,,,1,42.80043803,143.0693175,
4082,E0120700018201,清川中学校（校庭）,北海道帯広市清川町西２線126,,,,1,,1,,,1,42.74675142,143.0827153,
4083,E0120700018202,清川中学校（体育館等）,北海道帯広市清川町西２線126,1,,,1,,,,,1,42.7468187,143.0819977,
4084,E0120700020202,豊成小学校（体育館等）,北海道帯広市清流西1-1-1,1,,,1,,,,,1,42.88057922,143.1958408,洪水時：２階に避難
4085,E0120700020201,豊成小学校（校庭）,北海道帯広市清流西1-1-1,,,,1,,1,,,1,42.88011279,143.1963297,
4086,E0120700057201,第四中学校（校庭）,北海道帯広市西五条南25-1,,,,1,,1,,,1,42.90215109,143.1990609,
4087,E0120700057202,第四中学校（体育館等）,北海道帯広市西五条南25-1,1,,,1,,,,,1,42.90285074,143.1983568,洪水時：２階以上に避難
4088,E0120700058201,帯広市役所,北海道帯広市西五条南7-1,1,,,,,,,,,42.923733441741,143.19594643613,洪水時：２階以上に避難
4089,E0120700053201,南公園,北海道帯広市西四条南13,,,,,,1,,,,42.91672575,143.2002515,
4090,E0120700054201,とかちプラザ,北海道帯広市西四条南13-1,1,,,1,,,,,,42.91725859,143.2007039,
4091,E0120700055201,明星小学校（校庭）,北海道帯広市西四条南23-1,,,,1,,1,,,1,42.90628841,143.2002421,
4092,E0120700055202,明星小学校（体育館等）,北海道帯広市西四条南23-1,1,,,1,,,,,1,42.90522996,143.2004663,洪水時：２階以上に避難
4093,E0120700056201,中央公園,北海道帯広市西四条南6,,,,,,1,,,,42.92483506,143.1992869,
4094,E0120700059201,北栄小学校（校庭）,北海道帯広市西七条南1-2,,,,1,,1,,,1,42.92941093,143.1924364,
4095,E0120700059202,北栄小学校（体育館等）,北海道帯広市西七条南1-2,1,,,1,,,,,1,42.93021822,143.1923961,洪水時：２階以上に避難
4096,E0120700039201,広陽小学校（校庭）,北海道帯広市西十九条南3-20-3,,,,1,,1,,,1,42.91550177,143.1555212,
4097,E0120700039202,広陽小学校（体育館等）,北海道帯広市西十九条南3-20-3,1,,,1,,,,,1,42.91560493,143.1568667,洪水時：２階に避難
4098,E0120700040201,明和小学校（校庭）,北海道帯広市西十九条南4-24,,,,1,,1,,,1,42.91041769,143.1562751,
4099,E0120700040202,明和小学校（体育館等）,北海道帯広市西十九条南4-24,1,,,1,,,,,1,42.91065539,143.1550911,洪水時：２階以上に避難
4100,E0120700026202,稲田小学校（体育館等）,北海道帯広市西十五条南39-1-1,1,,,1,,,,,1,42.88492725,143.1847632,
4101,E0120700026201,稲田小学校（校庭）,北海道帯広市西十五条南39-1-1,,,,1,,1,,,1,42.88422311,143.1848171,
4102,E0120700101201,帯広競馬場,北海道帯広市西十三条南9-1,,,,,,1,,,,42.92288109,143.1826869,
4103,E0120700022202,第一中学校（体育館等）,北海道帯広市西十三条北7-1,1,,,1,,,,,1,42.9401424,143.1816126,洪水時：２階以上に避難
4104,E0120700022201,第一中学校（校庭）,北海道帯広市西十三条北7-1,,,,1,,1,,,1,42.93957281,143.1810654,
4105,E0120700023202,緑丘小学校（体育館等）,北海道帯広市西十四条南17-2,1,,,1,,,,,1,42.91115581,143.1834783,
4106,E0120700023201,緑丘小学校（校庭）,北海道帯広市西十四条南17-2,,,,1,,1,,,1,42.91230844,143.1832809,
4107,E0120700024201,啓北小学校（校庭）,北海道帯広市西十四条北7-3,,,,1,,1,,,1,42.93862986,143.179643,
4108,E0120700024202,啓北小学校（体育館等）,北海道帯広市西十四条北7-3,1,,,1,,,,,1,42.93921739,143.1795667,洪水時：２階以上に避難
4109,E0120700033201,南町中学校（校庭）,北海道帯広市西十七条南35-1-1,,,,1,,1,,,1,42.88945102,143.1780617,
4110,E0120700033202,南町中学校（体育館等）,北海道帯広市西十七条南35-1-1,1,,,1,,,,,1,42.88939271,143.1794207,
4111,E0120700034201,若葉小学校（校庭）,北海道帯広市西十七条南6-1,,,,1,,1,,,1,42.90301844,143.1693869,
4112,E0120700034202,若葉小学校（体育館等）,北海道帯広市西十七条南6-1,1,,,1,,,,,1,42.90390646,143.1694318,
4113,E0120700034203,第八中学校（校庭）,北海道帯広市西十七条南6-1,,,,1,,1,,,1,42.90296911,143.1707503,
4114,E0120700034204,第八中学校（体育館等）,北海道帯広市西十七条南6-1,1,,,1,,,,,1,42.90366876,143.1706965,
4115,E0120700036202,栄小学校（体育館等）,北海道帯広市西十七条北1-44-29,1,,,1,,,,,1,42.93304509,143.1658496,洪水時：２階以上に避難
4116,E0120700036201,栄小学校（校庭）,北海道帯広市西十七条北1-44-29,,,,1,,1,,,1,42.93353843,143.1658989,
4117,E0120700037201,西陵中学校（校庭）,北海道帯広市西十八条南2-2,,,,1,,1,,,1,42.92323529,143.1604219,
4118,E0120700037202,西陵中学校（体育館等）,北海道帯広市西十八条南2-2,1,,,1,,,,,1,42.92223515,143.1606327,
4119,E0120700027201,西町公園,北海道帯広市西十六条南2,,,,,,1,,,,42.92219716,143.1750768,
4120,E0120700107201,白樺公園,北海道帯広市西十六条南4,,,,,,1,,,,42.91409113,143.1730295,
4121,E0120700030202,第五中学校（体育館等）,北海道帯広市西十六条南4-29-42,1,,,1,,,,,1,42.91094692,143.175962,
4122,E0120700030201,第五中学校（校庭）,北海道帯広市西十六条南4-29-42,,,,1,,1,,,1,42.91191118,143.1756525,
4123,E0120700031201,あづさ公園,北海道帯広市西十六条北2,,,,,,1,,,,42.938208514525,143.17115350721,
4124,E0120700042202,南商業高校（体育館等）,北海道帯広市西二十一条南5-36,1,,,1,,,,,1,42.90685288,143.1425205,
4125,E0120700042201,南商業高校（校庭）,北海道帯広市西二十一条南5-36,,,,1,,1,,,1,42.90587067,143.1416908,
4126,E0120700046201,西小学校,北海道帯広市西二十三条南1-83,1,,,,,,,,,42.9258368,143.1267067,
4127,E0120700048201,三条高校（校庭）,北海道帯広市西二十三条南2-2-12,,,,1,,1,,,1,42.91718102,143.127142,
4128,E0120700048202,三条高校（体育館等）,北海道帯広市西二十三条南2-2-12,1,,,1,,,,,1,42.91809595,143.1276982,
4129,E0120700049202,第二中学校（体育館等）,北海道帯広市西二十四条南1-7,1,,,1,,,,,1,42.92517246,143.1219055,
4130,E0120700049201,第二中学校（校庭）,北海道帯広市西二十四条南1-7,,,,1,,1,,,1,42.92457596,143.1216588,
4131,E0120700050201,つつじが丘小学校（校庭）,北海道帯広市西二十四条南3-39,,,,1,,1,,,1,42.91324643,143.1237493,
4132,E0120700050202,つつじが丘小学校（体育館等）,北海道帯広市西二十四条南3-39,1,,,1,,,,,1,42.91295042,143.1226684,
4133,E0120700051201,くりりんセンター,北海道帯広市西二十四条北4-1-5,1,,,,,,,,,42.94216072,143.1194313,洪水時：２階に避難
4134,E0120700041201,森の交流館・十勝,北海道帯広市西二十条南6-1-2,1,,,1,,,,,,42.90113551,143.1493035,
4135,E0120700043201,開西小学校（校庭）,北海道帯広市西二十二条南3-3,,,,1,,1,,,1,42.91529911,143.1370302,
4136,E0120700043202,開西小学校（体育館等）,北海道帯広市西二十二条南3-3,1,,,1,,,,,1,42.91587319,143.1370527,
4137,E0120700044201,緑園中学校（校庭）,北海道帯広市西二十二条南4-2,,,,1,,1,,,1,42.90979929,143.1377591,
4138,E0120700044202,緑園中学校（体育館等）,北海道帯広市西二十二条南4-2,1,,,1,,,,,1,42.91043167,143.1377098,
4139,E0120700045202,森の里小学校（体育館等）,北海道帯広市西二十二条南4-3,1,,,1,,,,,1,42.90849366,143.1381284,
4140,E0120700045201,森の里小学校（校庭）,北海道帯広市西二十二条南4-3,,,,1,,1,,,1,42.90778055,143.1381329,
4141,E0120700052201,ベルクラシック帯広,北海道帯広市西二条南35-1-27,1,,,1,,,,,,42.89106324,143.2065324,洪水時：２階に避難
4142,E0120700060201,帯広小学校（校庭）,北海道帯広市西八条南5-1,,,,1,,1,,,1,42.92574484,143.1906313,
4143,E0120700060202,帯広小学校（体育館等）,北海道帯広市西八条南5-1,1,,,1,,,,,1,42.92567757,143.1916629,洪水時：２階以上に避難
4144,E0120700061201,川西中学校（校庭）,北海道帯広市川西町西３線60,,,,1,,1,,,1,42.8514526,143.1628348,
4145,E0120700061202,川西中学校（体育館等）,北海道帯広市川西町西３線60,1,,,1,,,,,1,42.85206704,143.1634986,
4146,E0120700063202,太平農業センター（施設）,北海道帯広市太平町西７線164-4,1,,,1,,,,,1,42.73207067,143.0336351,
4147,E0120700063201,太平農業センター（敷地）,北海道帯広市太平町西７線164-4,,,,1,,,,,1,42.73189127,143.0336172,
4148,E0120700064201,大空学園義務教育学校（校庭）,北海道帯広市大空町11-4,,,,1,,1,,,1,42.87894674,143.1482171,
4149,E0120700064202,大空学園義務教育学校（体育館等）,北海道帯広市大空町11-4,1,,,1,,,,,1,42.87978991,143.147948,
4150,E0120700067201,第七中学校（校庭）,北海道帯広市大正町444-2,,,,1,,1,,,1,42.78885673,143.1682141,
4151,E0120700067202,第七中学校（体育館等）,北海道帯広市大正町444-2,1,,,1,,,,,1,42.78934111,143.168223,
4152,E0120700068201,大正農業者トレーニングセンター（敷地）,北海道帯広市大正本町西一条1-1,,,,1,,1,,,1,42.79484637,143.1629772,
4153,E0120700068202,大正農業者トレーニングセンター（施設）,北海道帯広市大正本町西一条1-1,1,,,1,,,,,1,42.7951065,143.1634347,洪水時：２階に避難
4154,E0120700069201,大通公園,北海道帯広市大通南20,,,,,,1,,,,42.90924563,143.2062467,
4155,E0120700070201,総合体育館（駐車場）,北海道帯広市大通北1-1,,,,1,,1,,,1,42.93245928,143.2034366,
4156,E0120700070202,総合体育館（体育館等）,北海道帯広市大通北1-1,1,,,1,,,,,1,42.933396,143.201972,洪水時：２階以上に避難
4157,E0120700071202,中戸蔦会館（施設）,北海道帯広市中島町東５線,1,,,1,,,,,1,42.73473336,143.1308428,
4158,E0120700071201,中戸蔦会館（敷地）,北海道帯広市中島町東５線,,,,1,,,,,1,42.73480512,143.1306634,
4159,E0120700073202,光南小学校（体育館等）,北海道帯広市東五条南20-1,1,,,1,,,,,1,42.90952453,143.2153675,洪水時：２階以上に避難
4160,E0120700073201,光南小学校（校庭）,北海道帯広市東五条南20-1,,,,1,,1,,,1,42.90992817,143.2166951,
4161,E0120700075202,東小学校（体育館等）,北海道帯広市東七条南2-1,1,,,1,,,,,1,42.93123047,143.2156253,洪水時：３階に避難
4162,E0120700075201,東小学校（校庭）,北海道帯広市東七条南2-1,,,,1,,1,,,1,42.93060258,143.2148449,
4163,E0120700072202,市民活動プラザ六中（施設）,北海道帯広市東十一条南9-1,1,,,1,,,,,1,42.9242193,143.2246932,洪水時：２階以上に避難
4164,E0120700072201,市民活動プラザ六中（敷地）,北海道帯広市東十一条南9-1,,,,1,,1,,,1,42.92398427,143.2248717,
4165,E0120700076201,柏小学校（校庭）,北海道帯広市東八条南11-1,,,,1,,1,,,1,42.9216779,143.2181074,
4166,E0120700076202,柏小学校（体育館等）,北海道帯広市東八条南11-1,1,,,1,,,,,1,42.92070019,143.218197,洪水時：２階以上に避難
4167,E0120700074202,翔陽中学校（体育館等）,北海道帯広市東六条南12-2,1,,,1,,,,,1,42.91965546,143.2162008,洪水時：２階以上に避難
4168,E0120700074201,翔陽中学校（校庭）,北海道帯広市東六条南12-2,,,,1,,1,,,1,42.91867326,143.2162053,
4169,E0120700078201,南町球場,北海道帯広市南町南9-37-4,,,,,,1,,,,42.88549678,143.1647831,
4170,E0120700077201,帯広の森体育館（駐車場）,北海道帯広市南町南７線56,,,,1,,1,,,1,42.89156886,143.1429582,
4171,E0120700077202,帯広の森体育館（体育館等）,北海道帯広市南町南７線56,1,,,1,,,,,1,42.89195006,143.1415564,
4172,E0120700079201,啓西小学校（校庭）,北海道帯広市柏林台中町4-1,,,,1,,1,,,1,42.92216958,143.1696168,
4173,E0120700079202,啓西小学校（体育館等）,北海道帯広市柏林台中町4-1,1,,,1,,,,,1,42.92227273,143.1705587,洪水時：２階以上に避難
4174,E0120700080201,柏林台公園,北海道帯広市柏林台中町5,,,,,,1,,,,42.92214224,143.1678151,
4175,E0120700081201,八千代農業センター,北海道帯広市八千代町221-3,,1,,,,,,,,42.73155899,142.9821274,
4176,E0120700083202,富士農業センター（施設）,北海道帯広市富士町西３線53-12,1,,,1,,,,,1,42.80003433,143.1210146,
4177,E0120700083201,富士農業センター（敷地）,北海道帯広市富士町西３線53-12,,,,1,,,,,1,42.79960025,143.1206325,
4178,E0120700084202,緑ヶ丘公園,北海道帯広市緑ケ丘2,,,,,,1,,,,42.906529712077,143.18840949062,
4179,E0120700084201,グリーンパーク,北海道帯広市緑ケ丘2,,,,,,1,,,,42.90622197,143.1906289,
4180,E0156400001201,豊里地区公民館広場,北海道大空町女満別172-5,1,1,,1,1,1,1,,,43.877605,144.120439,
4181,E0156400002201,開陽地区公民館広場,北海道大空町女満別開陽304,1,1,,1,1,1,1,,,43.815249,144.231445,
4182,E0156400003201,湖南地区公民館広場,北海道大空町女満別湖南126-4,1,1,,1,1,1,1,,,43.937522,144.196908,
4183,E0156400004201,住吉地区公民館広場,北海道大空町女満別住吉416-2,1,1,,1,1,1,1,,,43.910865,144.123099,
4184,E0156400005201,北海道大空高等学校女満別キャンパスグラウンド,北海道大空町女満別昭和104-1,1,1,,1,1,1,1,,1,43.919624,144.19104,
4185,E0156400007201,メルヘンカルチャーセンター,北海道大空町女満別昭和96-1,1,1,,1,1,1,1,,1,43.917578,144.188009,
4186,E0156400014201,女満別Ｂ＆Ｇ海洋センター広場,北海道大空町女満別西五条5-3-3,1,1,,1,1,1,1,,1,43.90709,144.172608,
4187,E0156400008201,女満別ゲートボールセンター駐車場,北海道大空町女満別西三条3-1-4,1,1,,1,1,1,1,,1,43.912319,144.171782,
4188,E0156400016201,大成地区公民館広場,北海道大空町女満別大成263-2,1,1,,1,1,1,1,,,43.856682,144.203748,
4189,E0156400017201,大東地区公民館広場,北海道大空町女満別大東102-1,1,1,,1,1,1,1,,,43.880076,144.193684,
4190,E0156400018201,巴沢地区公民館広場,北海道大空町女満別大東21-2,1,1,,1,1,1,1,,,43.897736,144.199215,
4191,E0156400019201,朝日地区公民館広場,北海道大空町女満別朝日338-1,1,1,,1,1,1,1,,,43.901621,144.223945,
4192,E0156400020201,女満別中学校グラウンド,北海道大空町女満別東陽3-2-1,1,1,,1,1,1,1,,1,43.915793,144.182907,
4193,E0156400021201,日進地区公民館広場,北海道大空町女満別日進159-1,1,1,,1,1,1,1,,,43.866013,144.239559,
4194,E0156400022201,旧豊住小学校グラウンド,北海道大空町女満別豊里19-1,1,1,,1,1,1,1,,,43.890542,144.120584,
4195,E0156400023201,本郷地区公民館広場,北海道大空町女満別本郷468,1,1,,1,1,1,1,,,43.904682,144.155635,
4196,E0156400024201,女満別ふれあい公園,北海道大空町女満別本通1-1-1,1,1,,1,1,1,1,,,43.915406,144.17117,
4197,E0156400026201,女満別小学校グラウンド,北海道大空町女満別夕陽台1-1-1,1,1,,1,1,1,1,,1,43.910796,144.182425,
4198,E0156400027201,大空町地域振興施設駐車場,北海道大空町東藻琴100,1,1,,1,1,1,1,,1,43.844856,144.295024,
4199,E0156400028201,東区会館広場,北海道大空町東藻琴244-3,1,1,,1,1,1,1,,,43.845751,144.300452,
4200,E0156400029201,東藻琴小学校グラウンド,北海道大空町東藻琴268,1,1,,1,1,1,1,,1,43.841273,144.299557,
4201,E0156400034201,緑とチーズの里ふれあいパーク,北海道大空町東藻琴397-2,1,1,,1,1,1,1,,,43.839244,144.288082,
4202,E0156400035201,東藻琴中学校グラウンド,北海道大空町東藻琴57,1,1,,1,1,1,1,,1,43.84566,144.288774,
4203,E0156400036201,上東会館広場,北海道大空町東藻琴615-1,1,1,,1,1,1,1,,,43.83355,144.293168,
4204,E0156400037201,旭台会館広場,北海道大空町東藻琴767-1,1,1,,1,1,1,1,,,43.823708,144.318799,
4205,E0156400038201,東藻琴総合グラウンド,北海道大空町東藻琴79-4,1,1,,1,1,1,1,,1,43.846763,144.290523,
4206,E0156400039201,新富会館広場,北海道大空町東藻琴新富38-13,1,1,,1,1,1,1,,,43.847662,144.324313,
4207,E0156400040201,西倉会館広場,北海道大空町東藻琴西倉115-3,1,1,,1,1,1,1,,,43.864065,144.286684,
4208,E0156400041201,千草会館広場,北海道大空町東藻琴千草323-3,1,1,,1,1,1,1,,,43.832385,144.267831,
4209,E0156400042201,大進会館広場,北海道大空町東藻琴大進135,1,1,,1,1,1,1,,,43.875488,144.315097,
4210,E0156400043201,福富会館広場,北海道大空町東藻琴福富188,1,1,,1,1,1,1,,,43.790852,144.250837,
4211,E0156400044201,末広会館広場,北海道大空町東藻琴末広193-1,1,1,,1,1,1,1,,,43.802221,144.295587,
4212,E0156400045201,山園ふるさとセンター広場,北海道大空町東藻琴末広622,1,,,1,1,1,1,,,43.766226,144.317152,
4213,E0156400046201,明生会館広場,北海道大空町東藻琴明生264-1,1,1,,1,1,1,1,,,43.85927,144.341469,
4214,E0164100007201,歴舟地域コミュニティセンター,北海道大樹町字芽武183,,,,1,1,,,,1,42.47715962776,143.36847464016,
4215,E0164100024201,中島地域コミュニティセンター,北海道大樹町字中島172,,,,1,1,,,,1,42.434326780327,143.36262173271,
4216,E0164300001201,晩成行政区会館（大樹町）※津波時,北海道大樹町字晩成209,,,,,1,,,,,42.543488173482,143.44040378694,
4217,E0145200023201,北斗運動広場,北海道鷹栖町14-16,1,1,,1,,1,1,,,43.88077,142.371569,
4218,E0145200001201,鷹栖中学校グラウンド,北海道鷹栖町１１線6,1,1,,1,,1,1,,,43.8371717299874,142.340690097869,
4219,E0145200003201,北野小学校グラウンド,北海道鷹栖町１２線3,1,1,,1,,1,1,,1,43.8300186422893,142.320800057606,
4220,E0145200007201,旧北成小学校グラウンド,北海道鷹栖町２２線15,1,1,,1,,1,1,,1,43.9067280481104,142.333118277876,
4221,E0145200008201,鷹栖高等学校グラウンド,北海道鷹栖町南一条1-2-1,1,1,,1,,1,1,,,43.8467680951965,142.360690939726,
4222,E0145200010201,鷹栖町民グラウンド,北海道鷹栖町南二条3-1,1,1,,1,,1,1,,,43.842817530379,142.358459932737,
4223,E0145200011201,鷹栖町民球場,北海道鷹栖町南二条3-2-1,1,1,,1,,1,1,,,43.8410996484276,142.358052236972,
4224,E0145200012201,鷹栖町メモリアルパーク,北海道鷹栖町南二条4,1,1,,1,,1,1,,1,43.8400076326917,142.35557415131,
4225,E0145200013201,鷹栖小学校グラウンド,北海道鷹栖町北一条1-4-1,1,1,,1,,1,1,,1,43.8503642756046,142.359076953292,
4226,E0145200014201,そよかぜ公園,北海道鷹栖町北一条2-4,1,1,,1,,1,1,,,43.8468559630787,142.354124256185,
4227,E0145200018201,北野軽スポーツ公園,北海道鷹栖町北野西五条2-1,,1,,1,,1,,,,43.8225475753986,142.32875704429,
4228,E0145200016201,北野公園,北海道鷹栖町北野西三条1-4,1,1,,1,,1,1,,,43.8202836075397,142.333400736597,
4229,E0145200017201,鷹栖養護学校グラウンド,北海道鷹栖町北野西三条2-1-1,1,1,,1,,1,1,,1,43.8190322375669,142.331892095129,
4230,E0156000001201,滝上町商工会館,北海道滝上町旭町,1,1,,,,,,,1,44.1929671,143.0790252,
4231,E0156000002201,一区農業構造改善センター,北海道滝上町一区,1,1,,1,,,,,1,44.17639308,143.0593081,
4232,E0156000003201,文化センター,北海道滝上町栄町,1,,,1,,,,,1,44.19378717,143.0707914,
4233,E0156000004201,滝上中学校（体育館）,北海道滝上町幸町,1,1,,1,,,,,1,44.19575547,143.0615843,
4234,E0156000004202,スポーツセンター,北海道滝上町幸町,1,1,,1,,,,,1,44.19528523,143.0597304,
4235,E0156000005201,旧濁川小学校（体育館）,北海道滝上町新町,1,1,,1,,,,,,44.19510288,143.1060583,
4236,E0156000006201,滝西公民館（大ホール）,北海道滝上町滝西,1,1,,1,,,,,1,44.115462,143.008738,
4237,E0156000007201,滝上小学校（体育館）,北海道滝上町滝美町,1,1,,1,,,,,1,44.18892793,143.0816268,
4238,E0156000008201,基幹集落センター,北海道滝上町濁川中央,1,1,,1,,,,,1,44.19165954,143.1112648,
4239,E0156000009201,札久留公民館（大ホール）,北海道滝上町北札久留,1,1,,1,,,,,1,44.2108798,143.0144571,
4240,E0156000010201,雄鎮内農業研修センター,北海道滝上町雄鎮内,1,1,,1,,,,,1,44.19798824,143.1387485,
4241,E0122500001201,滝川第一小学校,北海道滝川市一の坂町西2-1-70,1,1,,1,,1,,,,43.565640535305,141.91158909702,
4242,E0122500002201,江陵中学校,北海道滝川市黄金町西1-7-18,1,1,,1,,1,,,,43.573896241893,141.9114302913,
4243,E0122500003201,三世代交流センター北地区分館,北海道滝川市黄金町西2-3-14,1,,,1,,,1,,,43.575376054757,141.914721229884,
4244,E0122500004201,滝川第三小学校,北海道滝川市花月町2-2-12,,,,1,,1,,,,43.55230585596,141.90736944361,
4245,E0122500005201,こどもセンターめもる,北海道滝川市花月町2-5-1,,,,1,,,,,,43.5518864034091,141.905561247495,
4246,E0122500007201,農村環境改善センター,北海道滝川市江部乙町東11-13-1,1,,,1,,1,1,,,43.6233526410424,141.94253749853,
4247,E0122500031201,総合交流ターミナルたきかわ（道の駅たきかわ）,北海道滝川市江部乙町東11-13-3,1,,,1,,1,1,,,43.623676,141.940582,
4248,E0122500008201,江部乙小学校,北海道滝川市江部乙町東13-1426-1,1,,,1,,1,,,,43.629338290167,141.94726800718,
4249,E0122500009201,中央児童センター,北海道滝川市新町2-6-1,,,,1,,,1,,,43.5525849807968,141.914734376602,
4250,E0122500011201,明苑中学校,北海道滝川市新町4-9-1,,,,1,,1,,,,43.552277908675,141.91913395945,
4251,E0122500012201,滝川ふれ愛の里,北海道滝川市西滝川76-1,,,,1,,1,,,,43.5830960624082,141.893517293039,
4252,E0122500013201,三世代交流センター,北海道滝川市西町2-2-1,,,,1,,,1,,,43.5603674803757,141.901324596414,
4253,E0122500014201,開西中学校,北海道滝川市西町3-7-12,,,,1,,1,,,,43.566441132647,141.90095209878,
4254,E0122500015201,滝川西高等学校,北海道滝川市西町6-3-1,,,,1,,1,,,,43.564043468044,141.89528407886,
4255,E0122500016201,西小学校,北海道滝川市西町6-7-17,,,,1,,1,,,,43.56801154545,141.89646948482,
4256,E0122500017201,扇町地区コミュニティセンター,北海道滝川市扇町2-18-28,,,,1,,,,,,43.5686960507671,141.887857045426,
4257,E0122500018201,幸町地区コミュニティセンター,北海道滝川市泉町185-3,1,,,1,,,1,,,43.5704947164927,141.903803126652,
4258,E0122500019201,泉町福祉会館,北海道滝川市泉町2-9-9,1,,,,,,,,,43.5731678686031,141.890898879247,臨時休業
4259,E0122500020201,滝川第二小学校,北海道滝川市滝の川町東1-1-45,1,,,1,,1,,,,43.582732770616,141.92271327003,
4260,E0122500021201,北地区コミュニティセンター,北海道滝川市滝の川町東2-1120-180,1,,,1,,,,,,43.5831551734183,141.929438988693,
4261,E0122500022201,中地区コミュニティセンター,北海道滝川市朝日町東2-2-4,1,1,,1,,,,,,43.5693701690254,141.915117903869,
4262,E0122500023201,花・野菜技術センター,北海道滝川市東滝川735,1,,,1,,1,,,,43.585503619247,141.98571869787,
4263,E0122500024201,東滝川地区転作研修センター,北海道滝川市東滝川町3-1-26,1,,,1,,,1,,,43.571870431599,141.98030631999,
4264,E0122500025201,東地区コミュニティセンター,北海道滝川市東町5-9-11,,,,1,,,1,,,43.5599906346107,141.92844847322,
4265,E0122500026201,滝川工業高等学校,北海道滝川市二の坂町西1-1-5,1,,,1,,1,,,,43.579332688767,141.91522681515,
4266,E0122500027201,滝川市スポーツセンター,北海道滝川市二の坂町東3-2-1,1,,,1,,1,1,,,43.579828007153,141.92194119311,
4267,E0122500028201,東小学校,北海道滝川市文京町2-1-1,1,1,,1,,1,,,,43.56618472967,141.92578342646,
4268,E0122500029201,本町地区コミュニティセンター,北海道滝川市本町4-3-5,,,,1,,,,,,43.5619608873599,141.908238245692,
4269,E0122500030201,滝川高等学校,北海道滝川市緑町4-5-77,1,,,1,,1,,,,43.558772270529,141.91990589396,
4270,E0133300001201,知内町営スキー場駐車場,北海道知内町字元町,,,1,1,1,,,,,41.59556722,140.407353,
4271,E0133300002201,健康保養センター（こもれび温泉）,北海道知内町字元町103-2,,,1,1,1,,,,,41.57974762,140.4146339,
4272,E0133300003201,知内公園（墓地公園）,北海道知内町字元町127-22,,,1,1,1,,,,,41.59223595,140.4144737,
4273,E0133300004201,元町町内会館,北海道知内町字元町198,1,1,1,,1,,,,1,41.59673395,140.4151058,
4274,E0133300006201,大乗寺,北海道知内町字元町282,,,,,1,,,,,41.59527248,140.4150126,
4275,E0133300007201,雷公神社,北海道知内町字元町311-1,,,1,,1,,,,,41.59575625,140.4135858,
4276,E0133300008202,しりうち認定こども園,北海道知内町字元町340-1,1,1,,,1,,,,1,41.596626,140.410806,
4277,E0133300039201,大野興業　敷地,北海道知内町字元町35-40,1,1,,1,1,,,,,41.591641,140.422504,
4278,E0133300010201,涌元谷地町内会館,北海道知内町字元町99-3,1,1,1,,1,,,,1,41.57956632,140.4180164,
4279,E0133300011201,野菜集出荷貯蔵施設２階,北海道知内町字重内1024,,,,,1,,,,,41.60147108,140.408476,
4280,E0133300012201,重内神社,北海道知内町字重内107-40,,,1,1,1,,,,,41.61158172,140.3912597,
4281,E0133300017201,転作定着化指導センター,北海道知内町字重内33-139,1,1,1,,1,,,,1,41.60778281,140.4045753,
4282,E0133300019201,永称寺,北海道知内町字小谷石451,,,,,1,,,,,41.53221869,140.4165537,
4283,E0133300020202,矢越山荘,北海道知内町字小谷石514,1,1,1,,1,,,,1,41.53216772,140.4142221,
4284,E0133300025201,みれん峠,北海道知内町字森越60-9,,,1,1,1,,,,,41.62142293,140.4092001,
4285,E0133300026201,谷脇健治様宅周辺,北海道知内町字森越63-19,,,1,1,1,,,,,41.621865,140.419291,
4286,E0133300027201,森中トラクター利用組合農機具格納庫,北海道知内町字森越645,,,,,1,,,,,41.63111011,140.4115035,
4287,E0133300028201,丸興産業　産業廃棄物処理場,北海道知内町字中ノ川,,,1,1,1,,,,,41.65153286,140.4211178,
4288,E0133300029201,小澤　剛様宅周辺,北海道知内町字中ノ川111-1,,,1,1,1,,,,,41.64012972,140.4203665,
4289,E0133300030201,兼子敬一様宅周辺,北海道知内町字中ノ川198-7,,,1,1,1,,,,,41.64901983,140.4237035,
4290,E0133300032201,小川義昭様宅周辺,北海道知内町字中ノ川99-2,,,1,1,1,,,,,41.64141546,140.4225503,
4291,E0133300033201,尾刺コミュニティセンター,北海道知内町字湯ノ里13-11,,,1,,1,,,,1,41.60812974,140.3433555,
4292,E0133300034202,旧湯の里小学校,北海道知内町字湯ノ里156-61,1,1,1,,1,,,,1,41.600798,140.319649,
4293,E0133300036201,漁村環境改善センター,北海道知内町字涌元163,,,,,1,,,,,41.56314094,140.4280888,
4294,E0133300037202,旧涌元小学校,北海道知内町字涌元247,1,,1,1,1,,,,1,41.56221813,140.4258154,２階以上
4295,E0164400001201,旭町１町内会ふれあい広場,北海道池田町字旭町1-2,,1,,1,,1,,,,42.925844622592,143.45313683371,
4296,E0164400002201,労働福祉会館,北海道池田町字旭町1-3-1,1,1,,,,,1,,,42.9264995812988,143.452416767809,
4297,E0164400003201,金光教十勝教会,北海道池田町字旭町1-9-21,1,1,,,,,1,,,42.9250571971088,143.45492176847,
4298,E0164400004201,長正寺,北海道池田町字旭町2-15-1,1,1,,,,,1,,,42.9294168521543,143.453063017055,
4299,E0164400005201,旭町２町内会子供遊園地,北海道池田町字旭町2-4,,1,,1,,1,,,,42.928397433109,143.45253460569,
4300,E0164400006201,俊教寺,北海道池田町字旭町3-13-1,1,1,,,,,1,,,42.9300998607797,143.453381058682,
4301,E0164400007201,旭町３丁目町内会館,北海道池田町字旭町3-17,1,1,,,,,1,,,42.9308993338609,143.451889078025,
4302,E0164400008201,慈教寺,北海道池田町字旭町3-5-1,1,1,,,,,1,,,42.9302091110624,143.450844208702,
4303,E0164400009201,旭町４丁目町内会館前広場,北海道池田町字旭町4-22,,1,,1,,1,,,,42.93303006916,143.45191867193,
4304,E0164400010201,旭町４丁目町内会館,北海道池田町字旭町4-22-2,1,1,,,,,1,,,42.933134721432,143.451842986582,
4305,E0164400011201,願慶寺,北海道池田町字旭町4-3-1,1,1,,,,,1,,,42.9324718324579,143.450204139479,
4306,E0164400012201,緑苑公園,北海道池田町字旭町5-25,,1,,1,,1,,,,42.936726404262,143.45146118403,
4307,E0164400013201,１１丁目町内会館,北海道池田町字旭町5-6-6,1,1,,,,,1,,,42.9366046084994,143.449362487884,
4308,E0164400014201,近牛地区コミュニティセンターグラウンド,北海道池田町字近牛20,,1,,1,,1,,,1,43.005303036876,143.45518726406,
4309,E0164400015201,旧高島小学校グラウンド,北海道池田町字高島141,,1,,1,,1,,,1,43.02200449103,143.441239447,
4310,E0164400016201,北部地域コミュニティセンターグラウンド,北海道池田町字高島40,,1,,1,,1,,,1,43.028028321784,143.45853741634,
4311,E0164400017201,旧　高島中学校グラウンド,北海道池田町字高島81,,1,,1,,1,,,,43.023537162619,143.45439497931,
4312,E0164400018201,昭栄地区コミュニティセンターグラウンド,北海道池田町字昭栄112,,1,,1,,1,,,1,42.888097366766,143.47266144635,
4313,E0164400019201,旧　常盤地区コミュニティセンターグラウンド,北海道池田町字常盤431,,1,,1,,1,,,,43.081693173117,143.44047967895,
4314,E0164400020201,聖徳寺,北海道池田町字清見118-1,1,1,,,,,1,,,42.9273645471824,143.464931791944,
4315,E0164400021201,清見第２老人会館駐車場,北海道池田町字清見355,,1,,1,,1,,,,42.944922185668,143.44828544856,
4316,E0164400022201,ワイン城第１駐車場,北海道池田町字清見83,,1,,1,,1,,,1,42.919329214323,143.45618874869,
4317,E0164400023201,清見ヶ丘野球場,北海道池田町字清見ケ丘1,,1,,1,,1,,,,42.925767581541,143.45666618188,
4318,E0164400024201,清見ヶ丘自由広場,北海道池田町字清見ケ丘11,,1,,1,,1,,,,42.928674250481,143.45739574273,
4319,E0164400027201,中央公園,北海道池田町字西一条4,,1,,1,,1,,,,42.924753160355,143.44971121164,
4320,E0164400026201,総合体育館駐車場,北海道池田町字西一条１地先,,1,,1,,1,,,1,42.921462977368,143.44891618431,
4321,E0164400032201,池田小学校グラウンド,北海道池田町字西三条7-3,,1,,1,,1,,,1,42.928279832001,143.44560919113,
4322,E0164400033201,池田中学校グラウンド,北海道池田町字西三条9-1,,1,,1,,1,,,1,42.932294239363,143.44407623211,
4323,E0164400028201,１０丁目児童遊園地,北海道池田町字西二条10-1,,1,,1,,1,,,,42.935155454296,143.44669758083,
4324,E0164400030201,８丁目児童遊園地,北海道池田町字西二条8-27,,1,,1,,1,,,,42.930261783072,143.44693874272,
4325,E0164400034201,青山地区コミュニティセンターグラウンド,北海道池田町字青山302,,1,,1,,1,,,1,42.988951991109,143.43648800328,
4326,E0164400035201,千代田地区コミュニティセンターグラウンド,北海道池田町字千代田574,,1,,1,,1,,,1,42.94440600151,143.38718484376,
4327,E0164400036201,川合地区コミュニティセンターグラウンド,北海道池田町字川合212,,1,,1,,1,,,1,42.89126459353,143.44790527498,
4328,E0164400037201,川合第１会館駐車場,北海道池田町字川合49,,1,,1,,1,,,,42.911077594583,143.4284217087,
4329,E0164400038201,旧大森地区コミュニティセンターグラウンド,北海道池田町字大森118,,1,,1,,1,,,,43.045472654341,143.4752233654,
4330,E0164400039201,東台自治会館グラウンド,北海道池田町字東台586,,1,,1,,1,,,1,42.94708931943,143.519844291,
4331,E0164400040201,富岡地区コミュニティセンターグラウンド,北海道池田町字富岡102,,1,,1,,1,,,1,43.011381741385,143.55120626408,
4332,E0164400041201,旧様舞青少年自然の家グラウンド,北海道池田町字様舞158,,1,,1,,1,,,,42.969267850675,143.45093831479,
4333,E0164400042201,旧利別小学校グラウンド,北海道池田町字利別西町20,,1,,1,,1,,,1,42.93016688803,143.42679329311,
4334,E0164400043201,利別西公園,北海道池田町字利別西町26,,1,,1,,1,,,,42.928995053805,143.42361797797,
4335,E0164400044201,利別三日月公園,北海道池田町字利別西町35,,1,,1,,1,,,,42.933315501926,143.42339267241,
4336,E0164400045201,西部地域コミュニティセンター駐車場,北海道池田町字利別東町12,,1,,1,,1,,,1,42.927962228923,143.43340155721,
4337,E0164400047201,旧利別保育所グラウンド,北海道池田町字利別本町27,,1,,1,,1,,,,42.929425316089,143.43500790542,
4338,E0121400001201,航空自衛隊稚内分屯基地高台,北海道稚内市ノシャップ,,,,,1,,,,,45.43942051,141.6510745,
4339,E0121400002201,稚内高等学校,北海道稚内市栄1-4-1,1,1,,1,1,,,,1,45.390587,141.6973195,
4340,E0121400003201,稚内市青少年会館,北海道稚内市恵比須2-2-22,,1,,,,,,,,45.43483597,141.6627207,
4341,E0121400004201,北コミュニティセンター,北海道稚内市恵比須4-4-7,1,1,,1,,,,,,45.439834196331,141.65738330789,
4342,E0121400005201,港ふれあいセンター,北海道稚内市港3-5-47,1,1,,1,1,,,,1,45.402631955915,141.67614370617,
4343,E0121400006201,認定こども園稚内鈴蘭幼稚園・保育園,北海道稚内市港3-6-12,1,,,,1,,,,,45.4019495,141.6756779,
4344,E0121400007201,稚内港小学校,北海道稚内市港4-94,1,1,,1,1,,,,1,45.39881029,141.6735621,
4345,E0121400008201,潮見が丘中学校,北海道稚内市若葉台1-2290,1,1,,1,1,,,,1,45.383896271167,141.71562223792,
4346,E0121400009201,育英館大学,北海道稚内市若葉台1-2290-28,1,1,,1,1,,,,1,45.38281723,141.7186671,
4347,E0121400010201,宗谷岬公園,北海道稚内市宗谷岬,,,,,1,,,,1,45.52122392,141.937411,
4348,E0121400010202,大岬小学校体育館,北海道稚内市宗谷岬,1,1,,1,1,,,,1,45.514143,141.954428,
4349,E0121400011201,宗谷岬牧場,北海道稚内市宗谷岬328,,,,,1,,,,,45.511459778817,141.93488591167,
4350,E0121400012201,声問コミュニティセンター,北海道稚内市声問3-4-37,,1,,,,,,,,45.40380239,141.7568793,
4351,E0121400015201,声問小学校,北海道稚内市声問5-7-21,,1,,1,1,,,,1,45.40194488,141.7572067,
4352,E0121400016201,ウロンナイ神社裏山,北海道稚内市西浜1,,,,,1,,,,,45.40644442,141.6380166,
4353,E0121400017203,旧稚内西小中学校,北海道稚内市西浜2,1,1,,,,,,,,45.396969865923,141.63868310529,
4354,E0121400017201,泉宅裏山,北海道稚内市西浜2,,,,,1,,,,,45.38756107,141.6441086,
4355,E0121400017202,旧稚内西小中学校裏山,北海道稚内市西浜2,,,,,1,,,,,45.39649053,141.6402059,
4356,E0121400018201,マタルナイ地区裏山,北海道稚内市西浜3,,,,,1,,,,,45.38224492,141.6490868,
4357,E0121400019201,道道稚内天塩線,北海道稚内市西浜4,,,,,1,,,,,45.37684292,141.6544958,
4358,E0121400020201,稚内市総合勤労者会館,北海道稚内市大黒3-4-30,,1,,1,,,,,,45.39769185,141.690889,
4359,E0121400021201,稚内市勤労青少年体育センター,北海道稚内市大黒3-4-32,,1,,,,,,,,45.397829,141.690595,
4360,E0121400022201,稚内市立図書館,北海道稚内市大黒4-1-1,,1,,1,1,,,,1,45.395209028423,141.69021227259,
4361,E0121400023201,宗谷小学校,北海道稚内市大字宗谷村字宗谷,1,,,1,,,,,,45.48856968,141.8793829,
4362,E0121400024201,宗谷中学校,北海道稚内市大字宗谷村字清浜,1,1,,1,,,,,,45.49452079,141.8817932,
4363,E0121400025201,増幌コミュニティセンター,北海道稚内市大字宗谷村字増幌,1,1,,,1,,,,,45.37114837,141.8300943,
4364,E0121400026201,旧東浦小中学校,北海道稚内市大字宗谷村字東浦,,1,,,,,,,,45.41010287,142.0394362,
4365,E0121400027201,富磯小学校,北海道稚内市大字宗谷村字富磯,1,1,,1,,,,,,45.45147952,141.8754826,
4366,E0121400028201,旧豊別小中学校,北海道稚内市大字声問村字下豊別,1,1,,,1,,,,,45.22977096,141.8811671,
4367,E0121400029201,旧樺岡小中学校,北海道稚内市大字声問村字樺岡,1,1,,1,1,,,,1,45.29803245,141.8155469,
4368,E0121400030201,旧曲渕小中学校,北海道稚内市大字声問村字曲渕,1,1,,,1,,,,,45.26101463,141.8993726,
4369,E0121400031201,増幌小中学校,北海道稚内市大字声問村字恵北,1,1,,1,1,,,,1,45.37274008,141.814819,
4370,E0121400032201,旧更喜苫内小学校,北海道稚内市大字声問村字更喜苫内,1,1,,,1,,,,,45.31756061,141.7188979,
4371,E0121400033201,旧曙小学校,北海道稚内市大字声問村字曙,1,1,,1,1,,,,1,45.22837299,141.8037974,
4372,E0121400034202,沼川コミュニティセンター,北海道稚内市大字声問村字沼川,1,1,,,1,,,,1,45.25037008,141.8530191,
4373,E0121400034201,天北小中学校,北海道稚内市大字声問村字沼川,1,1,,1,1,,,,1,45.2520733,141.8534993,
4374,E0121400035201,稚内市自然体験施設,北海道稚内市大字声問村字上声問,1,1,,1,1,,,,1,45.28578768,141.8577882,
4375,E0121400036201,旧上修徳小中学校,北海道稚内市大字声問村字天興,1,1,,,1,,,,,45.18427111,141.882694,
4376,E0121400037201,旧下勇知小中学校,北海道稚内市大字抜海村字ユーチ,1,1,,1,1,,,,1,45.25253712,141.6340696,
4377,E0121400038201,旧上勇知小中学校,北海道稚内市大字抜海村字上ユーチ,1,1,,,1,,,,,45.25669764,141.6883994,
4378,E0121400039201,旧抜海小中学校,北海道稚内市大字抜海村字抜海,,,,,1,,,,,45.31111744,141.6263698,
4379,E0121400039202,抜海神社裏山,北海道稚内市大字抜海村字抜海,,,,,1,,,,,45.30852302,141.6211203,
4380,E0121400039203,抜海配水池,北海道稚内市大字抜海村字抜海,,,,,1,,,,,45.30932661,141.6210238,
4381,E0121400040201,稚内公園,北海道稚内市中央1,,,,,1,,,,,45.42179079,141.6677811,
4382,E0121400041201,宗谷経済センター,北海道稚内市中央2-4-8,1,1,,1,1,,,,1,45.41900201,141.6730897,
4383,E0121400042201,稚内総合文化センター,北海道稚内市中央3-13-23,1,,,1,1,,,,,45.4146644,141.6731255,
4384,E0121400043201,稚内市保健福祉センター,北海道稚内市中央4-16-2,1,1,,1,,,,,,45.41184439,141.6762466,
4385,E0121400044201,東地区活動拠点センター,北海道稚内市潮見3-1-1,1,1,,1,1,,,,1,45.392766100849,141.7017860045,
4386,E0121400046201,稚内東中学校,北海道稚内市潮見5-1-29,1,1,,1,1,,,,1,45.39305381,141.7085974,
4387,E0121400047201,稚内東小学校,北海道稚内市潮見5-1-5,1,1,,1,1,,,,1,45.39346442,141.7071436,
4388,E0121400048201,稚内大谷高等学校,北海道稚内市富岡1-1-1,1,1,,1,1,,,,1,45.39034159,141.7137241,
4389,E0121400049201,潮見が丘小学校,北海道稚内市富岡4-3-3,1,1,,1,1,,,,1,45.388902588551,141.71847622387,
4390,E0121400050201,富岡・はまなす地区活動拠点センター,北海道稚内市富岡5-1-1,1,1,,1,1,,,,1,45.389904969256,141.7216876905,
4391,E0121400051201,富士見１丁目バス停裏山,北海道稚内市富士見1,,,,,1,,,,,45.43381865,141.6439452,
4392,E0121400052202,稚内市総合体育館,北海道稚内市富士見4,1,1,,,,,,,,45.4222758,141.639414,
4393,E0121400052201,稚内市総合体育館裏山,北海道稚内市富士見4,,,,,1,,,,,45.42347311,141.6411467,
4394,E0121400053201,富士見団地裏山,北海道稚内市富士見5,,,,,1,,,,,45.41793396,141.6406828,
4395,E0121400055201,稚内中央小学校,北海道稚内市宝来4-1-35,1,,,1,1,,,,,45.42701737,141.6679786,
4396,E0121400056201,稚内市体育館,北海道稚内市宝来4-1-39,1,,,,1,,,,,45.42628697,141.6695407,
4397,E0121400057201,宝来地区活動拠点センター,北海道稚内市宝来4-7-27,1,,,1,1,,,,,45.42866859509,141.66860506867,
4398,E0121400058201,稚内中学校,北海道稚内市宝来5-7-31,1,,,,1,,,,,45.43047599,141.6664134,
4399,E0121400059201,稚内南小学校,北海道稚内市緑1-11-8,1,,,,1,,,,,45.39511637,141.6841275,
4400,E0121400060201,稚内南中学校,北海道稚内市緑1-2561,1,1,,,1,,,,,45.3963613,141.6772887,
4401,E0121400061201,稚内市緑体育館,北海道稚内市緑2-4,1,1,,1,1,,,,1,45.392575,141.68461,
4402,E0121400062201,南地区活動拠点センター,北海道稚内市緑2-4-27,,1,,1,1,,,,1,45.392915389831,141.68398355538,
4403,E0121400063201,稚内市みどりスポーツパーク,北海道稚内市緑3-14-1,1,1,,1,1,,,,1,45.389873,141.682076,
4404,E0121400064201,みどり公園,北海道稚内市緑4,,,,,1,,,,,45.3892648993,141.68152607761,
4405,E0155000001201,安住中里会館,北海道置戸町字安住63-2,1,1,,1,,1,1,,1,43.64946319,143.5290504,
4406,E0155000002201,境野公民館,北海道置戸町字境野438-4,1,1,,1,,1,1,,1,43.71467,143.661438,
4407,E0155000003202,旧秋田小学校グラウンド,北海道置戸町字秋田264,,1,,1,,1,,,1,43.73738096,143.6171387,
4408,E0155000003201,旧秋田小学校,北海道置戸町字秋田264,1,1,,1,,1,1,,1,43.73759221,143.6167821,水害時は２階以上に避難
4409,E0155000004201,秋田地区住民センター,北海道置戸町字秋田279-4,,1,,1,,1,,,1,43.73711431,143.6183763,
4410,E0155000005202,旧勝山小学校グラウンド,北海道置戸町字勝山247-1,1,1,,1,,1,1,,1,43.63524164,143.5092812,
4411,E0155000005201,勝山公民館,北海道置戸町字勝山247-1,1,1,,1,,1,1,,1,43.635828021766,143.50869415264,
4412,E0155000006201,常盤会館,北海道置戸町字常盤431-12,1,1,,1,,1,1,,1,43.66613078,143.6528684,
4413,E0155000007201,川南会館,北海道置戸町字川南203-4,1,,,1,,1,1,,1,43.69831397,143.6656026,
4414,E0155000008201,拓殖住民センター,北海道置戸町字拓殖16-2,,1,,1,,1,,,1,43.66923513,143.571337,
4415,E0155000009201,拓実会館,北海道置戸町字拓殖387-1,1,1,,1,,1,1,,1,43.631618,143.561482,
4416,E0155000010202,置戸中学校グラウンド,北海道置戸町字拓殖47-1,,1,,1,,1,,,1,43.66719717,143.5669561,
4417,E0155000010201,置戸中学校,北海道置戸町字拓殖47-1,1,1,,1,,1,1,,1,43.668716,143.56734,水害時は２階以上に避難
4418,E0155000011201,置戸老人いこいの家,北海道置戸町字置戸188,1,1,,1,,1,1,,1,43.67605945,143.5857614,
4419,E0155000022201,置戸町中央公民館,北海道置戸町字置戸245-1,,1,,1,,1,,,1,43.67634041,143.5908326,
4420,E0155000012201,置戸町地域福祉センター,北海道置戸町字置戸246-3,,1,,1,,1,,,1,43.67800651,143.5937383,
4421,E0155000014201,川向住民センター,北海道置戸町字置戸255-1,,1,,1,,1,,,1,43.68006282,143.5993883,
4422,E0155000014202,置戸町営野球場,北海道置戸町字置戸255-1,,1,,1,,1,,,1,43.67928672,143.6001833,
4423,E0155000015201,置戸高等学校,北海道置戸町字置戸256-8,1,1,,1,,1,1,,1,43.68112353,143.6040479,水害時は２階以上に避難
4424,E0155000015202,置戸高等学校グラウンド,北海道置戸町字置戸256-8,,1,,1,,1,,,1,43.68046346,143.6043438,
4425,E0155000016202,置戸小学校グラウンド,北海道置戸町字置戸258-1,,1,,1,,1,,,1,43.68134039,143.5996262,
4426,E0155000016201,置戸小学校,北海道置戸町字置戸258-1,1,1,,1,,1,1,,1,43.6819695,143.6009596,水害時は２階以上に避難
4427,E0155000017201,南ヶ丘山村広場,北海道置戸町字置戸284,1,1,,1,,1,1,,,43.67471704,143.593733,
4428,E0155000018201,置戸町ファミリースポーツセンター,北海道置戸町字置戸398-14,1,1,,1,,1,1,,1,43.67566111,143.5900824,水害時は２階以上に避難
4429,E0155000019201,置戸町イベント広場,北海道置戸町字置戸398-5,,,,1,,1,,,,43.6768191,143.5898649,
4430,E0155000020201,コミュニティーホール,北海道置戸町字置戸456-1,1,,,1,,1,1,,1,43.67682721,143.5893617,水害時は２階以上に避難
4431,E0155000021201,旧境野小学校,北海道置戸町字豊住102-1,1,1,,1,,1,1,,1,43.70904212,143.6447748,
4432,E0155000021202,旧境野小学校グラウンド,北海道置戸町字豊住102-1,1,1,,1,,1,1,,1,43.7086859,143.6450493,
4433,E0143400008201,東栄コミュニティ会館前庭,北海道秩父別町五条1,1,,,1,,1,1,1,1,43.78152283182,141.96330762357,
4434,E0143400002201,秩父別中学校グラウンド,北海道秩父別町二条1,1,,,1,,1,1,1,1,43.769106838927,141.96130804262,
4435,E0143400002203,ベルパークちっぷべつ,北海道秩父別町二条1,1,,,1,,1,1,1,1,43.76471,141.962462,
4436,E0143400003201,秩父別小学校グラウンド,北海道秩父別町二条2,1,,,1,,1,1,1,1,43.764764123472,141.95510141093,
4437,E0143400004201,屯田コミュニティ会館前庭,北海道秩父別町二条4,1,,,1,,1,1,1,1,43.7651166661,141.94275788507,
4438,E0143400005201,西栄コミュニティ会館前庭,北海道秩父別町二条8,,,,1,,1,,1,1,43.761682,141.913458,
4439,E0163800001201,上札内交流館,北海道中札内村上札内133,1,,,1,,1,,,1,42.637353626797,143.0954328536,
4440,E0163800002202,上札内小学校,北海道中札内村上札内134,1,,,1,,1,,,1,42.639041283835,143.09549895217,
4441,E0163800002201,上札内小学校グラウンド,北海道中札内村上札内134,1,,,1,,1,,,1,42.638475123659,143.09538395491,
4442,E0163800003201,中札内村老人保健福祉センター,北海道中札内村西二条南2-2,1,,,1,,1,,,1,42.698667213263,143.12925249857,
4443,E0163800004201,中札内中央公園,北海道中札内村西二条南2-5,,,,1,,1,,,,42.698997302419,143.12688080918,
4444,E0163800005201,道の駅なかさつない,北海道中札内村大通7-14,1,,,1,,1,,,1,42.692178,143.126803,
4445,E0163800006201,農村環境改善センター,北海道中札内村大通南2-1,1,,,1,,1,,,,42.697976352593,143.13257114392,
4446,E0163800007201,中札内村商工会館,北海道中札内村大通南2-24,1,,,1,,1,,,1,42.698115036062,143.1318050742,
4447,E0163800008201,中札内村民体育館,北海道中札内村東一条南2-18,1,,,1,,1,,,1,42.697650088842,143.13299505921,
4448,E0163800009201,中札内中学校,北海道中札内村東一条南5-24,1,,,1,,1,,,1,42.693391984965,143.13122509032,
4449,E0163800010201,中札内中学校グラウンド,北海道中札内村東一条南6-5,,,,1,,1,,,,42.69279310096,143.13087764153,
4450,E0163800011201,中札内小学校グラウンド,北海道中札内村東一条南7-2,,,,1,,1,,,1,42.690410328294,143.12862188902,
4451,E0163800011202,中札内小学校,北海道中札内村東一条南7-2,1,,,1,,1,,,1,42.690978805654,143.1288091127,
4452,E0163800019201,中島農業センター,北海道中札内村東戸蔦東５線165-1,1,,,1,,1,,,1,42.699830590155,143.10373174909,
4453,E0163800018201,中札内高等養護学校グラウンド,北海道中札内村東五条南1-8,,,,1,,1,,,,42.69503923537,143.13943655577,
4454,E0163800014201,中札内文化創造センター,北海道中札内村東四条南6-1-3,1,,,1,,1,,,1,42.692189135901,143.13274655716,
4455,E0163800015201,中札内文化創造センター外回り,北海道中札内村東四条南6-16,,,,1,,1,,,,42.6926270919,143.13300578805,
4456,E0163800016201,中札内交流の杜,北海道中札内村東四条北1-1,1,,,1,,1,,,1,42.69672257178,143.13865595506,
4457,E0163800017201,中札内交流の杜グラウンド,北海道中札内村東四条北2-1,,,,1,,1,,,,42.698414098345,143.13965113249,
4458,E0163800012201,中札内村児童館,北海道中札内村東二条南1-2,1,,,1,,1,,,1,42.697786253781,143.13543181444,
4459,E0163800013201,鉄道記念公園,北海道中札内村東二条南4-10,,,,1,,1,,,,42.69494191522,143.13347401986,
4460,E0147100001201,中川町エコミュージアムセンター,北海道中川町字安川28-9,1,,,1,,,1,,1,44.74478,142.035178,
4461,E0147100002201,中川町立中川中学校,北海道中川町字中川224-22,1,,,1,,,1,,1,44.816292,142.079032,
4462,E0147100006201,中川町森林公園,北海道中川町字中川534-3,1,,,1,,,1,,,44.806241,142.074142,
4463,E0151300003201,小頓別多目的集会施設,北海道中頓別町字小頓別604-4,1,1,,1,,1,1,,1,44.825552,142.302161,
4464,E0151300018201,中頓別町民センター,北海道中頓別町字中頓別182-6,,1,,1,,1,,,1,44.96958224,142.2904761,
4465,E0151300021201,中頓別中学校,北海道中頓別町字中頓別305-1,1,1,,1,,1,1,,1,44.976813,142.293471,
4466,E0151300024201,中頓別小学校,北海道中頓別町字中頓別998-1,,1,,1,,1,,,1,44.969154,142.291907,
4467,E0169200001201,中標津町武道館,北海道中標津町丸山1-6,,1,,1,,,,,1,43.553176606373,144.96375909615,
4468,E0169200002201,中標津中学校,北海道中標津町丸山2-1,,,,1,,,,,1,43.554710095784,144.96520065335,
4469,E0169200003201,中標津町総合体育館,北海道中標津町丸山2-1-18,1,1,,1,,,,,1,43.554378086596,144.96926774004,
4470,E0169200004201,中標津町役場,北海道中標津町丸山2-22,1,1,,1,,,,,1,43.555672816799,144.97154263791,
4471,E0169200005201,丸山小学校,北海道中標津町丸山2-4-1,,,,1,,,,,1,43.554877110764,144.96315037238,
4472,E0169200035201,中標津町交流センター,北海道中標津町計根別南１条東2-1-1,1,1,,1,,,,,1,43.488796144432,144.81356402662,
4473,E0169200007201,中標津町老人福祉センター,北海道中標津町計根別本通東6-17,1,1,,1,,,,,1,43.4909544661725,144.81978113371,
4474,E0169200008201,計根別学園,北海道中標津町計根別本通東8-1-2,1,1,,1,,,,,1,43.4933457016831,144.822069024835,
4475,E0169200009201,開陽へき地保健福祉館,北海道中標津町字開陽264-5,1,1,,1,,,,,1,43.598183956345,144.9123392067,
4476,E0169200011201,上標津へき地集会所,北海道中標津町字上標津364-1,1,1,,1,,,,,1,43.500448125895,144.76617390256,
4477,E0169200012201,岩谷学園ひがし北海道日本語学校,北海道中標津町字西竹1285-3,1,1,,1,,,,,1,43.532071854331,144.79131836223,
4478,E0169200013201,俵橋生活館,北海道中標津町字俵橋1506-5,1,1,,1,,,,,1,43.58521,145.0401,
4479,E0169200015201,上武佐集会所,北海道中標津町字武佐南９線西1-3,1,1,,1,,,,,1,43.618205141502,144.9973636927,
4480,E0169200016201,武佐へき地保健福祉館,北海道中標津町字武佐北通り東10,1,1,,1,,,,,1,43.626008466797,144.95841893231,
4481,E0169200017201,豊岡地区会館,北海道中標津町字豊岡519-1,1,1,,1,,,,,1,43.48424353829,144.94692204402,
4482,E0169200018201,拓友館,北海道中標津町字俣落1915-1,1,1,,1,,,,,1,43.583539155823,144.79630335533,
4483,E0169200019201,俣落会館,北海道中標津町字俣落405-1,1,1,,1,,,,,1,43.55636295234,144.89335859389,
4484,E0169200020201,旭新婦人ホーム,北海道中標津町字養老牛512-3,1,1,,1,,,,,1,43.563878282349,144.75067357067,
4485,E0169200021201,養老牛へき地保健福祉館,北海道中標津町字養老牛68-2,1,1,,1,,,,,1,43.543370148752,144.72026327488,
4486,E0169200036201,中標津町総合福祉センター,北海道中標津町西１０条南9-1-4,1,1,,1,,,,,,43.53706545075,144.9715287141,
4487,E0169200037201,中標津高等学校,北海道中標津町西６条南5-1,1,1,,1,,,,,1,43.541136185611,144.97070555064,道立施設
4488,E0169200038201,中標津小学校,北海道中標津町西９条北1-2,1,1,,1,,,,,1,43.544605894602,144.96496393042,
4489,E0169200039201,西児童館,北海道中標津町西９条北7-9,1,1,,1,,,,,1,43.547086833665,144.95990458583,
4490,E0169200040201,広陵中学校,北海道中標津町東１０条南7-1,1,1,,1,,,,,,43.5487178,144.9866361,
4491,E0169200041201,シルバースポーツセンター,北海道中標津町東２０条北7-3,1,1,,1,,,,,1,43.565455,144.983482,
4492,E0169200042201,中標津町総合文化会館,北海道中標津町東２条南3-1-1,,1,,1,,,,,1,43.548450444929,144.97778514847,
4493,E0169200043201,中標津東小学校,北海道中標津町東７条南7-15,1,1,,1,,,,,1,43.54825332531,144.98468383467,
4494,E0169200031201,当幌研修館,北海道中標津町東当幌20-17,1,1,,1,,,,,1,43.50964256312,144.9123763958,
4495,E0169200032201,南中標津会館,北海道中標津町南中16,1,1,,1,,,,,1,43.517530659487,144.95756590968,
4496,E0146100002201,祥雲寺,北海道中富良野町丘町4-19,1,1,,,,,1,1,1,43.4045742775163,142.417038978154,
4497,E0146100003201,富良野土地改良区,北海道中富良野町丘町7-18,1,1,,1,,,1,1,1,43.3975305148847,142.411012091971,収容想定人数算定基準　２㎡／人
4498,E0146100005201,なかふらのフラワーパーク,北海道中富良野町宮町2-1,1,1,,,,,1,1,,43.4114140067861,142.423239517162,
4499,E0146100006201,中富良野神社,北海道中富良野町宮町2-13,1,1,,1,,,1,1,1,43.4136706329957,142.42233071756,
4500,E0146100007201,中富良野町本幸ラボ（旧本幸小学校）,北海道中富良野町字中富良野ベベルイ,1,1,,1,,1,1,1,1,43.3844128738502,142.525129536414,
4501,E0146100008202,南中地区集会施設,北海道中富良野町字中富良野鹿討農場,1,1,,1,,1,1,1,1,43.391951,142.394516,
4502,E0146100008201,中富良野町公民館南中分館（旧南中小学校）,北海道中富良野町字中富良野鹿討農場,1,1,,1,,1,1,1,1,43.3927618582248,142.394755683097,
4503,E0146100009201,新田中地区集会施設,北海道中富良野町字中富良野新田中農場,1,,,1,,,1,1,1,43.4409125209888,142.411103121475,
4504,E0146100010201,富良野リゾートオリカ,北海道中富良野町字中富良野西２線北17,1,1,,1,,1,1,1,1,43.4324206912188,142.422939565072,
4505,E0146100019201,中富良野町総合スポーツセンター,北海道中富良野町字中富良野東１線北11,,1,,1,,1,,,1,43.3975807157312,142.423285870995,
4506,E0146100042201,スーパーセンターＢＥＳＴＯＭ　中富良野店,北海道中富良野町字中富良野東１線北17,,1,,1,,1,,,,43.423557,142.444801,
4507,E0146100020201,スパ＆ホテルリゾート　ふらのラ・テール,北海道中富良野町字中富良野東１線北18,1,1,,1,,,1,1,1,43.4251648176614,142.445706468791,
4508,E0146100020203,中富良野町公民館西中分館（旧西中小学校）,北海道中富良野町字中富良野東１線北18,1,1,,1,,1,1,1,1,43.4278706963738,142.44518035635,
4509,E0146100020202,パーラーダイエー中富良野店,北海道中富良野町字中富良野東１線北18,,1,,,,,,,1,43.42622570253,142.444521893484,
4510,E0146100021201,教覚寺,北海道中富良野町字中富良野東１線北20,,1,,,,,,,,43.4348818012899,142.453573547716,
4511,E0146100022201,中富良野町公民館宇文分館（旧宇文小学校）,北海道中富良野町字中富良野東４線北7,1,1,,1,,1,1,1,,43.3747823197382,142.423563903069,
4512,E0146100023201,報徳会館,北海道中富良野町字中富良野東５線北14,1,1,,,,,1,1,,43.3980529420229,142.45230250358,
4513,E0146100024201,中富良野町公民館旭中分館（旧旭中小学校）,北海道中富良野町字中富良野東９線北12,1,1,,1,,1,1,1,,43.3778348827354,142.468473704043,
4514,E0146100025201,奈江地区集会施設,北海道中富良野町字中富良野奈江,1,1,,1,,,1,1,1,43.4308621826629,142.380833447,
4515,E0146100039201,福原会館,北海道中富良野町字中富良野福原農場,1,1,,,,1,1,1,1,43.400063,142.403014,
4516,E0146100026201,中善寺,北海道中富良野町新町4-1,1,1,,,,,1,1,1,43.4028430907735,142.420620164658,
4517,E0146100027201,寿コミュニティセンター,北海道中富良野町新町6-1,,1,,1,,,,,1,43.4021387884077,142.422375522211,
4518,E0146100029201,ネ古辰コミュニティハウス,北海道中富良野町西町4-28,1,1,,1,,,1,1,1,43.4105552452882,142.423758505846,
4519,E0146100043201,中央コミュニティハウス,北海道中富良野町東町4-10,,1,,1,,1,,,1,43.405971,142.429326,
4520,E0146100030201,中富良野町郷土館,北海道中富良野町南町10-1,1,1,,1,,1,1,1,1,43.4049676501981,142.423616853374,
4521,E0146100031201,ふれあいセンターなかまーる,北海道中富良野町南町10-10,1,1,,1,,,1,1,1,43.4052167848553,142.424029687952,
4522,E0146100032201,農村環境改善センター,北海道中富良野町南町10-11,1,1,,1,,,1,1,1,43.4051721327932,142.424704128955,
4523,E0146100033201,コミュニティ広場,北海道中富良野町南町10-4,,1,,,,,,,,43.4047415717692,142.423921302539,
4524,E0146100035201,中富良野中学校,北海道中富良野町南町9-19,1,1,,1,,1,1,1,1,43.4041123528006,142.42365545012,
4525,E0146100036201,中富良野町公民館北町分館（旧中富良野小学校）,北海道中富良野町北町8-8,1,1,,1,,1,1,1,1,43.4091523385784,142.427560805147,
4526,E0146100038201,中富良野町役場駐車場,北海道中富良野町本町9-1,,1,,,,,,,,43.4053099310903,142.425569830607,
4527,E0142800001201,長沼高等学校,北海道長沼町旭町南2-11-1,1,1,,1,,1,1,,1,43.001350844557,141.70311100067,
4528,E0142800002201,長沼小学校,北海道長沼町銀座北1-3-1,1,1,,1,,1,1,,1,43.010146283441,141.69659184309,
4529,E0142800005201,長沼中学校,北海道長沼町中央南2-3-1,1,1,,1,,1,1,,1,43.007329309289,141.69168851151,
4530,E0142800014201,道の駅「マオイの丘公園」センターハウス,北海道長沼町東１０線南7,1,1,,1,,1,1,,1,42.949642,141.716917,
4531,E0142800007202,まおい学びのさと小学校（旧北長沼小学校）,北海道長沼町東２線北15,1,1,,1,,1,1,,1,43.058551192042,141.73268642719,
4532,E0142800007201,旧北長沼中学校,北海道長沼町東２線北15,1,1,,1,,1,1,,1,43.059480117465,141.73084106741,
4533,E0142800010201,旧長沼舞鶴小学校,北海道長沼町東５線南12,,1,,1,,1,,,1,42.938311381352,141.67019071942,
4534,E0142800011201,キャメルファクトリー長沼（旧南長沼中学校体育館）,北海道長沼町東５線南7,1,1,,1,,1,1,,,42.959241,141.683663,
4535,E0142800011202,キャメルファクトリー長沼（旧南長沼小学校体育館）,北海道長沼町東５線南7,1,1,,1,,1,1,,,42.960121,141.683126,
4536,E0142800012201,総合保健福祉センターりふれ,北海道長沼町南町2-3-1,1,1,,1,,1,1,,1,43.005101109539,141.68792799407,
4537,E0134700002201,長万部中学校,北海道長万部町字栄原138,,1,,1,,,,,,42.522452639848,140.37906429744,
4538,E0134700003201,旧共立小学校,北海道長万部町字共立471,1,1,1,1,1,,,,,42.561447181121,140.39521131046,
4539,E0134700007201,静狩振興会館,北海道長万部町字静狩41-5,1,1,,1,,,1,,1,42.586822715848,140.46527478584,
4540,E0134700008201,双葉振興会館,北海道長万部町字双葉394-3,,1,,1,,,,,1,42.575887854903,140.32036448496,
4541,E0134700009201,旧双葉小学校,北海道長万部町字双葉86,1,1,,1,,,,,,42.575644437874,140.31935725108,
4542,E0134700010201,大浜振興会館,北海道長万部町字大浜75-13,1,1,,1,,,,,1,42.502896835335,140.3687702451,
4543,E0134700011201,旧中の沢小学校,北海道長万部町字中ノ沢13-2,1,1,,1,,,1,,,42.474392189464,140.34513391217,
4544,E0134700014201,長万部小学校,北海道長万部町字長万部3-5,1,1,,1,,,1,,,42.50828327853,140.37310959975,
4545,E0134700015201,学習文化センター,北海道長万部町字長万部411-216,1,1,1,1,1,,1,,,42.516567174768,140.37391409657,
4546,E0134700019201,さかえ保育所,北海道長万部町字長万部430-143,1,,1,1,1,,,,,42.508432075121,140.36740210835,
4547,E0134700031201,ふれあい会館,北海道長万部町字長万部434-117,1,1,1,1,1,,1,,1,42.505349,140.3664,
4548,E0134700024201,長万部町役場,北海道長万部町字長万部453-1,,1,,1,,,,,,42.513696077831,140.3803332589,
4549,E0134700024202,ふれあい健康センター,北海道長万部町字長万部453-1,,1,,1,,,,,,42.513775,140.380524,
4550,E0134700025201,富野振興会館,北海道長万部町字富野115,1,1,1,1,1,,1,,1,42.513630770797,140.36153564373,
4551,E0134700026201,旧苗畑跡地周辺,北海道長万部町字富野117-1,,,1,1,1,,,,,42.516409602732,140.36936435588,
4552,E0134700027201,スキー場の高台,北海道長万部町字富野117-11,,,1,1,1,,,,,42.517861053412,140.37146469671,
4553,E0134700039201,葬祭場,北海道長万部町字富野144,1,1,1,1,1,,1,,,42.513042,140.357513,
4554,E0134700028201,長万部公園,北海道長万部町字富野243-21,,,1,1,1,,,,,42.514173242435,140.34185847359,
4555,E0154400001201,旧活汲小中学校グラウンド,北海道津別町字活汲258,1,1,,1,,1,1,1,,43.745893809603,144.05339546847,
4556,E0154400002201,道立津別高等学校グラウンド,北海道津別町字共和32-2,1,1,,1,,1,,1,1,43.699069297832,144.02087100195,
4557,E0154400004201,津別小学校グラウンド,北海道津別町字幸町68-1,1,1,,1,,1,,1,,43.704971868438,144.02764626191,
4558,E0154400006201,高栄団地集会所広場,北海道津別町字高台42,,,,1,,1,,1,,43.720330564815,144.02713127779,
4559,E0154400007201,旧津別保育所広場,北海道津別町字新町1-3,1,1,,1,,1,,1,,43.708485212069,144.02312942193,
4560,E0154400008201,津別神社境内,北海道津別町字西二条31,1,1,,1,,1,,1,,43.706616107868,144.01979275392,
4561,E0154400009201,旧相生小学校グラウンド,北海道津別町字相生176,,,,1,,1,,1,,43.538760805929,143.98761162966,
4562,E0154400010201,相生公民館広場,北海道津別町字相生74-9,1,1,,1,,1,,1,,43.5446791357,143.98366878239,
4563,E0154400011201,相生総合交流ターミナル施設前,北海道津別町字相生83-1,1,1,,1,,1,,1,,43.545475,143.980213,
4564,E0154400012201,達美野球場,北海道津別町字達美212-1,1,1,,1,,1,,1,,43.714921929894,144.01811369107,
4565,E0154400013201,豊美寿の家広場,北海道津別町字豊永20-1,,1,,1,,1,,1,,43.702105975397,144.03095610784,
4566,E0154400014201,中央公民館駐車場及び前庭,北海道津別町字豊永6-1,1,1,,1,,1,,1,1,43.70618954065,144.03127797292,
4567,E0154400017201,津別中学校グラウンド,北海道津別町字豊永9-3,1,1,,1,,1,,1,,43.705033916027,144.03015680954,
4568,E0154400018201,旧本岐小学校グラウンド,北海道津別町字本岐105,1,1,,1,,1,,1,,43.645031045723,143.99092147556,
4569,E0154400019201,本岐地区多目的公園,北海道津別町字本岐209-1,1,1,,1,,1,,1,,43.648516847568,143.99214992729,
4570,E0166700009201,総合センター前庭,北海道鶴居村鶴居西1-1,1,1,,1,,1,,,1,43.2301305282128,144.321948524329,
4571,E0166700010201,鶴居小学校グラウンド,北海道鶴居村鶴居西2-27,1,1,,1,,1,,,1,43.2331193497219,144.321974648281,
4572,E0166700011201,村民広場（球技場）,北海道鶴居村鶴居西4-11,,1,,1,,1,,,,43.2376409991044,144.324830452882,
4573,E0166700012201,鶴居中学校グラウンド,北海道鶴居村鶴居東2-31,1,1,,1,,1,,,1,43.2321831494086,144.324855921836,
4574,E0166700013201,幌呂中学校グラウンド,北海道鶴居村幌呂東2-21,1,1,,1,,1,,,1,43.194101626662,144.263970514001,
4575,E0166700014201,幌呂小学校グラウンド,北海道鶴居村幌呂東4-14,1,1,,1,,1,,,1,43.1984707847434,144.26349246106,
4576,E0166500001201,弟子屈高等学校,北海道弟子屈町高栄3-3-20,,,,,,,,1,1,43.484485,144.450733,
4577,E0166500006201,屈斜路研修センター,北海道弟子屈町字屈斜路222-5,,,,,,,,1,1,43.55812393,144.3210708,
4578,E0166500012201,美留和会館,北海道弟子屈町字美留和79,,,,,,,,1,1,43.55806,144.436369,
4579,E0166500011201,美留和小学校,北海道弟子屈町字美留和５５線82,,,,,,,,1,1,43.560372,144.436679,
4580,E0166500015201,硫黄山ＭＯＫＭＯＫベース,北海道弟子屈町川湯温泉1-52-1,,,,,,,,1,,43.617875,144.443369,
4581,E0166500016201,川湯ふるさと館,北海道弟子屈町川湯温泉2-3-40,,,,,,,,1,1,43.63722534,144.4349903,
4582,E0166500017201,川湯小学校,北海道弟子屈町川湯温泉4-15-10,,,,,,,,1,1,43.641873,144.444882,
4583,E0166500018201,川湯農村センター,北海道弟子屈町川湯温泉4-15-4,,,,,,,,1,1,43.64089098,144.4431551,
4584,E0166500019201,川湯中学校,北海道弟子屈町川湯温泉7-3-11,,,,,,,,1,1,43.63854,144.453395,
4585,E0166500020201,泉ふれあいセンター,北海道弟子屈町泉2-3-9,,,,,,,,1,1,43.47963096,144.4649825,
4586,E0166500022201,弟子屈小学校,北海道弟子屈町中央2-1-1,,,,,,,,1,1,43.484948,144.45722,
4587,E0166500021201,社会老人福祉センター,北海道弟子屈町中央2-10-25,,,,,,,,1,1,43.48406583,144.4604792,
4588,E0166500024201,弟子屈町公民館,北海道弟子屈町中央2-3-2,,,,,,,,1,1,43.48572367,144.458925,
4589,E0166500025201,摩周観光交流館（道の駅）,北海道弟子屈町湯の島3-5-5,,,,,,,,1,1,43.49237711,144.4476649,暴風雪時の緊急避難所
4590,E0166500026201,弟子屈中学校,北海道弟子屈町美里1-3-1,,,,,,,,1,1,43.48717784,144.4486454,
4591,E0166500027201,弟子屈消防署,北海道弟子屈町美里3-8-1,,,,,,,,1,1,43.4807041502581,144.43683133701,暴風雪時の緊急避難所
4592,E0166500028201,摩周観光文化センター,北海道弟子屈町摩周3-3-1,,,,,,,,1,1,43.50721063,144.4510479,
4593,E0148700001201,天塩町社会福祉会館,北海道天塩町海岸通5-3747,1,,,,,,,,,44.88477793,141.7420536,
4594,E0148700002201,消防署天塩支署,北海道天塩町海岸通5-50,1,,,1,,,,,,44.88415147,141.7423627,
4595,E0148700003201,老人福祉センター,北海道天塩町山手裏通8-1466-21,1,,,,,,,,,44.88823013,141.7434041,
4596,E0148700004201,西産士町内会館,北海道天塩町字ウブシ4367-9,1,,,,1,,,,,44.9025087,141.8270293,
4597,E0148700005201,北産士地区社会教育会館,北海道天塩町字ウブシ5524-1,,,,,1,,,,,44.96726663,141.8288048,
4598,E0148700006201,作返町内会館,北海道天塩町字ウブシ7409-1,,,,,1,,,,,44.98276869,141.8413935,
4599,E0148700007201,中産士町内会館,北海道天塩町字ウブシ7411-3,1,1,,1,1,,,,,44.9369425,141.8332007,
4600,E0148700008201,泉源町内会館,北海道天塩町字オヌプナイ1329-1,1,,,1,1,,,,,44.8171265,141.9222225,
4601,E0148700009201,円山地区社会教育会館,北海道天塩町字オヌプナイ171,,,,,1,,,,,44.92542305,141.8789625,
4602,E0148700010201,東雄信内町内会館,北海道天塩町字オヌプナイ3468-5,,,,1,1,,,,,44.89921873,141.9330874,
4603,E0148700011201,雄信内地区社会教育会館,北海道天塩町字オヌプナイ3470-1,1,,,,1,1,,,,44.89659692,141.9297165,洪水時は２Ｆ以上
4604,E0148700042201,天理教男能富分教会,北海道天塩町字オヌプナイ3470-20,1,,,,1,,,,,44.897714,141.930653,洪水時は２Ｆ以上
4605,E0148700012201,雄信内生活改善センター,北海道天塩町字オヌプナイ3762-13,,,,,1,1,,,1,44.89827105,141.9180334,
4606,E0148700013201,雄信内老人憩いの家,北海道天塩町字オヌプナイ7000-2,,,,,1,,,,1,44.89714925,141.9215094,
4607,E0148700014201,西雄信内町内会館,北海道天塩町字オヌプナイ7406-1,,1,,1,1,,,,,44.88441876,141.9021647,
4608,E0148700015201,男能富・新成町内会館,北海道天塩町字オヌプナイ861,1,,,1,1,,,,,44.86355101,141.9223223,
4609,E0148700017201,更岸地区社会教育会館（旧更岸小）,北海道天塩町字サラキシ4186,1,,,,1,,,,,44.83735055,141.7834859,
4610,E0148700018201,更岸生活改善センター,北海道天塩町字サラキシ4186-1,1,,,,1,,,,,44.837421,141.7844752,
4611,E0148700020201,てしお温泉夕映,北海道天塩町字サラキシ5807-5,1,,,1,1,1,,,,44.87650218,141.7442384,
4612,E0148700021201,干拓町内会館,北海道天塩町字サラキシ7525-2,1,,,1,1,,,,,44.8553484,141.7754571,
4613,E0148700022201,北更岸町内会館,北海道天塩町字サラキシ原野四線11-2,1,,,1,1,,,,,44.86736811,141.7809465,
4614,E0148700023201,辰子丑町内会館,北海道天塩町字タツネウシ3404-4,,1,,1,1,,,,,44.90146464,141.9800739,
4615,E0148700025201,振老町内会館,北海道天塩町字下サロベツ2300-13,1,1,,1,,,,,,44.97219646,141.7865327,
4616,E0148700026201,南町町内会館,北海道天塩町字更岸1128-28,1,,,1,,,,,,44.87567499,141.7477792,
4617,E0148700027201,天塩高等学校,北海道天塩町字川口1464-4,1,,,1,1,1,,,1,44.89363723,141.7430559,
4618,E0148700028201,川口地区社会教育会館（旧川口小）,北海道天塩町字川口208-3,1,,,,,,,,,44.93166906,141.7564695,
4619,E0148700029201,川口基線町内会館,北海道天塩町字川口284,1,,,1,,,,,,44.89902199,141.7395748,
4620,E0148700030201,南川口町内会館,北海道天塩町字川口412-4,1,,,,1,,,,,44.89098384,141.7640759,
4621,E0148700031201,保健ふれあいセンター,北海道天塩町字川口5699-1,,,,1,,,,,1,44.88538554,141.7492072,
4622,E0148700032201,ファミリースポーツセンター,北海道天塩町字川口5702-1,1,,,,1,1,,,,44.88499741,141.7508789,
4623,E0148700041201,天塩中学校,北海道天塩町字川口5705-1,1,,,1,1,1,,,1,44.883155,141.750442,
4624,E0148700033201,新川町内会館,北海道天塩町字川口5709-9,,,,,,1,,,,44.87854096,141.7526601,
4625,E0148700035201,天塩町運動公園,北海道天塩町字川口8361,1,,,1,1,1,,,,44.88853713,141.7515432,
4626,E0148700036202,天塩小学校,北海道天塩町新栄通4-1158-1,1,,,1,1,,,,1,44.88400017,141.7468885,
4627,E0148700036201,天塩小学校グラウンド,北海道天塩町新栄通4-1158-1,,,,1,,1,,,1,44.88454074,141.7469313,
4628,E0148700037201,ミレニアムパーク,北海道天塩町新栄通5-1147-1,,,,1,,,,,,44.88493023,141.7452628,
4629,E0148700038201,天塩町役場,北海道天塩町新栄通8-1466-113,1,,,1,1,,,,1,44.88817375,141.7453775,
4630,E0148700039201,道の駅てしお,北海道天塩町新開通4-7227-2,1,,,1,1,1,,,,44.88451318,141.7478824,
4631,E0148700040201,中央町民会館,北海道天塩町新地通5-320-24,1,,,1,1,,,,,44.88520392,141.7464179,
4632,E0123000003201,旧カルルス・サン・スポーツランド,北海道登別市カルルス町1-3,,1,,1,,,,,,42.514107,141.109656,
4633,E0123000005201,道営住宅「であえーるはまなす団地」　４・５階廊下,北海道登別市栄町1-10,,,,,1,,,,,42.367588,141.059303,
4634,E0123000007201,楡の木公園,北海道登別市栄町1-4-1,1,1,,1,,,,,,42.365883,141.058493,
4635,E0123000012201,ネイチャーセンター（ふぉれすと鉱山）グラウンド,北海道登別市鉱山町8-3,,1,,1,,,,,1,42.467263,141.037117,
4636,E0123000016201,のぞみ公園,北海道登別市桜木町2-26-9,,1,,1,,,,,,42.404656,141.092757,
4637,E0123000017201,桜木市営住宅６号棟、７号棟、８号棟　４・５階廊下,北海道登別市桜木町4-1-1,,,,,1,,,,1,42.405648,141.087841,
4638,E0123000018201,桜木公園,北海道登別市桜木町4-4-3,,1,,1,,,,,,42.405035,141.087145,
4639,E0123000020201,総合体育館駐車場,北海道登別市若山町2-26-1,1,1,,1,,,,,1,42.391939,141.079363,
4640,E0123000021201,若山の家付近,北海道登別市若山町2-43,,,,,1,,,,,42.388965,141.077044,
4641,E0123000024201,イオン登別店　屋上駐車場,北海道登別市若山町4-33-1,,,,,1,,,,,42.381277,141.068671,
4642,E0123000026202,若草小学校グラウンド,北海道登別市若草町1-1-2,,1,,1,,,,,1,42.364649,141.050743,
4643,E0123000026201,若草小学校　３階,北海道登別市若草町1-1-2,,,,,1,,,,1,42.365558,141.051021,
4644,E0123000027201,若草公園,北海道登別市若草町1-2,1,1,,1,,,,,,42.365738,141.052519,
4645,E0123000028201,さわやか公園,北海道登別市若草町2-10,1,1,,1,,,,,,42.368416,141.056443,
4646,E0123000029201,若草中央公園,北海道登別市若草町2-100-2,1,1,,1,,,,,,42.370494,141.058445,
4647,E0123000031201,めぐみ公園,北海道登別市若草町2-32,1,1,,1,,,,,,42.372128,141.060835,
4648,E0123000032201,若草１号公園,北海道登別市若草町3-11,,1,,1,,,,,,42.367267,141.051009,
4649,E0123000033201,のびのび公園,北海道登別市若草町4-20,1,1,,1,,,,,,42.372699,141.057011,
4650,E0123000035201,めばえ公園,北海道登別市若草町4-4,1,1,,1,,,,,,42.369947,141.053584,
4651,E0123000036201,若草望洋広場付近,北海道登別市若草町5-32,,,,,1,,,,,42.373914,141.055516,
4652,E0123000038202,高野台団地入口付近,北海道登別市上鷲別町106,,,,,1,,,,,42.376252,141.056037,
4653,E0123000038201,優和公園奥小川宅付近,北海道登別市上鷲別町106,,,,,1,,,,,42.372913,141.049258,
4654,E0123000039201,尾形組奥伊藤宅付近,北海道登別市上鷲別町116,,,,,1,,,,,42.372098,141.046752,
4655,E0123000042201,常盤公園,北海道登別市常盤町2-35-1,1,1,,1,,,,,,42.416769,141.105906,
4656,E0123000045201,有限会社　真英技建加工場付近,北海道登別市常盤町6-20,,,,,1,,,,,42.425177,141.099085,
4657,E0123000047201,ことぶき公園,北海道登別市新生町1-24,,1,,1,,,,,,42.375787,141.064469,
4658,E0123000048201,わらべ公園,北海道登別市新生町2-15,,1,,1,,,,,,42.378823,141.068054,
4659,E0123000051201,くさぶえ公園,北海道登別市新生町3-14,1,1,,1,,,,,,42.376143,141.062458,
4660,E0123000052201,なかよし公園,北海道登別市新生町4-3,,1,,1,,,,,,42.378929,141.063917,
4661,E0123000053201,希望の家付近,北海道登別市新生町5-23,,,,,1,,,,,42.376854,141.057962,
4662,E0123000055201,法栄寺付近,北海道登別市新生町5-26,,,,,1,,,,,42.377971,141.059641,
4663,E0123000057201,新川公園,北海道登別市新川町3-7-14,,1,,1,,,,,,42.407952,141.093764,
4664,E0123000058201,かえで公園,北海道登別市新川町4,,1,,1,,,,,,42.409863,141.090904,
4665,E0123000062201,高速道路青葉橋付近,北海道登別市青葉町10,,,,,1,,,,,42.402775,141.081692,
4666,E0123000063201,青葉小学校付近,北海道登別市青葉町3,,,,,1,,,,,42.402574671651,141.084798393148,
4667,E0123000064201,青葉小学校グラウンド,北海道登別市青葉町3-3,1,1,,1,1,,,,1,42.402574,141.084643,
4668,E0123000065201,北海道登別青嶺高等学校　３・４階校舎,北海道登別市青葉町42-1,,,,,1,,,,,42.392744,141.078168,
4669,E0123000067201,サト岡志別大橋付近,北海道登別市千歳町168,,,,,1,,,,,42.432358,141.126545,
4670,E0123000068201,千歳町６丁目ウグイス団地奥高速道路付近,北海道登別市千歳町197,,,,,1,,,,,42.431913,141.107215,
4671,E0123000069201,日本工学院北海道専門学校学生寮「ドミトリーほろべつ」　３～８階廊下,北海道登別市千歳町2-7-2,,,,,1,,,,,42.418213,141.114268,
4672,E0123000070202,幌別中学校付近,北海道登別市千歳町3-1,,,,,1,,,,,42.4183366528022,141.110302268748,
4673,E0123000071201,幌別中学校グラウンド,北海道登別市千歳町3-1-3,1,1,,1,1,,,,1,42.418317,141.109762,
4674,E0123000072202,市役所本庁舎建設予定地付近,北海道登別市千歳町3-1-5,,,,,1,,,,,42.4170693679017,141.111096202617,
4675,E0123000072201,市役所本庁舎建設予定地（旧陸上競技場）,北海道登別市千歳町3-1-5,1,1,,1,1,,,,,42.417106,141.110513,
4676,E0123000073201,つくし公園,北海道登別市千歳町4-5-129,1,1,,1,,,,,,42.421789,141.114457,
4677,E0123000074201,日本工学院北海道専門学校生寮「ドミトリー千歳」奥付近,北海道登別市千歳町5-1,,,,,1,,,,,42.424039,141.110778,
4678,E0123000075201,道道上登別室蘭線と市道カルルス路線との交差点付近,北海道登別市千歳町5-22,,,,,1,,,,,42.427771,141.101049,
4679,E0123000076201,すずらん公園,北海道登別市千歳町6-1-52,1,1,,1,,,,,,42.423344,141.115263,
4680,E0123000077201,岡志別の森運動公園奥付近,北海道登別市千歳町98,,,,,1,,,,,42.425688,141.120436,
4681,E0123000078201,ノボリトラシナイ川高速道路付近,北海道登別市川上町241,,,,,1,,,,,42.415085,141.079105,
4682,E0123000079201,見晴公園付近,北海道登別市川上町315,,,,,1,,,,,42.425106,141.073131,
4683,E0123000081201,北海道開発局室蘭開発建設部室蘭道路事務所駐車場,北海道登別市大和町2-34-1,,1,,1,,,,,,42.384447,141.077484,
4684,E0123000083201,登別記念病院　４階リハビリ室,北海道登別市中央町1-1-4,,,,,1,,,,,42.410742,141.107937,
4685,E0123000082201,東公園,北海道登別市中央町1-13,,1,,1,,,,,,42.412757,141.108572,
4686,E0123000084201,西公園,北海道登別市中央町3-10-1,,1,,1,,,,,,42.407463,141.102677,
4687,E0123000086201,中央公園,北海道登別市中央町3-21-1,,1,,1,,,,,,42.408967,141.104009,
4688,E0123000087201,登別中央ショッピングセンターアーニス　３・４階駐車場,北海道登別市中央町4-11,,,,,1,,,,,42.411233,141.104872,
4689,E0123000089201,北公園,北海道登別市中央町5-20,,1,,1,,,,,,42.413498,141.104012,
4690,E0123000091201,幌別小学校グラウンド,北海道登別市中央町6-19-1,1,1,,1,,,,,1,42.414421,141.107852,
4691,E0123000092201,緑ヶ丘公園,北海道登別市中央町7-30,1,1,,1,,,,,,42.415796,141.108159,
4692,E0123000094201,のぼりべつ文化交流館（カント・レラ）駐車場,北海道登別市登別温泉町123,1,1,,1,,,,1,,42.479763,141.146976,
4693,E0123000096201,旧登別温泉小学校グラウンド,北海道登別市登別温泉町184,1,1,,1,,,,,,42.498649,141.139858,
4694,E0123000097201,登別温泉ケーブル駐車場,北海道登別市登別温泉町224,1,,,1,,,,,,42.492416,141.144707,
4695,E0123000098201,登別ビーチパーク,北海道登別市登別東町1,,1,,1,,,,,,42.455357,141.181759,
4696,E0123000100201,金毘羅寺付近,北海道登別市登別東町3-36,,,,,1,,,,,42.460822,141.178453,
4697,E0123000101201,時代村社員寮付近,北海道登別市登別東町3-40,,,,,1,,,,,42.448555,141.164832,
4698,E0123000104201,ＪＣＨＯ登別病院職員宿舎Ｂ棟　２～４階階段・踊り場,北海道登別市登別東町4-26,,,,,1,,,,,42.455463,141.176003,
4699,E0123000107201,登別中学校グラウンド,北海道登別市登別本町1-1-1,,1,,1,,,,,1,42.450297,141.174305,
4700,E0123000108201,旭公園,北海道登別市登別本町1-18-1,,1,,1,,,,,,42.449554,141.173409,
4701,E0123000110201,平興業資材置場付近（旧アオノ産資付近）,北海道登別市登別本町2-73,,,,,1,,,,,42.454816,141.165224,
4702,E0123000111201,登別小学校グラウンド,北海道登別市登別本町3-25-2,,1,,1,1,,,,1,42.448893,141.168067,
4703,E0123000112201,富浦墓地付近,北海道登別市登別本町3-47,,,,,1,,,,,42.446091,141.158756,
4704,E0123000113201,柏木公園,北海道登別市柏木町1-28-1,,1,,1,,,,,1,42.418635,141.099923,
4705,E0123000114201,来馬墓地付近,北海道登別市柏木町2-28-2,,,,,1,,,,,42.418306,141.093778,
4706,E0123000115201,もみじ公園,北海道登別市柏木町3-36-41,1,1,,1,,,,,,42.420032,141.096011,
4707,E0123000119201,柏木ジュニアーズ石山球場付近,北海道登別市柏木町5-1,,,,,1,,,,,42.422637,141.093461,
4708,E0123000119202,柏木町５丁目高速道路下トンネル付近,北海道登別市柏木町5-1,,,,,1,,,,,42.425533,141.092932,
4709,E0123000120201,望洋公園付近,北海道登別市柏木町5-3,,,,,1,,,,,42.424445,141.086718,
4710,E0123000125201,室蘭総合自動車学校付近,北海道登別市美園町4-23,,,,,1,,,,,42.366477,141.046526,
4711,E0123000126201,室蘭総合自動車学校練習場,北海道登別市美園町4-23-2,1,,,1,,,,,,42.366155,141.047792,
4712,E0123000129201,熊谷宅裏山付近,北海道登別市美園町5-11,,,,,1,,,,,42.366833,141.041712,
4713,E0123000130201,上鷲別神社付近,北海道登別市美園町5-27,,,,,1,,,,,42.369466,141.039704,
4714,E0123000131201,上鷲別墓地付近,北海道登別市美園町5-3,,,,,1,,,,,42.366333,141.042886,
4715,E0123000132201,美園公園,北海道登別市美園町5-36,1,1,,1,,,,,,42.368047,141.039025,
4716,E0123000135201,国道３６号と市道富浦１号線との交差点付近,北海道登別市富浦町177-1,,,,,1,,,,,42.443121,141.151626,
4717,E0123000136201,いぶり花づくりネットワーク付近,北海道登別市富岸町1-10,,,,,1,,,,,42.389684,141.074139,
4718,E0123000137201,緑陽中学校付近,北海道登別市富岸町1-11,,,,,1,,,,,42.3884277791186,141.071777667589,
4719,E0123000138201,緑陽中学校グラウンド,北海道登別市富岸町1-11-1,,,,1,1,,,,1,42.388426,141.071618,
4720,E0123000139201,富岸墓地付近,北海道登別市富岸町1-14,,,,,1,,,,,42.389225,141.073404,
4721,E0123000141201,富岸小学校グラウンド,北海道登別市富岸町2-17-4,,1,,1,,,,,1,42.384753,141.067508,
4722,E0123000143201,いなほ公園,北海道登別市富岸町2-34-1,,1,,1,,,,,,42.387314,141.066762,
4723,E0123000185201,亀田記念公園付近,北海道登別市富岸町3-18,,,,,1,,,,,42.3854413867993,141.062677624382,
4724,E0123000144201,亀田記念公園駐車場,北海道登別市富岸町3-8,,1,,1,1,,,,1,42.385447,141.062547,
4725,E0123000145201,亀田霊園付近,北海道登別市富岸町62,,,,,1,,,,,42.391961,141.058595,
4726,E0123000146202,いなか村ゴルフ練習場付近,北海道登別市富岸町72-1,,,,,1,,,,,42.391565,141.062641,
4727,E0123000146201,いなか村付近,北海道登別市富岸町72-1,,,,,1,,,,,42.388552,141.064838,
4728,E0123000148201,富士２号公園,北海道登別市富士町5-7,,1,,1,,,,,,42.412339,141.100756,
4729,E0123000150201,富士１号公園,北海道登別市富士町7-1-8,,1,,1,,,,,,42.414019,141.097741,
4730,E0123000153202,市民会館駐車場,北海道登別市富士町7-33-1,,1,,1,,,,,1,42.414577,141.093224,
4731,E0123000153201,登別市民会館　２階,北海道登別市富士町7-33-1,,,,,1,,,,1,42.414756,141.093857,
4732,E0123000155201,望洋団地付近,北海道登別市片倉町1-15,,,,,1,,,,,42.415602,141.091876,
4733,E0123000157202,西陵中学校グラウンド,北海道登別市片倉町5-12-1,,1,,1,,,,,1,42.415524,141.087044,
4734,E0123000157201,西陵中学校　３・４階,北海道登別市片倉町5-12-1,,,,,1,,,,1,42.415015,141.087409,
4735,E0123000158201,幌別西小学校グラウンド,北海道登別市片倉町5-13,,1,,1,,,,,1,42.415017,141.085036,
4736,E0123000159201,総合福祉センター（しんた２１）駐車場,北海道登別市片倉町6-9-1,,1,,1,,,,,1,42.419157,141.085322,
4737,E0123000160201,しおみ公園,北海道登別市幌別町2-14-1,1,1,,1,,,,,,42.408144,141.107281,
4738,E0123000161201,鉄南ふれあいセンター　３階,北海道登別市幌別町3-17-1,,,,,1,,,,1,42.411613,141.110731,
4739,E0123000163201,幌別１号公園,北海道登別市幌別町4-19-2,1,1,,1,,,,,,42.410662,141.111818,
4740,E0123000165201,幌別東市営住宅１号棟　４階廊下,北海道登別市幌別町8-13,,,,,1,,,,,42.417931,141.120937,
4741,E0123000169201,真宗寺・鷲別神社付近,北海道登別市鷲別町1-33,,,,,1,,,,,42.353807,141.049289,
4742,E0123000171201,わかば公園,北海道登別市鷲別町2-29-4,,1,,1,,,,,,42.355945,141.048497,
4743,E0123000173201,道営住宅「鷲別団地」　４・５階廊下,北海道登別市鷲別町3-45,,,,,1,,,,,42.358138,141.050996,
4744,E0123000174201,鷲別職員宿舎Ａ　３階以上の階段・踊り場,北海道登別市鷲別町4-31-1,,,,,1,,,,,42.359417,141.050896,
4745,E0123000175201,鷲別小学校３階・４階・屋上,北海道登別市鷲別町4-36-21,,,,,1,,,,1,42.360981,141.052975,
4746,E0123000175202,鷲別小学校グラウンド,北海道登別市鷲別町4-36-21,1,1,,1,,,,,1,42.361621,141.053782,
4747,E0123000177201,鷲別中学校グラウンド,北海道登別市鷲別町4-36-6,1,1,,1,,,,,1,42.361887,141.051935,
4748,E0139100053201,旧高齢者生きがい創造センター,北海道島牧村412-1,1,1,1,,1,,,,,42.67380469,140.082249,
4749,E0139100003201,法善寺前広場,北海道島牧村字栄磯135-1,1,1,,1,1,1,,,,42.73467483,140.0945336,
4750,E0139100004201,栄磯墓地前広場,北海道島牧村字栄磯147-1,1,1,,,1,1,,,,42.73445918,140.0954195,
4751,E0139100005201,佐藤宅裏山,北海道島牧村字栄磯26,,,,,1,,,,,42.735892287263,140.10648071695,
4752,E0139100007201,村道ポロ狩場橋,北海道島牧村字栄浜207-10,,,,,1,,,,,42.682047,139.912294,
4753,E0139100008201,栄浜福祉館,北海道島牧村字栄浜355,,,,,1,,,,1,42.67392769,139.889016,管理人不在
4754,E0139100009201,モッタ海岸温泉旅館駐車場,北海道島牧村字栄浜360,,,,,1,,,,,42.67271646,139.8884567,
4755,E0139100010201,山田の川右岸高台,北海道島牧村字栄浜381-8,,,,,1,1,,,,42.67002294,139.8842823,
4756,E0139100011201,手塚宅裏山,北海道島牧村字永豊町113-1,,,,,1,,,,,42.708675908403,140.06653219511,
4757,E0139100012201,永豊量水器室高台,北海道島牧村字永豊町247-30,,,,,1,,,,,42.70607,140.067793,避難通路（階段）あり
4758,E0139100014201,村道歌島線,北海道島牧村字歌島195-2,,,,,1,1,,,,42.78396496,140.155581,
4759,E0139100015201,旧歌島小学校グランド跡地,北海道島牧村字歌島301,1,1,,1,1,1,,,,42.77865747,140.1531686,防災倉庫あり
4760,E0139100017201,歌島児童館裏山,北海道島牧村字歌島408-1,1,,,,1,,,,,42.775586,140.15172,
4761,E0139100018201,村川宅裏山,北海道島牧村字歌島449-1,1,1,,1,1,1,,,,42.76863,140.150217,
4762,E0139100019201,村道美川線,北海道島牧村字歌島551-13,1,1,,1,1,1,,,,42.76384904,140.1523248,
4763,E0139100020201,旧軽臼小学校グランド跡地,北海道島牧村字軽臼岱26-1,1,1,,1,1,1,,,,42.73181787,140.0909791,防災倉庫あり
4764,E0139100021201,新元町団地裏村道,北海道島牧村字元町132-3,,,,,1,,,,,42.688095755052,139.99766165331,
4765,E0139100023201,元町神社,北海道島牧村字元町370,,,,,1,,,,,42.68490513,140.0003149,
4766,E0139100024201,旧小樽開発建設事務所跡地,北海道島牧村字元町429-8,1,1,,1,1,1,,,,42.68436316,140.0070509,防災倉庫あり
4767,E0139100025201,島牧小学校屋上,北海道島牧村字元町84,1,1,,,1,,,,1,42.69116754,139.9910486,
4768,E0139100027201,原歌西の宮神社,北海道島牧村字原歌町109,,,,,1,,,,,42.68743319,139.9829107,
4769,E0139100028201,植車神社,北海道島牧村字原歌町511-4,,,,,1,,,,,42.687412,139.954855,
4770,E0139100029201,原歌墓地線,北海道島牧村字原歌町8-4,,,,,1,1,,,,42.688339,139.990239,
4771,E0139100030201,清浄寺墓地横高台,北海道島牧村字江ノ島19-4,1,1,,,1,1,,,,42.68875788,140.0374559,
4772,E0139100031201,島牧村若者総合スポーツセンター,北海道島牧村字江ノ島245,1,1,,,,,,,1,42.68792582,140.0157888,
4773,E0139100032201,江ノ島レストハウス裏高台,北海道島牧村字江ノ島85,,,,,1,,,,,42.68697149,140.0310683,避難通路（階段）あり
4774,E0139100033201,島牧中学校グラウンド,北海道島牧村字小川118,,1,,1,1,1,,,1,42.74062638,140.1313126,
4775,E0139100033202,島牧中学校体育館,北海道島牧村字小川118,,1,,,1,,,,1,42.74172173,140.1312116,
4776,E0139100034201,道道美川黒松内線,北海道島牧村字折川211-2,1,1,,1,1,1,,,,42.750137898376,140.14357067857,
4777,E0139100035201,道の駅「よってけ！島牧」,北海道島牧村字千走11-1,,1,,,,,,,1,42.68656116,140.0129346,
4778,E0139100036201,山村広場,北海道島牧村字千走7-1,,1,,1,,1,,,,42.68600037,140.0123173,防災ヘリポート
4779,E0139100037201,床丹　田保宅裏山,北海道島牧村字大平57-1,,,,,1,,,,,42.71343257,140.0663082,
4780,E0139100040201,厳島神社,北海道島牧村字泊4-2,,,,,1,,,,,42.70542586,140.0655397,
4781,E0139100039201,島牧慈光園前広場,北海道島牧村字泊416,,,1,,1,,,,1,42.67264259,140.0828659,
4782,E0139100041201,役場前広場,北海道島牧村字泊83-1,,1,,1,,,,,,42.70072669,140.0613989,
4783,E0139100042201,島牧柏光園前広場,北海道島牧村字冨浦285,1,1,,1,1,,,,1,42.780231675418,140.15583833809,
4784,E0139100043201,大川宅裏山,北海道島牧村字豊浜160-2,,,,,1,,,,,42.729507,140.082046,
4785,E0139100044201,池田宅裏山,北海道島牧村字豊浜253-1,,,,,1,,,,,42.724662,140.077529,避難通路（階段）あり
4786,E0139100045201,豊浜会館,北海道島牧村字豊浜34,1,1,,,,,,,1,42.73227459,140.0892401,
4787,E0139100046201,村立島牧保育所,北海道島牧村字豊平11,1,1,,,,,,,1,42.69829523,140.0548886,
4788,E0139100048201,大崎宅裏山,北海道島牧村字本目108-2,,,,,1,,,,,42.747089737343,140.13450410185,避難通路（階段）あり
4789,E0139100049201,本目灯台,北海道島牧村字本目12-9,1,1,,,1,1,,,,42.744372928446,140.11527816204,
4790,E0139100050201,旧東島牧中学校跡地,北海道島牧村字本目226-1,1,1,,1,1,1,,,,42.74337668,140.1294054,防災倉庫あり
4791,E0139100054201,津島宅裏山,北海道島牧村字本目345-2,,,,,1,,,,,42.745967,140.122792,
4792,E0145300001202,旧忠栄小学校（東神楽大学）,北海道東神楽町19-5,1,1,,1,,1,,,,43.68931485,142.5000941,
4793,E0145300001201,旧忠栄小学校（グラウンド）,北海道東神楽町19-5,,,,1,,1,,,,43.68973053,142.5002426,
4794,E0145300005201,東聖小学校（グラウンド）,北海道東神楽町ひじり野南1-2,,,,1,,1,,,,43.71908199,142.4146959,
4795,E0145300006201,東聖小学校,北海道東神楽町ひじり野南1-2-1-1,1,1,,1,,1,,,,43.71908624,142.4138403,
4796,E0145300031201,ＢＥＳＴＯＭ東神楽店,北海道東神楽町ひじり野南一条5-1-1,,1,,1,,1,,,,43.722291,142.408401,
4797,E0145300008201,ひじり野西公園,北海道東神楽町ひじり野南一条9,,,,1,,1,,,,43.72600731,142.4033599,
4798,E0145300009201,ふれあい交流館,北海道東神楽町ひじり野北1-1-1-6,1,1,,1,,1,,,,43.71941692,142.4172866,
4799,E0145300011201,ひじり野公園,北海道東神楽町ひじり野北一条2,,,,1,,1,,,,43.7204211,142.4152283,
4800,E0145300013202,志比内小学校,北海道東神楽町字志比内73,1,1,,1,,1,,,1,43.64476152,142.5816729,
4801,E0145300013201,志比内小学校（グラウンド）,北海道東神楽町字志比内73,,,,1,,1,,,1,43.64411654,142.5821898,
4802,E0145300032201,杜のサーモンプラント・東神楽,北海道東神楽町字志比内73‐3,1,1,,1,,1,,,,43.643697,142.584287,
4803,E0145300015201,八千代地区交流センターグラウンド,北海道東神楽町字八千代ケ岡２線北8,,,,1,,1,,,,43.6659851,142.5006667,
4804,E0145300017201,聖台地区公民館グラウンド,北海道東神楽町東１線8,,,,1,,1,,,1,43.69124635,142.4154693,
4805,E0145300018201,大雪山カントリークラブ,北海道東神楽町東３線21,1,1,,1,,1,,,,43.64913,142.497718,
4806,E0145300019201,稲荷地区公民館グラウンド,北海道東神楽町東４線17,,,,1,,1,,,1,43.67287258,142.473704,
4807,E0145300026201,匠工芸工場,北海道東神楽町南１番通24,1,1,,1,,1,,,,43.6696489,142.5120838,
4808,E0145300020201,東神楽町図書館,北海道東神楽町南一条西1-3-10,1,1,,1,,1,,,1,43.69671303,142.4505325,
4809,E0145300022201,総合体育館・地域世代交流センター,北海道東神楽町南一条西1-4-1,1,1,,1,,1,,,1,43.69735145,142.4502762,
4810,E0145300023201,東神楽中学校（グラウンド）,北海道東神楽町南一条西3,,,,1,,1,,,,43.70129589,142.444384,
4811,E0145300024201,東神楽町中学校,北海道東神楽町南一条西3-6-1,1,1,,1,,1,,,1,43.70018032,142.444256,
4812,E0145300025201,義経公園,北海道東神楽町南一条東1,,,,1,,1,,,,43.69578087,142.4539886,
4813,E0145300028202,東神楽小学校,北海道東神楽町南三条東1-2-1,1,1,,1,,1,,,1,43.69266664,142.4509504,
4814,E0145300028201,東神楽小学校（グラウンド）,北海道東神楽町南三条東1-2-1,,,,1,,1,,,1,43.69310246,142.4499945,
4815,E0145800001201,大雪水資源保全センター駐車場,北海道東川町ノカナン,1,1,,1,,1,1,,,43.631214655441,142.68594530877,
4816,E0145800002201,天人峡温泉公共駐車場,北海道東川町松山温泉,1,1,,1,,1,1,,,43.618524507042,142.77500531024,
4817,E0145800003201,東川養護学校,北海道東川町新栄南1-2-5,1,1,,1,,1,1,,1,43.737456,142.500764,
4818,E0145800004201,旭川福祉専門学校,北海道東川町進化台,1,1,,1,,1,1,,1,43.702097,142.542242,
4819,E0145800005201,東川第一小学校,北海道東川町西１０号北24,1,1,,1,,1,1,,1,43.730908,142.491772,
4820,E0145800008201,東川第二小学校,北海道東川町西４号北32,1,1,,1,,1,1,,1,43.717897,142.529983,
4821,E0145800009201,キトウシ情報センター他,北海道東川町西４号北43,1,1,,1,,1,1,,,43.728008,142.535378,
4822,E0145800010201,幼児センター,北海道東川町西４号北8,1,1,,1,,1,1,,1,43.700594,142.514594,
4823,E0145800010202,東川小学校,北海道東川町西４号北8,1,1,,1,,1,1,,1,43.7019,142.515964,
4824,E0145800012201,昭和木材（株）製材流通センター,北海道東川町西町10-1-3,1,1,,1,,1,1,,,43.711672,142.481083,
4825,E0145800013201,ふれあいグリーンパーク,北海道東川町西町2-14,1,1,,1,,1,1,,,43.695783,142.500858,
4826,E0145800016201,西部地区コミュニティ広場,北海道東川町西町8-4,1,1,,1,,1,1,,,43.708381,142.485758,
4827,E0145800018201,東川第三小学校,北海道東川町東８号南1,1,1,,1,,1,1,1,1,43.667472,142.559781,
4828,E0145800021201,羽衣公園,北海道東川町東町1-15-3,1,1,,1,,1,1,,1,43.698906,142.513636,
4829,E0145800040201,国際交流会館,北海道東川町東町3-4-16,1,1,,1,,1,1,,,43.694289,142.516708,
4830,E0145800028201,国際交流会館マ・メゾン東川,北海道東川町東町4-3-10,1,1,,1,,1,1,,,43.692069,142.518194,
4831,E0145800029201,グリーンビレッジパーク,北海道東川町南町3-12,1,1,,1,,1,1,,,43.691633,142.513617,
4832,E0145800031201,せんとぴゅあ（Ⅰ・Ⅱ）,北海道東川町北町1-1-1,1,1,,1,,1,1,,1,43.698331,142.507433,
4833,E0145800033201,東川中学校,北海道東川町北町1-5-1,1,1,,1,,1,1,,1,43.700394,142.508858,
4834,E0145800030201,エノ産業（株）,北海道東川町北町10-1-1,1,1,,1,,1,1,,,43.711728,142.482736,
4835,E0145800035201,東川高校,北海道東川町北町2-12-1,1,1,,1,,1,1,,1,43.70171203638,142.50596762418,
4836,E0145800036201,町民運動公園,北海道東川町北町2-13,1,1,,1,,1,1,,,43.702792,142.507169,
4837,E0145800037201,東川寺,北海道東川町北町4-1-3,1,1,,1,,1,1,,,43.703189,142.498825,
4838,E0145800039201,旭岳温泉ホテルベアモンテ,北海道東川町勇駒別,1,1,,1,,1,1,,,43.650586,142.798583,
4839,E0130300002201,スウェーデン公園,北海道当別町スウェーデンヒルズ2329-24,1,,,1,,,,,,43.21283679,141.4524164,
4840,E0130300003201,スウェーデンヒルズゴルフ倶楽部,北海道当別町スウェーデンヒルズ2788,1,1,,1,,,,,1,43.22285169,141.4507189,
4841,E0130300004201,ビトエ会館前広場,北海道当別町ビトエ993-6,,1,,1,,,,,,43.18523484,141.4218307,
4842,E0130300005201,栄公園,北海道当別町栄町1119,,1,,1,,,,,,43.21382362,141.5202948,
4843,E0130300006202,とうべつ学園,北海道当別町下川町125,1,1,,1,,,,,1,43.21354995,141.5105504,
4844,E0130300006201,とうべつ学園グラウンド,北海道当別町下川町125,,1,,1,,,,,1,43.21443011,141.5100907,
4845,E0130300007201,樺戸子供遊び場,北海道当別町樺戸町106-67,,1,,1,,,,,,43.21734217,141.5251228,
4846,E0130300008201,当別赤れんが６号,北海道当別町錦町294,1,1,,,,,,,1,43.2216025,141.5137889,
4847,E0130300009201,北海道医療大学,北海道当別町金沢1757,1,1,,1,,,,,1,43.23214676,141.5487449,
4848,E0130300010201,金沢会館前広場,北海道当別町金沢187-4,1,,,1,,,,,,43.24588653,141.5667072,
4849,E0130300011201,旧当別小学校グラウンド,北海道当別町元町102,,1,,1,,,,,1,43.22120451,141.5204021,
4850,E0130300011202,旧当別小学校,北海道当別町元町102,1,1,,1,,,,,1,43.22144688,141.5193614,
4851,E0130300012201,阿蘇公園,北海道当別町元町53,,1,,1,,,,,,43.21752982,141.5188357,
4852,E0130300013201,幸町子供遊び場,北海道当別町幸町1119-11,,1,,1,,,,,,43.21559571,141.5186672,
4853,E0130300014201,高岡会館,北海道当別町高岡2046,1,1,,1,,,,,,43.23312999,141.4278253,
4854,E0130300015201,高岡会館前広場,北海道当別町高岡2046-2,1,1,,1,,,,,1,43.23305574,141.4279326,
4855,E0130300016201,獅子内会館,北海道当別町獅子内2353-4,1,1,,1,,,,,1,43.20417577,141.4454173,
4856,E0130300001202,西当別中学校,北海道当別町獅子内5134-4,1,1,,1,,,,,,43.19984988,141.4489217,
4857,E0130300001201,西当別中学校グラウンド,北海道当別町獅子内5134-4,,1,,1,,,,,,43.19960352,141.4473177,
4858,E0130300061201,みどり野会館,北海道当別町字茂平沢３６９２番地１,1,1,,1,,,,,,43.261495,141.544652,
4859,E0130300017201,若葉町会館前広場,北海道当別町若葉6-21,,1,,1,,,,,,43.21940041,141.4941438,
4860,E0130300018201,当別高校,北海道当別町春日町84,1,1,,1,,,,,,43.22768635,141.5222979,
4861,E0130300019201,当別高校グラウンド,北海道当別町春日町84-4,,1,,1,,,,,1,43.2271743,141.5225393,
4862,E0130300020201,若葉公園,北海道当別町上当別2190,1,1,,1,,,,,,43.22267765,141.4790096,
4863,E0130300021201,ライラック公園,北海道当別町西町22-1,,1,,1,,,,,,43.22342289,141.5091374,
4864,E0130300023202,青山会館,北海道当別町青山85-3,1,1,,1,,,,,1,43.30268348,141.5510702,
4865,E0130300023201,青山会館前広場,北海道当別町青山85-3,,1,,1,,,,,1,43.3026054,141.5508985,
4866,E0130300024202,川下会館,北海道当別町川下754,,1,,1,,,,,1,43.17692187,141.4913353,
4867,E0130300024201,川下会館前広場,北海道当別町川下754,,1,,1,,,,,1,43.17652676,141.4914533,
4868,E0130300025201,サンタ公園,北海道当別町太美スターライト1509-5,,1,,1,,,,,,43.19723287,141.4532562,
4869,E0130300026201,あいあい公園,北海道当別町太美町1457,,1,,1,,,,,,43.19616633,141.4409924,
4870,E0130300027201,西当別小学校前グラウンド,北海道当別町太美町1481,,1,,1,,,,,1,43.19143256,141.4460886,
4871,E0130300027202,西当別小学校,北海道当別町太美町1481,1,1,,1,,,,,1,43.19175718,141.4459223,
4872,E0130300028201,ふとみ銘泉万葉の湯,北海道当別町太美町1695,1,1,,1,,,,,1,43.1882846,141.4448877,
4873,E0130300029201,西当別コミュニテイーセンター前広場,北海道当別町太美町22-7,,1,,1,,,,,1,43.19254743,141.4433297,
4874,E0130300029202,西当別コミュニテイーセンター,北海道当別町太美町22-7,,1,,1,,,,,1,43.19253961,141.4427664,
4875,E0130300030201,遊遊公園,北海道当別町太美南2095,,1,,1,,,,,,43.18662055,141.4398652,
4876,E0130300031201,対雁会館前広場,北海道当別町対雁22-17,,1,,1,,,,,,43.19967839,141.5205624,
4877,E0130300032202,旧中小屋小学校,北海道当別町中小屋213,1,1,,1,,,,,1,43.29616721,141.5991153,
4878,E0130300033201,中小屋温泉,北海道当別町中小屋482,1,,,1,,,,,1,43.28294746,141.5819878,
4879,E0130300034201,東裏地域会館,北海道当別町東裏2254,1,1,,1,,,,,1,43.21027771,141.5499966,
4880,E0130300035201,旧東裏小学校グラウンド,北海道当別町東裏2796,1,1,,1,,,,,,43.21097401,141.5504017,
4881,E0130300036201,当別太会館前広場,北海道当別町当別太1078-7,,1,,1,,,,,1,43.1831148,141.4473438,
4882,E0130300036202,当別太会館,北海道当別町当別太1078-7,,1,,1,,,,,1,43.1832165,141.4473385,
4883,E0130300037201,北欧の風道の駅とうべつ,北海道当別町当別太774-11,,1,,1,,,,,1,43.17686397,141.4487123,
4884,E0130300038201,北欧の風道の駅とうべつ駐車場,北海道当別町当別太774-3,,1,,1,,,,,,43.176987728259,141.44929871526,
4885,E0130300039201,白樺公園,北海道当別町白樺町163-1,,1,,1,,,,,,43.22298005,141.514451,
4886,E0130300040201,当別町総合体育館,北海道当別町白樺町2792,1,1,,1,,,,,1,43.22311665,141.5133802,
4887,E0130300041201,当別町白樺コミュニテイーセンター,北海道当別町白樺町2792-1,1,1,,,,,,,1,43.22359354,141.5132514,
4888,E0130300042201,白樺緑地,北海道当別町白樺町58,,1,,1,,,,,,43.22370039,141.519001,
4889,E0130300043201,当別町役場前広場,北海道当別町白樺町58-9,,1,,1,,,,,,43.22345294,141.5172568,
4890,E0130300044201,旧弁華別小学校グラウンド,北海道当別町弁華別243,,1,,1,,,,,,43.26343795,141.5288028,
4891,E0130300045201,弁華別中学校グラウンド,北海道当別町弁華別429,,1,,1,,,,,1,43.26450793,141.5331184,
4892,E0130300045202,旧弁華別中学校,北海道当別町弁華別429,1,1,,1,,,,,1,43.26375009,141.5327965,
4893,E0130300046201,弁華別会館前広場,北海道当別町弁華別58-6,,1,,1,,,,,,43.26466411,141.5282911,
4894,E0130300047201,つつじ公園,北海道当別町北栄町20-2,,1,,1,,,,,,43.2260759,141.5133107,
4895,E0130300048201,もみじ公園,北海道当別町北栄町26-1,,1,,1,,,,,,43.22784266,141.5145338,
4896,E0130300049201,旧公民館前広場,北海道当別町末広118-36,,1,,,,,,,,43.21877348,141.5132986,
4897,E0130300050201,茂平沢会館前広場,北海道当別町茂平沢148,,1,,1,,,,,,43.25695373,141.5327339,
4898,E0130300051201,ハッピーバレーゴルフクラブ札幌,北海道当別町茂平沢3382,1,1,,1,,,,,1,43.25138309,141.5347736,
4899,E0130300052201,みどり野会館前広場,北海道当別町茂平沢3692-1,1,1,,1,,,,,,43.26249998,141.5424853,
4900,E0130300053201,南部地域会館,北海道当別町蕨岱1860-6,1,1,,1,,,,,1,43.18130247,141.5333647,
4901,E0130300054201,東蕨岱会館前広場,北海道当別町蕨岱2746-12,,1,,1,,,,,1,43.18189637,141.5606527,
4902,E0130300054202,東蕨岱会館,北海道当別町蕨岱2746-12,,1,,1,,,,,1,43.18198242,141.5606097,
4903,E0145400027201,フィールドボール場,北海道当麻町６条西4,1,1,,1,,1,1,1,,43.831738,142.52803,
4904,E0145400027202,野球場,北海道当麻町６条西4,1,1,,1,,1,1,1,,43.832685,142.528938,
4905,E0145400013201,旧伊香牛小学校　グラウンド,北海道当麻町伊香牛2,1,1,,1,,1,1,1,1,43.87424568,142.5205462,
4906,E0145400014201,宇園別小学校　グラウンド,北海道当麻町宇園別2,1,1,,1,,1,1,1,1,43.83718539,142.4841877,
4907,E0145400015201,旧開明小学校　グラウンド,北海道当麻町開明2,1,1,,1,,1,1,1,1,43.82845,142.5812384,
4908,E0145400008201,当麻中学校　グラウンド,北海道当麻町五条西4-5-1,1,1,,1,,1,1,1,1,43.82909652,142.5246685,
4909,E0145400002201,当麻小学校　グラウンド,北海道当麻町三条東3-13-1,1,1,,1,,1,1,1,1,43.82456084,142.5116199,
4910,E0145400003201,当麻幼稚園　（園庭）,北海道当麻町四条西3-3-1,1,1,,1,,1,1,1,1,43.82901358,142.511996,
4911,E0145400017201,旧北星小学校　グラウンド,北海道当麻町北星1,1,1,,1,,1,1,1,1,43.84834048,142.5249347,
4912,E0145400011201,当麻町総合　グラウンド,北海道当麻町六条東3-4,1,1,,1,,1,1,1,,43.83441433,142.5276276,
4913,E0158400002202,虻田小学校グラウンド,北海道洞爺湖町栄町59,1,1,1,1,1,1,1,1,,42.55096563,140.7669814,
4914,E0158400002201,虻田小学校（屋体）,北海道洞爺湖町栄町59,1,1,1,1,1,1,1,1,,42.55143625,140.7662178,
4915,E0158400080201,健康福祉センターさわやか,北海道洞爺湖町栄町63-1,1,1,1,1,1,1,1,1,,42.549263,140.767243,
4916,E0158400075201,旧花和小学校,北海道洞爺湖町花和171-2,1,,1,1,1,1,1,1,,42.616173,140.75866,
4917,E0158400059203,洞爺湖温泉小学校グラウンド,北海道洞爺湖町月浦44-40,1,,1,1,1,1,1,1,,42.60023047,140.7874797,
4918,E0158400059201,洞爺湖温泉小学校（屋体・多目的活動室）,北海道洞爺湖町月浦44-40,1,,1,1,1,1,1,1,,42.59879064,140.7865498,
4919,E0158400059202,月浦集会所,北海道洞爺湖町月浦44-40,1,,1,,1,1,1,1,,42.599274,140.785432,
4920,E0158400051202,香川コミュニティセンターグラウンド,北海道洞爺湖町香川100-11,1,,1,1,1,1,1,1,,42.657587,140.801715,
4921,E0158400051201,香川コミュニティセンター,北海道洞爺湖町香川100-11,1,,1,1,1,1,1,1,,42.657492,140.801672,
4922,E0158400009201,洞爺湖町農業研修センター　アグリ館とれた,北海道洞爺湖町香川9-1,1,,1,1,1,1,1,1,,42.66441113,140.8210951,
4923,E0158400081201,虻田高等学校グラウンド,北海道洞爺湖町高砂127-5,1,,1,1,1,1,1,,,42.54865667,140.7792268,
4924,E0158400078201,コスモス団地集会所,北海道洞爺湖町高砂町109-1,1,,1,,1,1,1,,,42.548923,140.773535,
4925,E0158400055201,虻田高等学校（屋体・格技場）,北海道洞爺湖町高砂町127-5,1,,1,1,1,1,1,,,42.54893818,140.7777468,
4926,E0158400013202,あぶた体育館,北海道洞爺湖町高砂町18,,,,1,,1,,,,42.54647195,140.7680163,
4927,E0158400013201,赤川集会所,北海道洞爺湖町高砂町18,1,,,,,1,1,,,42.5463572,140.7684515,
4928,E0158400014201,あぶたコミュニティーセンター,北海道洞爺湖町高砂町37,1,,,,,1,1,,,42.542339,140.77225,
4929,E0158400015204,あぶた母と子の館,北海道洞爺湖町高砂町44,1,,1,1,1,1,1,,,42.544765,140.771655,
4930,E0158400049201,ひまわり団地集会所,北海道洞爺湖町高砂町44-2,1,,,1,1,,,,,42.54539,140.772897,
4931,E0158400050201,入江・高砂貝塚館,北海道洞爺湖町高砂町44-41,1,,,1,1,,,,,42.545342,140.771872,
4932,E0158400074201,高砂集会所,北海道洞爺湖町高砂町98-29,1,,1,,1,1,1,,,42.5475,140.775758,
4933,E0158400073201,財田集会所,北海道洞爺湖町財田43-3,1,,1,1,1,1,1,1,,42.64436221,140.8521447,
4934,E0158400077201,財田キャンプ場スポーツ交流館（土間体育館）,北海道洞爺湖町財田6,,,1,1,1,,,,,42.641094,140.854393,
4935,E0158400062202,旧成香小学校グラウンド,北海道洞爺湖町成香285-1,1,,1,1,1,1,1,1,,42.63203971,140.7830332,
4936,E0158400062201,旧成香小学校,北海道洞爺湖町成香285-1,1,,1,,1,1,1,1,,42.63245762,140.782511,
4937,E0158400057201,成香農作業準備休憩施設・愛郷の家,北海道洞爺湖町成香285-11,1,,1,1,1,1,1,1,,42.63265117,140.7838984,
4938,E0158400061201,青葉集会所,北海道洞爺湖町青葉町5-11,1,,1,1,,1,1,1,,42.55261841,140.7655979,
4939,E0158400064201,泉公園通り集会所,北海道洞爺湖町泉23-5,1,,1,,1,1,1,,,42.54638046,140.7809009,
4940,E0158400023201,虻田漁港大磯分区,北海道洞爺湖町大磯,1,,,1,,1,1,1,,42.555481935343,140.75091633426,
4941,E0158400068201,大原地区センターふるさと会館,北海道洞爺湖町大原103-3,1,,1,1,1,1,1,1,,42.67418505,140.841418,
4942,E0158400071201,旧大原小学校,北海道洞爺湖町大原105-1,1,,1,1,1,1,1,1,,42.67514858,140.8413035,
4943,E0158400084201,中央公園,北海道洞爺湖町洞爺湖温泉131-1,1,,1,1,1,1,1,,,42.564523,140.819424,
4944,E0158400082201,洞爺湖文化センター,北海道洞爺湖町洞爺湖温泉142-131,1,,1,1,1,1,1,,,42.56390343,140.8176554,
4945,E0158400083201,とうや湖コミュニティーセンター,北海道洞爺湖町洞爺湖温泉142-157,1,,1,,1,1,1,,,42.56391941,140.8125128,
4946,E0158400085201,噴水広場,北海道洞爺湖町洞爺湖温泉144-21,1,,1,1,1,1,1,,,42.565231,140.810732,
4947,E0158400028202,旧洞爺湖温泉中学校グラウンド,北海道洞爺湖町洞爺湖温泉187,1,,1,1,1,1,1,,,42.56803229,140.8017744,
4948,E0158400053201,のぞみ団地集会所,北海道洞爺湖町洞爺湖温泉190-7,1,,1,,1,1,1,,,42.569683,140.802437,
4949,E0158400066201,洞爺総合センター,北海道洞爺湖町洞爺町132-1,1,,1,1,1,1,1,1,,42.648098,140.8302,
4950,E0158400067201,洞爺ふれ愛センター,北海道洞爺湖町洞爺町132-2,1,1,1,1,1,1,1,1,,42.64768288,140.8314278,
4951,E0158400069201,曙会館,北海道洞爺湖町洞爺町205-2,1,,1,,1,1,1,1,,42.63791234,140.8217398,
4952,E0158400070202,洞爺中学校グラウンド,北海道洞爺湖町洞爺町401-14,1,,1,1,1,1,1,1,,42.64753731,140.8279274,
4953,E0158400070201,洞爺中学校（屋体）,北海道洞爺湖町洞爺町401-14,1,,1,1,1,1,1,1,,42.64747666,140.8266814,
4954,E0158400033201,いきがい交流センター,北海道洞爺湖町洞爺町416-5,1,,1,1,1,1,1,1,,42.649829,140.830374,
4955,E0158400056202,とうや小学校グラウンド,北海道洞爺湖町洞爺町59-7,1,,1,1,1,1,1,1,,42.648843,140.83168,
4956,E0158400056201,とうや小学校（屋体）,北海道洞爺湖町洞爺町59-7,1,,1,1,1,1,1,1,,42.64902926,140.8308693,
4957,E0158400072201,入江集会所,北海道洞爺湖町入江175-71,1,,1,,1,1,1,,,42.54122624,140.7789565,
4958,E0158400063201,入江４区集会所,北海道洞爺湖町入江190-375,1,,1,,1,1,1,,,42.54394203,140.7747299,
4959,E0158400065201,虻田中学校（屋体）,北海道洞爺湖町入江190-8,1,,1,1,1,1,1,,,42.544212,140.777768,
4960,E0158400065202,虻田中学校グラウンド,北海道洞爺湖町入江190-8,1,,1,1,1,1,1,,,42.54368142,140.7770441,
4961,E0158400058201,泉集会所,北海道洞爺湖町入江224-8,1,,1,,1,1,1,,,42.544129,140.785654,
4962,E0158400076201,富丘集会所,北海道洞爺湖町富丘56-13,1,,1,,1,1,1,,,42.673459,140.898854,
4963,E0158400052201,アイヌ民族共生拠点施設ウトゥラノ,北海道洞爺湖町本町1-1,1,,,,,1,1,,,42.545787,140.766524,
4964,E0158400060201,本町３区集会所,北海道洞爺湖町本町16-1,1,,,,,1,1,,,42.54893637,140.7630361,
4965,E0158400054201,虻田ふれ合いセンター,北海道洞爺湖町本町58-3,1,,,1,,1,1,1,,42.55128359,140.760122,
4966,E0121300003202,苫小牧南高等学校（校舎２～４階）,北海道苫小牧市のぞみ町2-1-2,,,,,1,,,,1,42.613803,141.4987254436,
4967,E0121300003201,苫小牧南高等学校,北海道苫小牧市のぞみ町2-1-2,1,1,1,1,,1,1,,1,42.613803593433,141.4987254436,
4968,E0121300004202,緑陵中学校（校舎２～３階）,北海道苫小牧市のぞみ町3-10-1,1,,,,1,,,,1,42.618101,141.4983145,
4969,E0121300004201,緑陵中学校,北海道苫小牧市のぞみ町3-10-1,,1,1,1,,1,1,,1,42.61810186,141.4983145,
4970,E0121300005201,啓明中学校,北海道苫小牧市はまなす町2-2-2,1,1,1,1,1,1,1,,1,42.62755249,141.5148169,
4971,E0121300001201,ウトナイ中学校,北海道苫小牧市ウトナイ北2-5-1,,1,1,1,1,1,,,1,42.6848316825014,141.695559702454,
4972,E0121300001202,ウトナイ中学校（校舎２〜３階）,北海道苫小牧市ウトナイ北2-5-1,1,,,,,,1,,1,42.684831682501,141.69555970245,
4973,E0121300002201,ウトナイ小学校（校舎２～３階）,北海道苫小牧市ウトナイ北3-2-1,1,,,,1,,1,,1,42.681599,141.693168,
4974,E0121300002202,ウトナイ小学校,北海道苫小牧市ウトナイ北3-2-1,,1,1,1,,1,,,1,42.68152729,141.6933155,
4975,E0121300006203,苫小牧東中学校,北海道苫小牧市旭町1-7-10,1,1,1,1,,1,1,,1,42.631729258374,141.60971967797,
4976,E0121300006202,苫小牧東中学校（校舎２～３階）,北海道苫小牧市旭町1-7-10,,,,,1,,,,1,42.631613339318,141.60972306519,
4977,E0121300006205,苫小牧東小学校（校舎２～３階）,北海道苫小牧市旭町1-7-10,,,,,1,,,,1,42.6312312173,141.60804767802,
4978,E0121300006206,苫小牧東小学校,北海道苫小牧市旭町1-7-10,1,1,1,1,,1,1,,1,42.631389681158,141.60803469045,
4979,E0121300008201,錦岡小学校（校舎２～３階）,北海道苫小牧市宮前町2-30-2,1,,,,1,,,,1,42.60473262,141.4886978,
4980,E0121300008202,錦岡小学校,北海道苫小牧市宮前町2-30-2,,1,1,1,,1,1,,1,42.604616656757,141.48842180094,
4981,E0121300009202,北洋大学,北海道苫小牧市錦西町3-2-1,1,1,1,1,,1,1,,1,42.600425569994,141.46790453941,
4982,E0121300009201,北洋大学（校舎３階及び５階）,北海道苫小牧市錦西町3-2-1,,,,,1,,,,1,42.60022979292,141.46796923427,
4983,E0121300010202,啓北中学校,北海道苫小牧市啓北町2-12-11,,1,1,1,,1,,,1,42.634447393571,141.56392299201,
4984,E0121300010201,啓北中学校（校舎２～３階）,北海道苫小牧市啓北町2-12-11,1,,,,1,,1,,1,42.6342909384308,141.563583684959,
4985,E0121300011201,光洋中学校（校舎２〜３階）,北海道苫小牧市光洋町2-5-2,1,,,,1,,1,,1,42.624691,141.563274,
4986,E0121300011202,光洋中学校,北海道苫小牧市光洋町2-5-2,,1,1,1,,1,,,1,42.624333449612,141.56313260994,
4987,E0121300012202,苫小牧中央高等学校,北海道苫小牧市光洋町3-13-2,,1,1,1,,1,,,1,42.625709560094,141.56248287915,
4988,E0121300012201,苫小牧中央高等学校（校舎２〜３階）,北海道苫小牧市光洋町3-13-2,1,,,,1,,1,,1,42.625678,141.562319,
4989,E0121300013201,北星小学校,北海道苫小牧市桜木町3-8-6,,1,1,1,,1,1,,1,42.62873914,141.5506423,
4990,E0121300013202,北星小学校（校舎２〜３階）,北海道苫小牧市桜木町3-8-6,1,,,,1,,,,1,42.62873914,141.5506423,
4991,E0121300014202,緑小学校（校舎２〜３階）,北海道苫小牧市三光町2-6-5,1,,,,1,,1,,1,42.65112636359,141.61855271099,
4992,E0121300014201,緑小学校,北海道苫小牧市三光町2-6-5,,1,1,1,,1,,,1,42.65112636359,141.61855271099,
4993,E0121300015201,苫小牧工業高等専門学校,北海道苫小牧市字錦岡443,,1,1,1,1,1,1,,1,42.62333416423,141.49502179578,
4994,E0121300015202,苫小牧工業高等専門学校（２〜３階）,北海道苫小牧市字錦岡443,1,,,,,,,,1,42.623318,141.494974,
4995,E0121300016201,苫小牧工業高等学校,北海道苫小牧市字高丘6-22,1,1,1,1,1,1,1,,1,42.662039709785,141.60922270894,
4996,E0121300017201,植苗小中学校,北海道苫小牧市字植苗50,,1,1,1,1,1,1,,1,42.7209218,141.7187437,
4997,E0121300017202,植苗小中学校（校舎２階）,北海道苫小牧市字植苗50,1,,,,,,,,1,42.7209218,141.7187437,
4998,E0121300018202,樽前小学校（屋上）,北海道苫小牧市字樽前102,,,,,1,,,,,42.59055476,141.4356745,
4999,E0121300018201,樽前小学校,北海道苫小牧市字樽前102,1,1,1,1,,1,1,,,42.59055476,141.4356745,
5000,E0121300019202,勇払中学校,北海道苫小牧市字勇払132,,1,1,1,,1,,,1,42.63138538,141.730175,
5001,E0121300019201,勇払中学校（校舎３階）,北海道苫小牧市字勇払132,,,,,1,,,,1,42.631290222849,141.73024565175,
5002,E0121300019203,勇払中学校（校舎２〜３階）,北海道苫小牧市字勇払132,1,,,,,,1,,1,42.63138538,141.730175,
5003,E0121300020202,勇払小学校,北海道苫小牧市字勇払149,,1,1,1,,1,,,1,42.63324629,141.7286673,
5004,E0121300020203,勇払小学校（校舎２〜３階）,北海道苫小牧市字勇払149,1,,,,,,1,,1,42.633637,141.728061,
5005,E0121300020201,勇払小学校（校舎３階）,北海道苫小牧市字勇払149,,,,,1,,,,1,42.63360938,141.7280611,
5006,E0121300021202,若草小学校,北海道苫小牧市若草町1-4-5,1,1,1,1,,1,1,,1,42.63907978,141.6085473,
5007,E0121300021201,若草小学校（校舎２～３階）,北海道苫小牧市若草町1-4-5,,,,,1,,,,1,42.63907978,141.6085473,
5008,E0121300022201,苫小牧総合経済高等学校,北海道苫小牧市新開町4-7-2,,1,1,1,1,1,,,1,42.663474578889,141.64020475164,
5009,E0121300022202,苫小牧総合経済高等学校（校舎２〜３階）,北海道苫小牧市新開町4-7-2,1,,,,,,1,,1,42.663474578889,141.640204475164,
5010,E0121300023202,澄川小学校（校舎２～３階）,北海道苫小牧市澄川町2-4-6,,,,,1,,,,1,42.620244,141.5145562,
5011,E0121300023201,澄川小学校,北海道苫小牧市澄川町2-4-6,1,1,1,1,,1,1,,1,42.62024427,141.5145562,
5012,E0121300024201,清水小学校,北海道苫小牧市清水町2-10-16,1,1,1,1,1,1,1,,1,42.65062552,141.5971213,
5013,E0121300025201,苫小牧東高等学校,北海道苫小牧市清水町2-12-20,1,1,1,1,1,1,1,,1,42.65302856702,141.59830414103,
5014,E0121300026201,開成中学校,北海道苫小牧市清水町2-9-2,1,1,1,1,1,1,1,,1,42.64912566,141.596288,
5015,E0121300027201,凌雲中学校（校舎２～３階）,北海道苫小牧市青雲町2-15-3,1,,,,1,,,,1,42.608274190028,141.49125621164,
5016,E0121300027202,凌雲中学校,北海道苫小牧市青雲町2-15-3,,1,1,1,,1,1,,1,42.60860564,141.4912723,
5017,E0121300028201,苫小牧西高等学校（校舎２～４階）,北海道苫小牧市青葉町1-1-1,1,,,,1,,,,1,42.630000205062,141.57521667298,
5018,E0121300028202,苫小牧西高等学校,北海道苫小牧市青葉町1-1-1,,1,1,1,,1,1,,1,42.630175483702,141.57569158507,
5019,E0121300029201,泉野小学校（校舎２～３階）,北海道苫小牧市川沿町4-5-1,,,,,1,,,,1,42.61924632,141.5246008,
5020,E0121300029202,泉野小学校,北海道苫小牧市川沿町4-5-1,1,1,1,1,,1,1,,1,42.61888315,141.524633,
5021,E0121300030201,和光中学校（校舎２～３階）,北海道苫小牧市双葉町1-11-3,1,,,,1,,1,,1,42.650624651946,141.61244405788,
5022,E0121300030202,和光中学校,北海道苫小牧市双葉町1-11-3,1,1,1,1,,1,,,1,42.650624651946,141.61244405788,
5023,E0121300031203,大成小学校,北海道苫小牧市大成町2-3-2,,1,1,1,,1,,,1,42.625680031211,141.56862064826,
5024,E0121300031202,大成小学校（校舎２～３階）,北海道苫小牧市大成町2-3-2,1,,,,1,,1,,1,42.625808241194,141.56899707672,
5025,E0121300032201,拓進小学校,北海道苫小牧市拓勇西町3-8-1,,1,1,1,1,1,,,1,42.66809914,141.6695206,
5026,E0121300032202,拓進小学校（校舎２〜３階）,北海道苫小牧市拓勇西町3-8-1,1,,,,,,1,,1,42.66809914,141.6695206,
5027,E0121300033202,拓勇小学校（校舎２〜３階）,北海道苫小牧市拓勇東町4-8-1,1,,,,,,1,,1,42.67314,141.680996,
5028,E0121300033201,拓勇小学校,北海道苫小牧市拓勇東町4-8-1,,1,1,1,1,1,,,1,42.67329023,141.6810936,
5029,E0121300034201,青翔中学校,北海道苫小牧市拓勇東町6-15-1,,1,1,1,1,1,1,,1,42.67404655,141.6731263,
5030,E0121300034202,青翔中学校（校舎２〜３階）,北海道苫小牧市拓勇東町6-15-1,1,,,,,,,,1,42.67404655,141.6731263,
5031,E0121300035201,沼ノ端小学校（校舎２〜３階）,北海道苫小牧市東開町6-1-1,1,,,,1,,1,,1,42.66846,141.698594,
5032,E0121300035202,沼ノ端小学校,北海道苫小牧市東開町6-1-1,,1,1,1,,1,,,1,42.66871351,141.6987533,
5033,E0121300036202,沼ノ端中学校,北海道苫小牧市東開町6-1-2,,1,1,1,,1,,,1,42.66617493,141.6997508,
5034,E0121300036201,沼ノ端中学校（校舎２〜３階）,北海道苫小牧市東開町6-1-2,1,,,,1,,1,,1,42.66622,141.700091,
5035,E0121300037201,糸井小学校（校舎２〜３階）,北海道苫小牧市日吉町4-12-6,1,,,,1,,,,1,42.62397343,141.5530245,
5036,E0121300037202,糸井小学校,北海道苫小牧市日吉町4-12-6,,1,1,1,,1,1,,1,42.62361818,141.5530782,
5037,E0121300038203,日新小学校（校舎２～３階）,北海道苫小牧市日新町3-1-7,,,,,1,,,,1,42.627554,141.5359422,
5038,E0121300038201,日新小学校,北海道苫小牧市日新町3-1-7,1,1,1,1,,1,1,,1,42.62755494,141.5359422,
5039,E0121300039201,明倫中学校,北海道苫小牧市日新町3-5-13,1,1,1,1,,1,1,,1,42.62836476,141.5358339,
5040,E0121300039202,明倫中学校（校舎２～３階）,北海道苫小牧市日新町3-5-13,,,,,1,,,,1,42.628364,141.5358339,
5041,E0121300040201,駒澤大学附属苫小牧高等学校,北海道苫小牧市美園町1-9-3,,1,1,1,1,1,,,1,42.661254532888,141.61873555446,
5042,E0121300040202,駒澤大学附属苫小牧高等学校（校舎２～３階）,北海道苫小牧市美園町1-9-3,1,,,,,,,,1,42.66037,141.619934,
5043,E0121300041201,美園小学校,北海道苫小牧市美園町4-26-2,,1,1,1,1,1,1,,1,42.66362871,141.6142948,
5044,E0121300041202,美園小学校（校舎２〜３階）,北海道苫小牧市美園町4-26-2,1,,,,,,,,1,42.663571,141.614397,
5045,E0121300042202,豊川小学校,北海道苫小牧市豊川町4-7-14,1,,1,1,1,1,1,,1,42.63490312,141.5487381,
5046,E0121300042201,豊川小学校（校舎のみ）,北海道苫小牧市豊川町4-7-14,,1,,,,,,,1,42.6347689347718,141.548823889199,
5047,E0121300043201,北光小学校（校舎２～３階）,北海道苫小牧市北光町3-8-2,1,,,,1,,1,,1,42.63711283,141.5740951,
5048,E0121300043202,北光小学校,北海道苫小牧市北光町3-8-2,,1,1,1,,1,,,1,42.637031388993,141.57360093935,
5049,E0121300044201,北海道苫小牧支援学校,北海道苫小牧市明徳町3-10-3,1,1,1,1,,1,1,,1,42.61123802,141.4810769,
5050,E0121300044202,北海道苫小牧支援学校（２～３階）,北海道苫小牧市明徳町3-10-3,,,,,1,,,,1,42.611238,141.4810769,
5051,E0121300045201,明野中学校,北海道苫小牧市明野新町3-13-1,,1,1,1,,1,,,1,42.6574474,141.6281185,
5052,E0121300045202,明野中学校（校舎２〜３階）,北海道苫小牧市明野新町3-13-1,1,,,,1,,1,,1,42.6574474,141.6281185,
5053,E0121300046202,明野小学校（校舎２〜３階）,北海道苫小牧市明野新町6-3-1,1,,,,1,,1,,1,42.65865601,141.6255534,
5054,E0121300046201,明野小学校,北海道苫小牧市明野新町6-3-1,,1,1,1,,1,,,1,42.65865601,141.6255534,
5055,E0121300047202,苫小牧西小学校（校舎２～３階）,北海道苫小牧市矢代町3-7-16,1,,,,1,,,,1,42.627314293212,141.58555531885,
5056,E0121300047203,苫小牧西小学校,北海道苫小牧市矢代町3-7-16,,1,1,1,,1,1,,1,42.627702359454,141.58547486515,
5057,E0121300048201,旧啓北中学校山なみ分校（校舎のみ）,北海道苫小牧市有珠の沢町3-9-7,,1,,,,,,,1,42.6385326781502,141.552528870924,
5058,E0121300048202,旧啓北中学校山なみ分校,北海道苫小牧市有珠の沢町3-9-7,,,1,1,1,1,1,,1,42.63866685,141.5524913,
5059,E0121300048203,旧啓北中学校山なみ分校（校舎２階）,北海道苫小牧市有珠の沢町3-9-7,1,,,,,,,,1,42.63866685,141.5524913,
5060,E0148300001202,苫前中学校グランド,北海道苫前町字旭18-2,1,1,1,1,1,1,1,,1,44.30363031,141.6521244,
5061,E0148300001201,苫前中学校（体育館）,北海道苫前町字旭18-2,1,1,1,1,1,1,1,,1,44.30396629,141.6527423,
5062,E0148300002202,旭ふれあいセンター前広場,北海道苫前町字旭332-3,1,1,1,1,1,1,1,,1,44.30461661,141.6774028,
5063,E0148300002201,旭ふれあいセンター,北海道苫前町字旭332-3,1,1,1,1,1,1,1,,1,44.30477075,141.6774221,
5064,E0148300003201,苫前地区コミュニティセンター,北海道苫前町字旭37-1,1,1,1,1,1,1,1,,1,44.305768691569,141.6526000861,
5065,E0148300004201,栄浜生活改善センター,北海道苫前町字栄浜233,1,,1,1,1,1,1,,1,44.31433527,141.6624063,
5066,E0148300004202,栄浜生活改善センター前広場,北海道苫前町字栄浜233,1,,1,1,1,1,1,,1,44.31437779,141.6623053,
5067,E0148300005202,岩見ふれあいホール前広場,北海道苫前町字岩見104-3,1,1,1,1,1,1,1,,1,44.25703467,141.7495775,
5068,E0148300005201,岩見ふれあいホール,北海道苫前町字岩見104-3,1,1,1,1,1,1,1,,1,44.25714097,141.7496131,
5069,E0148300006201,九重地区コミュニティセンター,北海道苫前町字九重1123,1,1,1,1,1,1,1,,1,44.23500905,141.727855,
5070,E0148300006202,九重地区コミュニティセンター前広場,北海道苫前町字九重1123,1,1,1,1,1,1,1,,1,44.23490048,141.727338,
5071,E0148300007202,苫前町公民館駐車場,北海道苫前町字古丹別187-15,1,1,1,1,1,1,1,,1,44.26160106,141.7114159,
5072,E0148300007201,苫前町公民館,北海道苫前町字古丹別187-15,1,1,1,1,1,1,1,,1,44.26205,141.7112347,
5073,E0148300008201,古丹別中学校（体育館）,北海道苫前町字古丹別237-4,,1,1,1,1,1,1,,1,44.25773822,141.71416,
5074,E0148300008202,古丹別中学校グランド,北海道苫前町字古丹別237-4,,1,1,1,1,1,1,,1,44.25834687,141.7144274,
5075,E0148300009201,古丹別緑ヶ丘公園,北海道苫前町字古丹別240-10,1,,1,1,1,1,1,,,44.25971327,141.7154344,
5076,E0148300010201,苫前町野球場,北海道苫前町字古丹別256-2,1,1,1,1,1,1,1,,,44.26488925,141.7162545,
5077,E0148300011202,古丹別小学校グランド,北海道苫前町字古丹別430-3,1,1,1,1,1,1,1,,1,44.26376082,141.7222327,
5078,E0148300011201,古丹別小学校（体育館）,北海道苫前町字古丹別430-3,1,1,1,1,1,1,1,,1,44.263320382979,141.72260969259,
5079,E0148300012201,苫前橋北東部丘陵,北海道苫前町字香川,1,1,1,1,1,1,1,,,44.281430314205,141.65986017987,
5080,E0148300013202,香川転作研修センター前広場,北海道苫前町字香川534-4,1,1,1,1,1,1,1,,1,44.27315206,141.6745652,
5081,E0148300013201,香川転作研修センター,北海道苫前町字香川534-4,1,1,1,1,1,1,1,,1,44.27302866,141.6745176,
5082,E0148300014201,三渓へき地保健福祉館,北海道苫前町字三渓64-1,,1,1,1,1,1,1,,1,44.18823313,141.7740946,
5083,E0148300015201,旧三渓小学校グランド,北海道苫前町字三渓65,,1,1,1,1,1,1,,,44.18815537,141.7728111,
5084,E0148300016201,小川研修センター,北海道苫前町字小川177-5,1,1,1,1,1,1,1,,1,44.26994457,141.7651995,
5085,E0148300016202,小川研修センター前広場,北海道苫前町字小川177-5,1,1,1,1,1,1,1,,1,44.26984426,141.7652344,
5086,E0148300017201,旭方面へ向かう高台（豊浦側）,北海道苫前町字昭和,1,1,1,1,1,1,1,,,44.315335445228,141.66872243372,
5087,E0148300018201,昭和住民センター,北海道苫前町字昭和95-13,1,1,1,1,1,1,1,,1,44.31495387,141.6845397,
5088,E0148300018202,昭和住民センター前広場,北海道苫前町字昭和95-13,1,1,1,1,1,1,1,,1,44.31487747,141.6845516,
5089,E0148300019201,上平神社裏山,北海道苫前町字上平,1,1,1,1,1,1,1,,,44.262494677782,141.65959519154,
5090,E0148300020201,上平共同利用模範牧場,北海道苫前町字上平14-1,1,1,1,1,1,1,1,,,44.254553063096,141.66099702328,
5091,E0148300021201,上平ふれあいセンター,北海道苫前町字上平78-4,1,1,,,,1,1,,1,44.26285468,141.6556548,
5092,E0148300022201,長島寿の家,北海道苫前町字長島179-17,1,1,1,1,1,1,1,,1,44.28183617,141.6916622,
5093,E0148300022202,長島寿の家横広場,北海道苫前町字長島179-17,1,1,1,1,1,1,1,,1,44.28185424,141.6914208,
5094,E0148300023201,長島生活改善センター,北海道苫前町字長島40-2,1,1,1,1,1,1,1,,1,44.27206827,141.684517,
5095,E0148300023202,長島生活改善センター前広場,北海道苫前町字長島40-2,1,1,1,1,1,1,1,,1,44.27222143,141.6845705,
5096,E0148300024201,東川町内会館,北海道苫前町字東川35-15,1,1,1,1,1,1,1,,1,44.22980844,141.7909025,
5097,E0148300024202,東川町内会館前広場,北海道苫前町字東川35-15,1,1,1,1,1,1,1,,1,44.22991488,141.791005,
5098,E0148300025201,はまなす公園,北海道苫前町字苫前,1,1,1,1,1,1,1,,,44.3126115,141.6521474,
5099,E0148300026201,とままえ温泉ふわっと,北海道苫前町字苫前119-1,1,1,1,1,1,1,1,,1,44.31330302,141.6567746,
5100,E0148300027201,苫前スポーツ広場,北海道苫前町字苫前156,1,1,1,1,1,1,1,,,44.31061951,141.6522989,
5101,E0148300028201,旧福祉センター駐車場,北海道苫前町字苫前172,1,1,1,1,1,1,1,,1,44.30866702,141.6528743,
5102,E0148300029201,苫前神社,北海道苫前町字苫前177,1,,1,1,1,1,1,,,44.31250156,141.650627,
5103,E0148300030201,港ふれあいセンター前広場,北海道苫前町字苫前34-1,1,,,,,1,1,,,44.31025,141.648878,
5104,E0148300031202,苫前小学校グランド,北海道苫前町字苫前385-1,1,1,1,1,1,1,1,,1,44.30661029,141.6573701,
5105,E0148300031201,苫前小学校（体育館）,北海道苫前町字苫前385-1,1,1,1,1,1,1,1,,1,44.30698873,141.6578751,
5106,E0148300032201,グリーンヒルウィンドパーク周辺,北海道苫前町字力昼,1,1,1,1,1,1,1,,,44.244910799364,141.66097642858,
5107,E0148300032203,番屋の沢丘陵,北海道苫前町字力昼,1,1,1,1,1,1,1,,,44.23092900942,141.65928076721,
5108,E0148300032202,西浜北東部丘陵,北海道苫前町字力昼,1,1,1,1,1,1,1,,,44.22599269412,141.6581417979,
5109,E0148300033201,力昼生活館,北海道苫前町字力昼220-5,1,1,1,1,1,1,1,,1,44.22848546,141.6585461,
5110,E0148300034201,金龍寺前駐車場,北海道苫前町字力昼609,1,1,1,1,1,1,1,,,44.22714038,141.6618143,
5111,E0142400001201,北海道奈井江商業高等学校（グラウンド）,北海道奈井江町字チャシュナイ1007-3,1,,,1,,,,,1,43.41643692,141.8818222,
5112,E0142400002201,茶志内連合会館,北海道奈井江町字チャシュナイ1009-2,1,,,,,,,,,43.41651066,141.8865639,
5113,E0142400003201,南町コミュニティ会館,北海道奈井江町字茶志内89-134,1,,,,,,,,,43.4180672,141.8822571,
5114,E0142400004201,京極会館,北海道奈井江町字茶志内美唄3838,1,,,,,,,,,43.41082451,141.892412,
5115,E0142400005201,白山農業集落センター,北海道奈井江町字奈井江1084-1,1,,,,,,,,,43.44947512,141.9122411,
5116,E0142400006201,奈井江町役場（広場等）,北海道奈井江町字奈井江11,1,,,1,,,,,,43.42529729,141.8834971,浸水の可能性がある場合は避難場所が変更になる
5117,E0142400007201,向ヶ丘生活館,北海道奈井江町字奈井江1235-6,1,,,,,,,,,43.44298338,141.9204367,
5118,E0142400008201,奈井江町立奈井江中学校（グラウンド）,北海道奈井江町字奈井江147,1,,,1,,,,,1,43.42577198,141.8781798,浸水の可能性がある場合は避難場所が変更になる
5119,E0142400009201,奈井江町社会教育センター（広場等）,北海道奈井江町字奈井江152-1,1,,,1,,,,,1,43.4276867,141.8807127,浸水の可能性がある場合は避難場所が変更になる
5120,E0142400010201,奈井江町立奈井江小学校（グラウンド）,北海道奈井江町字奈井江162-1,1,,,1,,,,,1,43.42911992,141.8795591,浸水の可能性がある場合は避難場所が変更になる
5121,E0142400012201,大和連合会館,北海道奈井江町字奈井江274-3,1,,,1,,,,,,43.45095038,141.8877482,浸水の可能性がある場合は避難場所が変更になる
5122,E0142400013201,道の駅「ハウスヤルビ奈井江」,北海道奈井江町字奈井江28-1,1,,,1,,,,,,43.4332338659373,141.888772517348,
5123,E0142400015201,奈井江町体育館（広場等）,北海道奈井江町字奈井江748-118,1,,,1,,,,,1,43.42234962,141.8992941,
5124,E0142400016201,東町生活館,北海道奈井江町字奈井江761-38,1,,,,,,,,,43.42584827,141.8973327,
5125,E0142400017201,厳島農業集落センター,北海道奈井江町字奈井江860,1,,,,,,,,,43.44014077,141.9061605,
5126,E0142400018201,宮村農業集落センター,北海道奈井江町字奈井江929-7,1,,,,,,,,,43.41958172,141.9006958,
5127,E0142400019201,北町コミュニティ会館,北海道奈井江町字奈井江町219-9,1,,,1,,,,,,43.42971959,141.885755,浸水の可能性がある場合は避難場所が変更になる
5128,E0142400020201,奈井江町文化ホール（広場等）,北海道奈井江町字奈井江町243-24,1,,,1,,,,,1,43.4232929,141.8885396,
5129,E0142400021201,奈井江町交流プラザみなクル（広場等）,北海道奈井江町字奈井江町74,1,,,1,,,,,1,43.42509014,141.8885544,
5130,E0146200001201,下金山地区多目的センター,北海道南富良野町字下金山800-2,1,1,,1,,1,,,1,43.19937077,142.4157888,
5131,E0146200002201,南富良野西小学校（体育館）,北海道南富良野町字下金山944,1,1,,1,,1,,,,43.19049597,142.4215536,
5132,E0146200002202,南富良野西小学校（校舎）,北海道南富良野町字下金山944,1,1,,1,,1,,,,43.19081667,142.4212586,
5133,E0146200003201,南富良野情報プラザ,北海道南富良野町字幾寅1003-44,1,1,,1,,1,,,1,43.16197395,142.5690941,
5134,E0146200005202,南富良野中学校（校舎）,北海道南富良野町字幾寅1052,1,1,,1,,1,,,,43.16140272,142.5637576,
5135,E0146200005201,南富良野中学校（体育館）,北海道南富良野町字幾寅1052,1,1,,1,,1,,,,43.1611875,142.5645515,
5136,E0146200006201,道の駅南ふらの,北海道南富良野町字幾寅687,1,1,,1,,1,,,1,43.16957073,142.5727631,
5137,E0146200007201,南富良野小学校（体育館）,北海道南富良野町字幾寅844,1,1,,1,,1,,,,43.16421162,142.5677022,
5138,E0146200007202,南富良野小学校（校舎）,北海道南富良野町字幾寅844,1,1,,1,,1,,,,43.16445421,142.5673482,
5139,E0146200009201,金山地区体育館,北海道南富良野町字金山361,1,1,,1,,1,,,,43.1403514,142.4165519,
5140,E0146200010201,金山地区福祉交流センター,北海道南富良野町字金山585-1,1,1,,1,,1,,,1,43.14496843,142.4151612,
5141,E0146200012201,介護老人福祉施設「ふくしあ」,北海道南富良野町字金山586-4,1,1,,1,,1,,,1,43.14439552,142.4141896,
5142,E0146200014201,金山地区コミュニティーセンター,北海道南富良野町字金山998-3,1,1,,1,,1,,,1,43.13807905,142.4176925,
5143,E0146200016201,北落合除雪管理センター,北海道南富良野町字北落合159,1,1,,1,,1,,,1,43.188096,142.661784,
5144,E0146200017201,落合地区多目的センター,北海道南富良野町字落合1180-7,1,1,,1,,1,,,1,43.12433248,142.6678331,
5145,E0142300020201,ふれあい公園,北海道南幌町稲穂1-5,,,,1,,1,,,,43.02633,141.598982,
5146,E0142300019201,夕張太農村公園,北海道南幌町稲穂2-1,,,,1,,1,,,,43.025814,141.595854,
5147,E0142300016201,柳陽公園,北海道南幌町栄町2-1,1,,,1,,1,1,,,43.063759,141.64711,
5148,E0142300017201,生涯学習センターぽろろ・中学校共同グラウンド,北海道南幌町栄町3-1,1,,,1,,1,1,,,43.065316,141.650069,
5149,E0142300001201,役場庁舎,北海道南幌町栄町3-2-1,1,,,1,,1,1,,,43.063741,141.650382,
5150,E0142300018201,晩翠工業団地内運動公園,北海道南幌町南１０線西14,,,,1,,1,,,,43.064726,141.603706,
5151,E0142300015201,中央公園,北海道南幌町美園3-1-1,1,,,1,,1,1,,,43.055828,141.65564,
5152,E0160100002201,日高こもれびホール,北海道日高町宮下町1-411-1,1,,1,1,1,1,1,,1,42.880395801862,142.43737028242,
5153,E0160100003201,厚賀会館,北海道日高町厚賀町196-3,1,1,,,,1,1,,1,42.428581124093,142.22935727022,
5154,E0160100004201,賀張生活館,北海道日高町字賀張203-4,1,1,1,,1,1,1,,1,42.466051285501,142.2171263971,
5155,E0160100005201,幾千世生活館,北海道日高町字幾千世166-2,1,1,1,,1,1,1,,1,42.500118930021,142.11484027167,
5156,E0160100006201,庫富生活館,北海道日高町字庫富278-2,1,1,1,,1,1,1,,1,42.526788318337,142.15228867084,
5157,E0160100007201,庫富コミュニティーセンター,北海道日高町字庫富282,1,1,1,,1,1,1,,1,42.528853011144,142.15249692479,
5158,E0160100008201,厚賀小学校,北海道日高町字厚賀町139-2,1,1,,1,,1,1,,,42.424093170896,142.22967099722,
5159,E0160100009202,厚賀中学校,北海道日高町字厚賀町216-1,1,1,,1,,1,1,,1,42.428348,142.224582,
5160,E0160100010201,厚賀すずらん公園,北海道日高町字厚賀町218-19,1,,1,1,1,1,1,,,42.429448235554,142.22372464925,
5161,E0160100011201,厚賀生活館,北海道日高町字厚賀町56-45,1,,,1,,1,1,,1,42.431366261339,142.2128233127,
5162,E0160100012201,美鈴生活館,北海道日高町字厚賀町98-2,,1,,1,,1,,,1,42.427044410033,142.22285049531,
5163,E0160100013201,広富山村研修センター,北海道日高町字広富96-1,1,,1,1,1,1,1,,1,42.575848323156,142.21531742595,
5164,E0160100013202,広富生活館,北海道日高町字広富96-1,1,,1,,1,1,1,,1,42.575872024727,142.21523695969,
5165,E0160100014201,三和生活館,北海道日高町字三和82-173,1,,1,,1,1,1,,1,42.593501464788,142.35182765079,
5166,E0160100015201,正和地域交流センター,北海道日高町字正和195-23,1,1,1,1,1,1,1,,1,42.550480882651,142.32950743829,
5167,E0160100069201,清畠生活館,北海道日高町字清畠１１２先鉄道用地,1,1,,,,1,1,,1,42.455227,142.178297,
5168,E0160100068201,慶能舞生活館,北海道日高町字清畠３６９－１０　外,1,1,1,,1,1,1,,1,42.474696361797,142.19631267071,
5169,E0160100066201,北海道アウトドアアドベンチャーズ,北海道日高町字千栄,,1,,,1,,,,,42.8900175653301,142.535058269183,
5170,E0160100019201,千栄会館,北海道日高町字千栄107-1,,1,1,,1,1,,,1,42.892041418504,142.53165267081,
5171,E0160100020201,千栄コミュニティーセンター,北海道日高町字千栄108-2,,1,1,,1,1,,,1,42.891608289307,142.53228990391,
5172,E0160100022201,厚賀森林公園,北海道日高町字美原199-3,1,1,1,1,1,1,1,,,42.436880265023,142.23691997304,
5173,E0160100023201,国立日高青少年自然の家,北海道日高町字富岡,,1,,,1,,,,1,42.8740810729463,142.451408218914,
5174,E0160100024201,富岡生活館,北海道日高町字富岡284-8,1,1,1,,1,1,1,,,42.854763027662,142.43904902371,
5175,E0160100026201,富浜生活館,北海道日高町字富浜42-2,,1,,,,1,,,1,42.494921128059,142.02026612311,
5176,E0160100027201,平賀生活館,北海道日高町字平賀312-1,,1,1,1,1,1,,,1,42.530385333546,142.04604151073,
5177,E0160100028201,豊郷生活館,北海道日高町字豊郷447-5,1,1,1,,1,1,1,,1,42.507407583492,142.17908681254,
5178,E0160100029201,豊美生活館,北海道日高町字豊田30-3,1,1,1,,1,1,1,,1,42.435429381629,142.25593761607,
5179,E0160100030201,緑ケ丘生活館,北海道日高町字緑町167-2,1,1,1,1,1,1,1,,1,42.510745686468,142.08735992673,
5180,E0160100031201,門別小学校,北海道日高町字緑町26-4,1,1,,1,,1,1,,,42.485515157106,142.07272959015,
5181,E0160100032201,若草生活館,北海道日高町字緑町41-1,1,1,1,1,1,1,1,,1,42.48735904,142.06610073807,
5182,E0160100033201,日高町民センター,北海道日高町松風町1-116-2,1,1,1,1,1,1,1,,1,42.878045159845,142.44819256635,
5183,E0160100033202,総合体育館・武道館,北海道日高町松風町1-116-2,1,1,1,1,1,1,1,,1,42.878673205872,142.44845460807,
5184,E0160100034201,日高高等学校（体育館）,北海道日高町松風町1-124-1,1,1,1,1,1,1,1,,1,42.879415120895,142.44925472112,
5185,E0160100035201,日高小学校,北海道日高町松風町2-254-1,1,,1,1,1,1,1,,,42.880488106178,142.44509245368,
5186,E0160100036201,門別競馬場,北海道日高町富川駒丘76-1,1,1,1,1,1,1,1,,,42.540511903663,141.99952756236,
5187,E0160100037201,富川生活館,北海道日高町富川西1-1-1,1,1,1,1,1,1,1,,1,42.521522021647,142.02393587858,
5188,E0160100040201,富川自動車学校,北海道日高町富川西1-5-4,1,1,1,1,1,1,1,,,42.522170915878,142.01962794016,
5189,E0160100039201,北海道富川高等学校,北海道日高町富川西12-69-109,1,1,1,1,1,1,1,,1,42.511233193383,142.01167199269,
5190,E0160100041201,富川平松会館,北海道日高町富川西8-1047-6,1,1,1,1,1,1,1,,,42.529900263412,142.00146251366,
5191,E0160100042201,富川小学校,北海道日高町富川東1-1-1,,1,,1,,1,,,1,42.513921622681,142.03440651269,
5192,E0160100043201,富川多目的グラウンド,北海道日高町富川東1-706-4,,1,,1,,1,,,,42.513894272349,142.03635496138,
5193,E0160100044201,富川防災ステーション,北海道日高町富川東2-950-2,1,1,1,1,1,1,1,,1,42.505008706997,142.04259477276,
5194,E0160100045201,富川東防災広場,北海道日高町富川東3-965-1,1,1,1,1,1,1,1,,,42.498399768992,142.05355756794,
5195,E0160100046201,佐留太生活館,北海道日高町富川東4-4-24,,1,,,,1,,,1,42.508381125469,142.03535648561,
5196,E0160100047201,富仁家会館,北海道日高町富川東5-178-4,,1,,,,1,1,,,42.501682676293,142.03430942912,
5197,E0160100048201,門別総合町民センター,北海道日高町富川東6-3-1,1,1,1,1,1,1,1,,1,42.497665324959,142.05129106912,
5198,E0160100050201,町営富川球場,北海道日高町富川南2-69-3,1,1,1,1,1,1,1,,,42.518893813007,142.02045602421,
5199,E0160100051201,河原団地集会所,北海道日高町富川南3-4-13,,1,,1,,1,,,,42.516950141262,142.02417271384,
5200,E0160100052201,富川母と子の家,北海道日高町富川南5-4-1,,1,,,,1,,,,42.513906485073,142.01775763202,
5201,E0160100053201,旭町生活館,北海道日高町富川南6-12-4,,,,,,1,,,1,42.512456335106,142.0144172781,
5202,E0160100054201,新光町生活館,北海道日高町富川北2-10-2,,1,,,,1,1,,1,42.522289579547,142.03274721773,
5203,E0160100055201,ふれあい広場,北海道日高町富川北2-214,1,1,,1,,1,1,,,42.520914402925,142.03239053356,
5204,E0160100056201,とみかわ児童館,北海道日高町富川北2-8-1,,1,,1,,1,1,,,42.521856855262,142.03313135579,
5205,E0160100057201,とみかわ老人憩の家,北海道日高町富川北2-8-2,,1,,1,,1,1,,,42.521435108377,142.03344842207,
5206,E0160100070201,富川複合施設,北海道日高町富川北3-3-16,,1,1,1,1,1,1,,1,42.520948,142.029375,
5207,E0160100058201,日高西部消防組合消防署庁舎屋上,北海道日高町富川北7-1-10,1,1,1,1,1,1,1,,,42.523381566132,142.03782962368,
5208,E0160100059201,富川中学校,北海道日高町富川北7-3-6,,1,1,1,1,1,1,,1,42.525587865369,142.03741058775,
5209,E0160100060201,新栄団地集会所,北海道日高町富川北7-5-7,,1,,,1,1,1,,,42.526381346935,142.03414991264,
5210,E0160100061201,日高老人福祉センター,北海道日高町本町東1-297-4,1,1,1,1,1,1,1,,,42.878304348529,142.44250202821,
5211,E0160100062201,本町東会館,北海道日高町本町東2-111-34,1,1,1,,1,1,1,,,42.876960095877,142.44508832026,
5212,E0160100067201,町営日高球場,北海道日高町本町東2-261-3,1,1,,,1,,,,,42.878504,142.443712,
5213,E0160100063201,門別ふれあいセンター,北海道日高町門別本町12-27,1,1,,1,,,1,,1,42.480606395773,142.06762557094,
5214,E0160100064201,門別公民館,北海道日高町門別本町210-1,1,1,,1,,1,1,,1,42.480347217882,142.07337282829,
5215,E0160100065201,門別中学校,北海道日高町門別本町239-1,1,1,1,1,1,1,1,,1,42.474006211497,142.08252481028,
5216,E0140300001201,泊村公民館,北海道泊村大字茅沼村172-7,1,1,1,1,1,,,,1,43.05721719,140.4994476,
5217,E0140300002201,泊村総合福祉センター,北海道泊村大字茅沼村500-2,1,1,1,1,1,,,,1,43.0563026,140.5103564,
5218,E0140300003201,とまり保育所,北海道泊村大字茅沼村6-2,1,1,1,1,1,,,,1,43.05177729,140.5026639,
5219,E0140300004201,茅沼地区集会所,北海道泊村大字茅沼村672-2,1,1,1,,,,,,1,43.05686562,140.5050269,
5220,E0140300005201,泊村特別養護老人ホームむつみ荘,北海道泊村大字茅沼村711-3,1,1,1,1,1,,,,1,43.05650877,140.5128401,
5221,E0140300005202,泊村養護老人ホームむつみ荘,北海道泊村大字茅沼村711-3,1,1,1,1,1,,,,1,43.05625,140.513458,
5222,E0140300006201,臼別地区集会所,北海道泊村大字茅沼村字臼別196-5,1,,1,,,,,,1,43.06253455,140.4962903,
5223,E0140300007201,泊中学校,北海道泊村大字茅沼村字南坂の上6-3,1,1,1,1,1,,,,1,43.0524989,140.5024091,
5224,E0140300008201,盃地区集会所,北海道泊村大字興志内村1-6,1,,1,,,,,,1,43.10140819,140.4614601,
5225,E0140300009201,ホテル潮香荘,北海道泊村大字興志内村220-11,1,,1,1,1,,,,,43.10817273,140.4539848,
5226,E0140300010201,盃稲荷神社境内,北海道泊村大字興志内村47,,,,1,1,,,,,43.101000391547,140.462974222478,
5227,E0140300011201,盃野営場駐車場,北海道泊村大字興志内村字茂岩2-5,,,,1,1,,,,,43.11360232,140.4549349,
5228,E0140300012201,泊小学校,北海道泊村大字盃村134-1,1,1,1,1,1,,,,1,43.09883143,140.4625295,
5229,E0140300013201,泊村アイスセンター,北海道泊村大字泊村1,1,1,1,1,1,,,,1,43.06415292,140.4969519,
5230,E0140300014201,泊地区集会所,北海道泊村大字泊村47-4,1,1,1,,,,,,1,43.06643681,140.4940517,
5231,E0140300015201,照岸・糸泊地区集会所,北海道泊村大字泊村81-7,1,1,1,1,1,,,,1,43.07232912,140.4884474,
5232,E0140300016201,堀株教員住宅裏山,北海道泊村大字堀株村,,,,1,1,,,,,43.03527144,140.5271791,
5233,E0140300017201,堀株地区集会所,北海道泊村大字堀株村35,1,,1,,,,,,1,43.03422007,140.5267006,
5234,E0140300018201,渋井地区集会所,北海道泊村大字堀株村字渋井132-15,1,,1,,,,,,1,43.0450844,140.5066366,
5235,E0166800002201,西庶路裏山,北海道白糠町チプタナイ3-4,,,,1,1,1,,,,42.976827,144.120642,
5236,E0166800003201,茶路小中学校グランド,北海道白糠町マカヨ1-1,,,,,,1,,,1,43.02459879,144.0225174,
5237,E0166800003202,茶路小中学校,北海道白糠町マカヨ1-1,1,1,1,1,1,,1,1,1,43.02502952,144.0231907,
5238,E0166800004201,刺牛集会所,北海道白糠町刺牛2-2-1,1,,1,,,,1,1,1,42.957868,144.101111,
5239,E0166800005201,刺牛裏山,北海道白糠町刺牛3-4-6,,,,1,1,1,,,,42.96175,144.106269,
5240,E0166800006201,庶路町民センター,北海道白糠町庶路1-5-18,1,1,1,,,,1,1,1,42.9827962,144.1445331,
5241,E0166800007201,庶路共同墓地,北海道白糠町庶路31-2,,,,1,1,1,,,,42.998515,144.140376,
5242,E0166800008201,上庶路生活改善センター,北海道白糠町庶路基線184-29,1,1,1,,1,,1,1,1,43.10580646,144.0401887,
5243,E0166800009201,中庶路集会所広場,北海道白糠町庶路基線72-4,,,,1,1,1,,,1,43.028433,144.097934,
5244,E0166800009202,中庶路集会所,北海道白糠町庶路基線72-4,1,1,1,,1,,1,1,1,43.02882393,144.0977451,
5245,E0166800010201,宮下公園,北海道白糠町庶路宮下2-5-18,,,,,,1,,,,42.98635504,144.1478987,
5246,E0166800011201,宮下集会所,北海道白糠町庶路宮下2-5-19,1,1,1,,,,1,1,1,42.98636288,144.1483118,
5247,E0166800012201,宮下裏山,北海道白糠町庶路宮下5-3-1,,,,1,1,1,,,,42.988843,144.149049,
5248,E0166800013201,釧白工業団地（西側）,北海道白糠町庶路恋問6,,,,,,1,,,,42.98613044,144.1626354,
5249,E0166800014201,上茶路集会所,北海道白糠町上茶路68-11,1,1,1,1,1,,,1,1,43.099604,143.903395,
5250,E0166800015201,旧北進小中学校グランド,北海道白糠町上茶路基線149-1,,,,,,1,,,,43.16123757,143.8925499,
5251,E0166800016201,旧上茶路小中学校グランド,北海道白糠町上茶路基線68,,,,1,1,1,,,,43.10014507,143.9039869,
5252,E0166800073201,白糠町役場庁舎屋上,北海道白糠町西１条南1-1-1,,,,,1,,,,,42.956148,144.071782,
5253,E0166800076201,白糠消防庁舎,北海道白糠町西１条北4-2-1,,,,,1,,,,,42.961181,144.072451,
5254,E0166800077201,白糠地区津波避難タワー,北海道白糠町西２条南3-1-10,,,,,1,,,,,42.953643,144.069187,
5255,E0166800072201,橋北中央集会所,北海道白糠町西４条北1-4-7,1,1,1,,,,1,1,1,42.958193,144.062002,
5256,E0166800071201,橋北集会所,北海道白糠町西５条北1-2-2,1,1,1,,,,1,1,1,42.956756,144.058541,
5257,E0166800018201,幸公園,北海道白糠町西一条北4-2-2,,,,,,1,,,,42.96086816,144.0709727,
5258,E0166800021202,白糠学園グランド,北海道白糠町西五条北2-1-1,,,,,,1,,,1,42.95818584,144.0588286,
5259,E0166800021201,白糠町武道館,北海道白糠町西五条北2-1-1,1,1,1,,,1,1,1,1,42.95895773,144.0590079,
5260,E0166800021203,白糠学園,北海道白糠町西五条北2-1-1,1,1,1,,,,1,1,1,42.95899851,144.0585174,
5261,E0166800022201,白糠学園裏山,北海道白糠町西五条北2-2-2,,,,1,1,1,,,,42.9574242,144.0545746,
5262,E0166800020202,白糠高校,北海道白糠町西四条北2-2-8,1,1,1,,,,1,1,1,42.95893382,144.0609258,
5263,E0166800020201,白糠高校グランド,北海道白糠町西四条北2-2-8,,,,,,1,,,1,42.95947755,144.0603598,
5264,E0166800023202,庶路学園,北海道白糠町西庶路学園通1-1,1,1,1,1,1,1,1,1,1,42.981515,144.120109,
5265,E0166800023201,庶路学園グランド,北海道白糠町西庶路学園通1-1,1,1,1,1,1,1,1,1,1,42.98255,144.120559,
5266,E0166800024201,西庶路錦公園,北海道白糠町西庶路西一条北1-3-21,,,,,,1,,,,42.97966686,144.1269018,
5267,E0166800025201,千鳥公園,北海道白糠町西庶路西二条南2-1-1,,,,,,1,,,,42.97547931,144.1266938,
5268,E0166800026201,西庶路信和集会所,北海道白糠町西庶路西二条北1-1-2,1,1,1,,,,1,1,1,42.976971,144.125121,
5269,E0166800027201,西庶路コミュニティセンター,北海道白糠町西庶路東一条北1-4-22,1,1,1,,,,1,1,1,42.98078564,144.1291143,
5270,E0166800028201,西庶路寿の家,北海道白糠町西庶路東一条北4-1-3,1,1,1,,,,1,1,1,42.98342624,144.1259292,
5271,E0166800029201,旧庶路中学校グランド,北海道白糠町西庶路東二条南2-3-1,,,,,,1,,,,42.978212,144.134501,
5272,E0166800030201,ふれあい公園,北海道白糠町西庶路東二条北2-2-14,,,,,,1,,,,42.98310866,144.1313562,
5273,E0166800031201,ふれあい児童館,北海道白糠町西庶路東二条北3-2-1,,1,1,,,,1,1,1,42.98321977,144.1295544,
5274,E0166800019201,旧白糠小学校グランド,北海道白糠町西二条南3-1-1,,,,,,1,,,1,42.95377291,144.0684094,
5275,E0166800019202,旧白糠小学校,北海道白糠町西二条南3-1-1,,1,1,,,,1,1,1,42.95425119,144.0680992,
5276,E0166800032202,白糠町上水道第１配水池,北海道白糠町石炭崎17-1,,,,1,1,1,,,,42.960023,144.085141,
5277,E0166800032201,岬の森東山公園,北海道白糠町石炭崎17-1,,,,1,1,1,,,,42.957023,144.084902,
5278,E0166800084201,釧白工業団地第一工区（西側）津波指定避難場所,北海道白糠町大楽毛31-1,,,,1,1,,,,,43.007283,144.213979,
5279,E0166800033201,縫別自然の家グランド,北海道白糠町茶路基線191-2,,,,,,1,,,1,43.07740644,143.968001,
5280,E0166800033202,縫別自然の家,北海道白糠町茶路基線191-2,,1,1,1,1,,,1,1,43.077833,143.967799,
5281,E0166800034201,酪農研修センター,北海道白糠町茶路基線20-1,1,1,1,,,,1,1,1,42.97398,144.0667881,
5282,E0166800064201,相互集会所,北海道白糠町茶路基線59-3,1,1,1,,1,,1,1,1,42.996295,144.039646,
5283,E0166800070201,鉄北集会所,北海道白糠町東１条北3-2-13,1,1,1,,,,1,1,1,42.960297,144.075654,
5284,E0166800035201,白糠町振興センター,北海道白糠町東一条南2-1-24,1,1,1,,,,1,1,1,42.955191,144.074889,
5285,E0166800036201,あやめが丘公園,北海道白糠町東一条南3-2-1,,,,,,1,,,,42.9536914,144.0755861,
5286,E0166800037201,白糠生活館,北海道白糠町東一条南3-2-2,,1,1,,,,,1,1,42.95324381,144.0754198,
5287,E0166800038201,やまびこ会館,北海道白糠町東一条北1-1-13,1,1,1,,,,1,1,1,42.957875,144.075347,
5288,E0166800039201,勤労者センター前広場,北海道白糠町東一条北7-1-6,,,,,,1,,,,42.96582337,144.0716769,
5289,E0166800040201,日の出公園,北海道白糠町東一条北7-2-4,,,,,,1,,,,42.96609031,144.0722563,
5290,E0166800041201,日の出集会所,北海道白糠町東一条北7-5-2,1,1,1,,,,1,1,1,42.96569972,144.0727096,
5291,E0166800044201,社会福祉センター,北海道白糠町東三条南1-1-18,1,1,1,,,,1,1,1,42.955183,144.081087,
5292,E0166800045201,逍遥公園東側町有林,北海道白糠町東三条北4-1-2,,,,1,1,1,,,,42.963093,144.081466,
5293,E0166800046201,茶路２号線,北海道白糠町東三条北8-1-5,,,,1,1,1,,,,42.968302,144.07722,
5294,E0166800042201,総合体育館,北海道白糠町東二条北3-1-1,1,1,1,,,,,1,1,42.96065306,144.0778923,
5295,E0166800043201,白糠町スポーツ広場,北海道白糠町東二条北3-1-2,,,,,,1,,,,42.96038136,144.0792125,
5296,E0166800047201,厳島神社,北海道白糠町泊49,,,,1,1,1,,,,42.955009,144.085044,
5297,E0166800048201,空港短絡線中腹,北海道白糠町白糠町大楽毛34-16,,,,1,1,1,,,,43.011284,144.199951,
5298,E0166800049201,石炭岬裏山,北海道白糠町岬3-1-28,,,,1,1,1,,,,42.955535,144.090876,
5299,E0166800050201,恋問集会所,北海道白糠町恋問1-4-11,,1,,,,,1,1,1,42.98228029,144.1558905,
5300,E0166800051201,道の駅しらぬか恋問,北海道白糠町恋問3-3-1,1,,,,,1,1,1,,42.99276089,144.198287,
5301,E0166800052201,特別養護老人ホーム清和園,北海道白糠町和天別100-1,1,1,1,1,1,1,1,1,,42.962162,144.048222,
5302,E0166800053201,大秋集会所駐車場,北海道白糠町和天別1165,,,,,,1,,,1,42.9623284,143.96464,
5303,E0166800053202,大秋集会所,北海道白糠町和天別1165,1,1,1,,,,1,1,1,42.962466,143.964461,
5304,E0166800054201,坂の丘公園,北海道白糠町和天別1852-5,,,,1,1,1,,,,42.953536,144.062373,
5305,E0166800063201,下和天別集会所,北海道白糠町和天別232-3,1,1,1,,1,,1,1,1,42.961436,144.024801,
5306,E0166800055201,馬主来集会所,北海道白糠町和天別287-4,1,1,1,1,1,,1,1,1,42.93915767,144.0176488,
5307,E0166800056201,旧河原小中学校グランド,北海道白糠町和天別572-1,,,,,,1,,,,42.98502025,143.9845414,
5308,E0166800057201,和天別パイオニアセンター,北海道白糠町和天別846-1,1,1,1,1,1,,1,1,1,42.985844947083,143.9860602375,
5309,E0157800001201,栄町公園,北海道白老町栄町1-9-15,,,,1,,1,,,,42.55353507,141.3496663,
5310,E0157800002201,白老生活館,北海道白老町高砂町2-3-36,1,,,,,,,,,42.5470982,141.354018,
5311,E0157800004201,介護付き有料老人ホーム悠悠,北海道白老町高砂町3-1-6,,,,,1,,,,1,42.5470411,141.3492164,
5312,E0157800005201,本町運動公園,北海道白老町高砂町3-443-1,,,,1,,1,,,,42.54537874,141.351245,
5313,E0157800003201,浜町公園,北海道白老町高砂町２－３６５の内,,,,1,,1,,,,42.54706984,141.3546322,
5314,E0157800006201,虎杖浜公民館,北海道白老町字虎杖浜13-1,1,1,,,,,,,,42.46649254,141.223223,
5315,E0157800008201,海の別邸ふる川,北海道白老町字虎杖浜289-3,,,,,1,,,,,42.45436557,141.2046508,
5316,E0157800009201,株式会社スイコウ水産物加工場,北海道白老町字虎杖浜289-5,,,,,1,,,,,42.45425252,141.2035584,
5317,E0157800010201,虎杖浜温泉ホテルいずみ,北海道白老町字虎杖浜312-1,,,,,1,,,,,42.45521727,141.1944272,
5318,E0123000182201,国道３６号と道道登別港線との交差点付近,北海道白老町字虎杖浜335,,,,,1,,,,,42.456294,141.188607,
5319,E0123000183201,小和田宅前付近,北海道白老町字虎杖浜352,,,,,1,,,,,42.458094,141.186697,
5320,E0157800011201,虎杖浜臨海区,北海道白老町字虎杖浜352-16,,,,,1,,,,,42.45800214,141.1867765,
5321,E0157800012201,㈱ナチュラルサイエンス,北海道白老町字虎杖浜393-12,,,,,1,,,,1,42.46439896,141.1993306,
5322,E0157800013201,虎杖浜駅裏山,北海道白老町字虎杖浜423-1,,,,,1,,,,,42.46856086,141.2168495,
5323,E0157800013202,今野踏切裏山,北海道白老町字虎杖浜423-1,,,,,1,,,,,42.47271606,141.2225823,
5324,E0157800014201,虎杖浜第２配水池,北海道白老町字虎杖浜423-186,,,,,1,,,,,42.46548366,141.2112236,
5325,E0157800015201,アヨロ公園,北海道白老町字虎杖浜61-4,,,,1,,1,,,,42.4608783,141.2124464,
5326,E0157800016201,虎杖浜生活館,北海道白老町字虎杖浜65-1,1,1,,1,,,,,,42.46143554,141.2118705,
5327,E0157800017201,虎杖浜温泉ホテル,北海道白老町字虎杖浜73-5,,,,,1,,,,,42.46073912,141.2103642,
5328,E0157800018201,虎杖浜地区高台,北海道白老町字虎杖浜760,,,,,1,,,,,42.45643756,141.1985372,
5329,E0157800019201,横須戸踏切裏山,北海道白老町字社台292-13,,,,,1,,,,,42.568507270631,141.38091912407,
5330,E0157800020201,社台やわらぎ園体育館,北海道白老町字社台343-2,,,,1,,,,,,42.584438,141.410392,
5331,E0157800021201,社台墓地,北海道白老町字社台375-729,,,,,1,,,,,42.57876284,141.4008606,
5332,E0157800022201,社台生活館,北海道白老町字社台92-1,1,,,1,,,,,,42.57405697,141.4110794,
5333,E0157800023201,ホロケナシ駐車公園,北海道白老町字森野88-26,,,,,1,,,,,42.63201918,141.247988,
5334,E0157800024201,青葉台公園,北海道白老町字石山113-158,,,,1,,1,,,,42.54277702,141.3266994,
5335,E0157800025201,萩野ＰＡ付近,北海道白老町字石山162-4,,,,,1,,,,,42.54270166,141.2856417,
5336,E0157800026201,港町公園,北海道白老町字石山17-66,,,,1,,1,,,,42.52939937,141.3210638,
5337,E0157800027201,石山温泉郷１号公園,北海道白老町字石山39-469,,,,1,,1,,,,42.53814478,141.297585,
5338,E0157800028201,岩倉団地１号公園,北海道白老町字石山39-646,,,,1,,1,,,,42.53598529,141.3014283,
5339,E0157800029201,岩倉団地２号公園,北海道白老町字石山40-140,,,,1,,1,,,,42.54062147,141.3053886,
5340,E0157800030201,石山青葉団地高台,北海道白老町字石山423-1,,,,,1,,,,,42.54250458,141.3239135,
5341,E0157800031201,白老ガス株式会社社屋,北海道白老町字石山68-38,,,,1,,,,1,,42.54308,141.333901,
5342,E0157800032201,ケアハウス暖炉,北海道白老町字竹浦101-33,,,,,1,,,,,42.48273089,141.2461407,
5343,E0157800034201,介護老人保健施設そよ風の里,北海道白老町字竹浦133,,,,,1,,,,,42.47242875,141.2310987,
5344,E0157800036201,天理教白老分教会,北海道白老町字竹浦198-15,,1,,,,,,,,42.493988,141.259713,
5345,E0157800039201,竹浦小裏山,北海道白老町字竹浦199-1,,,,,1,,,,,42.49352069,141.253023,
5346,E0157800040201,竹浦神社,北海道白老町字竹浦199-4,,,,,1,,,,,42.49642381,141.2569635,
5347,E0157800041201,竹浦高速バス停付近,北海道白老町字竹浦201-161,,,,,1,,,,,42.49890403,141.2622072,
5348,E0157800042201,竹浦１号児童公園,北海道白老町字竹浦201-96,,,,1,,1,,,,42.49634897,141.2622749,
5349,E0157800043201,民宿元和や,北海道白老町字竹浦297-171,,,,,1,,,,,42.487341689747,141.2436612394,
5350,E0157800044201,本陣団地,北海道白老町字竹浦303-37,,,,,1,,,,,42.48863169,141.242857,
5351,E0157800045201,合田踏切裏山,北海道白老町字竹浦332-8,,,,,1,,,,,42.48395274,141.2373991,
5352,E0157800046201,愛泉園,北海道白老町字竹浦344-13,,,,,1,,,,,42.52318178,141.2463963,
5353,E0157800047201,飛生福祉館,北海道白老町字竹浦520,1,,,,1,,,,,42.53780152,141.2304336,
5354,E0157800048201,白翔中学校,北海道白老町字萩野286,1,1,,,1,,,,1,42.52223637,141.3042901,
5355,E0157800048202,萩野小学校,北海道白老町字萩野286,1,1,,,1,,,,1,42.52168457,141.3031172,
5356,E0157800049201,萩野生活館,北海道白老町字萩野310,1,1,,1,,,,,,42.52516682,141.3093471,
5357,E0157800050201,萩の里自然公園,北海道白老町字萩野317-1,,,,,1,,,,,42.53233427,141.3009019,
5358,E0157800051201,萩野緑泉郷公園,北海道白老町字萩野339-67,,,,1,,1,,,,42.52778643,141.2929889,
5359,E0157800052201,萩の里会館,北海道白老町字萩野424-40,,1,,1,1,,,,,42.53402529,141.2824461,
5360,E0157800053201,萩野荘,北海道白老町字萩野426-2,,,,,1,,,,,42.5360165,141.2843531,
5361,E0157800054201,太平洋団地高台,北海道白老町字萩野433-331,,,,,1,,,,,42.53611765739,141.28612222038,
5362,E0157800057201,萩野ハマナス広場,北海道白老町字萩野74-2,,,,1,,1,,,,42.51470183,141.3001335,
5363,E0157800058201,萩野大町公園,北海道白老町字萩野79-122,,,,1,,1,,,,42.51538966,141.2981615,
5364,E0157800059201,慰霊施設,北海道白老町字白老615-2,,,,,1,,,,,42.565464,141.371748,
5365,E0157800060201,恵和園エルテルハイム,北海道白老町字白老762-25,,,,,1,,,,,42.582409,141.315932,
5366,E0157800061201,白老霊園,北海道白老町字白老816,,,,,1,,,,,42.60754554,141.2900197,
5367,E0157800062201,北吉原公園,北海道白老町字北吉原147-1,,,,1,,1,,,,42.50810996,141.28702,
5368,E0157800064201,北吉原ふれあいプラザ（北吉原ゲートボール場の一部を含む）,北海道白老町字北吉原200-57,1,1,,1,,,,,,42.51387584,141.2735485,
5369,E0157800065201,北吉原神社,北海道白老町字北吉原204,,,,,1,,,,,42.51313815,141.2778303,
5370,E0157800066201,あけぼの公園,北海道白老町字北吉原345-172,,,,1,,1,,,,42.52637191,141.2887381,
5371,E0157800067201,北吉原緑泉郷公園,北海道白老町字北吉原345-57,,,,1,,1,,,,42.52702876,141.2864849,
5372,E0157800068201,柏洋団地ゲートボール場,北海道白老町字北吉原369-139,,,,1,,1,,,,42.51412996,141.273379,
5373,E0157800069201,白老滑空場,北海道白老町字北吉原424-64,,,,,1,,,,,42.53745275,141.2557083,
5374,E0157800070201,天理教龍白山分教会教職舎,北海道白老町字北吉原601-2,,,,,1,,,,,42.52148704,141.2739085,
5375,E0157800071201,北吉原緑町１号公園,北海道白老町字北吉原661-14,,,,1,,1,,,,42.53301683,141.2790617,
5376,E0157800072201,北吉原緑町２号公園,北海道白老町字北吉原661-23,,,,1,,1,,,,42.53052883,141.2772827,
5377,E0157800073201,柏洋団地高台,北海道白老町字北吉原668-74,,,,,1,,,,,42.51773504,141.2729545,
5378,E0157800074201,北吉原本町生活館,北海道白老町字北吉原86,1,,,1,,,,,,42.50996506,141.2910412,
5379,E0157800075201,川沿生活館,北海道白老町川沿2-4-20,,,,1,,1,,1,,42.55117063,141.3423538,
5380,E0157800076201,町有一般住宅サンコーポラス２棟,北海道白老町川沿2-448-9,,,,,1,,,,,42.55059797,141.3415862,
5381,E0157800077201,美園公園,北海道白老町川沿2-554-1,,,,1,,1,,,,42.55127321,141.3430746,
5382,E0157800078201,道南綜合土建株式会社,北海道白老町大町1-10-8,,,,1,,,,1,,42.550747,141.354572,
5383,E0157800080201,大町中央公園,北海道白老町大町3-197-6,,,,1,,1,,,,42.55187866,141.3615124,
5384,E0157800081201,白老中央生活館,北海道白老町大町3-7-14,1,,,,,,,,,42.55098281,141.3596331,
5385,E0157800082201,町民ふれあい広場,北海道白老町大町4-189-1,,,,1,,1,,,,42.55068607,141.3618894,
5386,E0157800083201,北海道栄高等学校　栄華寮,北海道白老町東町2-1-5,,,,,1,,,,,42.55397799,141.3622625,
5387,E0157800084201,白老高齢者複合施設,北海道白老町東町2-4-12,,,,,1,,,,1,42.55659452,141.3652874,
5388,E0157800085201,東町２号公園,北海道白老町東町2-66-9,,,,1,,1,,,,42.55545704,141.3644673,
5389,E0157800102201,リブマックスリゾートウポポイ白老温泉　２階以上,北海道白老町東町4-6-1,,,,,1,,,,1,42.555496,141.366628,
5390,E0157800089201,北海道白老東高等学校,北海道白老町日の出町5-17-2,,,,,1,,,,1,42.56107485,141.3758158,
5391,E0157800090201,東町１号公園,北海道白老町日の出町5-27-194,,,,1,,1,,,,42.55816366,141.3721325,
5392,E0157800092201,白老町中央公民館（コミセン）,北海道白老町本町1-1-1,1,1,,,,1,,1,1,42.551654,141.353907,
5393,E0157800091201,本町公園,北海道白老町本町1-11,,,,1,,1,,,,42.55106387,141.3509782,
5394,E0157800094201,末広公園,北海道白老町末広町3-622-343,,,,1,,1,,,,42.5559008,141.352934,
5395,E0157800095201,緑丘どんぐり公園,北海道白老町緑丘1-11,,,,1,,1,,,,42.557152,141.3473368,
5396,E0157800096201,緑丘福祉館,北海道白老町緑丘2-2-10,,1,,,,1,,1,,42.55774541,141.3505343,
5397,E0157800098201,白老小学校付近,北海道白老町緑丘3-1-1,1,,,,1,,,,1,42.55987669,141.3512785,
5398,E0157800099201,陸上競技場,北海道白老町緑丘4-636,,,,,1,,,,,42.56185367,141.3511495,
5399,E0157800100201,白老桜ヶ丘公園,北海道白老町緑丘4-638-1,,,,1,,1,,,,42.56242087,141.3486967,
5400,E0157800101201,北海道栄高等学校付近,北海道白老町緑丘4-676,,,,,1,,,,1,42.56709283,141.3502605,
5401,E0157800097201,緑ヶ丘公園,北海道白老町緑丘２－６２５－２の内,,,,1,,1,,,,42.55934275,141.3467523,
5402,E0120200001201,市営旭町団地,北海道函館市旭町1-14,,,,,1,,,,,41.7656663,140.7289806,
5403,E0120200002201,道営住宅旭森団地１号棟,北海道函館市旭町8-1,,,,,1,,,,,41.76750772,140.7271259,
5404,E0120200003201,安浦稲荷神社境内,北海道函館市安浦町302,,,,,1,,,,,41.91473659,140.9593307,
5405,E0120200319201,道の駅「縄文ロマン南かやべ」駐車場,北海道函館市臼尻町551-1,,1,1,1,1,,,,,41.927538,140.944988,
5406,E0120200007201,もと臼尻小学校敷地,北海道函館市臼尻町595,,,,,1,,,,,41.930635,140.94101,
5407,E0120200009201,臼尻町６０番地裏　高台（尾札部バイパス）,北海道函館市臼尻町60,,,,,1,,,,,41.92687148,140.9492002,
5408,E0120200008201,南茅部スポーツセンター,北海道函館市臼尻町604-1,,1,,1,1,,,,1,41.93193267,140.939788,
5409,E0120200012201,函館港湾合同庁舎,北海道函館市海岸町24-4,,,,,1,,,,,41.78267232,140.7244928,
5410,E0120200013201,戸井学園,北海道函館市釜谷町227,,1,,1,1,,,,1,41.73853947,140.9316806,
5411,E0120200315201,戸井支所庁舎西側増築棟,北海道函館市館町3-1,,1,1,1,1,,,,,41.716225,141.00516,
5412,E0120200308201,岩戸町１３６番地裏　高台,北海道函館市岩戸町136,,,,,1,,,,,42.006177,140.867662,
5413,E0120200017201,公立はこだて未来大学,北海道函館市亀田中野町116-2,,1,,1,,,,,1,41.84175816,140.7669862,
5414,E0120200018201,キッズ・サポート＆プロテクト体育館,北海道函館市亀田中野町335-1,,1,,1,,,,,,41.861839448211,140.78102188894,
5415,E0120200020201,ボヌール・ピエス,北海道函館市亀田町6-39,,,,,1,,,,,41.7941972,140.7328636,
5416,E0120200022201,興禅寺,北海道函館市亀尾町39,,1,,1,,,,,,41.794428177771,140.85771706412,
5417,E0120200024201,万年橋小学校,北海道函館市吉川町6-22,,,,1,1,,,,1,41.79594962,140.7305646,
5418,E0120200025201,シャトーム吉川町,北海道函館市吉川町7-6,,,,,1,,,,,41.79513397,140.7290338,
5419,E0120200026201,桔梗小学校,北海道函館市桔梗1-13-2,1,1,,1,,,,,1,41.83127054,140.7280459,
5420,E0120200030201,中の沢小学校,北海道函館市桔梗5-25-5,1,1,,1,,,,,1,41.849646,140.7335145,
5421,E0120200032201,桔梗中学校,北海道函館市桔梗町429-4,1,,,1,,,,,1,41.84106578,140.734696,
5422,E0120200033201,桔梗西部町会館,北海道函館市桔梗町63-2,1,,,1,,,,,,41.8478419,140.7192565,
5423,E0120200034201,函館競輪場駐車場,北海道函館市金堀町10-8,1,,,1,,,,,,41.77850357,140.7641414,
5424,E0120200035201,大森浜小学校,北海道函館市金堀町3-1,,,,1,1,,,,1,41.77657166,140.7561356,
5425,E0120200037201,駒場小学校,北海道函館市駒場町1-6,1,,,1,1,,,,1,41.78284921,140.7681581,
5426,E0120200038201,豊国寺,北海道函館市恵山町375,,,,,1,,,,,41.78668266,141.1467948,
5427,E0120200039201,禅龍寺,北海道函館市恵山町451-2,,,,1,1,,,,,41.78770892,141.1492493,
5428,E0120200040201,恵山町６３５番地裏　高台（市道中野桑原２号線）,北海道函館市恵山町635,,,,,1,,,,,41.79060109,141.1617908,
5429,E0120200041201,御崎会館,北海道函館市恵山町663-2,,,,1,,,,,,41.792995878338,141.16431348784,
5430,E0120200042201,ホテル恵風,北海道函館市恵山岬町61-2,,1,,1,1,,,,,41.81433252,141.1806881,
5431,E0120200043201,緑のセンター（見晴公園内）,北海道函館市見晴町56,1,1,,1,,,,,,41.79200956,140.8028348,
5432,E0120200043202,見晴公園,北海道函館市見晴町56,,,,1,,,,,,41.79308543,140.8041062,
5433,E0120200044201,元村町３２番地裏　高台,北海道函館市元村町32,,,,,1,,,,,41.8211847,141.163333,
5434,E0120200045201,函館西高等学校,北海道函館市元町7-17,,1,,1,1,,,,1,41.76336187,140.710807,
5435,E0120200046201,原木町２００番地裏　高台,北海道函館市原木町200,,,,,1,,,,,41.72835896,141.0384571,
5436,E0120200047201,温泉保養センター,北海道函館市原木町218,,,,1,,,,,,41.72952102,141.0317623,
5437,E0120200049201,原木町８番地裏　高台,北海道函館市原木町8,,,,,1,,,,,41.73143931,141.0319752,
5438,E0120200050201,古川町会館,北海道函館市古川町350-4,,,,1,,,,,,41.75890532,140.8664182,
5439,E0120200051201,希望ヶ丘学園,北海道函館市古川町441-3,,1,,1,1,,,,,41.758649,140.869163,
5440,E0120200053201,高聖寺,北海道函館市古武井町222,,1,,,1,,,,,41.78824458,141.1121366,
5441,E0120200317201,古部神社,北海道函館市古部町144-1,,,,,1,,,,,41.864495,141.11716,
5442,E0120200055201,古部町４２３番地裏　高台,北海道函館市古部町270-2,,,,,1,,,,,41.86403949,141.1155444,
5443,E0120200056201,古部会館,北海道函館市古部町422,,,,1,,,,1,,41.86447296,141.1188274,
5444,E0120200057201,函館工業高等専門学校,北海道函館市戸倉町14-1,1,,,1,,,,,1,41.78387531,140.8028338,
5445,E0120200058201,戸倉中学校,北海道函館市戸倉町26-1,1,1,,1,1,,,,1,41.78609187,140.8058916,
5446,E0120200059201,総合保健センター,北海道函館市五稜郭町23-1,1,,,1,,,,,,41.79972558,140.7524694,
5447,E0120200060201,御崎町１３０番地高台,北海道函館市御崎町130,,,,,1,,,,,41.798285352684,141.17486050766,
5448,E0120200301201,ポールスターショッピングセンター（屋上駐車場）,北海道函館市港町1,,,,,1,,,,,41.801758,140.73204,
5449,E0120200301202,スーパーアークス港町店（屋上駐車場）,北海道函館市港町1,,,,,1,,,,,41.801758,140.73204,
5450,E0120200061201,ネクストⅢ,北海道函館市港町1-14-3,,,,,1,,,,,41.80103601,140.7306868,
5451,E0120200062201,ペイサージュ港町,北海道函館市港町1-15-23,,,,,1,,,,,41.80190816,140.7284446,
5452,E0120200063201,パルティール港町,北海道函館市港町1-15-30,,,,,1,,,,,41.80142429,140.7291098,
5453,E0120200064201,クレール港町,北海道函館市港町1-15-32,,,,,1,,,,,41.80156026,140.7285465,
5454,E0120200065201,ファーストレジデンス,北海道函館市港町1-17-16,,,,,1,,,,,41.8017362,140.7251201,
5455,E0120200066201,パークサイドブライトネス,北海道函館市港町1-17-32,,,,,1,,,,,41.80192415,140.7257906,
5456,E0120200067201,港小学校,北海道函館市港町1-22-1,1,,,1,1,,,,1,41.80421481,140.72436,
5457,E0120200068201,エスセーナ港町,北海道函館市港町1-26-1,,,,,1,,,,,41.80562487,140.7247079,
5458,E0120200069201,港中学校,北海道函館市港町2-10-1,1,,,1,1,,,,1,41.80849818,140.718883,
5459,E0120200070201,市営港２丁目団地１号棟,北海道函館市港町2-7-1,,,,,1,,,,,41.80789898,140.7219269,
5460,E0120200071201,市営港２丁目団地２号棟,北海道函館市港町2-7-2,,,,,1,,,,,41.80739117,140.7220449,
5461,E0120200072202,北海道大学水産学部　管理研究棟,北海道函館市港町3-1-1,,,,,1,,,,,41.8092661,140.7183332,
5462,E0120200072201,北海道大学水産学部　実験研究棟,北海道函館市港町3-1-1,,,,,1,,,,,41.80996067,140.7184222,
5463,E0120200072203,北海道大学水産学部　水産科学未来人材育成館,北海道函館市港町3-1-1,,,,,1,,,,,41.809824,140.717713,
5464,E0120200073201,市営港３丁目Ｂ団地,北海道函館市港町3-2-20,,,,,1,,,,,41.81092793,140.7152144,
5465,E0120200076201,高丘小学校,北海道函館市高丘町3-2,1,1,,1,1,,,,1,41.7875953,140.8029721,
5466,E0120200077201,空港緑地高松ふれあい広場,北海道函館市高松町105,,1,,1,,,,,,41.77612744,140.8016492,
5467,E0120200078201,高松町会館,北海道函館市高松町505-1,1,1,,1,,,,,,41.77675174,140.8103407,
5468,E0120200079201,恵山クリーンセンター,北海道函館市高岱町428-1,,1,,1,1,,,,1,41.8092647,141.1095068,
5469,E0120200318201,根崎町会館前駐車場,北海道函館市根崎町556-2,,1,1,1,1,,,,,41.768711,140.809928,
5470,E0120200082201,北中学校,北海道函館市山の手3-58-1,1,1,,1,,,,,1,41.80544146,140.7864845,
5471,E0120200083201,志海苔町会館,北海道函館市志海苔町239,,1,,1,1,,,,,41.76631255,140.8191923,
5472,E0120200084201,空港緑地志海苔ふれあい広場,北海道函館市志海苔町294-1,,1,,1,,,,,,41.767436713503,140.82288208217,
5473,E0120200085201,函館中部高等学校,北海道函館市時任町11-3,,,,1,1,,,,1,41.78305215,140.7522177,
5474,E0120200306201,もと汐首西会館前高台,北海道函館市汐首町331-1,,,,,1,,,,,41.716469,140.952388,
5475,E0120200087201,汐首神社境内,北海道函館市汐首町362,,,,1,,,,,,41.71566146,140.9525936,
5476,E0120200298201,ＪＲイン函館,北海道函館市若松町12-14,,,,,1,,,,,41.773792,140.725722,
5477,E0120200297201,ラ・ジェント・ステイ函館駅前,北海道函館市若松町12-8,,,,,1,,,,,41.774496,140.727243,
5478,E0120200089201,プレミアホテル－キャビン　プレジデント－函館,北海道函館市若松町14-10,,,,,1,,,,,41.77268916,140.7265349,
5479,E0120200090201,コンフォートホテル函館,北海道函館市若松町16-3,,,,,1,,,,,41.77211265,140.7280423,
5480,E0120200091201,ホテルルートイングランティア函館駅前,北海道函館市若松町21-3,,,,,1,,,,,41.77410408,140.7282594,
5481,E0120200092201,総合福祉センター,北海道函館市若松町33-6,,,,1,1,,,,1,41.77718157,140.7307039,
5482,E0120200095201,女那川町５２番地裏　高台,北海道函館市女那川町52,,,,,1,,,,,41.76165853,141.0807339,
5483,E0120200096201,女那川町８５番地裏　高台,北海道函館市女那川町85,,,,,1,,,,,41.76106962,141.0862799,
5484,E0120200097201,女那川町９１番地裏　高台,北海道函館市女那川町91,,,,,1,,,,,41.76200899,141.0874191,
5485,E0120200098201,戸井幼稚園,北海道函館市小安町523-7,,1,,1,1,,,,1,41.73956619,140.9301033,
5486,E0120200099201,戸井西部総合センター,北海道函館市小安町525-1,,1,,1,1,,,,1,41.73964512,140.931309,
5487,E0120200100201,もと戸井西小学校グラウンド,北海道函館市小安町548-1,,,,,1,,,,,41.740744100362,140.92565159692,
5488,E0120200101202,もと小安中央会館前高台,北海道函館市小安町717-1,,,,,1,,,,,41.74416,140.916498,
5489,E0120200102201,函館商業高等学校,北海道函館市昭和1-17-1,,,,1,,,,,1,41.81393004,140.7423874,
5490,E0120200103201,昭和小学校,北海道函館市昭和1-5-5,1,,,1,1,,,,1,41.8127813,140.7435268,
5491,E0120200105201,北昭和小学校,北海道函館市昭和4-38-1,1,1,,1,1,,,,1,41.82132659,140.7312299,
5492,E0120200107201,柏野小学校,北海道函館市松陰町5-10,1,,,1,,,,,1,41.79132912,140.7594849,
5493,E0120200111201,市営松川改良団地,北海道函館市松川町41-8,,,,,1,,,,,41.78743785,140.7369868,
5494,E0120200115201,東横ＩＮＮ函館駅前大門,北海道函館市松風町5-1,,,,,1,,,,,41.77105838,140.7303307,
5495,E0120200116201,函館地方裁判所,北海道函館市上新川町1-8,,,,,1,,,,,41.77835389,140.7387757,
5496,E0120200117201,上湯川小学校,北海道函館市上湯川町295,1,1,,1,1,,,,1,41.78382997,140.8158918,
5497,E0120200118201,市民の森　※広域,北海道函館市上湯川町327-1,,1,,1,,,,,,41.78725661,140.8201297,
5498,E0120200120201,函館中央郵便局,北海道函館市新川町1-6,,,,,1,,,,,41.77404684,140.7340886,
5499,E0120200121201,函館パークホテル,北海道函館市新川町29-15,,,,,1,,,,,41.7778757,140.737525,
5500,E0120200122201,中部小学校,北海道函館市新川町30-26,,,,1,1,,,,1,41.778072,140.736572,
5501,E0120200313201,もと鎌歌小学校敷地,北海道函館市新二見町146,,,,,1,,,,,41.723705,141.029115,
5502,E0120200123201,新二見町１２番地裏　高台,北海道函館市新二見町15,,,,,1,,,,,41.720018259833,141.0273648151,
5503,E0120200125201,椴法華小学校,北海道函館市新八幡町86-1,,1,,1,1,,,1,1,41.83004991,141.1438277,
5504,E0120200126201,椴法華中学校,北海道函館市新浜町151-1,,1,,1,,,,,1,41.83471826,141.1409934,
5505,E0120200127201,椴法華総合センター,北海道函館市新浜町156-1,,1,,,1,,,1,,41.83281937,141.1412284,
5506,E0120200129201,函館共働宿泊所救護部,北海道函館市新湊町261,,1,,1,1,,,,1,41.76148702,140.8463368,
5507,E0120200130201,深堀小学校,北海道函館市深堀町14-2,1,,,1,1,,,,1,41.78861338,140.7794863,
5508,E0120200132201,深堀中学校,北海道函館市深堀町28-1,1,1,,1,1,,,,1,41.7863331,140.781346,
5509,E0120200133201,函館競馬場駐車場,北海道函館市深堀町90-2,1,,,1,1,,,,,41.78590987,140.7769751,
5510,E0120200134201,神山小学校,北海道函館市神山町233-1,,1,,1,,,,,1,41.82031469,140.7635804,
5511,E0120200136201,史跡四稜郭,北海道函館市陣川町59,,,,1,,,,,,41.82569881,140.770591,
5512,E0120200137201,陣川あさひ町会館,北海道函館市陣川町79-55,1,1,,1,,,,,,41.8351833,140.7897086,
5513,E0120200140201,瀬田来町２６番地裏　高台,北海道函館市瀬田来町26,,,,,1,,,,,41.71287885,140.9742664,
5514,E0120200141201,瀬田来会館,北海道函館市瀬田来町325,,,,,1,,,,,41.714487,140.979588,
5515,E0120200142201,瀬田来神社境内,北海道函館市瀬田来町370-1,,,,1,1,,,,,41.7147575,140.9807901,
5516,E0120200144201,旭岡小学校,北海道函館市西旭岡町1-33-1,1,1,,1,,,,,1,41.79660565,140.8241755,
5517,E0120200145201,旭岡公園,北海道函館市西旭岡町2-38,,,,1,,,,,,41.79959,140.82776,
5518,E0120200148201,旭岡中学校,北海道函館市西旭岡町3-5,1,1,,1,,,,,1,41.80398732,140.8323006,
5519,E0120200149201,西桔梗中央緑地,北海道函館市西桔梗町589-53,,,,1,,,,,,41.82799705,140.7237599,
5520,E0120200150201,西桔梗西緑地,北海道函館市西桔梗町589-65,,,,1,,,,,,41.82803442,140.7199964,
5521,E0120200152201,青柳中学校,北海道函館市青柳町10-7,,,,1,1,,,,1,41.75819367,140.7147994,
5522,E0120200153201,青柳小学校,北海道函館市青柳町22-13,,1,,1,1,,,,1,41.75778063,140.7180631,
5523,E0120200154201,住吉公園,北海道函館市青柳町35,,1,,1,,,,,,41.75457391,140.7186181,
5524,E0120200155201,もと石崎小学校グラウンド,北海道函館市石崎町438,,1,,,1,,,,,41.75615669,140.8763063,
5525,E0120200156201,石川町会館,北海道函館市石川町150-2,1,,,1,,,,,,41.83307248,140.7453721,
5526,E0120200157201,函館高等支援学校,北海道函館市石川町181-8,1,,,1,,,,,1,41.83875554,140.741845,
5527,E0120200160201,石川公園,北海道函館市石川町5-65,,,,1,,,,,,41.82397399,140.7390244,
5528,E0120200162201,赤川中学校,北海道函館市赤川町125,,1,,1,,,,,1,41.8303021,140.7616409,
5529,E0120200166201,赤川町会館,北海道函館市赤川町396-2,,1,,1,,,,,,41.837171,140.769194,
5530,E0120200312201,大鎌電気株式会社,北海道函館市赤川町576-2,,,,1,,,,,,41.855891,140.780705,
5531,E0120200299201,アートビュー千歳,北海道函館市千歳町20-7,,,,,1,,,,,41.774552,140.738895,
5532,E0120200310201,サンヴェール千歳,北海道函館市千歳町3-11,,,,,1,,,,,41.772124,140.739423,
5533,E0120200168201,千代台公園,北海道函館市千代台町22,1,,,1,1,,,,,41.78586129,140.7465763,
5534,E0120200170201,南茅部総合センター,北海道函館市川汲町1520-4,,1,,1,1,,,1,1,41.90609078,140.9713262,
5535,E0120200171201,南茅部高等学校,北海道函館市川汲町1560,,1,,1,1,,,,1,41.90508181,140.9688695,
5536,E0120200173201,南茅部中学校,北海道函館市川汲町1657,,1,,1,1,,,,1,41.9076735,140.9634309,
5537,E0120200174201,川汲会館,北海道函館市川汲町272-1,,1,,,,,,,,41.90576186,140.9792837,
5538,E0120200176201,函館工業高等学校,北海道函館市川原町5-13,1,,,1,,,,,1,41.79236196,140.7681066,
5539,E0120200177201,恵山総合体育館,北海道函館市川上町506,,1,,,,,,1,,41.76355239,141.0753747,
5540,E0120200179201,銭亀沢小学校,北海道函館市銭亀町339,,1,,1,1,,,,1,41.76135551,140.8364984,
5541,E0120200180201,磯谷会館,北海道函館市双見町148-9,,1,,,,,,,1,41.992844,140.894364,
5542,E0120200181201,尻岸内会館,北海道函館市大澗町146-2,,1,,1,1,,,,,41.74745102,141.0739891,
5543,E0120200182201,尻岸内八幡神社,北海道函館市大澗町194,,1,,,1,,,,,41.74603193,141.0735614,
5544,E0120200311201,グランパレット函館,北海道函館市大手町1-1,,,,,1,,,,,41.76619,140.724118,
5545,E0120200183201,東横ＩＮＮ函館駅前朝市,北海道函館市大手町22-7,,,,,1,,,,,41.77147468,140.724691,
5546,E0120200296201,函館国際ホテル,北海道函館市大手町5-10,,,,,1,,,,,41.769794,140.723404,
5547,E0120200184201,ホテル函館ロイヤルシーサイド,北海道函館市大森町16-9,,,,,1,,,,,41.76899181,140.7330157,
5548,E0120200185201,ホテルグローバルビュー函館,北海道函館市大森町25-3,,,,,1,,,,,41.76991888,140.7355856,
5549,E0120200186201,あさひ小学校,北海道函館市大森町6-11,,,,1,1,,,,1,41.76670772,140.7326106,
5550,E0120200302201,函館開発建設部,北海道函館市大川町1-27,,,,,1,,,,,41.797248,140.739109,
5551,E0120200187201,大川公園,北海道函館市大川町11,,,,1,,,,,,41.7983,140.74107,
5552,E0120200188201,大船町２３９番地裏　高台,北海道函館市大船町239,,,,,1,,,,,41.96505754,140.9178777,
5553,E0120200192201,大船町３８１番地裏　高台,北海道函館市大船町388,,,,,1,,,,,41.97058966,140.9084256,
5554,E0120200316201,大船霊園駐車場,北海道函館市大船町388-1,,,,1,1,,,,,41.968912,140.906033,
5555,E0120200320201,大船遺跡縄文広場駐車場,北海道函館市大船町557-1,,1,1,1,1,,,,,41.957703,140.922747,
5556,E0120200193201,南かやべ保養センター,北海道函館市大船町832-1,,,,1,1,,,,,41.93740648,140.9127583,
5557,E0120200194201,北星小学校,北海道函館市大縄町24-26,,,,1,1,,,,1,41.78303817,140.7338352,
5558,E0120200196201,青少年研修センター,北海道函館市谷地頭町5-14,,,,1,1,,,,1,41.75107315,140.7113393,
5559,E0120200198201,鍛神小学校,北海道函館市鍛治2-46-4,1,1,,1,,,,,1,41.81160601,140.7656004,
5560,E0120200199201,中島小学校,北海道函館市中島町30-5,,,,1,1,,,,1,41.784551,140.7433091,
5561,E0120200202201,中浜会館,北海道函館市中浜町101-5,,1,,1,,,,,,41.75361872,141.0761097,
5562,E0120200203201,中浜町１１３番地裏高台,北海道函館市中浜町113,,,,,1,,,,,41.755954126083,141.07439597845,
5563,E0120200204201,えさん小学校,北海道函館市中浜町79,,1,,1,,,,1,1,41.75769804,141.077235,
5564,E0120200207201,銚子町９４番地裏　高台,北海道函館市銚子町94,,,,,1,,,,,41.84233716,141.1391609,
5565,E0120200208201,鶴野町会館,北海道函館市鶴野町319-2,,,,1,,,,,,41.7666856,140.8849584,
5566,E0120200209201,巴中学校,北海道函館市的場町12-7,,,,1,1,,,,1,41.77982969,140.7516949,
5567,E0120200211201,函館市役所,北海道函館市東雲町4-13,,,,1,1,,,,,41.76868002,140.7288973,
5568,E0120200212201,東山小学校,北海道函館市東山2-3-1,1,1,,1,,,,,1,41.80557963,140.7734687,
5569,E0120200213201,東山墓園,北海道函館市東山町114,,1,,1,,,,,,41.81393399,140.7749261,
5570,E0120200214201,道営住宅高田屋通団地１号棟,北海道函館市東川町11-14,,,,,1,,,,,41.76328088,140.7220506,
5571,E0120200215201,道営住宅であえーる大森浜団地Ａ棟,北海道函館市東川町18-1,,,,,1,,,,,41.76186291,140.7259215,
5572,E0120200216201,道営住宅であえーる大森浜団地Ｂ棟,北海道函館市東川町18-2,,,,,1,,,,,41.76205898,140.7265653,
5573,E0120200217201,望楼ＮＯＧＵＣＨＩ函館,北海道函館市湯川町1-17-22,,,,,1,,,,,41.77874435,140.7842021,
5574,E0120200218201,函館湯の川温泉　湯元啄木亭,北海道函館市湯川町1-18-15,,,,,1,,,,,41.77859993,140.782575,
5575,E0120200222201,函館湯の川　平成館海羊亭,北海道函館市湯川町1-3-8,,,,,1,,,,,41.77498611,140.7858923,
5576,E0120200220201,函館アリーナ,北海道函館市湯川町1-32-2,1,1,,1,1,,,,1,41.78225987,140.7832273,
5577,E0120200309201,函館旅宿　箱だて館,北海道函館市湯川町1-39-11,,,,,1,,,,,41.781197,140.780329,
5578,E0120200223201,坂の上公園,北海道函館市湯川町2-33,1,,,1,1,,,,,41.78340451,140.785619,
5579,E0120200225201,湯川中学校,北海道函館市湯川町2-41-1,1,1,,1,1,,,,1,41.78400723,140.7876035,
5580,E0120200226201,有斗高等学校敷地,北海道函館市湯川町2-43-1,1,1,1,1,1,,,,1,41.78637303,140.7860877,
5581,E0120200304201,イマジンホテル＆リゾート函館,北海道函館市湯川町3-1-17,,,,,1,,,,,41.774323,140.790909,
5582,E0120200228201,湯川小学校,北海道函館市湯川町3-42-1,1,1,,1,1,,,,1,41.78032145,140.7965349,
5583,E0120200305201,函館湯の川温泉海と灯,北海道函館市湯川町3-9-20,,,,,1,,,,,41.77504,140.790398,
5584,E0120200229201,恵山コミュニティセンター,北海道函館市日ノ浜町154,,1,,1,,,,1,1,41.78503606,141.1055698,
5585,E0120200231201,日浦会館,北海道函館市日浦町82,,,,1,,,,,,41.73357803,141.0507573,
5586,E0120200232201,日浦町９０番地裏　高台,北海道函館市日浦町90,,,,,1,,,,,41.73440843,141.0496182,
5587,E0120200233201,日吉が丘小学校,北海道函館市日吉町2-34-1,1,1,,1,,,,,1,41.79404817,140.7874063,
5588,E0120200234201,北日吉小学校,北海道函館市日吉町4-5-5,1,1,,1,,,,,1,41.80032677,140.7925615,
5589,E0120200236201,日吉公園,北海道函館市日吉町4-8,,1,,1,,,,,,41.80478091,140.7939817,
5590,E0120200303201,日乃出改良団地,北海道函館市日乃出町22-1,,,,,1,,,,,41.775208,140.753624,
5591,E0120200314201,函館地方電気工事協同組合,北海道函館市日乃出町7-22,,,,,1,,,,,41.775421,140.748718,
5592,E0120200241201,恵山市民センター,北海道函館市柏野町117-209,,,,,1,,,,,41.790106516265,141.15355213862,
5593,E0120200243201,恵山中学校,北海道函館市柏野町9,,1,,1,1,,,1,1,41.78709341,141.1406511,
5594,E0120200244201,もと日新中学校グラウンド,北海道函館市泊町126,,,,,1,,,,,41.716345180012,141.00362987348,
5595,E0120200245201,泊町１６番地裏　高台,北海道函館市泊町16,,,,,1,,,,,41.71535739,141.0005266,
5596,E0120200246201,白石公園,北海道函館市白石町208,,,,1,1,,,,,41.7568453,140.9008528,
5597,E0120200300201,北海道教育大学函館校,北海道函館市八幡町1-2,,,,,1,,,,,41.792677,140.740771,
5598,E0120200247201,八幡小学校,北海道函館市八幡町15-30,,,,1,1,,,,1,41.7936854,140.7371656,
5599,E0120200248201,尾札部町１１９番地裏　高台,北海道函館市尾札部町119,,,,,1,,,,,41.89412804,141.0321905,
5600,E0120200249201,南茅部プール,北海道函館市尾札部町1608-1,,1,,1,1,,,,1,41.89656186,140.9942637,
5601,E0120200250201,南茅部小学校,北海道函館市尾札部町1609-1,,1,,1,1,,,1,1,41.89613167,140.9949819,
5602,E0120200252201,尾札部町２８番地裏　高台,北海道函館市尾札部町28,,,,,1,,,,,41.89329457,141.0397672,
5603,E0120200254201,函館市亀田交流プラザ,北海道函館市美原1-26-12,,,,1,,,,,1,41.81509595,140.752372,
5604,E0120200255201,中央小学校,北海道函館市美原2-28-1,,,,1,,,,,1,41.81577586,140.7601642,
5605,E0120200257201,亀田中学校,北海道函館市美原3-30-3,,,,1,,,,,1,41.81873108,140.7467693,
5606,E0120200258201,戸井生涯学習センター,北海道函館市浜町366-1,,1,,1,,,,,,41.72270024,141.012762,
5607,E0120200259201,宮川神社境内,北海道函館市浜町630,,,,1,1,,,,,41.72052735,141.0077973,
5608,E0120200260201,富浦町１２６番地裏　高台,北海道函館市富浦町126,,,,,1,,,,,41.8268941,141.1524798,
5609,E0120200262201,亀田小学校,北海道函館市富岡町1-18-1,,1,,1,1,,,,1,41.8013854,140.7428924,
5610,E0120200263201,五稜郭中学校,北海道函館市富岡町1-18-2,,1,,1,1,,,,1,41.80272129,140.741839,
5611,E0120200264201,富岡中央公園,北海道函館市富岡町1-64,,,,1,,,,,,41.81121526,140.7460284,
5612,E0120200265201,東富岡会館,北海道函館市富岡町2-46-7,1,,,1,,,,,,41.81060766,140.7492408,
5613,E0120200266201,弁才町３番地裏高台,北海道函館市弁才町3,,,,,1,,,,,41.718541,140.990134,
5614,E0120200267201,豊浦町１８番地裏　高台,北海道函館市豊浦町18,,,,,1,,,,,41.74211598,141.0706809,
5615,E0120200268201,高岸寺,北海道函館市豊浦町208,,,,,1,,,,,41.7441336,141.0713655,
5616,E0120200269201,銭亀沢中学校,北海道函館市豊原町140-30,,1,,1,1,,,,1,41.76703624,140.8631608,
5617,E0120200270201,もと臼尻中学校敷地,北海道函館市豊崎町205,,,,,1,,,,,41.954208,140.926552,
5618,E0120200271201,豊崎町７９番地裏　高台,北海道函館市豊崎町258,,,,,1,,,,,41.94026863,140.9337314,
5619,E0120200272201,ラビスタ函館ベイ,北海道函館市豊川町12-6,,,,,1,,,,,41.76776737,140.7189116,
5620,E0120200273201,メゾン・プレジデント,北海道函館市豊川町16-5,,,,,1,,,,,41.765673959498,140.7219302914,
5621,E0120200274201,市営豊川改良団地,北海道函館市豊川町3-1,,,,,1,,,,,41.76351571,140.7207078,
5622,E0120200275201,市営豊川特定公共賃貸住宅,北海道函館市豊川町3-8,,,,,1,,,,,41.76384418,140.7207244,
5623,E0120200276201,豊川コモンズ,北海道函館市豊川町7-24,,,,,1,,,,,41.76496489,140.719893,
5624,E0120200277201,北美原小学校,北海道函館市北美原1-9-16,1,,,1,,,,,1,41.82604367,140.7491764,
5625,E0120200278201,下宿喜多家,北海道函館市北浜町7-17,,,,,1,,,,,41.79789686,140.7268064,
5626,E0120200280201,本通小学校,北海道函館市本通1-47-2,1,,,1,,,,,1,41.79881763,140.7651268,
5627,E0120200281201,本通中学校,北海道函館市本通2-56-7,1,,,1,,,,,1,41.8037736,140.7684659,
5628,E0120200282201,南本通小学校,北海道函館市本通3-10-1,1,,,1,,,,,1,41.79506739,140.7734618,
5629,E0120200283201,鱒川小・中学校,北海道函館市鱒川町91,1,1,,1,,,,,1,41.8252681,140.8504288,
5630,E0120200284201,ヴィラコンコルディア,北海道函館市末広町3-5,,,,,1,,,,,41.76305192,140.7170993,
5631,E0120200285201,アクロス十字街,北海道函館市末広町5-14,,,,1,1,,,,,41.76368,140.717745,
5632,E0120200286201,シャトーム万代町,北海道函館市万代町1-1,,,,,1,,,,,41.78502318,140.7320918,
5633,E0120200287201,ハイツチャフル,北海道函館市万代町11-1,,,,,1,,,,,41.78907945,140.7308787,
5634,E0120200288201,真宗大谷派萬年寺,北海道函館市万代町7-22,,,,,1,,,,,41.78897373,140.7327591,
5635,E0120200289201,北海道ガス株式会社函館支店,北海道函館市万代町8-1,,,,,1,,,,,41.78960886,140.732391,
5636,E0120200291201,もと木直小学校敷地,北海道函館市木直町991,,,,,1,,,,,41.882802,141.069952,
5637,E0120200292201,弥生小学校,北海道函館市弥生町4-16,,1,,1,1,,,,1,41.76856769,140.7082984,
5638,E0120200293201,函館高等学校,北海道函館市柳町11-5,1,,,1,,,,,1,41.79454909,140.7619695,
5639,E0120200294201,千代田小学校,北海道函館市梁川町23-4,,,,1,1,,,,1,41.79216261,140.7483813,
5640,E0120200295201,梁川公園,北海道函館市梁川町24,1,,,1,1,,,,,41.79307606,140.7477754,
5641,E0134600001201,わらび野会館,北海道八雲町わらび野235,1,1,1,,,,,,1,42.17576854,140.356171,
5642,E0134600002201,旭丘高台,北海道八雲町旭丘189,,,,,1,,,,,42.19831769,140.4163575,
5643,E0134600003201,旭丘会館,北海道八雲町旭丘9,1,1,1,,,,,,1,42.19599313,140.406667,
5644,E0134600004201,シルバープラザ,北海道八雲町栄町13-1,1,1,1,1,,,,,1,42.25632609,140.2587122,
5645,E0134600005201,栄浜会館,北海道八雲町栄浜113,1,1,1,1,1,,,,1,42.176314,140.4529092,
5646,E0134600006201,鉛川会館,北海道八雲町鉛川24-1,1,1,1,1,,,,,1,42.27073906,140.1995248,
5647,E0134600007201,下の湯会館,北海道八雲町下の湯95-2,1,1,1,,,,,,1,42.16868364,140.396218,
5648,E0134600008201,花浦山会館,北海道八雲町花浦221-1,1,1,1,1,1,,,,1,42.29195626,140.253195,
5649,E0134600009201,花浦１区会館,北海道八雲町花浦387-6,1,1,1,1,,,,,1,42.28327368,140.2734341,
5650,E0134600010202,旧八雲養護学校敷地,北海道八雲町宮園町128-1,,,,,1,,,,,42.25003006,140.260897,
5651,E0134600010201,国立病院機構八雲病院敷地,北海道八雲町宮園町128-1,,,,,1,,,,,42.25078565,140.2635079,
5652,E0134600088202,熊石防災ステーション,北海道八雲町熊石鮎川町178,,,,,1,,,,,42.126087,140.015576,
5653,E0134600088201,熊石防災ステーション,北海道八雲町熊石鮎川町178,,,,,1,,,,,42.126091,140.015579,
5654,E0134600015201,ふれあい交流センターくまいし館,北海道八雲町熊石雲石町135-2,1,1,1,1,1,,,,1,42.12987734,139.980213,
5655,E0134600016201,岩藤宅裏,北海道八雲町熊石雲石町44-3,,,,,1,,,,,42.131274584679,139.96965926051,
5656,E0134600017201,熊石中学校（旧第一中学校）,北海道八雲町熊石雲石町600,1,1,1,1,1,,,,1,42.13120402,139.9765126,
5657,E0134600018201,熊石小学校（旧雲石小学校）,北海道八雲町熊石雲石町743-1,1,,1,1,1,,,,1,42.13092411,139.9750833,
5658,E0134600019201,高明寺,北海道八雲町熊石関内町448,1,,1,,1,,,,1,42.13590764,139.9237002,
5659,E0134600021201,旧関内小学校体育館,北海道八雲町熊石関内町83,1,,1,1,1,,,,1,42.135912692214,139.93359713558,
5660,E0134600023201,熊石総合センター,北海道八雲町熊石館平町111,1,,1,1,1,,,,1,42.07970819,140.0592901,
5661,E0134600024201,蓮華寺,北海道八雲町熊石館平町22-1,1,,1,,1,,,,1,42.07518152,140.0624852,
5662,E0134600025201,八幡神社,北海道八雲町熊石館平町34,,,,,1,,,,,42.07647309,140.0618963,
5663,E0134600026201,館平線（パイロット）,北海道八雲町熊石館平町346-23,,,,,1,,,,,42.084787533296,140.07488402459,
5664,E0134600027201,稲荷神社（館平）,北海道八雲町熊石館平町88,,,,,1,,,,,42.078172,140.060368,
5665,E0134600029201,稲荷神社（見日地区）,北海道八雲町熊石見日町462,,,,,1,,,,,42.11798997,140.020581,
5666,E0134600087201,熊石総合支所,北海道八雲町熊石根崎町116,,1,1,1,1,,,,,42.129294,139.983072,
5667,E0134600086201,平井宅横山道,北海道八雲町熊石根崎町48,,,,,1,,,,,42.129453,139.986411,
5668,E0134600033201,門昌庵,北海道八雲町熊石畳岩町553-1,1,,1,,1,,,,1,42.12965841,139.9891962,
5669,E0134600034201,畳岩振興会館,北海道八雲町熊石畳岩町66-3,1,,1,1,1,,,,1,42.12749946,139.9928943,
5670,E0134600036201,砂山宅横、山道,北海道八雲町熊石西浜町45-2,,,,,1,,,,,42.13018765,139.9553574,
5671,E0134600037201,稲荷神社付近（西浜）,北海道八雲町熊石西浜町667-2,,,,,1,,,,,42.13083998,139.9466659,
5672,E0134600039201,旧熊石第二中学校,北海道八雲町熊石折戸町178-1,1,1,1,1,1,,,,1,42.07099011,140.0734584,
5673,E0134600040201,折戸旧道線（七曲り付近）,北海道八雲町熊石折戸町8-2,,,,,1,,,,,42.066682,140.070662,
5674,E0134600041201,無量寺,北海道八雲町熊石相沼町129-1,1,,1,,1,,,,1,42.07487205,140.0632418,
5675,E0134600042201,相沼２号線（配水池）,北海道八雲町熊石相沼町290-2,,,,,1,,,,,42.072647784707,140.06517473478,
5676,E0134600044201,泊川児童館,北海道八雲町熊石泊川町134,1,1,1,,1,,,,1,42.08575993,140.0547299,
5677,E0134600045201,飯田（裕子）宅裏,北海道八雲町熊石泊川町196,,,,,1,,,,,42.08851186,140.0527885,
5678,E0134600046201,大井宅裏,北海道八雲町熊石泊川町211,,,,,1,,,,,42.08914661,140.0525373,
5679,E0134600047201,旧泊川小学校（２階、屋上）,北海道八雲町熊石泊川町236-1,,,1,1,1,,,,1,42.09143414,140.052501,
5680,E0134600048201,野上宅横、山道,北海道八雲町熊石泊川町72,,,,,1,,,,,42.08455908,140.0559172,
5681,E0134600051201,熊石歴史記念館,北海道八雲町熊石平町325-3,1,1,1,1,1,,,,1,42.13237397,140.0034091,
5682,E0134600053201,関村（とも子）宅山道,北海道八雲町熊石鳴神町135-4,,,,,1,,,,,42.131118,139.963025,
5683,E0134600055201,中山グラウンド跡地,北海道八雲町黒岩279-2,,,,,1,,,,,42.36014428,140.2850473,
5684,E0134600056201,善通寺,北海道八雲町黒岩295,1,1,1,,,,,,1,42.35627614,140.2843706,
5685,E0134600057201,黒岩中央跨道橋付近,北海道八雲町黒岩598-14,,,,,1,,,,,42.37727673,140.2833687,
5686,E0134600058201,黒岩会館,北海道八雲町黒岩644-47,1,1,1,,,,,,1,42.37028655,140.2888217,
5687,E0134600059201,大川高台,北海道八雲町黒岩712-4,,,,,1,,,,,42.34182112,140.2781929,
5688,E0134600060201,赤笹会館,北海道八雲町桜野43-3,1,1,1,1,,,,,1,42.17386369,140.3345494,
5689,E0134600061201,三杉町会館,北海道八雲町三杉町25-21,1,1,1,1,,,,,1,42.2483742,140.2763455,
5690,E0134600062201,山越小学校,北海道八雲町山越474-2,1,1,1,1,1,,,,1,42.23042967,140.3238787,
5691,E0134600063201,山崎２区会館,北海道八雲町山崎309,1,1,1,,1,,,,1,42.32238922,140.2543982,
5692,E0134600064201,山崎小学校,北海道八雲町山崎375,1,1,1,1,,,,,1,42.31756184,140.2721818,
5693,E0134600065201,八雲小学校,北海道八雲町住初町140,1,1,1,1,,,,,1,42.25664547,140.2649148,
5694,E0134600066201,八雲町民センター,北海道八雲町出雲町60-13,1,1,1,1,1,,,,1,42.24942721,140.2702676,
5695,E0134600067201,春日会館,北海道八雲町春日429-3,1,1,1,,,,,,1,42.23710569,140.241027,
5696,E0134600068201,上の湯会館,北海道八雲町上の湯173,1,1,1,1,,,,,1,42.1245572,140.3747986,
5697,E0134600069201,上八雲会館,北海道八雲町上八雲296-3,1,1,1,1,,,,,1,42.28783155,140.1561915,
5698,E0134600070201,相生公園,北海道八雲町相生町113-2,,,,,1,,,,,42.25006254,140.2736261,
5699,E0134600071201,大新会館,北海道八雲町大新143,1,1,1,1,,,,,1,42.23211392,140.2550218,
5700,E0134600072201,八雲中学校,北海道八雲町東雲町36,1,1,1,,,,,,1,42.25439488,140.2788102,
5701,E0134600073201,東部生活館,北海道八雲町東町42-1,1,1,1,1,,,,,1,42.25648018,140.2725934,
5702,E0134600074201,東野小学校,北海道八雲町東野471,1,1,1,1,1,,,,1,42.20919251,140.3901073,
5703,E0134600075201,落部公園,北海道八雲町入沢360-1,,,,,1,,,,,42.18171157,140.421011,
5704,E0134600076201,熱田会館,北海道八雲町熱田254-2,1,1,1,1,,,,,1,42.22425121,140.2708412,
5705,E0134600077201,浜松小学校,北海道八雲町浜松239,1,1,1,1,,,,,1,42.2381116,140.3013121,
5706,E0134600078201,噴火湾パノラマパークパノラマ館,北海道八雲町浜松368-8,,,,,1,,,,,42.227199,140.3139122,
5707,E0134600079201,はぴあ八雲,北海道八雲町本町110-1,1,1,1,1,,,,,1,42.25518575,140.2712372,
5708,E0134600080201,野田生小学校,北海道八雲町野田生457-2,1,1,1,1,1,,,,1,42.21495501,140.3765357,
5709,E0134600081201,ト印水産地先,北海道八雲町落部1139,,,,,1,,,,,42.18728739,140.4331322,
5710,E0134600082201,落部中学校,北海道八雲町落部347,1,1,1,,,,,,1,42.18739193,140.4270744,
5711,E0134600083201,落部町民センター,北海道八雲町落部879,1,1,1,1,,,,,1,42.18625902,140.4227928,
5712,E0134600084201,立岩会館,北海道八雲町立岩309-1,1,1,1,,,,,,1,42.26630033,140.2563553,
5713,E0134600085201,立岩公園付近,北海道八雲町立岩424-1,,,,,1,,,,,42.265581,140.226708,
5714,E0145500001201,南分館広場,北海道比布町基線2,1,1,,1,,1,1,,,43.854196128015,142.46662491419,
5715,E0145500002201,中央小学校グラウンド,北海道比布町寿町4-1-1,1,1,,1,,1,1,,1,43.880198017945,142.48066566926,
5716,E0145500003201,比布町多目的広場,北海道比布町南町2,1,1,,1,,1,1,,,43.872309585478,142.47708223802,
5717,E0145500005201,東園広場,北海道比布町北２線13,1,1,,1,,1,1,,,43.898170431959,142.50501330133,
5718,E0145500006201,比布中学校グラウンド,北海道比布町北２線8,1,1,,1,,1,1,,,43.882023035911,142.48523615343,
5719,E0145500008201,旧蘭留小学校グラウンド,北海道比布町北９線14,1,1,,1,,1,1,,,43.925129637364,142.47956389046,
5720,E0121500001201,旧茶志内小学校グラウンド,北海道美唄市字チャシュナイ1015-25,1,1,,1,,1,1,,,43.371556,141.86829,
5721,E0121500004201,美唄尚栄高等学校グラウンド,北海道美唄市西一条南6-1-1,,1,,1,,1,,,1,43.3238468453502,141.855709604828,
5722,E0121500008201,美唄中学校グラウンド,北海道美唄市西五条北3-3-1,,1,,1,,1,,,1,43.3387474975971,141.848019127977,
5723,E0121500006201,中央小学校グラウンド,北海道美唄市西四条北1-3-2,,1,,1,,1,,,1,43.3354533495021,141.851132749191,
5724,E0121500012201,美唄養護学校グラウンド,北海道美唄市東七条南3-1-1,1,1,,1,,1,1,,1,43.3269050972708,141.881486196309,
5725,E0121500014201,東小学校グラウンド,北海道美唄市東七条北1-3-1,1,1,,1,,1,1,,1,43.3313094947146,141.88222281132,
5726,E0121500016201,東中学校グラウンド,北海道美唄市東七条北2-1-1,1,1,,1,,1,1,,1,43.3321340526596,141.88135311522,
5727,E0121500010201,美唄聖華高等学校グラウンド,北海道美唄市東六条北2-1-1,1,1,,1,,1,1,,1,43.331881271661,141.878290400896,
5728,E0121500020201,旧峰延中学校グラウンド,北海道美唄市峰延町本町,1,1,,1,,1,1,,,43.263329,141.819336,
5729,E0145900001201,光明寺,北海道美瑛町旭町1-7-1,1,1,,1,,1,1,1,,43.594052027299,142.46891355551,
5730,E0145900002201,美瑛高等学校,北海道美瑛町旭町1-9-2,1,1,,1,,1,1,1,1,43.595500104421,142.47042609856,
5731,E0145900003201,全休寺,北海道美瑛町旭町2-1-2,1,1,,1,,1,1,1,,43.593286648943,142.46910667455,
5732,E0145900004201,スポーツセンター,北海道美瑛町丸山1-1-9,1,1,,1,,1,1,1,1,43.583653735789,142.47475488044,
5733,E0145900005201,美瑛東小学校,北海道美瑛町丸山2-8-15,1,1,,1,,1,1,1,1,43.582709676138,142.47820210477,
5734,E0145900006201,地域人材育成研修交流センター,北海道美瑛町字旭第2,1,1,,1,,1,1,1,1,43.6601171122,142.41511027735,
5735,E0145900007201,旭老人いこいの家,北海道美瑛町字旭北星,1,1,,1,,1,1,1,,43.659178166676,142.40669672118,
5736,E0145900008201,本勝寺,北海道美瑛町字下宇莫別第3,1,1,,1,,1,1,1,,43.612076129134,142.47908279114,
5737,E0145900009201,美瑛町農業担い手研修センター,北海道美瑛町字下宇莫別朝日,1,1,,1,,1,1,1,1,43.610184294293,142.49187410466,
5738,E0145900010201,五稜会館,北海道美瑛町字五稜第5,1,1,,1,,1,1,1,1,43.597465147937,142.38080599299,
5739,E0145900011201,三愛総合会館,北海道美瑛町字三愛みどり,1,1,,1,,1,1,1,,43.58231398079,142.46279340356,
5740,E0145900012201,新区画行政区会館,北海道美瑛町字新区画向上,1,1,,1,,1,1,1,,43.590701108328,142.50680491769,
5741,E0145900013201,新星地域推進センター,北海道美瑛町字新星第2,1,1,,1,,1,1,1,,43.527890805485,142.47179374103,
5742,E0145900014201,四季の交流館,北海道美瑛町字新星緑ケ丘,1,1,,1,,1,1,1,,43.531490167414,142.48935173747,
5743,E0145900015201,水沢転作研修センター,北海道美瑛町字水沢,1,1,,1,,1,1,1,,43.568673053321,142.48652705477,
5744,E0145900016201,大村転作研修センター,北海道美瑛町字大村村山,1,1,,1,,1,1,1,,43.596950998494,142.43688427846,
5745,E0145900017201,置杵牛農産物加工交流施設,北海道美瑛町字置杵牛中央,1,1,,1,,1,1,1,1,43.565153395212,142.57330221232,
5746,E0145900018201,（旧）宇莫別小学校,北海道美瑛町字中宇莫別第2,1,1,,1,,1,1,1,1,43.581772601507,142.5987286697,
5747,E0145900019201,藤野行政区会館,北海道美瑛町字藤野中央,1,1,,1,,1,1,1,,43.578917226862,142.50480379728,
5748,E0145900020201,二股行政区会館,北海道美瑛町字二股,1,1,,1,,1,1,1,1,43.5116177081731,142.391349209192,
5749,E0145900021201,十勝岳望岳台防災シェルター,北海道美瑛町字白金,1,1,,1,,1,1,1,1,43.4476527028107,142.649412468117,
5750,E0145900021203,白金保養センター,北海道美瑛町字白金,1,1,,1,,1,1,1,1,43.473578908599,142.64197128483,
5751,E0145900021204,大雪青少年交流の家,北海道美瑛町字白金,1,1,,1,,1,1,1,1,43.472489689559,142.65040727127,
5752,E0145900021202,十勝岳火山砂防情報センター,北海道美瑛町字白金,1,1,,1,,1,1,1,1,43.4771840579,142.64022004868,
5753,E0145900022201,美瑛中学校,北海道美瑛町字美瑛原野４線,1,1,,1,,1,1,1,1,43.589638337001,142.48106037874,
5754,E0145900023201,農業技術研修センター,北海道美瑛町字美瑛原野５線,1,1,,1,,1,1,1,,43.589139898884,142.49298311633,
5755,E0145900024201,美沢へき地保育所,北海道美瑛町字美沢,1,1,,1,,1,1,1,1,43.543137482557,142.5325515589,
5756,E0145900024202,美沢行政区会館,北海道美瑛町字美沢,1,1,,1,,1,1,1,1,43.543306846552,142.53279735978,
5757,E0145900024203,美沢小学校,北海道美瑛町字美沢中央,1,1,,1,,1,1,1,1,43.543985073152,142.5300302706,
5758,E0145900025201,美田研修センター,北海道美瑛町字美田第2,1,1,,1,,1,1,1,,43.612137267364,142.40221438435,
5759,E0145900026201,俵真布行政区会館,北海道美瑛町字俵真布,1,1,,1,,1,1,1,1,43.590610690186,142.63471701009,
5760,E0145900026202,（旧）俵真布小学校,北海道美瑛町字俵真布中央,1,1,,1,,1,1,1,1,43.590019745113,142.63596997977,
5761,E0145900027201,福富行政区会館,北海道美瑛町字福富福美沢,1,1,,1,,1,1,1,,43.548372239183,142.47026043313,
5762,E0145900028201,北瑛行政区会館,北海道美瑛町字北瑛第2,1,1,,1,,1,1,1,1,43.621406500328,142.44890534031,
5763,E0145900028202,北瑛小麦の丘体験交流施設,北海道美瑛町字北瑛第2,1,1,,1,,1,1,1,1,43.623809403354,142.44627514663,
5764,E0145900029202,西美体験交流館,北海道美瑛町字瑠辺蘂第2,1,1,,1,,1,1,1,1,43.558492917554,142.42021190295,
5765,E0145900029201,ルベシベ集落センター,北海道美瑛町字瑠辺蘂第2,1,1,,1,,1,1,1,1,43.558160935425,142.42260603425,
5766,E0145900030201,朗根内老人の家,北海道美瑛町字朗根内,1,1,,1,,1,1,1,1,43.628162393695,142.57667755221,
5767,E0145900030203,明徳小学校,北海道美瑛町字朗根内,1,1,,1,,1,1,1,1,43.630360654976,142.57794865203,
5768,E0145900030202,朗根内へき地保育所,北海道美瑛町字朗根内,1,1,,1,,1,1,1,1,43.628303008044,142.57830954236,
5769,E0145900031201,町民センター,北海道美瑛町寿町2-3-13,1,1,,1,,1,1,1,1,43.587186896659,142.47061222806,
5770,E0145900032201,美瑛小学校,北海道美瑛町西町2-1-1,1,1,,1,,1,1,1,1,43.587364615177,142.46013121645,
5771,E0145900033201,なかよし児童館,北海道美瑛町西町3-1-1,1,1,,1,,1,1,1,,43.587213238868,142.46233221691,
5772,E0145900034201,北区行政区会館,北海道美瑛町大町1-5-1,1,1,,1,,1,1,1,,43.592167638413,142.4597840384,
5773,E0145900035201,慶雲寺,北海道美瑛町中町2-1-7,1,1,,1,,1,1,1,,43.591760605876,142.46612315765,
5774,E0145900036201,美瑛町農業協同組合,北海道美瑛町中町2-6-31,1,1,,,,1,1,1,1,43.591181585242,142.4663034436,
5775,E0145900038201,どんぐり保育園,北海道美瑛町東町3-1-2,1,1,,1,,1,1,1,1,43.589559104921,142.47568361529,
5776,E0145900041201,美馬牛小学校,北海道美瑛町美馬牛南2-2-58,1,1,,1,,1,1,1,1,43.53661069617,142.45619179358,
5777,E0145900042201,美馬牛千歳会館,北海道美瑛町美馬牛北3-3-15,1,1,,1,,1,1,1,,43.538330022923,142.44490855468,
5778,E0145900043201,美馬牛中学校,北海道美瑛町美馬牛北3-7-1,1,1,,1,,1,1,1,1,43.54094472081,142.44325774757,
5779,E0145900044201,四季の情報館,北海道美瑛町本町1-2-14,1,1,,1,,1,1,1,1,43.591423082917,142.46281737681,
5780,E0145900045201,丘のまち交流館ｂｉ．ｙｅｌｌ,北海道美瑛町本町1-5-8,1,1,,1,,1,1,1,1,43.590846009543,142.46373281097,
5781,E0145900046201,総合交流促進施設,北海道美瑛町本町1-9-21,1,1,,1,,1,1,1,,43.592008863288,142.46357719429,
5782,E0145900047201,観音寺,北海道美瑛町本町2-5-5,1,1,,1,,1,1,1,,43.590819975149,142.4648361393,
5783,E0146900001201,恩根内センタープラザ,北海道美深町字恩根内76-2,1,1,,1,,1,1,,,44.59763016,142.304036,
5784,E0146900002201,美深交通ターミナル,北海道美深町字開運町1-1,1,1,,1,,1,1,,,44.48295847,142.3503445,
5785,E0146900005201,美深高校,北海道美深町字西町40,1,1,,1,,1,1,,,44.48720618,142.3424521,
5786,E0146900007201,川西改善センター,北海道美深町字川西68-1,1,1,,1,,1,1,,,44.48338684,142.3302728,
5787,E0146900010201,道の駅びふか,北海道美深町字大手307-1,1,1,,1,,1,1,,,44.5586339803946,142.32017174895,
5788,E0146900011201,ＳＵＮ２１,北海道美深町字東２北5-1,1,1,,1,,1,1,,,44.48637082,142.3461166,
5789,E0146900013201,南改善センター,北海道美深町字美深304-1,1,1,,1,,1,1,,,44.46949917,142.3528734,
5790,E0146900020201,ほっとプラザ☆スマイル,北海道美深町大通南2-9,1,1,,1,,1,1,,,44.481151229626,142.34643450066,
5791,E0146900021201,第一コミュニティセンター,北海道美深町東２南7-16-168,1,1,,1,,1,1,,,44.47724754,142.3510722,
5792,E0154300001201,あさひ公園,北海道美幌町字稲美100,1,1,,1,,,,,,43.819251250412,144.1210715609,
5793,E0154300002201,美幌中学校,北海道美幌町字稲美130,1,1,,1,,,,,1,43.819739487287,144.12590887577,
5794,E0154300003202,あさひ体育センター,北海道美幌町字稲美137,1,1,,1,,,,,1,43.818685803179,144.12436564401,
5795,E0154300003201,あさひ広場公園,北海道美幌町字稲美137,1,1,,1,,,,,1,43.81828023,144.1258753,
5796,E0154300004201,旭小学校,北海道美幌町字稲美140,1,1,,1,,,,,1,43.817058691355,144.12551859253,
5797,E0154300005201,みその公園,北海道美幌町字稲美64,1,1,,1,,,,,,43.81516,144.116227,
5798,E0154300006201,青稲地区ふれあい会館,北海道美幌町字稲美68,1,1,,1,,,,,1,43.818284554493,144.11576400935,
5799,E0154300007201,東陽小学校,北海道美幌町字栄町3-6,1,1,,1,,,,,1,43.829649312934,144.1104777679,
5800,E0154300008201,東陽保育園,北海道美幌町字栄町4-4-5,1,1,,1,,,,,,43.830688295414,144.10960545932,
5801,E0154300009201,駒生ふれあいセンター駐車場,北海道美幌町字駒生109,1,1,,1,,,,,,43.792897518926,144.13993458805,
5802,E0154300010201,古梅総合センター,北海道美幌町字古梅236,1,1,,,,,,,,43.722174874509,144.18446052465,
5803,E0154300011201,高野構造改善センター前庭,北海道美幌町字高野184,1,1,,1,,,,,,43.87559586,144.0627077,
5804,E0154300012201,みつはし北公園,北海道美幌町字三橋町2-11,1,1,,1,,,,,,43.82780356,144.1188008,
5805,E0154300013201,みつはしふれあい公園,北海道美幌町字三橋町南12,1,1,,1,,,,,,43.82469542,144.1126745,
5806,E0154300014201,旧栄森自然の家前庭,北海道美幌町字字栄森37,1,1,,1,,,,,,43.75611655,144.0105794,
5807,E0154300015201,昭野会館前庭,北海道美幌町字昭野151-3,1,1,,1,,,,,,43.81704825,144.0770477,
5808,E0154300016201,ひまわり公園,北海道美幌町字新町1-37,1,1,,1,,,,,1,43.83329155,144.1073831,
5809,E0154300016202,コミュニティセンター,北海道美幌町字新町1-37,1,1,,1,,,,,1,43.832907095994,144.10815746534,
5810,E0154300017201,美幌保育園,北海道美幌町字西一条北2-4-52,1,1,,1,,,,,1,43.825668022174,144.10086212613,
5811,E0154300018201,美幌小学校,北海道美幌町字西二条北4-1-1,1,1,,1,,,,,1,43.827509587666,144.10171351416,
5812,E0154300019201,あおやま南公園,北海道美幌町字青山南25,1,1,,1,,,,,,43.81959528,144.1124779,
5813,E0154300021201,老人憩い家,北海道美幌町字青山北2,1,1,,1,,,,,,43.822984886545,144.10790920224,
5814,E0154300022201,スポーツセンター,北海道美幌町字大通南5-8,1,1,,1,,,,,1,43.818111141512,144.09859864065,
5815,E0154300023201,美幌中央保育所,北海道美幌町字仲町1-142,1,1,,1,,,,,1,43.829404133998,144.10137551606,
5816,E0154300024201,仲町中央集会室前庭,北海道美幌町字仲町2-138,1,1,,1,,,,,,43.831576,144.105799,
5817,E0154300025201,北中学校,北海道美幌町字鳥里4-1,,1,,1,,,,,1,43.836382433493,144.0999378978,
5818,E0154300026201,田中地区農作業準備休憩施設,北海道美幌町字田中468,1,1,,1,,,,,1,43.821926231317,144.18830134853,
5819,E0154300027201,登栄集会室前庭,北海道美幌町字登栄102,1,1,,1,,,,,,43.721164475199,144.12865388656,
5820,E0154300028201,都橋地区構造改善センター駐車場,北海道美幌町字都橋58-4,1,1,,1,,,,,,43.80777038,144.1538551,
5821,E0154300031201,美幌町保健福祉総合センター,北海道美幌町字東三条北2-1,1,1,,1,,,,,1,43.824151468448,144.10788400636,
5822,E0154300032201,ひがしまち公園,北海道美幌町字東町1-12,1,1,,1,,,,,,43.82779175,144.1144723,
5823,E0154300029201,みなみまち広場,北海道美幌町字東二条南3-1-1,1,1,,1,,,,,,43.82028229,144.1044709,
5824,E0154300030201,町民会館（びほーる）,北海道美幌町字東二条北4-9-9,1,1,,1,,,,,1,43.826546423476,144.10844675563,
5825,E0154300033201,いなみ北公園,北海道美幌町字日の出1-29,,1,,1,,,,,,43.82390045,144.1246197,
5826,E0154300034201,ひなみ地域センター,北海道美幌町字日並92,1,1,,1,,,,,,43.788656530989,144.22030791316,
5827,E0154300035201,美幌博物館（みどりの村駐車場）,北海道美幌町字美禽204,1,1,,1,,,,,,43.83560632,144.0902078,
5828,E0154300037201,美幌みらい農業センター前庭,北海道美幌町字美富29,1,1,,1,,,,,,43.810304,144.111389,
5829,E0154300038201,母と子の家前庭,北海道美幌町字美富416-12,1,1,,1,,,,,,43.789475013406,144.08577634854,
5830,E0154300039201,美富団地内公園,北海道美幌町字美富56,1,1,,1,,,,,,43.811206,144.101459,
5831,E0154300040201,みとみ公園,北海道美幌町字美富7,1,1,,1,,,,,,43.813169,144.097892,
5832,E0154300041201,美和北会館前庭,北海道美幌町字美和32,1,1,,1,,,,,,43.80152946,144.0692257,
5833,E0154300042201,美和南会館前庭,北海道美幌町字美和355,1,1,,1,,,,,,43.77746029,144.0586471,
5834,E0154300043201,福住へき地保育所,北海道美幌町字福住635,1,1,,1,,,,,,43.77003878622,144.1730232,
5835,E0154300044201,報徳地区農作業準備休憩施設,北海道美幌町字報徳317,1,1,,1,,,,,1,43.849846968659,144.15869291787,
5836,E0154300045201,美幌高校,北海道美幌町字報徳94,1,1,,1,,,,,1,43.833566589945,144.12618745228,
5837,E0154300046201,豊岡自治会館,北海道美幌町字豊岡278-2,1,,,1,,,,,,43.8321835,144.0350811,
5838,E0154300047201,豊富地区農作業準備休憩施設,北海道美幌町字豊富192,1,1,,1,,,,,1,43.753312642366,144.17597089851,
5839,E0154300049201,てん菜共同育苗施設,北海道美幌町字豊幌36,1,1,,1,,,,,,43.77690888,144.079586,
5840,E0166400001201,標茶町開発センター　（中央公民館）,北海道標茶町旭2-6-1,,1,,1,,1,,,1,43.30081938604,144.60522057434,
5841,E0166400003201,開運コミュニティーハウス,北海道標茶町開運7-13,1,1,,1,,1,1,,1,43.298723381511,144.59594228728,
5842,E0166400004201,桜住民センター,北海道標茶町桜9-32,,1,,1,,1,,,1,43.293662190699,144.60331818935,
5843,E0166400005201,久著呂農村環境　改善センター,北海道標茶町字クチョロ原野256,1,1,,1,,1,1,,1,43.283821973722,144.37281998094,
5844,E0166400006201,上茶安別構造改善センター,北海道標茶町字チャンベツ原野基線13-10,1,1,,1,,1,1,,1,43.263801,144.637942,
5845,E0166400007201,沼幌小学校,北海道標茶町字ヌマオロ原野60-1,1,1,,1,,1,1,,1,43.282106788068,144.48975233979,
5846,E0166400008201,沼幌地区　世代交流センター,北海道標茶町字ヌマオロ原野60-10,1,1,,1,,1,1,,1,43.282159626814,144.4910728205,
5847,E0166400009201,阿歴内公民館,北海道標茶町字阿歴内原野基線136-30,1,1,,1,,1,1,,1,43.093664723752,144.57372279601,
5848,E0166400010201,磯分内酪農センター,北海道標茶町字熊牛原野１５線西1-1,1,1,,1,,1,1,,1,43.374623772441,144.55553066097,
5849,E0166400011201,磯分内小学校,北海道標茶町字熊牛原野１５線西3,1,1,,1,,1,1,,1,43.374910551911,144.55342767412,
5850,E0166400012201,上オソツベツ　へき地保健福祉館,北海道標茶町字上オソツベツ原野基線42-6,1,1,,1,,1,1,,1,43.366193,144.421434,
5851,E0166400013201,弥栄国際交流館,北海道標茶町字上多和原野基線44-19,1,1,,1,,1,1,,1,43.379099253553,144.62662333261,
5852,E0166400014201,中オソツベツ　集落改善センター,北海道標茶町字中オソツベツ575-8,1,1,,1,,1,1,,1,43.328243,144.482996,
5853,E0166400015201,中茶安別小中学校,北海道標茶町字中チャンベツ原野基線35-2,1,1,,1,,1,1,,1,43.215252183156,144.67953928676,
5854,E0166400016201,茶安別農村環境改善　センター,北海道標茶町字中チャンベツ原野北１線38-4,1,1,,1,,1,1,,1,43.216182640573,144.67833765712,
5855,E0166400017201,塘路住民センター,北海道標茶町字塘路147-2,1,1,,1,,1,1,,1,43.148919059542,144.49777965565,
5856,E0166400018201,塘路小中学校,北海道標茶町字塘路8-1,1,1,,1,,1,1,,1,43.148115533633,144.49913410651,
5857,E0166400019201,萩野集会所,北海道標茶町字虹別470-1,1,1,,1,,1,1,,1,43.473134,144.615904,
5858,E0166400023201,中虹別コミュニティーセンター,北海道標茶町字虹別原野704-4,1,1,,1,,1,1,,1,43.496360196183,144.64745191748,
5859,E0166400024201,上虹別コミュニティセンター,北海道標茶町字虹別原野705,1,1,,1,,1,1,,1,43.502909144507,144.69871966058,
5860,E0166400020201,虹別酪農センター,北海道標茶町字虹別原野６６線104-1,1,1,,1,,1,1,,1,43.466504807538,144.68257277236,
5861,E0166400021201,虹別中学校,北海道標茶町字虹別原野６７線103-4,1,1,,1,,1,1,,1,43.465744166591,144.68051788304,
5862,E0166400022201,虹別小学校,北海道標茶町字虹別原野６７線108-1,1,1,,1,,1,1,,1,43.467780940873,144.67770741104,
5863,E0166400025201,常盤コミュニティーハウス,北海道標茶町常盤8-36,1,1,,1,,1,1,,1,43.306637052883,144.6029024774,
5864,E0166400026201,標茶中学校,北海道標茶町常盤9-1,1,1,,1,,1,1,,1,43.305944472045,144.60000616637,
5865,E0166400029201,標茶小学校,北海道標茶町川上1-24,1,1,,1,,1,1,,1,43.304593790592,144.60287423069,
5866,E0166400027201,総合社会福祉センター,北海道標茶町川上10-1,1,1,,1,,1,1,,1,43.301659231605,144.59540665526,
5867,E0166400028201,標茶町農業者　トレーニングセンター,北海道標茶町川上10-47,1,1,,1,,1,1,,1,43.30650700636,144.59735422666,
5868,E0166400030201,中央公民館分館,北海道標茶町富士4-24,,1,,1,,1,,,1,43.298435860999,144.60346954533,
5869,E0166400031201,平和コミュニティーハウス,北海道標茶町平和8-70,,1,,1,,1,,,1,43.299752543392,144.61310555694,
5870,E0166400032201,麻生会館,北海道標茶町麻生5-36,,1,,1,,1,,,1,43.290854689357,144.60681452152,
5871,E0169200045201,なかよし児童館（東中地区多目的集会場）,北海道標津郡中標津町東１４条北4-4,,1,,1,,,,,,43.55777,144.982803,
5872,E0169300002201,薫別川左岸高台,北海道標津町字薫別10-1,1,,1,,1,1,1,,,43.796506965171,145.05778826656,
5873,E0169300004201,浜古多糠高台,北海道標津町字古多糠2020-1,1,,1,,1,1,1,,,43.762577535568,145.0620953294,
5874,E0169300008201,崎無異神社裏,北海道標津町字崎無異187,1,,1,,1,1,1,,,43.826189372952,145.08276244431,
5875,E0169300012201,川北生涯学習センター（駐車場）,北海道標津町字川北基線12-1,1,,1,,1,1,1,,1,43.659142780405,145.02487972586,
5876,E0169300016201,茶志骨神社,北海道標津町字茶志骨521-1,1,,1,,1,1,1,,,43.636755,145.163799,
5877,E0169300021201,忠類避難所,北海道標津町字忠類70-5,1,,1,,1,1,1,,,43.721188,145.093329,
5878,E0169300044201,ベキシリ山,北海道標津町南２条西5-2-2,1,,1,,1,1,1,,1,43.653253166786,145.12500202387,
5879,E0169300042201,しべつ「海の公園」オートキャンプ場,北海道標津町南２条東1,,,,,,1,,,,43.6576323062395,145.134937148312,
5880,E0169300057201,望ヶ丘公園,北海道標津町南７条西2-1-7,1,,1,,1,1,1,,,43.6515935482528,145.1337732973941,
5881,E0169300043201,標津サーモン科学館前広場及び駐車場,北海道標津町北１条西6-1-1-1,,,,,,1,,,1,43.6595452823221,145.115612114404,
5882,E0169300056201,標津町下水道管理センター,北海道標津町北６条西3-1-1,,,1,,1,1,,,,43.666721,145.125122,
5883,E0166300022201,丸山散布津波避難高台,北海道浜中町丸山散布1-126,,,,,1,,,,,43.033043,145.017227,
5884,E0166300001201,榊町憩いの広場,北海道浜中町後静193,1,,1,,1,1,,,,43.129490460099,145.11231440372,
5885,E0166300002201,姉別農村環境改善センター,北海道浜中町姉別3-41-1,1,1,1,1,1,1,,,1,43.19860202,145.1913416,
5886,E0166300023201,霧多布高等学校,北海道浜中町新川東2-41,,,,,1,,,,,43.083481,145.106918,
5887,E0166300003201,藻散布防災コンテナ,北海道浜中町藻散布3,1,,1,,1,1,,,,43.026517983543,145.02145528598,
5888,E0166300004201,旧森林公園,北海道浜中町大津屋沢51,1,,1,,1,1,,,,43.126810413426,145.1118376808,
5889,E0166300005201,農業者トレーニングセンター,北海道浜中町茶内橋北東33,1,1,1,1,1,1,,,1,43.13490666,145.0212642,
5890,E0166300006201,茶内コミュニティセンター,北海道浜中町茶内若葉1-10,1,1,1,1,1,1,,,1,43.13444275,145.0294395,
5891,E0166300007201,前田宅側坂上,北海道浜中町渡散布160,1,,1,,1,1,,,,43.039996107263,145.0579328762,
5892,E0166300008201,渡散布防災コンテナ,北海道浜中町渡散布221,1,,1,,1,1,,,,43.03399709664,145.04897964352,
5893,E0166300009201,湯沸下海岸高台,北海道浜中町湯沸195,1,,1,,1,1,,,,43.079335876435,145.15169755582,
5894,E0166300010201,ふれあい交流・保養センター,北海道浜中町湯沸432,1,1,1,1,1,1,,,1,43.07683876,145.133731,
5895,E0166300011201,浜中町役場本庁舎,北海道浜中町湯沸445,1,1,1,1,1,1,,,1,43.075916,145.131159,
5896,E0166300012201,霧多布岬,北海道浜中町湯沸5,1,,1,,1,1,,,,43.082431196973,145.16100484744,
5897,E0166300013201,アゼチの岬,北海道浜中町湯沸506,1,,1,,1,1,,,,43.06899875,145.1292636,
5898,E0166300015201,藻散布厚岸方面高台,北海道浜中町道有林20,1,,1,,1,1,,,,43.016813247714,145.01688280001,
5899,E0166300016201,火散布防災コンテナ,北海道浜中町道有林8,1,,1,,1,1,,,,43.041800498616,145.03069884442,
5900,E0166300016202,養老散布坂上,北海道浜中町道有林8,1,,1,,1,1,,,,43.03304906,145.0326649,
5901,E0166300017201,琵琶瀬展望台,北海道浜中町琵琶瀬781,1,,1,,1,1,,,,43.04535552,145.0693108,
5902,E0166300020201,浜中農村環境改善センター,北海道浜中町浜中桜東36,1,1,1,1,1,1,,,1,43.15667876,145.1041322,
5903,E0166300021201,中山間活性化施設ＭＯ－ＴＴＯかぜて,北海道浜中町浜中東６線60,1,1,1,1,1,1,,,1,43.14913395,145.1039576,
5904,E0151200002201,浜頓別町営球場,北海道浜頓別町クッチャロ湖畔49,1,1,1,1,1,1,,,,45.1246650447215,142.351857701603,
5905,E0151200004201,浜頓別町山村広場,北海道浜頓別町クッチャロ湖畔53,1,1,1,1,1,1,,,,45.1261280494686,142.350637461068,
5906,E0151200005201,浜頓別町運動広場,北海道浜頓別町クッチャロ湖畔55,1,1,1,1,1,1,,,,45.1260523522791,142.352654482251,
5907,E0151200006201,浜頓別小学校グラウンド,北海道浜頓別町旭ケ丘3-15,1,1,1,1,1,1,,,1,45.1161840889546,142.367946999382,
5908,E0151200010201,斜内コミュニティセンターグラウンド,北海道浜頓別町字ブタウス3107-1,1,1,,1,,1,,,,45.0714111768786,142.467898418488,
5909,E0151200014201,宇曽丹コミュニティセンターグラウンド,北海道浜頓別町字頓別原野100-20,,1,1,1,1,1,,,1,45.0676382447714,142.343871559844,
5910,E0151200015201,豊寒別コミュニティセンターグラウンド,北海道浜頓別町字頓別原野1011-1,1,1,1,1,1,1,,,,45.0913261417827,142.422074139904,
5911,E0151200016201,旧下頓別小学校グラウンド,北海道浜頓別町字頓別原野2261-1,,1,1,1,1,1,,,1,45.0395045542994,142.311818396938,
5912,E0151200019201,旧頓別小学校グラウンド,北海道浜頓別町字頓別原野865,,1,1,1,1,1,,,1,45.1265840937989,142.39428855243,
5913,E0151200020201,浜頓別町アメニティ公園,北海道浜頓別町中央南7,1,1,1,1,1,1,,,,45.1214043523878,142.361645246868,
5914,E0151200023201,浜頓別中学校グラウンド,北海道浜頓別町北四条1-1,1,1,1,1,1,1,,,1,45.1283667111176,142.361133491877,
5915,E0151200025201,浜頓別高等学校グラウンド,北海道浜頓別町緑ケ丘5-15,1,1,1,1,1,1,,,1,45.1166886886314,142.360419425675,
5916,E0122900001201,錦町公園,北海道富良野市錦町12,,,,1,,1,,1,,43.351413796166,142.39295437311,
5917,E0122900003201,富良野陸上競技場,北海道富良野市桂木町5,,,,1,,1,,1,,43.351936800156,142.38535769299,
5918,E0122900004201,富良野スポーツセンター,北海道富良野市桂木町5-10,1,,,1,,1,1,1,,43.353357687475,142.38431306829,
5919,E0122900007201,山部中央公園,北海道富良野市山部東町8,,,,1,,1,,1,,43.244571679991,142.38272794246,
5920,E0122900008201,朝日ヶ丘総合公園駐車場,北海道富良野市字下御料,,1,,1,,1,,1,,43.339859939637,142.36877771368,
5921,E0122900009201,山部南陽地区コミュニティセンター,北海道富良野市字山部西２４線3,,,,1,,1,1,1,,43.218522,142.366349,
5922,E0122900010201,山部北星コミュニティセンター,北海道富良野市字山部東１４線2,,,,1,,1,1,1,,43.270654210082,142.37422270703,
5923,E0122900012201,御園会館,北海道富良野市字上御料,,,,1,,1,1,1,,43.301682,142.367744,
5924,E0122900013201,ぶどう果汁工場,北海道富良野市字西学田二区,1,,,1,,1,,1,,43.368680842438,142.37902664102,
5925,E0122900014201,富良野自動車学校,北海道富良野市字西扇山の2,1,1,,1,,1,1,1,,43.333188810505,142.40369024874,「洪水」では2階以上に避難
5926,E0122900015201,西達布おもと会館,北海道富良野市字西達布おもと,,,,1,,1,1,1,,43.203817,142.491866,
5927,E0122900016201,三の山会館,北海道富良野市字西達布つつじ,,,,1,,1,1,1,,43.204264738209,142.56929502642,
5928,E0122900017201,富丘総合会館,北海道富良野市字西富丘,1,,,1,,1,,1,,43.355935,142.510335,
5929,E0122900018201,チーズ工場前庭,北海道富良野市字中五区,,1,,1,,1,,1,,43.321239046436,142.37885209074,
5930,E0122900019201,島ノ下会館,北海道富良野市字島ノ下,,,,1,,1,,1,,43.374681473645,142.34990716352,
5931,E0122900020201,東山支所,北海道富良野市字東山あかしや,,,,1,,1,,1,,43.214816890371,142.44131157933,
5932,E0122900022201,扇山公民会館,北海道富良野市字南扇山の3,,,,1,,1,1,1,,43.319297374087,142.4061167151,
5933,E0122900023201,八幡丘会館,北海道富良野市字八幡丘,1,,,1,,1,,1,,43.32726,142.46911,
5934,E0122900024201,布部会館,北海道富良野市字布部市街,,,,1,,1,,1,,43.294692390828,142.40328971056,
5935,E0122900025201,布礼別集落センター,北海道富良野市字布礼別市街,1,,,1,,1,,1,,43.335046,142.5207,
5936,E0122900026201,平沢集落センター,北海道富良野市字平沢,1,,,1,,1,,1,,43.265719718496,142.49631596007,
5937,E0122900028201,麓郷集落センター,北海道富良野市字麓郷市街地,1,,,1,,1,,1,,43.300628,142.522674,
5938,E0122900032201,西達布集落センター,北海道富良野市西達布,1,1,,1,,1,1,1,,43.221598882949,142.49726162112,
5939,E0122900034201,富良野地域人材開発センター,北海道富良野市西麻町1-1,1,,,1,,1,1,1,,43.343412610275,142.39863197674,「洪水」では2階以上に避難
5940,E0122900035201,ふらの農協駐車場,北海道富良野市朝日町3,,,,1,,1,,1,,43.348214696835,142.3898558379,
5941,E0122900036201,北の峰コミュニティセンター,北海道富良野市北の峰町8-1,1,,,1,,1,1,1,,43.342642249834,142.36707115095,
5942,E0122900044201,富良野市複合庁舎,北海道富良野市弥生町1-1,1,,,1,,1,1,1,,43.342336,142.383447,
5943,E0122900040201,富良野看護専門学校,北海道富良野市弥生町5-1,1,,,1,,1,1,1,,43.343750638988,142.37791425223,
5944,E0122900041201,みどり公園,北海道富良野市緑町13,,,,1,,1,,1,,43.331053717919,142.39867704208,
5945,E0133200003201,浦和町内会館,北海道福島町字浦和286,1,1,1,1,1,,,,1,41.490782377973,140.29202103018,
5946,E0133200004201,塩釜町内会館,北海道福島町字塩釜49-5,1,,1,1,1,,,,,41.486236069443,140.26933922527,
5947,E0133200005201,トンネルメモリアルパーク,北海道福島町字館崎332-3,1,,1,1,1,1,,,,41.442069554383,140.23474093187,
5948,E0133200031201,館崎２・３町内会館,北海道福島町字館崎675-1,1,,,1,,,,,,41.440540435542,140.23444410085,
5949,E0133200039201,岩部地区交流センター,北海道福島町字岩部65-1,1,,1,1,1,,,,,41.507461767589,140.34123178309,
5950,E0133200032201,吉岡総合センター,北海道福島町字吉岡204-1,,,,1,,1,,1,1,41.447079,140.222656,
5951,E0133200009201,吉岡小学校,北海道福島町字吉岡252,,,1,1,1,1,,1,1,41.444335096608,140.22988982284,
5952,E0133200011201,宮歌・豊浜町内会館,北海道福島町字宮歌637-29,1,,,1,,,,,,41.452306664454,140.24244640264,
5953,E0133200013201,月崎１町内会館,北海道福島町字月崎265-19,,1,,,,,,,,41.483155657864,140.25928148015,
5954,E0133200038201,福島中学校,北海道福島町字月崎322,,1,,1,,1,,1,1,41.484924285187,140.2590221479,
5955,E0133200015201,福島小学校,北海道福島町字月崎357,,1,,1,,1,,1,1,41.485458762996,140.25837305332,
5956,E0133200016201,月崎２町内会館,北海道福島町字月崎363-47,,1,,,,,,,,41.486333487827,140.26336892981,
5957,E0133200041201,福島商業高校グラウンド,北海道福島町字三岳161,1,1,1,1,1,1,,,,41.49144,140.253677,
5958,E0133200040201,新緑公園グラウンド,北海道福島町字三岳19-1,,1,,1,,1,,,,41.48615242816,140.25663213446,
5959,E0133200017201,三岳１町内会館,北海道福島町字三岳200-2,1,1,1,,1,,,,,41.492735306285,140.25280263759,
5960,E0133200036201,福島町総合体育館,北海道福島町字三岳25-5,,1,1,1,1,,,1,1,41.48682067968,140.25618465267,
5961,E0133200020201,町立青函トンネル記念館駐車場,北海道福島町字三岳32-1,,1,1,1,1,,,,,41.48559051668,140.25433804566,
5962,E0133200037201,福島町福祉センター,北海道福島町字三岳32-3,,1,1,,1,,,1,1,41.485969115565,140.25510299362,
5963,E0133200021201,三岳２町内会館,北海道福島町字三岳503-1,1,1,1,1,1,,,,,41.505749848245,140.24611423979,
5964,E0133200022201,松浦・吉野町内会館,北海道福島町字松浦389-1,1,,,,,,,,,41.425748657841,140.22154388525,
5965,E0133200023201,福島町活性化センター,北海道福島町字千軒288-1,1,1,1,1,1,1,,1,1,41.559564143348,140.27228160436,
5966,E0133200033201,日向町内会館,北海道福島町字日向460,1,1,,,,,,,,41.470969553253,140.25699087905,
5967,E0133200025201,旧白符小学校,北海道福島町字白符442,,,,,,1,,,,41.468147794366,140.24608233499,
5968,E0133200043201,白符町内会館,北海道福島町字白符567-1,,1,,,,,,,,41.464574,140.24739,
5969,E0133200034201,福島大神宮境内,北海道福島町字福島239,,,1,1,1,,,,,41.476711121564,140.25465649489,
5970,E0133200035201,福島町ファミリースポーツ公園,北海道福島町字福島717-1,,,1,1,1,1,,,,41.487153044499,140.24456755833,
5971,E0133200028201,福島町健康づくりセンター,北海道福島町字福島820,,1,1,1,1,1,,1,1,41.483820807163,140.25137516079,
5972,E0133200044201,福島漁村環境改善総合センター,北海道福島町字福島地先-,1,1,,,,,,,,41.477878848097,140.25639235075,
5973,E0160200002201,旭生活館,北海道平取町字旭67-3,1,1,,1,,1,1,,1,42.645141655086,142.37301592852,
5974,E0160200004201,ペナコリ生活館,北海道平取町字荷負33-1,1,1,,,,,1,,1,42.664689689458,142.18402110556,
5975,E0160200006201,旧荷負小学校,北海道平取町字荷負77-3,1,1,,1,,1,1,,,42.678767212303,142.20231410908,
5976,E0160200007201,芽生ふれあいセンター,北海道平取町字芽生39-1,1,1,,,,1,1,,1,42.672292289037,142.3560193198,
5977,E0160200009201,貫気別生活館,北海道平取町字貫気別129-2,1,1,,1,,1,1,,,42.670797890611,142.2615341879,
5978,E0160200011201,本村生活館,北海道平取町字貫気別20-2,1,1,,1,,1,1,,1,42.665207080219,142.23623831164,
5979,E0160200014201,岩知志ふれあい館,北海道平取町字岩知志55-9,1,1,,1,,1,1,,1,42.7338028406,142.34784229074,
5980,E0160200016201,紫雲古津小学校,北海道平取町字紫雲古津38-5,1,1,,1,,1,1,,,42.556064251753,142.07518659588,
5981,E0160200017201,小平生活館,北海道平取町字小平3-6,1,1,,,,1,1,,1,42.598264635409,142.14887855821,
5982,E0160200018201,川向生活館,北海道平取町字川向61-3,1,1,,,,1,1,,,42.541979430538,142.10914777907,
5983,E0160200019201,長知内ふれあいセンター,北海道平取町字長知内38-5,1,1,,1,,1,1,,1,42.703114256121,142.22947087593,
5984,E0160200020201,沙流川歴史館,北海道平取町字二風谷227-2,1,1,,1,,1,1,,,42.637307957958,142.15591153629,
5985,E0160200022201,二風谷生活館,北海道平取町字二風谷78-12,1,1,,1,,1,1,,,42.636398130207,142.16151705128,
5986,E0160200023201,豊糠改善センター,北海道平取町字豊糠24-3,1,1,,1,,1,1,,1,42.705765225895,142.40454973886,
5987,E0160200024201,幌毛志生活改善センター,北海道平取町字幌毛志49-1,1,1,,,,,1,,1,42.717963535531,142.26239892456,
5988,E0160200025201,振内町民センター,北海道平取町振内町28-11,1,1,,1,,1,1,,1,42.726101679608,142.30222436401,
5989,E0160200028201,池売生活センター,北海道平取町振内町90-8,1,1,,,,,1,,1,42.723118474213,142.29725154849,
5990,E0160200030201,平取小学校,北海道平取町本町105-6,1,1,,1,,1,1,,,42.58662294351,142.12565358841,
5991,E0160200034201,ふれあいセンターびらとり,北海道平取町本町35-1,1,1,,1,,,1,,1,42.585657370909,142.13442942055,
5992,E0169100001201,水口宅裏町有林,北海道別海町床丹4-1,,,1,,1,,,,,43.456019105309,145.25881239908,
5993,E0169100002201,床丹墓地,北海道別海町床丹4-11,,,1,,1,,,,,43.477634976631,145.2522463514,
5994,E0169100043201,菅原宅周辺,北海道別海町床丹4-147,,,1,,1,,,,,43.474894,145.253618,
5995,E0169100004201,床丹地域防災センター,北海道別海町床丹4-46,1,1,1,,1,1,,,1,43.46701488764,145.25576540963,
5996,E0169100007201,上春別地域センター,北海道別海町上春別栄町44,1,,,,,1,,,1,43.430624456165,144.89585698017,その他（暴風雪）
5997,E0169100008201,上風連地域センター,北海道別海町上風連174-17,,,,,,1,,,1,43.26802703317,145.09647181068,その他（暴風雪）
5998,E0169100011201,西春別公共駐車場,北海道別海町西春別321-46,,,,,,1,,,,43.376525850954,144.85455968581,暴風雪時の緊急避難場所として
5999,E0169100014201,西春別ふれあいセンター,北海道別海町西春別駅前栄町28,1,,,,,1,1,,1,43.414320679467,144.76648488712,その他（暴風雪）
6000,E0169100017201,西春別地域センターみらい館,北海道別海町西春別宮園町73,1,,,,,1,,,1,43.394551374348,144.80475822087,その他（暴風雪）
6001,E0169100019201,走古丹地域防災センター,北海道別海町走古丹1-44,,1,1,,1,,1,,1,43.323679540151,145.33159425289,
6002,E0169100021201,中春別ふれあいセンター,北海道別海町中春別東町50,1,,,,,1,,,1,43.47883390169,145.05956718463,その他（暴風雪）
6003,E0169100024201,中西別ふれあいセンター,北海道別海町中西別光町38-1,1,,,,,1,,,1,43.36529782462,144.98775906858,その他（暴風雪）
6004,E0169100026201,北方展望塔前駐車帯,北海道別海町尾岱沼5-27,,,1,,1,,,,,43.533430277414,145.23665207788,その他（暴風雪）
6005,E0169100028201,尾岱沼地域センター,北海道別海町尾岱沼潮見町213-1,1,1,1,,1,1,,,1,43.555875991064,145.21863733979,その他（暴風雪）
6006,E0169100030201,別海町東公民館,北海道別海町尾岱沼潮見町72,,1,1,,1,,,,1,43.56956822014,145.21702099011,
6007,E0169100031201,別海町民体育館,北海道別海町別海141-10,1,,,,,1,,,1,43.383792550109,145.1133216843,
6008,E0169100041202,別海町生涯学習センターみなくる,北海道別海町別海旭町149-1,1,,,,,1,1,,1,43.394095,145.126407,その他（暴風雪）
6009,E0169100035201,別海町役場本庁舎,北海道別海町別海常盤町280,,,,,,1,1,,1,43.394044490901,145.11738067362,その他（暴風雪）
6010,E0169100040201,本別海地域防災センター,北海道別海町本別海2-155,1,1,1,,1,1,,,1,43.385682285408,145.28558352576,
6011,E0169100044201,野付半島避難施設,北海道別海町野付100-1,,,1,,1,,,,,43.589678294014,145.33614905435,
6012,E0157100012201,（株）北海道裕雅,北海道豊浦町字大岸147-2,1,1,1,1,1,,1,,,42.58890072,140.6297564,
6013,E0157100013201,幸豊園　６Ｆ会議室,北海道豊浦町字大岸151-2,1,1,1,1,1,,1,,,42.58933009,140.6363818,
6014,E0157100015201,大岸小学校校舎２階及び屋上,北海道豊浦町字大岸91-1,1,,1,,1,,1,,1,42.59552958,140.64419,
6015,E0157100022201,旧美和小学校校舎及び屋体,北海道豊浦町字美和121,,,,,,,1,,,42.655947,140.715584,
6016,E0157100025201,旧礼文華中学校校舎２階及び屋上,北海道豊浦町字礼文華169,1,,1,,1,,,,1,42.58155754,140.5904175,
6017,E0157100025202,礼文華小学校校舎２階及び屋上,北海道豊浦町字礼文華169,1,,1,,1,,1,,1,42.58086189,140.5922251,
6018,E0164500005201,大津港町築山津波緊急避難場所,北海道豊頃町大津港町31-1,,,,,1,,,,,42.683739840984,143.64453290383,
6019,E0164500009201,国道３３６号津波緊急避難場所,北海道豊頃町長節1087-10,,,,,1,,,,,42.686618471886,143.60477183739,
6020,E0164500011201,トンケシ津波緊急避難場所,北海道豊頃町長節738,,,,,1,,,,,42.672042552232,143.63095019738,
6021,E0151600001201,豊富町地域資源活用総合交流促進施設（湯の杜ぽっけ）駐車場,北海道豊富町字温泉,1,,1,1,1,1,,1,1,45.073674,141.83907,
6022,E0151600001202,豊富町温泉スキー場駐車場,北海道豊富町字温泉,1,1,1,1,1,1,1,1,1,45.073197,141.842664,
6023,E0151600002201,兜沼小中学校グラウンド,北海道豊富町字兜沼,1,1,1,1,1,1,1,1,1,45.22695261,141.6971698,
6024,E0151600003201,豊富高等学校グラウンド,北海道豊富町字上サロベツ475,,1,1,1,1,1,,1,1,45.09687161,141.7871317,
6025,E0151600004204,豊富町町民センター駐車場,北海道豊富町字西豊富,,1,1,1,1,1,,1,1,45.10482744,141.7690171,
6026,E0151600004201,豊富町民運動公園,北海道豊富町字西豊富,,1,1,1,1,1,,1,1,45.105817,141.767932,
6027,E0151600004202,豊富中学校グラウンド,北海道豊富町字西豊富,1,1,1,1,1,1,1,1,1,45.10976347,141.7642524,
6028,E0151600004203,豊富町スポーツセンター駐車場,北海道豊富町字西豊富,,1,1,1,1,1,,1,1,45.10541374,141.769149,
6029,E0151600005201,旧稚咲内小学校グラウンド跡地,北海道豊富町字稚咲内,1,1,1,1,1,1,1,1,1,45.08429935,141.6403391,
6030,E0151600006201,旧庄内小中学校グラウンド,北海道豊富町字豊栄,1,1,1,1,1,1,1,1,1,45.15774832,141.6582246,
6031,E0151600007201,旧豊徳小学校グラウンド跡地,北海道豊富町字豊徳,,1,1,1,1,1,,1,,45.10199275,141.6625778,
6032,E0151600015201,豊富小学校グラウンド,北海道豊富町大通1,,1,1,1,1,1,,1,,45.09566802,141.7803956,
6033,E0151600011201,豊富町役場駐車場,北海道豊富町大通6,,1,1,1,1,1,,1,,45.10295,141.77718,
6034,E0151600016201,豊富町定住支援センター多目的広場,北海道豊富町東1-6,,1,1,1,1,1,,1,,45.103391,141.779788,
6035,E0151600016202,豊富町定住支援センター駐車場,北海道豊富町東1-6,,1,1,1,1,1,,1,,45.10337416,141.7783207,
6036,E0151600013201,屋内多目的運動場駐車場,北海道豊富町東3-5,,,1,1,1,1,,1,,45.102112,141.783586,
6037,E0151600014201,豊富町自然公園,北海道豊富町東4-3,,1,1,1,1,1,,1,,45.101237,141.787834,
6038,E0151600014202,自然公園駐車場,北海道豊富町東4-3,,1,1,1,1,1,,1,,45.10035931,141.7868272,
6039,E0120800001201,西小学校（グラウンド）,北海道北見市とん田東町688-1,,1,1,1,,,,,1,43.79228203,143.8843344,
6040,E0120800001202,西小学校,北海道北見市とん田東町688-1,1,1,1,1,,,,,1,43.79159155,143.884522,
6041,E0120800003201,美山公園,北海道北見市花月町,1,1,1,1,,,,,,43.81844158,143.8805862,
6042,E0120800004201,開成ふるさと工芸館（屋外敷地）,北海道北見市開成384,1,1,1,1,,,,,1,43.74009049,143.8822524,
6043,E0120800004202,開成ふるさと工芸館,北海道北見市開成384,1,1,1,1,,,,,1,43.74031857,143.8822523,
6044,E0120800005201,北光児童センター,北海道北見市錦町181-1,,1,1,1,,,,,1,43.78525735,143.8772773,
6045,E0120800006201,北光小学校（グラウンド）,北海道北見市錦町181-3,1,1,1,1,,,,,1,43.78601646,143.8780301,
6046,E0120800006202,北光小学校,北海道北見市錦町181-3,1,1,1,1,,,,,1,43.78517287,143.8786038,
6047,E0120800007202,光西中学校,北海道北見市光西町183-1,1,1,1,1,,,,,1,43.79682427,143.8689428,
6048,E0120800007201,光西中学校（グラウンド）,北海道北見市光西町183-1,,1,1,1,,,,,1,43.79588336,143.8686746,
6049,E0120800008201,市民スケートリンク（屋外敷地）,北海道北見市光葉町4-1,,1,1,1,,,,,1,43.78654872,143.8973345,
6050,E0120800008202,市民スケートリンク,北海道北見市光葉町4-1,1,1,1,1,,,,,1,43.78682251,143.8967018,
6051,E0120800009201,野付牛公園,北海道北見市公園町,1,1,1,1,,,,,,43.81915,143.90605,
6052,E0120800010201,東児童センター,北海道北見市公園町14-2,1,1,1,1,,,,,1,43.81966022,143.9023165,
6053,E0120800011202,北見工業大学,北海道北見市公園町165,1,1,1,1,,,,,1,43.82356404,143.9050129,
6054,E0120800011201,北見工業大学（グラウンド）,北海道北見市公園町165,1,1,1,1,,,,,1,43.82430531,143.902906,
6055,E0120800194201,ピアソン公園,北海道北見市幸町7,1,1,1,1,,,,,,43.80612897,143.8866422,
6056,E0120800013201,上常呂中学校（グラウンド）,北海道北見市広郷195,1,1,1,1,,,,,1,43.76055,143.83515,
6057,E0120800013202,上常呂中学校,北海道北見市広郷195,1,1,1,1,,,,,1,43.76100788,143.8352387,
6058,E0120800195201,広明公園,北海道北見市広明町,,1,1,1,,,,,,43.78087882,143.8787951,
6059,E0120800014201,消防訓練所（屋外敷地）,北海道北見市広明町210-3,1,1,1,1,,,,,,43.78236359,143.8743442,
6060,E0120800016202,高栄中学校,北海道北見市高栄西町10-12-1,1,1,1,1,,,,,1,43.80973174,143.8573497,
6061,E0120800016201,高栄中学校（グラウンド）,北海道北見市高栄西町10-12-1,1,1,1,1,,,,,1,43.8103417,143.8564048,
6062,E0120800017201,高栄児童センター,北海道北見市高栄西町10-12-2,1,1,1,,,,,,1,43.81130144,143.8575963,
6063,E0120800018201,高栄北公園,北海道北見市高栄西町4,1,1,1,1,,,,,,43.81778814,143.8634409,
6064,E0120800019201,高栄南公園,北海道北見市高栄西町9,1,1,1,1,,,,,,43.81109581,143.8639795,
6065,E0120800020201,高栄小学校（グラウンド）,北海道北見市高栄西町9-3-2,1,1,1,1,,,,,1,43.81308509,143.861853,
6066,E0120800020202,高栄小学校,北海道北見市高栄西町9-3-2,1,1,1,1,,,,,1,43.81408215,143.8607597,
6067,E0120800021201,つつじ公園,北海道北見市高栄東町4,1,1,1,1,,,,,,43.81741184,143.8695398,
6068,E0120800022201,北地区市民トレーニングセンター,北海道北見市高栄東町4-14-18,1,1,1,,,,,,1,43.81859739,143.8695214,
6069,E0120800023201,三楽児童センター,北海道北見市三楽町198-2,1,1,1,1,,,,,1,43.81634168,143.8930164,
6070,E0120800024201,北見藤高等学校（グラウンド）,北海道北見市三楽町213,1,1,1,1,,,,,1,43.81445588,143.8907448,
6071,E0120800024202,北見藤高等学校,北海道北見市三楽町213,1,1,1,1,,,,,1,43.81542901,143.8902078,
6072,E0120800025202,若松小学校,北海道北見市若松155-5,1,1,1,1,,,,,1,43.77778577,143.9239377,
6073,E0120800025201,若松小学校（グラウンド）,北海道北見市若松155-5,1,1,1,1,,,,,1,43.77747203,143.923927,
6074,E0120800026201,北見市総合福祉会館,北海道北見市寿町3-4-1,1,1,1,1,,,,,1,43.81377788,143.8816665,
6075,E0120800027202,北小学校,北海道北見市寿町6-1-20,1,1,1,1,,,,,1,43.81167797,143.8770381,
6076,E0120800027201,北小学校（グラウンド）,北海道北見市寿町6-1-20,1,1,1,1,,,,,1,43.81224314,143.8770811,
6077,E0120800028201,北地区公民館,北海道北見市寿町6-5-14,1,1,1,1,,,,,1,43.81402817,143.8763473,
6078,E0120800029201,小泉地区市民トレーニングセンター,北海道北見市春光町2-205-1,1,1,1,1,,,,,1,43.82779115,143.9211182,
6079,E0120800030201,サンハウス（小泉児童センター・東地区公民館）,北海道北見市春光町6-1-22,1,1,1,1,,,,,1,43.82289785,143.9210819,
6080,E0120800031202,小泉小学校,北海道北見市春光町6-4-51,1,1,1,1,,,,,1,43.82279947,143.9226783,
6081,E0120800031201,小泉小学校（グラウンド）,北海道北見市春光町6-4-51,1,1,1,1,,,,,1,43.82220836,143.9220027,
6082,E0120800032201,日赤北海道看護大学（グラウンド）,北海道北見市曙町664-1,1,1,1,1,,,,,1,43.83033067,143.9057458,
6083,E0120800032202,日赤北海道看護大学,北海道北見市曙町664-1,1,1,1,1,,,,,1,43.82936706,143.9076448,
6084,E0120800207201,小泉東公園,北海道北見市小泉,1,1,1,1,,,,,,43.83030821,143.9257564,
6085,E0120800035202,上常呂小学校,北海道北見市上ところ28-1,1,1,1,1,,,,,1,43.76027733,143.8436693,
6086,E0120800035201,上常呂小学校（グラウンド）,北海道北見市上ところ28-1,1,1,1,1,,,,,1,43.76052916,143.8445813,
6087,E0120800036201,上ところコミュニティプラザ,北海道北見市上ところ682-1,1,1,1,1,,,,,1,43.75799504,143.8376414,
6088,E0120800037201,旧上仁頃小学校（グラウンド）,北海道北見市上仁頃108,1,1,1,1,,,,,,43.87530928,143.8550058,
6089,E0120800196201,とん田公園,北海道北見市常盤町2,1,1,1,1,,,,,,43.79843097,143.8910185,
6090,E0120800039201,北見市民会館,北海道北見市常盤町2-1-10,1,1,1,1,,,,,1,43.79833846,143.8899203,
6091,E0120800041201,とん田児童センター,北海道北見市常盤町5-13-1,,1,1,1,,,,,1,43.7926079,143.8877611,
6092,E0120800042201,常盤公園,北海道北見市常盤町6,,1,1,1,,,,,,43.79053172,143.8841091,
6093,E0120800043201,栄浦地区多目的集会施設（屋外敷地）,北海道北見市常呂町字栄浦116,1,1,1,1,,,,,1,44.13060066,143.9742229,
6094,E0120800043202,栄浦地区多目的集会施設,北海道北見市常呂町字栄浦116,1,1,1,1,,,,,1,44.13078973,143.9742741,
6095,E0120800044201,栄浦多目的広場,北海道北見市常呂町字栄浦187-1,1,1,1,1,,,,,,44.128275,143.9748935,
6096,E0120800045201,岐阜地区集落センター,北海道北見市常呂町字岐阜310-3,,1,1,,,,,,1,44.1114728,144.0145354,
6097,E0120800046201,錦水小学校（グラウンド）,北海道北見市常呂町字岐阜329,1,1,1,1,,,,,1,44.11421346,144.0085238,
6098,E0120800046202,錦水小学校,北海道北見市常呂町字岐阜329,1,1,1,1,1,,,,1,44.11418072,144.0092346,
6099,E0120800047201,共立会館,北海道北見市常呂町字共立115-3,,1,1,1,,,,,1,44.08249542,144.0347223,
6100,E0120800048201,共立公園,北海道北見市常呂町字共立271-1,,1,1,1,,,,,,44.08394238,144.034835,
6101,E0120800049201,常呂町中央駐車場ほか,北海道北見市常呂町字常呂195-2,1,,,,,,,,,44.12298079,144.0730733,
6102,E0120800050202,常呂漁協漁村センター,北海道北見市常呂町字常呂25,1,1,,1,,,,,1,44.12619051,144.0879978,
6103,E0120800050201,常呂漁協漁村センター（屋外敷地）,北海道北見市常呂町字常呂25,1,1,,1,,,,,1,44.12602198,144.0883482,
6104,E0120800051201,中央児童公園,北海道北見市常呂町字常呂322-1,1,1,1,1,1,,,,,44.12152535,144.0720549,
6105,E0120800052201,常呂図書館,北海道北見市常呂町字常呂323,1,1,1,,1,,,,1,44.1203564,144.0709592,
6106,E0120800053201,常呂小学校（グラウンド）,北海道北見市常呂町字常呂503,,1,1,1,,,,,1,44.11956755,144.0674057,
6107,E0120800053202,常呂小学校,北海道北見市常呂町字常呂503,1,1,1,1,1,,,,1,44.11877615,144.0670677,
6108,E0120800054202,常呂高等学校,北海道北見市常呂町字常呂574,1,1,1,1,1,,,,1,44.11898011,144.0637563,
6109,E0120800054201,常呂高等学校（グラウンド）,北海道北見市常呂町字常呂574,1,1,1,1,,,,,1,44.118414,144.0625547,
6110,E0120800055201,弁天公園,北海道北見市常呂町字常呂59-12,1,,1,1,1,,,,,44.12144796,144.0811327,
6111,E0120800185201,常呂町墓園,北海道北見市常呂町字常呂695,1,,1,1,1,,,,,44.12323,144.05877,
6112,E0120800056201,旧かもめ保育所,北海道北見市常呂町字常呂86-1,1,1,1,1,1,,,,1,44.119788612763,144.0806821454,
6113,E0120800193201,常呂町公民館,北海道北見市常呂町字土佐2,1,1,1,1,1,,,,1,44.12119658,144.0580917,
6114,E0120800058201,常呂カーリングホール,北海道北見市常呂町字土佐2-2,,1,1,1,1,,,,1,44.12157932,144.056509,
6115,E0120800059201,常呂中学校（グラウンド）,北海道北見市常呂町字土佐40-1,,1,1,1,,,,,1,44.11555306,144.0635126,
6116,E0120800059202,常呂中学校,北海道北見市常呂町字土佐40-1,1,1,1,1,1,,,,1,44.11627133,144.0630111,
6117,E0120800197201,常呂森林公園,北海道北見市常呂町字東浜,1,1,1,1,1,,,,,44.11929747,144.088407,
6118,E0120800061202,東浜地区多目的集会施設,北海道北見市常呂町字東浜27-1,1,1,1,,1,,,,1,44.12058949,144.101291,
6119,E0120800061201,東浜地区多目的集会施設（屋外敷地）,北海道北見市常呂町字東浜27-1,1,1,1,1,,,,,1,44.12051247,144.1014962,
6120,E0120800064202,日吉会館,北海道北見市常呂町字日吉219-1,1,1,1,,,,,,1,43.980778,143.945427,
6121,E0120800064201,日吉会館（屋外施設）,北海道北見市常呂町字日吉219-1,,1,1,1,,,,,1,43.980523,143.945805,
6122,E0120800065201,富丘地区高齢者コミュニティセンター（屋外敷地）,北海道北見市常呂町字富丘287,1,1,1,1,,,,,,44.06934896,143.9951047,
6123,E0120800066201,旧富丘小学校体育館,北海道北見市常呂町字富丘287-2,1,1,1,1,,,,,1,44.06989006,143.9939649,
6124,E0120800066202,富丘地区高齢者コミュニティセンター,北海道北見市常呂町字富丘287-2,1,1,1,,,,,,1,44.06959328,143.995247,
6125,E0120800067201,福山地区高齢者コミュニティセンター（屋外敷地）,北海道北見市常呂町字福山138-3,1,,1,1,,,,,1,44.02247897,143.9987848,
6126,E0120800067202,福山地区高齢者コミュニティセンター,北海道北見市常呂町字福山138-3,1,,1,1,,,,,1,44.02273356,143.9988653,
6127,E0120800068202,川沿小学校,北海道北見市常呂町字豊川63,,1,1,1,,,,,1,44.0632644,144.0279426,
6128,E0120800068201,川沿小学校（グラウンド）,北海道北見市常呂町字豊川63,,1,1,1,,,,,1,44.06290591,144.0288492,
6129,E0120800069201,豊川地域農村環境改善センター,北海道北見市常呂町字豊川64-4,,1,1,1,,,,,1,44.0638201,144.0292771,
6130,E0120800070201,旧下仁頃小学校（屋外敷地）,北海道北見市仁頃町221,1,1,1,1,,,,,,43.9011034,143.9009568,
6131,E0120800071201,仁頃住民センター,北海道北見市仁頃町242-2,1,1,1,1,,,,,1,43.89849599,143.8982693,
6132,E0120800072201,北見田園空間情報センター「にっころ」,北海道北見市仁頃町291-1,1,1,1,1,,,,,1,43.906666,143.908968,
6133,E0120800073201,西相内多目的地域会館（屋外敷地）,北海道北見市西相内207-14,,,1,1,,,,,1,43.790699,143.67847,
6134,E0120800073202,西相内多目的地域会館,北海道北見市西相内207-14,,,1,1,,,,,1,43.790959,143.678555,
6135,E0120800164201,西地区公民館,北海道北見市西富町1-2-22,1,1,1,1,,,,,1,43.800048,143.870062,
6136,E0120800074202,川東の里,北海道北見市川東226-2,1,1,1,1,,,,,1,43.81797641,143.9389832,
6137,E0120800074201,川東の里（屋外敷地）,北海道北見市川東226-2,1,1,1,1,,,,,1,43.81846411,143.9392193,
6138,E0120800076203,北見芸術文化ホール（屋外敷地）,北海道北見市泉町1-3-22,1,1,1,1,,,,,1,43.80495943,143.8998369,
6139,E0120800076201,北見芸術文化ホール,北海道北見市泉町1-3-22,1,1,1,,,,,,1,43.80535642,143.8990489,
6140,E0120800077201,双葉公園,北海道北見市双葉町4,,1,1,1,,,,,,43.80545997,143.8512864,
6141,E0120800078201,相内公園,北海道北見市相内町,1,1,1,1,,,,,,43.80146535,143.7651735,
6142,E0120800080201,相内中学校（グラウンド）,北海道北見市相内町15-1,1,1,1,1,,,,,1,43.79399793,143.7608962,
6143,E0120800080202,相内中学校,北海道北見市相内町15-1,1,1,1,1,,,,,1,43.79451117,143.7609061,
6144,E0120800081201,相内小学校（グラウンド）,北海道北見市相内町287,1,1,1,1,,,,,1,43.79701818,143.7492232,
6145,E0120800081202,相内小学校,北海道北見市相内町287,1,1,1,1,,,,,1,43.79767182,143.7491923,
6146,E0120800082201,北見緑陵高等学校（グラウンド）,北海道北見市大正255,1,1,1,1,,,,,1,43.81541517,143.8380795,
6147,E0120800082202,北見緑陵高等学校,北海道北見市大正255,1,1,1,1,,,,,1,43.81468745,143.8384442,
6148,E0120800083202,大正小学校（グラウンド）,北海道北見市大正64-2,1,1,1,1,,,,,1,43.81137453,143.8390886,
6149,E0120800083201,大正小学校,北海道北見市大正64-2,1,1,1,1,,,,,1,43.81046601,143.839678,
6150,E0120800084202,東小学校,北海道北見市大町159-1,1,1,1,1,,,,,1,43.81359757,143.902214,
6151,E0120800084201,東小学校（グラウンド）,北海道北見市大町159-1,1,1,1,1,,,,,1,43.81437949,143.9027504,
6152,E0120800085201,一区運動広場,北海道北見市端野町一区101,1,1,1,1,,,,,,43.88539841,143.9689631,
6153,E0120800086201,一区生活センター,北海道北見市端野町一区107-1,1,1,1,1,,,,,1,43.88584796,143.9689845,
6154,E0120800087201,協和文化センター,北海道北見市端野町協和239-1,1,1,1,1,,,,,1,43.8537612,143.9775301,
6155,E0120800088202,端野町農業者レクリエーションセンター,北海道北見市端野町協和341-1,1,1,1,,,,,,1,43.85323278,143.9770147,
6156,E0120800088201,協和運動広場,北海道北見市端野町協和341-1,1,1,1,1,,,,,1,43.85341795,143.9777956,
6157,E0120800089202,端野小学校,北海道北見市端野町三区1033-3,1,1,1,1,,,,,1,43.85374252,143.9373478,
6158,E0120800089201,端野小学校（グラウンド）,北海道北見市端野町三区1033-3,1,1,1,1,,,,,1,43.85423574,143.9364654,
6159,E0120800090201,三区運動広場,北海道北見市端野町三区104-1,1,1,1,1,,,,,1,43.84734201,143.9303393,
6160,E0120800090202,屯田農村生活センター,北海道北見市端野町三区104-1,1,1,1,,,,,,1,43.84776697,143.9304487,
6161,E0120800091202,端野中学校,北海道北見市端野町三区1045-3,1,1,1,1,,,,,1,43.85302578,143.9366869,
6162,E0120800091201,端野中学校（グラウンド）,北海道北見市端野町三区1045-3,1,1,1,1,,,,,1,43.85373285,143.9357681,
6163,E0120800092201,端野太陽っ子児童館,北海道北見市端野町三区454-7,1,1,1,1,,,,,1,43.84633279,143.939329,
6164,E0120800093201,北見商業高等学校（グラウンド）,北海道北見市端野町三区583-1,1,1,1,1,,,,,1,43.84240528,143.9254255,
6165,E0120800093202,北見商業高等学校,北海道北見市端野町三区583-1,1,1,1,1,,,,,1,43.84354522,143.9258535,
6166,E0120800094201,川向運動広場,北海道北見市端野町川向167,1,1,1,1,,,,,1,43.8304022,143.9540768,
6167,E0120800094202,川向文化センター,北海道北見市端野町川向167,1,1,1,1,,,,,1,43.83087541,143.952817,
6168,E0120800095201,北見市端野町高齢者コミュニティセンター,北海道北見市端野町端野147-1,,1,1,1,,,,,1,43.85419556,143.9465064,
6169,E0120800096201,端野町サンドーム’９４,北海道北見市端野町端野233-2,1,1,1,1,,,,,1,43.84934751,143.9408822,
6170,E0120800097201,端野町公民館,北海道北見市端野町二区471-11,1,1,1,1,,,,,1,43.86129592,143.9429511,
6171,E0120800098201,端野中央保育園,北海道北見市端野町二区471-12,1,1,1,1,,,,,1,43.86117656,143.9419274,
6172,E0120800099201,二区生活センター,北海道北見市端野町二区471-3,1,1,1,1,,,,,1,43.86463271,143.945246,
6173,E0120800100201,端野町農業者トレーニングセンター,北海道北見市端野町二区471-6,1,1,1,1,,,,,1,43.86227315,143.9462243,
6174,E0120800101201,屯田の杜公園,北海道北見市端野町二区471-9,1,1,1,1,,,,,,43.86366592,143.9450378,
6175,E0120800102201,緋牛内ヘルシー広場,北海道北見市端野町緋牛内1388-2,1,1,1,1,,,,,,43.88154775,143.9975996,
6176,E0120800103201,緋牛内農村生活センター運動広場,北海道北見市端野町緋牛内325-1,1,,1,1,,,,,1,43.882347,144.001161,
6177,E0120800103202,緋牛内農村生活センター,北海道北見市端野町緋牛内325-1,1,1,1,,,,,,1,43.88228535,144.0011464,
6178,E0120800104201,豊実運動広場,北海道北見市端野町豊実259-1,1,1,1,1,,,,,1,43.919167,143.9200423,
6179,E0120800104202,豊北農村生活センター,北海道北見市端野町豊実259-1,1,1,1,1,,,,,1,43.91936484,143.9204683,
6180,E0120800105202,三輪小学校,北海道北見市中央三輪8-14-1,1,1,1,1,,,,,1,43.79380846,143.8475291,
6181,E0120800105201,三輪小学校（グラウンド）,北海道北見市中央三輪8-14-1,,1,1,1,,,,,1,43.79459782,143.8475388,
6182,E0120800106201,中央小学校（グラウンド）,北海道北見市中央町3-51,1,1,1,1,,,,,1,43.8114441,143.889033,
6183,E0120800106202,中央小学校,北海道北見市中央町3-51,1,1,1,1,,,,,1,43.81090146,143.8891766,
6184,E0120800107202,小泉中学校,北海道北見市田端町32-26,1,1,1,1,,,,,1,43.81799226,143.9149669,
6185,E0120800107201,小泉中学校（グラウンド）,北海道北見市田端町32-26,1,1,1,1,,,,,1,43.81830688,143.9141599,
6186,E0120800198201,三輪公園,北海道北見市東三輪1,,1,1,1,,,,,,43.79873315,143.8605207,
6187,E0120800109201,三輪児童センター,北海道北見市東三輪1-31-1,,1,1,,,,,,1,43.79961261,143.8600216,
6188,E0120800110201,北見中高年齢労働者福祉センター（サンライフ北見）,北海道北見市東三輪5-1-16,1,1,1,1,,,,,1,43.79294008,143.8631355,
6189,E0120800111201,東相内小学校（グラウンド）,北海道北見市東相内町178-10,,1,1,1,,,,,1,43.80160247,143.8096051,
6190,E0120800111202,東相内小学校,北海道北見市東相内町178-10,1,1,1,1,,,,,1,43.80145504,143.8087622,
6191,E0120800112202,東相内中学校,北海道北見市東相内町25-8,1,1,1,1,,,,,1,43.80288481,143.8224648,
6192,E0120800112201,東相内中学校（グラウンド）,北海道北見市東相内町25-8,1,1,1,1,,,,,1,43.80342989,143.8223939,
6193,E0120800113202,北見工業高等学校,北海道北見市東相内町602,1,1,1,1,,,,,1,43.80176216,143.8052643,
6194,E0120800113201,北見工業高等学校（グラウンド）,北海道北見市東相内町602,,1,1,1,,,,,1,43.80169539,143.8036828,
6195,E0120800199201,東陵公園,北海道北見市東陵町,1,1,1,1,,,,,,43.81987488,143.8966993,
6196,E0120800114201,東陵中学校（グラウンド）,北海道北見市東陵町173-1,1,1,1,1,,,,,1,43.82066217,143.8914421,
6197,E0120800114202,東陵中学校,北海道北見市東陵町173-1,1,1,1,1,,,,,1,43.82126984,143.8909969,
6198,E0120800115202,北見市武道館,北海道北見市東陵町27,1,1,1,,,,,,1,43.81902335,143.8966457,
6199,E0120800115203,道立・市立体育センター,北海道北見市東陵町27,1,1,1,1,,,,,1,43.81844663,143.8965759,
6200,E0120800116201,南仲町児童センター,北海道北見市南仲町2-3-31,1,1,1,1,,,,,1,43.80109969,143.8978721,
6201,E0120800117201,南地区市民トレーニングセンター,北海道北見市南仲町3-2-21,1,1,1,,,,,,1,43.8005182,143.9018212,
6202,E0120800118201,南小学校（グラウンド）,北海道北見市南仲町3-2-40,1,1,1,1,,,,,1,43.80049921,143.9008058,
6203,E0120800118202,南小学校,北海道北見市南仲町3-2-40,1,1,1,1,,,,,1,43.80088251,143.9001942,
6204,E0120800119201,南中学校（グラウンド）,北海道北見市南町1-2-64,,1,1,1,,,,,1,43.79839301,143.9029697,
6205,E0120800119202,南中学校,北海道北見市南町1-2-64,1,1,1,1,,,,,1,43.79924095,143.9040963,
6206,E0120800200201,北見柏陽高等学校（グラウンド）,北海道北見市柏陽町567,1,1,1,1,,,,,1,43.82422448,143.9122595,
6207,E0120800200202,北見柏陽高等学校,北海道北見市柏陽町567,1,1,1,1,,,,,1,43.82398141,143.9134818,
6208,E0120800121201,北中学校（グラウンド）,北海道北見市美山町南10-31-1,1,1,1,1,,,,,1,43.81960365,143.8774118,
6209,E0120800121202,北中学校,北海道北見市美山町南10-31-1,1,1,1,1,,,,,1,43.81964302,143.8767634,
6210,E0120800122201,美山児童センター,北海道北見市美山町南9-36-179,1,1,1,1,,,,,1,43.82423156,143.8776622,
6211,E0120800123202,美山小学校,北海道北見市美山町南9-36-8,1,1,1,1,,,,,1,43.82414216,143.8786647,
6212,E0120800123201,美山小学校（グラウンド）,北海道北見市美山町南9-36-8,1,1,1,1,,,,,1,43.82361639,143.8788964,
6213,E0120800201201,美芳公園,北海道北見市美芳町4,1,1,1,1,,,,,,43.80750666,143.8793908,
6214,E0120800126201,美芳児童センター,北海道北見市美芳町4-1-37,1,1,1,1,,,,,1,43.80795188,143.8795085,
6215,E0120800127204,工房とみさと,北海道北見市富里223-1,1,1,1,1,,,,,1,43.84911,143.78622,
6216,E0120800127201,工房とみさと（屋外敷地）,北海道北見市富里223-1,1,1,1,1,,,,,1,43.84892,143.786316,
6217,E0120800202201,豊地公園,北海道北見市豊地,,1,1,1,,,,,,43.78970873,143.8473637,
6218,E0120800128202,豊地小学校,北海道北見市豊地285-1,1,1,1,1,,,,,1,43.78825653,143.8329227,
6219,E0120800128201,豊地小学校（グラウンド）,北海道北見市豊地285-1,,1,1,1,,,,,1,43.78791187,143.8329013,
6220,E0120800130201,豊田住民センター,北海道北見市豊田535-1,,1,1,1,,,,,1,43.79571035,143.7314429,
6221,E0120800134201,北光中学校（グラウンド）,北海道北見市北光328-12,,1,1,1,,,,,1,43.78160139,143.8691574,
6222,E0120800134202,北光中学校,北海道北見市北光328-12,1,1,1,1,,,,,1,43.78243383,143.8691402,
6223,E0120800131202,中央公園,北海道北見市北四条西1,1,1,1,1,,,,,,43.80670184,143.8933621,
6224,E0120800132202,小公園,北海道北見市北四条東1,1,1,1,1,,,,,,43.80737159,143.8938395,
6225,E0120800135202,北見北斗高等学校,北海道北見市北斗町1-1-11,1,1,1,1,,,,,1,43.81169129,143.8865636,
6226,E0120800135201,北見北斗高等学校（グラウンド）,北海道北見市北斗町1-1-11,1,1,1,1,,,,,1,43.81241291,143.8866177,
6227,E0120800136201,石北大通,北海道北見市本町,1,1,1,1,,,,,,43.80212018,143.878309,
6228,E0120800137201,北海道立北見高等技術専門学院,北海道北見市末広町356-1,1,1,1,1,,,,,1,43.78483291,143.8711871,
6229,E0120800208201,留辺蘂西区住民センター,北海道北見市留辺蘂町旭一区171-3,1,1,1,1,,,,,1,43.78027065,143.5998007,
6230,E0120800140201,留辺蘂町八方台森林公園,北海道北見市留辺蘂町旭公園74-8,1,1,1,1,,,,,,43.77115513,143.6140813,
6231,E0120800141202,留辺蘂町体育館,北海道北見市留辺蘂町旭公園88,1,1,1,,,,,,1,43.77578014,143.6098327,
6232,E0120800141201,留辺蘂町旭運動公園,北海道北見市留辺蘂町旭公園88,1,1,1,1,,,,,1,43.77633791,143.6114313,
6233,E0120800142201,留辺蘂中学校（グラウンド）,北海道北見市留辺蘂町旭西193,,1,1,1,,,,,1,43.78457617,143.6035483,
6234,E0120800142202,留辺蘂中学校,北海道北見市留辺蘂町旭西193,1,1,1,1,,,,,1,43.78464236,143.6022362,
6235,E0120800143201,留辺蘂住民交流センター,北海道北見市留辺蘂町旭中央24-12,1,1,1,1,,,,,1,43.780615,143.623392,
6236,E0120800145202,留辺蘂小学校,北海道北見市留辺蘂町栄町18-1,,1,1,1,,,,,1,43.78482899,143.6084982,
6237,E0120800145201,留辺蘂小学校（グラウンド）,北海道北見市留辺蘂町栄町18-1,,1,1,1,,,,,1,43.78450368,143.6072001,
6238,E0120800146201,温根湯温泉福祉センター,北海道北見市留辺蘂町温根湯温泉111-2,1,1,1,,,,,,1,43.75583189,143.5056154,
6239,E0120800147202,おんねゆ学園,北海道北見市留辺蘂町温根湯温泉228-2,1,1,1,1,,,,,1,43.75796154,143.5130178,
6240,E0120800147201,おんねゆ学園（グラウンド）,北海道北見市留辺蘂町温根湯温泉228-2,,1,1,1,,,,,1,43.75817851,143.5139513,
6241,E0120800191201,温泉ゆめ広場,北海道北見市留辺蘂町温根湯温泉415-1,,1,1,1,,,,,,43.75866283,143.5072286,
6242,E0120800149201,旧温根湯小学校（グラウンド）,北海道北見市留辺蘂町温根湯温泉75,1,1,1,1,,,,,,43.75367609,143.5126187,
6243,E0120800150201,温根湯温泉多目的センター,北海道北見市留辺蘂町温根湯温泉75-1,1,1,1,1,,,,,1,43.753277,143.511139,
6244,E0120800151201,北見市営花園牧場,北海道北見市留辺蘂町花園376-1,1,1,1,1,,,,,,43.907642,143.61153,
6245,E0120800205201,おんねゆ温泉つつじ公園,北海道北見市留辺蘂町花丘,,1,1,1,,,,,,43.75994382,143.5192948,
6246,E0120800152202,ＦＲＥＥ　ＰＡＲＫ,北海道北見市留辺蘂町花丘29-2,1,1,1,1,,,,,,43.759115,143.503506,
6247,E0120800154201,旧瑞穂小中学校（グラウンド）,北海道北見市留辺蘂町丸山21,,1,1,1,,,,,,43.88882859,143.6337806,
6248,E0120800192201,留辺蘂神社（境内地）,北海道北見市留辺蘂町宮下町115,1,1,1,1,,,,,,43.789752,143.62047,
6249,E0120800155201,道の駅おんねゆ温泉,北海道北見市留辺蘂町松山1-4,1,1,1,1,,,,,,43.75348,143.50066,
6250,E0120800156201,温根湯西公園,北海道北見市留辺蘂町松山4-4,,1,1,1,,,,,,43.75534286,143.501212,
6251,E0120800206201,留辺蘂中央公園,北海道北見市留辺蘂町上町,,1,1,1,,,,,,43.78687266,143.6171935,
6252,E0120800158201,留辺蘂町公民館,北海道北見市留辺蘂町上町61,1,1,1,,,,,,1,43.78851206,143.6154141,
6253,E0120800159201,瑞穂地区農村環境改善センター,北海道北見市留辺蘂町瑞穂163-2,,1,1,1,,,,,1,43.8938789,143.6369584,
6254,E0120800160201,旧大和地区住民センター（前庭）,北海道北見市留辺蘂町大和355-2,1,1,1,1,,,,,,43.74050304,143.4529144,
6255,E0120800190201,滝の湯ふれあいの里,北海道北見市留辺蘂町滝の湯128-2,1,1,1,1,,,,,,43.734139,143.422697,
6256,E0120800161201,緑ヶ丘公園,北海道北見市緑ケ丘4,1,1,1,1,,,,,,43.82490631,143.8673269,
6257,E0120800162202,緑小学校,北海道北見市緑町2-1-1,1,1,1,1,,,,,1,43.8052821,143.8479484,
6258,E0120800162201,緑小学校（グラウンド）,北海道北見市緑町2-1-1,,1,1,1,,,,,1,43.8045192,143.8482447,
6259,E0120800163201,緑児童センター,北海道北見市緑町3-3-9,1,1,1,1,,,,,1,43.80546747,143.8439033,
6260,E0123400001201,ひばり公園,北海道北広島市稲穂町西7-6-1,1,1,,1,,1,1,,,42.9797131555802,141.566663260763,
6261,E0123400003201,稲穂保育園,北海道北広島市稲穂町東1-6-1,,,,1,,1,,,1,42.9843816143793,141.570603698748,
6262,E0123400002201,わらべ公園,北海道北広島市稲穂町東11-3-1,,,,1,,1,,,,42.9815671354265,141.571577095484,
6263,E0123400004201,めぐみ公園,北海道北広島市稲穂町東2-2,,,,1,,1,,,,42.9838400777905,141.570590546918,
6264,E0123400005201,東公園,北海道北広島市稲穂町東8-4,,,,1,,1,,,,42.9858359481406,141.573768793113,
6265,E0123400006201,北広公園,北海道北広島市栄町2-51,,,,1,,1,,,,42.9784959100268,141.558940641715,
6266,E0123400149201,きらきら公園,北海道北広島市希望ヶ丘1-2-2,,,,1,,1,,,,42.9511924725606,141.50076724005,
6267,E0123400150201,こもれび公園,北海道北広島市希望ヶ丘1-9-1,,,,1,,1,,,,42.949524843265,141.500140534965,
6268,E0123400151201,わくわく公園,北海道北広島市希望ヶ丘4-9-14,,,,1,,1,,,,42.9512774486923,141.504266254205,
6269,E0123400152201,輪厚自然公園,北海道北広島市希望ヶ丘5-5-3,,,,1,,1,,,,42.9543484245458,141.505703708912,
6270,E0123400012201,ゆり公園,北海道北広島市輝美町53,,,,1,,1,,,,42.9770494830798,141.552749918868,
6271,E0123400015202,北広島高校,北海道北広島市共栄305-3,1,1,,1,,1,1,,1,42.9869220074955,141.553947995638,
6272,E0123400015201,北広島高校グラウンド,北海道北広島市共栄305-3,,,,1,,1,,,1,42.9879030301551,141.553642223812,
6273,E0123400016202,総合体育館前庭,北海道北広島市共栄315-2,,,,1,,1,,,1,42.9877441763006,141.5568349534,
6274,E0123400016203,総合体育館,北海道北広島市共栄315-2,1,1,,1,,1,1,,1,42.9882352222569,141.557286298628,
6275,E0123400016201,平和の灯公園,北海道北広島市共栄315-2,,,,1,,1,,,1,42.9876000739268,141.555874549645,
6276,E0123400017201,広島工業団地公園,北海道北広島市共栄42-2,,,,1,,1,,,,42.9959420990373,141.555638515238,
6277,E0123400018202,北広島市千歳川地区河川防災ステーション緑地帯,北海道北広島市共栄586,,,,1,,1,,,,42.9968265658469,141.584086232034,
6278,E0123400018201,北広島市千歳川地区河川防災ステーション,北海道北広島市共栄586,,,,1,,1,,,,42.9961438748618,141.584590487332,
6279,E0123400019201,わんぱく公園,北海道北広島市共栄町1-25,,,,1,,1,,,,42.9906131094537,141.561796830184,
6280,E0123400020201,広島公園,北海道北広島市共栄町2-12,,,,1,,1,,,,42.9903130606645,141.558878994209,
6281,E0123400021201,なかよし公園,北海道北広島市共栄町3-37,,,,1,,1,,,,42.9933404175872,141.557066362768,
6282,E0123400022201,北の台遊園地,北海道北広島市共栄町4-14-6,,,,1,,1,,,,42.9935267562456,141.561276123248,
6283,E0123400023201,めばえ公園,北海道北広島市共栄町4-31,,,,1,,1,,,,42.9943792277883,141.560403266291,
6284,E0123400024201,北の台小学校グラウンド,北海道北広島市共栄町4-6-1,,,,1,,1,,,1,42.9931288620739,141.559598755182,
6285,E0123400024202,北の台小学校,北海道北広島市共栄町4-6-1,1,1,,1,,1,1,,1,42.9937919681397,141.559223245927,
6286,E0123400025201,かぜの子公園,北海道北広島市共栄町5-12,,,,1,,1,,,,42.9960765292739,141.560296478495,
6287,E0123400026201,すみれ保育園,北海道北広島市広葉町2-4-1,1,1,,1,,1,1,,1,42.9770773634224,141.558055547224,
6288,E0123400027201,やまぶき公園,北海道北広島市広葉町2-53,,,,1,,1,,,,42.9763476938189,141.558212778666,
6289,E0123400028202,広葉交流センターいこ～よ,北海道北広島市広葉町3-1,1,1,,1,,1,1,,1,42.975403723232,141.554232066404,
6290,E0123400028201,広葉交流センターいこ～よグラウンド,北海道北広島市広葉町3-1,,,,1,,1,,,1,42.9750975836097,141.555460518142,
6291,E0123400029201,りんどう公園,北海道北広島市広葉町3-53,,,,1,,1,,,,42.9738662942322,141.555102660002,
6292,E0123400030202,広葉中学校,北海道北広島市広葉町5-1,1,1,,1,,1,1,,1,42.9744887017917,141.557379596073,
6293,E0123400030201,広葉中学校グラウンド,北海道北広島市広葉町5-1,,,,1,,1,,,1,42.9749636147424,141.558001868556,
6294,E0123400031201,すずらん公園,北海道北広島市高台町1-55,,,,1,,1,,,,42.9617529767717,141.54650109633,
6295,E0123400032202,緑ヶ丘小学校,北海道北広島市高台町2-1,1,1,,1,,1,1,,1,42.9633164667501,141.544872922101,
6296,E0123400032201,緑ヶ丘小学校グラウンド,北海道北広島市高台町2-1,,,,1,,1,,,1,42.9624233797748,141.545007032551,
6297,E0123400033201,竹葉公園,北海道北広島市高台町2-51,,,,1,,1,,,,42.9625290198661,141.542719380747,
6298,E0123400034201,すずらん保育園,北海道北広島市高台町7-4,1,1,,1,,1,1,,1,42.9619006572971,141.550796583397,
6299,E0123400035201,すみれ公園,北海道北広島市山手町2-53,,,,1,,1,,,,42.9693646062301,141.538654320659,
6300,E0123400036201,さくら公園,北海道北広島市山手町4-51,,,,1,,1,,,,42.9685897520861,141.54170035396,
6301,E0123400037201,たんぽぽ公園,北海道北広島市山手町6-56,,,,1,,1,,,,42.9654288416169,141.540539501102,
6302,E0123400038201,ひまわり公園,北海道北広島市若葉町2-56,,,,1,,1,,,,42.9695626182743,141.55581690849,
6303,E0123400039202,双葉小学校,北海道北広島市若葉町3-12,1,1,,1,,1,1,,1,42.9692255310834,141.559226344244,
6304,E0123400039201,双葉小学校グラウンド,北海道北広島市若葉町3-12,,,,1,,1,,,1,42.9687348726938,141.559194157733,
6305,E0123400040201,ききょう公園,北海道北広島市松葉町2-53,,,,1,,1,,,,42.9711434712412,141.550933259749,
6306,E0123400041201,ひなぎく公園,北海道北広島市松葉町5-10-6,,,,1,,1,,,,42.9680821272712,141.550813363989,
6307,E0123400042201,ヒルズ公園,北海道北広島市松葉町6-50,,,,1,,1,,,,42.9654747093722,141.550918924587,
6308,E0123400043201,新富公園,北海道北広島市新富町西1-2,,,,1,,1,,,,42.9733592759007,141.566839703153,
6309,E0123400044201,かわぞい公園,北海道北広島市新富町西4-1,,,,1,,1,,,,42.9697160485014,141.567687673641,
6310,E0123400045201,日の出公園,北海道北広島市新富町東2-2,,,,1,,1,,,,42.9730013700347,141.569420380669,
6311,E0123400047201,西の里小学校グラウンド,北海道北広島市西の里401,,,,1,,1,,,1,43.0087725033672,141.504591090824,
6312,E0123400047202,西の里小学校,北海道北広島市西の里401,1,1,,1,,1,1,,1,43.0097688678897,141.504971964503,
6313,E0123400050201,西の里中学校グラウンド,北海道北広島市西の里790-1,,,,1,,1,,,1,43.0109633614296,141.524856154309,
6314,E0123400050202,西の里中学校,北海道北広島市西の里790-1,1,1,,1,,1,1,,1,43.0100327724669,141.524787920085,
6315,E0123400051201,わかくさ遊園地,北海道北広島市西の里東1-2-19,,,,1,,1,,,,43.0155678219125,141.502746673817,
6316,E0123400052201,西の里公園,北海道北広島市西の里東3-2,,,,1,,1,,,,43.0171307103815,141.506176334897,
6317,E0123400053201,北広島西高校グラウンド,北海道北広島市西の里東3-3-3,,,,1,,1,,,1,43.018064615708,141.507485568707,
6318,E0123400053202,北広島西高校,北海道北広島市西の里東3-3-3,1,1,,1,,1,1,,1,43.0159897721369,141.507834255884,
6319,E0123400054201,さつみ公園,北海道北広島市西の里東4-3-9,,,,1,,1,,,,43.0140556440921,141.506889982457,
6320,E0123400055201,西の里広場,北海道北広島市西の里南1-2-1,,,,1,,1,,,,43.0137178262485,141.499754254192,
6321,E0123400056201,西の里会館,北海道北広島市西の里南1-2-2,1,1,,1,,1,1,,1,43.0137914403796,141.500634459161,
6322,E0123400057201,西の里ファミリー体育館,北海道北広島市西の里南1-2-3,1,1,,1,,1,1,,1,43.0136257581594,141.500357642875,
6323,E0123400058201,パンジー公園,北海道北広島市西の里北2-11-1,,,,1,,1,,,,43.0185973791355,141.502265322271,
6324,E0123400059201,サルビア公園,北海道北広島市西の里北2-3,,,,1,,1,,,,43.0177677970255,141.499630034067,
6325,E0123400060201,マーガレット公園,北海道北広島市西の里北5-5,,,,1,,1,,,,43.0170643180011,141.496681937075,
6326,E0123400061201,ばら公園,北海道北広島市青葉町3-50,,,,1,,1,,,,42.9711400354257,141.559763117944,
6327,E0123400062202,北広島団地住民センター,北海道北広島市泉町1-1,1,1,,1,,1,1,,1,42.9642970008168,141.55111098329,
6328,E0123400062201,北広島団地住民センター前庭,北海道北広島市泉町1-1,,,,1,,1,,,1,42.9644478970788,141.550630664258,
6329,E0123400063201,あやめ公園,北海道北広島市泉町3-54,,,,1,,1,,,,42.9616601416275,141.551557498367,
6330,E0123400064202,ふれあい学習センター（夢プラザ）,北海道北広島市大曲370-2,1,1,,1,,1,1,,1,42.9788472460335,141.489155428141,
6331,E0123400064201,ふれあい学習センター（夢プラザ）前庭,北海道北広島市大曲370-2,,,,1,,1,,,1,42.9792946530673,141.48905350421,
6332,E0123400065201,すくすく公園,北海道北広島市大曲光2-3-7,,,,1,,1,,,,42.9816318199375,141.485115359373,
6333,E0123400066201,大曲東小学校グラウンド,北海道北広島市大曲光2-8,,,,1,,1,,,1,42.9826196471459,141.486644263573,
6334,E0123400066202,大曲東小学校,北海道北広島市大曲光2-8,1,1,,1,,1,1,,1,42.9817621605115,141.487025137252,
6335,E0123400067201,いきいき公園,北海道北広島市大曲光4-14-4,,,,1,,1,,,,42.9860979653236,141.485029984764,
6336,E0123400068201,大曲ふれあいプラザ前庭,北海道北広島市大曲工業団地7-3-1,,,,1,,1,,,1,42.9592468797371,141.474246890047,
6337,E0123400068202,大曲ふれあいプラザ,北海道北広島市大曲工業団地7-3-1,1,1,,1,,1,1,,1,42.9594902843249,141.474327356316,
6338,E0123400069201,つつじヶ丘公園,北海道北広島市大曲工業団地7-50,,,,1,,1,,,,42.9640850234756,141.476072728169,
6339,E0123400070201,はるにれ公園,北海道北広島市大曲工業団地8-64,,,,1,,1,,,,42.959348897156,141.473052685618,
6340,E0123400071201,さいわい公園,北海道北広島市大曲幸町2-12-9,,,,1,,1,,,,42.9730843834485,141.468912145756,
6341,E0123400072201,いちい公園,北海道北広島市大曲幸町4-4-7,,,,1,,1,,,,42.9677249550167,141.473606030109,
6342,E0123400073201,おおぞら遊園地,北海道北広島市大曲中央1-9-4,,,,1,,1,,,,42.975861704197,141.477631021553,
6343,E0123400074202,大曲中学校,北海道北広島市大曲中央2-4-1,1,1,,1,,1,1,,1,42.9716773508875,141.478833766814,
6344,E0123400074201,大曲中学校グラウンド,北海道北広島市大曲中央2-4-1,,,,1,,1,,,1,42.9720266833507,141.479606243021,
6345,E0123400075201,大曲ファミリー体育館,北海道北広島市大曲中央2-4-3,1,1,,1,,1,1,,1,42.9713166871986,141.479971845987,
6346,E0123400076201,大曲会館,北海道北広島市大曲中央2-4-5,1,1,,1,,1,1,,1,42.9715575753856,141.480620080339,
6347,E0123400077201,桜ヶ丘公園,北海道北広島市大曲中央3-74,,,,1,,1,,,,42.9740483005784,141.4814233617,
6348,E0123400153201,南ヶ丘公園,北海道北広島市大曲南ヶ丘4-10-3,,,,1,,1,,,,42.9666283463548,141.478131429385,
6349,E0123400079201,そよかぜ公園,北海道北広島市大曲柏葉1-13-4,,,,1,,1,,,,42.9724837972579,141.483638547569,
6350,E0123400080201,はるかぜ公園,北海道北広島市大曲柏葉1-2-6,,,,1,,1,,,,42.9712233572434,141.481711545896,
6351,E0123400081201,やまびこ公園,北海道北広島市大曲柏葉2-1-21,,,,1,,1,,,,42.9676356863481,141.484382353118,
6352,E0123400082202,大曲小学校,北海道北広島市大曲柏葉2-14-6,1,1,,1,,1,1,,1,42.9705842302757,141.486087364178,
6353,E0123400082201,大曲小学校グラウンド,北海道北広島市大曲柏葉2-14-6,,,,1,,1,,,1,42.9706274070728,141.484826725938,
6354,E0123400083201,フローラル公園,北海道北広島市大曲柏葉4-12-5,,,,1,,1,,,,42.9673505736431,141.490959724159,
6355,E0123400084201,柏葉公園,北海道北広島市大曲柏葉4-4-4,,,,1,,1,,,,42.9683570493481,141.488220068571,
6356,E0123400085201,あおぞら公園,北海道北広島市大曲柏葉4-6-16,,,,1,,1,,,,42.9654678662057,141.490235158133,
6357,E0123400086201,四里塚公園,北海道北広島市大曲柏葉5-8-7,,,,1,,1,,,,42.964111773549,141.491662327579,
6358,E0123400087201,水明遊園地,北海道北広島市大曲並木2-7-4,,,,1,,1,,,,42.9760017116995,141.476857266837,
6359,E0123400088201,みどり公園,北海道北広島市大曲並木3-13-6,,,,1,,1,,,,42.9805611883773,141.473135358795,
6360,E0123400089201,くじら公園,北海道北広島市大曲並木3-19-2,,,,1,,1,,,,42.9794016589601,141.474244306798,
6361,E0123400167201,みどりの里緑地公園,北海道北広島市大曲並木3-2-1,1,1,,1,,1,1,,,42.979694,141.472031,
6362,E0123400090201,レインボー遊園地,北海道北広島市大曲並木3-5-8,,,,1,,1,,,,42.9781022789205,141.472330106513,
6363,E0123400092201,のぞみの公園,北海道北広島市大曲末広3-12,,,,1,,1,,,,42.9773263364638,141.485446845133,
6364,E0123400091201,末広どんぐり公園,北海道北広島市大曲末広１－５－６外,,,,1,,1,,,,42.9746590395048,141.481785802569,
6365,E0123400155201,こぐま公園,北海道北広島市大曲緑ヶ丘1-12-6,,,,1,,1,,,,42.9787075485231,141.48198228171,
6366,E0123400156201,あけぼの遊園地,北海道北広島市大曲緑ヶ丘1-2-21,,,,1,,1,,,,42.9773032340599,141.480801390771,
6367,E0123400157201,北都遊園地,北海道北広島市大曲緑ヶ丘1-5-5,,,,1,,1,,,,42.9789012076991,141.479946241738,
6368,E0123400158201,こばと遊園地,北海道北広島市大曲緑ヶ丘2-20-12,,,,1,,1,,,,42.9804747795767,141.476616099474,
6369,E0123400159201,ほのぼの公園,北海道北広島市大曲緑ヶ丘5-4-1,,,,1,,1,,,,42.9812600133499,141.481546895457,
6370,E0123400160201,のびのび公園,北海道北広島市大曲緑ヶ丘6-5-1,,,,1,,1,,,,42.9827973868497,141.478504688925,
6371,E0123400161201,大曲東公園,北海道北広島市大曲緑ヶ丘7-20,,,,1,,1,,,,42.9852028776621,141.480247317935,
6372,E0123400101201,にこにこ公園,北海道北広島市中央2-7-4,,,,1,,1,,,,42.986453961987,141.566066396193,
6373,E0123400102201,東部小学校グラウンド,北海道北広島市中央4-4,,,,1,,1,,,1,42.9839691055581,141.563765781501,
6374,E0123400102202,東部小学校,北海道北広島市中央4-4,1,1,,1,,1,1,,1,42.9844282481663,141.563679950799,
6375,E0123400103201,どんぐり公園,北海道北広島市中央5-3-1,,,,1,,1,,,,42.9816818116213,141.563296763249,
6376,E0123400104201,くるみ公園,北海道北広島市中央6-8-8,,,,1,,1,,,,42.9778923521388,141.565146847826,
6377,E0123400105201,ひかり公園,北海道北広島市朝日町3-6-1,,,,1,,1,,,,42.9885807327288,141.572950319211,
6378,E0123400106201,中央公民館前庭,北海道北広島市朝日町5-1-1,,,,1,,1,,,1,42.9866871577558,141.573084410823,
6379,E0123400106202,中央公民館,北海道北広島市朝日町5-1-1,1,1,,1,,1,1,,1,42.9870677978604,141.57315414826,
6380,E0123400107201,北広島東記念館前庭,北海道北広島市朝日町5-1-2,,,,1,,1,,,1,42.9877225625529,141.573164262805,
6381,E0123400107202,北広島東記念館,北海道北広島市朝日町5-1-2,1,1,,1,,1,1,,1,42.987496112089,141.573055110339,
6382,E0123400108201,旧西部小学校グラウンド,北海道北広島市島松284-1,,,,1,,1,,,,42.939317887393,141.506115564838,
6383,E0123400109201,つくし公園,北海道北広島市東共栄1-5-4,,,,1,,1,,,,42.992575105649,141.566789539323,
6384,E0123400110201,わかくさ公園,北海道北広島市東共栄2-25,,,,1,,1,,,,42.9955282082735,141.566283658272,
6385,E0123400111201,はまなす公園,北海道北広島市南町2-53,,,,1,,1,,,,42.9672442642219,141.560893813145,
6386,E0123400112201,南公園,北海道北広島市南町3-51,,,,1,,1,,,,42.9676762881664,141.55773505537,
6387,E0123400162201,クロッカス公園,北海道北広島市虹ヶ丘5-6-5,,,,1,,1,,,,43.0194855263153,141.492828316456,
6388,E0123400145202,札幌日大高校グラウンド,北海道北広島市虹ヶ丘5-7-1,,,,1,,1,,,1,43.0191624343515,141.491692688705,
6389,E0123400145201,札幌日大高校,北海道北広島市虹ヶ丘5-7-1,1,1,,1,,1,1,,1,43.0195585614546,141.490888025996,
6390,E0123400163201,アイリス公園,北海道北広島市虹ヶ丘6-6-15,,,,1,,1,,,,43.0203723397179,141.49001735888,
6391,E0123400164201,虹ヶ丘公園,北海道北広島市虹ヶ丘７－１－１外,,,,1,,1,,,,43.0226357646544,141.489832890815,
6392,E0123400119201,ふじ公園,北海道北広島市白樺町2-52,,,,1,,1,,,,42.9655303360875,141.554838995267,
6393,E0123400120201,東部中学校グラウンド,北海道北広島市美咲き野1-12-1,,,,1,,1,,,1,42.9921245238141,141.571751505498,
6394,E0123400120202,東部中学校,北海道北広島市美咲き野1-12-1,1,1,,1,,1,1,,1,42.9932270988632,141.571193606019,
6395,E0123400121201,美咲き野なかよし公園,北海道北広島市美咲き野1-7-17,,,,1,,1,,,,42.9903555792577,141.570972119756,
6396,E0123400122201,美咲き野げんき公園,北海道北広島市美咲き野2-16,,,,1,,1,,,,42.9945463836474,141.571076329997,
6397,E0123400123201,すずむし公園,北海道北広島市美沢1-6-1,,,,1,,1,,,,42.9857501646024,141.559221779733,
6398,E0123400124201,とんぼ公園,北海道北広島市美沢2-4-3,,,,1,,1,,,,42.9835416631702,141.561747266779,
6399,E0123400125201,ほたる公園,北海道北広島市美沢3-11-1,,,,1,,1,,,,42.9846486829896,141.557724331255,
6400,E0123400126201,みつばち公園,北海道北広島市美沢3-6-2,,,,1,,1,,,,42.9822210146441,141.558567643988,
6401,E0123400165201,きたひろサンパーク,北海道北広島市富ヶ岡261-1,,,,1,,1,,,,42.9555646595045,141.549738359314,
6402,E0123400129201,みはらし公園,北海道北広島市北の里５７－５外,,,,1,,1,,,,43.0029016131641,141.550675773259,
6403,E0123400130201,あじさい公園,北海道北広島市北進町2-52,,,,1,,1,,,,42.9805472734909,141.557637763639,
6404,E0123400131201,こすもす公園,北海道北広島市里見町1-52,,,,1,,1,,,,42.9631685786069,141.539638520885,
6405,E0123400132201,あざみ公園,北海道北広島市里見町3-53,,,,1,,1,,,,42.9601640678788,141.541494425925,
6406,E0123400133201,さつき公園,北海道北広島市里見町5-52,,,,1,,1,,,,42.9576901993585,141.54715212976,
6407,E0123400134201,かえで公園,北海道北広島市里見町7-1-161,,,,1,,1,,,,42.9598590707323,141.552183198893,
6408,E0123400136201,北広島団地地域サポートセンターともにグラウンド,北海道北広島市緑陽町1-2,,,,1,,1,,,1,42.9672635195351,141.546232636828,
6409,E0123400136202,北広島団地地域サポートセンターともに体育館,北海道北広島市緑陽町1-2,1,1,,1,,1,1,,1,42.9668278011808,141.545159753219,
6410,E0123400137202,緑陽中学校,北海道北広島市緑陽町3-4,1,1,,1,,1,1,,1,42.9641921929363,141.5422540529,
6411,E0123400137201,緑陽中学校グラウンド,北海道北広島市緑陽町3-4,,,,1,,1,,,1,42.9649341216952,141.542860232128,
6412,E0123400138201,あさがお公園,北海道北広島市緑陽町3-50,,,,1,,1,,,,42.9659807402478,141.543939922604,
6413,E0123400154201,緑葉公園,北海道北広島市緑陽町１、山手町１,,,,1,,1,,,,42.9724828185543,141.545375988856,
6414,E0123400139201,西部小学校グラウンド,北海道北広島市輪厚508-3,,,,1,,1,,,1,42.9463356957317,141.505143191472,
6415,E0123400139202,西部小学校,北海道北広島市輪厚508-3,1,1,,1,,1,1,,1,42.9450791350977,141.50565817561,
6416,E0123400166201,西部パーク,北海道北広島市輪厚508-7,1,1,,1,,1,,,,42.945978,141.506411,
6417,E0123400141202,西部中学校,北海道北広島市輪厚中央1-12,1,1,,1,,1,1,,1,42.9458680410526,141.50296665145,
6418,E0123400141201,西部中学校グラウンド,北海道北広島市輪厚中央1-12,,,,1,,1,,,1,42.9454282444075,141.503240236774,
6419,E0123400146201,農民研修センター,北海道北広島市輪厚中央4-12-17,1,1,,1,,1,1,,1,42.9406955328466,141.5068083221859,
6420,E0123400142201,輪厚児童体育館,北海道北広島市輪厚中央4-12-19,1,1,,1,,1,1,,1,42.940861873888,141.50728423056,
6421,E0123400143201,サンビレッジ遊園地,北海道北広島市輪厚中央4-12-9,,,,1,,1,,,,42.9411281496157,141.507287846378,
6422,E0123400144201,くりの木公園,北海道北広島市輪厚中央4-13-2,,,,1,,1,,,,42.9404932783705,141.507614700945,
6423,E0123600001202,高規格道路（一本木①）,北海道北斗市一本木,,,,,1,,,,,41.832728559427,140.6736917315,
6424,E0123600001201,高規格道路（一本木②）,北海道北斗市一本木,,,,,1,,,,,41.832736553431,140.66378901582,
6425,E0123600002201,一本木会館,北海道北斗市一本木134-2,1,1,1,1,,1,1,1,,41.835398685915,140.66391418856,
6426,E0123600003201,島川小学校（グラウンド）,北海道北斗市一本木77-1,,,,1,,1,,,1,41.839683777632,140.65957361969,
6427,E0123600003203,島川小学校（校舎）,北海道北斗市一本木77-1,1,1,1,1,,1,1,1,1,41.840491079167,140.6590103558,
6428,E0123600003202,島川小学校（体育館）,北海道北斗市一本木77-1,1,1,1,1,,1,1,1,1,41.840379176592,140.65961653503,
6429,E0123600004201,稲里会館,北海道北斗市稲里32-3,1,1,1,,1,1,1,,,41.898730244636,140.65483865232,
6430,E0123600005201,総合体育館,北海道北斗市押上1-3-1,1,1,1,1,,1,1,1,1,41.824025447338,140.63576289453,
6431,E0123600006201,高齢者センター,北海道北斗市押上1-3-2,1,1,1,1,,1,1,1,1,41.8237004738,140.639221095,
6432,E0123600006202,林業協業センター,北海道北斗市押上1-3-2,1,1,1,1,,1,1,1,1,41.823912884623,140.63961810522,
6433,E0123600008201,萩野小学校（グラウンド）,北海道北斗市開発393-9,,,,1,1,1,,,1,41.856386358521,140.67285513053,
6434,E0123600008202,萩野小学校（体育館）,北海道北斗市開発393-9,1,1,1,1,1,1,1,1,1,41.85602276479,140.67236160408,
6435,E0123600008203,萩野小学校（校舎）,北海道北斗市開発393-9,1,1,1,1,1,1,1,1,1,41.856050733612,140.67296241889,
6436,E0123600009201,高台（クリーンおしま）,北海道北斗市館野105,,,,,1,,,,,41.795205354167,140.61176252835,
6437,E0123600010205,市営住宅久根別団地（５号棟）,北海道北斗市久根別1-18,,,,,1,,,,,41.825711025613,140.67944416932,
6438,E0123600010206,市営住宅久根別団地（４号棟）,北海道北斗市久根別1-18,,,,,1,,,,,41.825395977147,140.67970926257,
6439,E0123600010207,市営住宅久根別団地（３号棟）,北海道北斗市久根別1-18,,,,,1,,,,,41.825047977342,140.67983235582,
6440,E0123600010208,市営住宅久根別団地（２号棟）,北海道北斗市久根別1-18,,,,,1,,,,,41.824956030173,140.67932289814,
6441,E0123600010204,市営住宅久根別団地（６号棟）,北海道北斗市久根別1-18,,,,,1,,,,,41.825808979479,140.6799789914,
6442,E0123600010201,市営住宅久根別団地（９号棟）,北海道北斗市久根別1-18,,,,,1,,,,,41.825276012667,140.68025571164,
6443,E0123600010202,市営住宅久根別団地（８号棟）,北海道北斗市久根別1-18,,,,,1,,,,,41.825338984784,140.68088418651,
6444,E0123600010203,市営住宅久根別団地（７号棟）,北海道北斗市久根別1-18,,,,,1,,,,,41.825668979549,140.68059316931,
6445,E0123600011201,久根別体育センター,北海道北斗市久根別1-18-1,1,1,1,1,,1,1,1,1,41.825153813495,140.67840106658,
6446,E0123600012201,久根別住民センター,北海道北斗市久根別1-29-1,1,1,1,1,,1,1,1,1,41.825891849354,140.67495625914,
6447,E0123600013201,向野会館,北海道北斗市向野1-10-16,1,1,1,1,1,1,1,1,,41.880722697961,140.6379354736,
6448,E0123600016201,大野農業高校（グラウンド）,北海道北斗市向野2-26-1,,,,1,1,1,,,1,41.882260019768,140.63104076642,
6449,E0123600016202,大野農業高校（体育館）,北海道北斗市向野2-26-1,1,1,1,1,1,1,1,1,1,41.883122697924,140.6323765065,
6450,E0123600016203,大野農業高校（校舎）,北海道北斗市向野2-26-1,1,1,1,1,1,1,1,1,1,41.882819164345,140.63245160836,
6451,E0123600017203,石別中学校（校舎）,北海道北斗市三ツ石270,1,1,1,1,1,1,1,1,1,41.734056668168,140.57424397744,
6452,E0123600017201,石別中学校（グラウンド）,北海道北斗市三ツ石270,,,,1,1,1,,,1,41.733428169372,140.57453902044,
6453,E0123600017202,石別中学校（体育館）,北海道北斗市三ツ石270,1,1,1,1,1,1,1,1,1,41.733804468753,140.5737558154,
6454,E0123600018201,高台（トラピスト修道院駐車場）,北海道北斗市三ツ石392,,,,,1,,,,,41.739088364386,140.57119183212,
6455,E0123600019201,茂辺地市の渡農村センター,北海道北斗市市の渡84-1,1,1,1,,1,1,1,1,1,41.775832756324,140.58522330247,
6456,E0123600020201,市渡会館,北海道北斗市市渡239,1,1,1,1,1,1,1,,,41.89770208458,140.6361450406,
6457,E0123600021201,市渡小学校（グラウンド）,北海道北斗市市渡242,,,,1,1,1,,,1,41.89871991023,140.63476317091,
6458,E0123600021202,市渡小学校（体育館）,北海道北斗市市渡242,1,1,1,1,1,1,1,,1,41.898081046504,140.63499384088,
6459,E0123600021203,市渡小学校（校舎）,北海道北斗市市渡242,1,1,1,1,1,1,1,,1,41.8982247914,140.6343715684,
6460,E0123600023201,函館水産高校（グラウンド）,北海道北斗市七重浜2-15-3,,,,1,,1,,,1,41.815197514524,140.71197148968,
6461,E0123600023202,函館水産高校（体育館）,北海道北斗市七重浜2-15-3,1,1,1,1,,1,1,1,1,41.815981076869,140.71121888121,
6462,E0123600023203,函館水産高校（校舎）,北海道北斗市七重浜2-15-3,1,1,1,1,,1,1,1,1,41.815529295915,140.71120278795,
6463,E0123600024201,七重浜住民センター,北海道北斗市七重浜2-32-25,1,1,1,1,,1,1,1,1,41.817315,140.708185,
6464,E0123600025201,第３キリンズマンション,北海道北斗市七重浜4-18-11,,,,,1,,,,,41.817968,140.717576,
6465,E0123600026201,浜分体育センター,北海道北斗市七重浜5-11-20,1,1,1,1,,1,1,1,1,41.824111787025,140.70815182601,
6466,E0123600026202,浜分ふれあいセンター,北海道北斗市七重浜5-11-20,1,1,1,1,,1,1,1,1,41.82374001474,140.70782459651,
6467,E0123600027205,道営住宅七重浜団地（２号棟）,北海道北斗市七重浜7-2-14,,,,,1,,,,,41.817679993825,140.70355900992,
6468,E0123600027202,道営住宅七重浜団地（５号棟）,北海道北斗市七重浜7-2-14,,,,,1,,,,,41.818336,140.703844,
6469,E0123600027203,道営住宅七重浜団地（４号棟）,北海道北斗市七重浜7-2-14,,,,,1,,,,,41.818025987523,140.70377763558,
6470,E0123600027204,道営住宅七重浜団地（３号棟）,北海道北斗市七重浜7-2-14,,,,,1,,,,,41.817762004128,140.70282944908,
6471,E0123600027201,道営住宅七重浜団地（６号棟）,北海道北斗市七重浜7-2-14,,,,,1,,,,,41.818643,140.70408,
6472,E0123600028201,七重浜ファミリーセンター,北海道北斗市七重浜8-3-18,1,1,1,1,,1,1,1,1,41.821102826345,140.69238932644,
6473,E0123600029201,道営住宅常盤団地（３号棟）Ｃ棟,北海道北斗市常盤1-7-1,,,,,1,,,,,41.821900034859,140.64254790675,
6474,E0123600029202,道営住宅常盤団地（２号棟）Ｂ棟,北海道北斗市常盤1-7-1,,,,,1,,,,,41.822610028415,140.64286390675,
6475,E0123600029203,道営住宅常盤団地（１号棟）Ａ棟,北海道北斗市常盤1-7-1,,,,,1,,,,,41.822428032995,140.642361,
6476,E0123600030201,高規格道路（水無）,北海道北斗市水無,,,,,1,,,,,41.818107620355,140.62178852344,
6477,E0123600033201,沖川小学校（グラウンド）,北海道北斗市清川595,,,,1,1,1,,,1,41.846923335537,140.63185756853,
6478,E0123600033202,沖川小学校（体育館）,北海道北斗市清川595,1,1,1,1,1,1,1,1,1,41.847259008341,140.63260858706,
6479,E0123600033203,沖川小学校（校舎）,北海道北斗市清川595,1,1,1,1,1,1,1,1,1,41.847055207206,140.63262468031,
6480,E0123600034201,清川農村センター,北海道北斗市清川604-3,1,1,1,1,1,1,1,1,1,41.847125942197,140.63328462393,
6481,E0123600035201,千代田会館,北海道北斗市千代田55-6,1,1,1,1,1,1,1,1,,41.847681781229,140.65931770152,
6482,E0123600036201,谷好住民センター,北海道北斗市谷好3-12-41,1,1,1,1,,1,1,1,1,41.813145554403,140.62642934922,
6483,E0123600037201,北斗市役所,北海道北斗市中央1-3-10,,,,,1,,,,,41.82417,140.653015,
6484,E0123600038201,中山会館,北海道北斗市中山23,1,,1,,1,1,1,1,,41.920046,140.587465,
6485,E0123600039201,高規格道路（中野通）,北海道北斗市中野通,,,,,1,,,,,41.834512635661,140.65689863329,
6486,E0123600040201,市営住宅中野通団地（Ａ棟）,北海道北斗市中野通1-8-1,,,,,1,,,,,41.826233,140.655718,
6487,E0123600041201,市営住宅中野通団地（Ｂ棟）,北海道北斗市中野通1-9-1,,,,,1,,,,,41.8257309744,140.65596208466,
6488,E0123600043201,総合文化センター,北海道北斗市中野通2-13-1,1,1,1,1,,1,1,1,1,41.825046723518,140.6512001038,
6489,E0123600044201,保健センター,北海道北斗市中野通2-18-1,1,1,1,1,,1,1,1,1,41.824491269289,140.6489364163,
6490,E0123600042202,上磯小学校（体育館）,北海道北斗市中野通200,1,1,1,1,,1,1,1,1,41.828182523804,140.65005113348,
6491,E0123600042201,上磯小学校（グラウンド）,北海道北斗市中野通200,,,,1,,1,,,1,41.827574933498,140.64902652964,
6492,E0123600042203,上磯小学校（校舎）,北海道北斗市中野通200,1,1,1,1,,1,1,1,1,41.82773082893,140.65045346483,
6493,E0123600046202,上磯高校（体育館）,北海道北斗市中野通3-6-1,1,1,1,1,,1,1,1,1,41.824415139057,140.64643135812,
6494,E0123600046203,上磯高校（校舎）,北海道北斗市中野通3-6-1,1,1,1,1,,1,1,1,1,41.825006769416,140.6471394613,
6495,E0123600046201,上磯高校（グラウンド）,北海道北斗市中野通3-6-1,,,,1,,1,,,1,41.8250107669,140.6457125261,
6496,E0123600045202,上磯中学校（体育館）,北海道北斗市中野通320-4,1,1,1,1,,1,1,1,1,41.832429381898,140.64846551097,
6497,E0123600045203,上磯中学校（校舎）,北海道北斗市中野通320-4,1,1,1,1,,1,1,1,1,41.832269500879,140.64900731718,
6498,E0123600045201,上磯中学校（グラウンド）,北海道北斗市中野通320-4,,,,1,,1,,,1,41.833380665705,140.64873909628,
6499,E0123600047201,浜分小学校（グラウンド）,北海道北斗市追分1-11-31,,,,1,,,,,1,41.825365031781,140.70321491263,
6500,E0123600047202,浜分小学校（体育館）,北海道北斗市追分1-11-31,1,1,1,1,,,1,1,1,41.82635239718,140.70145538351,
6501,E0123600047203,浜分小学校（校舎）,北海道北斗市追分1-11-31,1,1,1,1,,,1,1,1,41.825776769001,140.70187380812,
6502,E0123600048202,浜分中学校（体育館）,北海道北斗市追分1-17-1,1,1,1,1,,,1,1,1,41.827591166684,140.6993541958,
6503,E0123600048201,浜分中学校（グラウンド）,北海道北斗市追分1-17-1,,,,1,,,,,1,41.826455917001,140.69924154302,
6504,E0123600048203,浜分中学校（校舎）,北海道北斗市追分1-17-1,1,1,1,1,,,1,1,1,41.827819013667,140.70016958734,
6505,E0123600049201,追分福祉センター,北海道北斗市追分5-14-1,1,1,1,1,,1,1,1,1,41.831052990369,140.69594187034,
6506,E0123600051202,高規格道路（添山）,北海道北斗市添山,,,,,1,,,,,41.827693941032,140.6284244612,
6507,E0123600051201,高台（添山地区高台）,北海道北斗市添山,,,,,1,,,,,41.83037028492,140.61579893215,
6508,E0123600052201,添山会館,北海道北斗市添山106,1,1,1,,1,1,1,1,,41.82914406548,140.62514938106,
6509,E0123600055201,農業振興センター,北海道北斗市東前74-2,1,1,1,1,1,1,1,1,1,41.854563,140.676462,
6510,E0123600056201,久根別小学校（グラウンド）,北海道北斗市東浜1-11-1,,,,1,,1,,,1,41.822758430849,140.67721315318,
6511,E0123600056202,久根別小学校（体育館）,北海道北斗市東浜1-11-1,1,1,,1,,1,1,1,1,41.823110220823,140.67635484629,
6512,E0123600056203,久根別小学校（校舎）,北海道北斗市東浜1-11-1,1,1,,1,,1,1,1,1,41.822785747954,140.6757330209,
6513,E0123600057201,漁村センター,北海道北斗市東浜2-18-18,1,1,,1,,1,1,1,,41.82301148039,140.66210968072,
6514,E0123600058201,当別（当別東側高台）,北海道北斗市当別,,,,,1,,,,,41.744123047187,140.58903029533,
6515,E0123600059201,石別小学校（グラウンド）,北海道北斗市当別2-5-1,,,,1,1,1,,,1,41.739831407468,140.58485320728,
6516,E0123600059203,石別小学校（校舎）,北海道北斗市当別2-5-1,1,1,1,1,1,1,1,1,1,41.740495868419,140.58442941825,
6517,E0123600059202,石別小学校（体育館）,北海道北斗市当別2-5-1,1,1,1,1,1,1,1,1,1,41.740728027853,140.58425775688,
6518,E0123600060201,石別住民センター,北海道北斗市当別3-1-44,1,,1,1,,1,1,1,1,41.738119,140.582431,
6519,E0123600061201,高台（おしまコロニー）,北海道北斗市当別697,,,,,1,,,,1,41.751783432595,140.58176687332,
6520,E0123600072202,高規格道路（萩野①）,北海道北斗市萩野,,,,,1,,,,,41.834080394225,140.68809657099,
6521,E0123600072201,高規格道路（萩野②）,北海道北斗市萩野,,,,,1,,,,,41.833504835532,140.68383722307,
6522,E0123600073201,飯生住民センター,北海道北斗市飯生2-5-1,1,1,1,1,,1,1,1,,41.819531870011,140.64338342916,
6523,E0123600074201,市営住宅飯生団地,北海道北斗市飯生3-1-25,,,,,1,,,,,41.817733993815,140.64030144907,
6524,E0123600075201,高規格道路（富川）,北海道北斗市富川,,,,,1,,,,,41.809935361387,140.62015774036,
6525,E0123600076202,谷川小学校（体育館）,北海道北斗市富川2-2-1,1,1,1,1,,1,1,1,1,41.810163065828,140.62243393124,
6526,E0123600076201,谷川小学校（グラウンド）,北海道北斗市富川2-2-1,,,,1,,1,,,1,41.809831196889,140.62372675598,
6527,E0123600076203,谷川小学校（校舎）,北海道北斗市富川2-2-1,1,1,1,1,,1,1,1,1,41.810382978034,140.62335124672,
6528,E0123600077201,富川会館,北海道北斗市富川2-6-6,1,1,1,1,,1,1,1,1,41.806274116203,140.62093900314,
6529,E0123600078201,文月会館,北海道北斗市文月228-1,1,1,1,1,1,1,1,1,,41.872440321083,140.62687458132,
6530,E0123600079201,北斗市公民館,北海道北斗市本郷2-32-5,1,1,1,1,1,1,1,1,1,41.888113296852,140.6393872539,
6531,E0123600080201,スポーツセンター,北海道北斗市本郷2-5-1,1,1,1,1,1,1,1,1,1,41.887036483236,140.6397697514,
6532,E0123600081202,大野小学校（体育館）,北海道北斗市本町2-12-6,1,1,1,1,1,1,1,1,1,41.886090340713,140.6400271021,
6533,E0123600081201,大野小学校（グラウンド）,北海道北斗市本町2-12-6,,,,1,1,1,,,1,41.885934587475,140.63917952406,
6534,E0123600081203,大野小学校（校舎）,北海道北斗市本町2-12-6,1,1,1,1,1,1,1,1,1,41.886162226695,140.640590366,
6535,E0123600082202,健康センター（せせらぎ温泉）,北海道北斗市本町4-3-20,1,1,1,1,1,1,1,1,1,41.879497425826,140.64012898053,
6536,E0123600082201,せせらぎ保健センター,北海道北斗市本町4-3-20,1,1,1,1,1,1,1,1,1,41.87984490984,140.64017189587,
6537,E0123600084201,さわやか会館,北海道北斗市本町5-3-15,1,1,1,1,1,1,1,1,1,41.874603,140.651415,
6538,E0123600085203,大野中学校（校舎）,北海道北斗市本町554-1,1,1,1,1,1,1,1,1,1,41.876373834044,140.65235134609,
6539,E0123600085202,大野中学校（体育館）,北海道北斗市本町554-1,1,1,1,1,1,1,1,1,1,41.875778684266,140.65250154979,
6540,E0123600085201,大野中学校（グラウンド）,北海道北斗市本町554-1,,,,1,1,1,,,1,41.875866559078,140.65353151805,
6541,E0123600086201,高台（茂辺地当別線台上）,北海道北斗市茂辺地,,,,,1,,,,,41.761395984827,140.59932916622,
6542,E0123600087201,茂辺地住民センター,北海道北斗市茂辺地2-5-56,1,1,1,1,,1,1,1,1,41.76506971791,140.60354363591,
6543,E0123600088201,市営茂辺地中央団地,北海道北斗市茂辺地3-3-10,,,,,1,,,,,41.768356784755,140.60200721231,
6544,E0123600089201,茂辺地体育センター,北海道北斗市茂辺地3-3-16,1,1,1,1,,1,1,1,1,41.76878924573,140.6025477747,
6545,E0123600090202,茂辺地小中学校（体育館）,北海道北斗市茂辺地3-4-12,1,1,1,1,,1,1,1,1,41.770352556591,140.60015172923,
6546,E0123600090201,茂辺地小中学校（グラウンド）,北海道北斗市茂辺地3-4-12,,,,1,,1,,,1,41.770880672493,140.5998459574,
6547,E0123600090203,茂辺地小中学校（校舎）,北海道北斗市茂辺地3-4-12,1,1,1,1,,1,1,1,1,41.770088497009,140.60052187407,
6548,E0123600091201,高台（戸切地陣屋跡）,北海道北斗市野崎,,,,,1,,,,,41.854005059587,140.61975787264,
6549,E0123600094201,高台（矢不来天満宮）,北海道北斗市矢不来,,,,,1,,,,,41.770142112341,140.60515954132,
6550,E0123600095201,函館ベイコーストカントリークラブ,北海道北斗市柳沢323-1,,,,,1,,,,,41.810289471015,140.60598264767,
6551,E0143700001201,三谷地域コミュニティセンター,北海道北竜町字三谷64-5,1,,,1,,1,,,1,43.725365582881,141.8493275696,
6552,E0143700002203,北竜町立北竜中学校　校舎,北海道北竜町字板谷150,1,,,1,,1,,,1,43.742865548353,141.87534061252,
6553,E0143700002202,北竜町立北竜中学校　体育館,北海道北竜町字板谷150,1,,,1,,1,,,1,43.74326085051,141.87526014625,
6554,E0143700002201,北竜町立北竜中学校　グランド,北海道北竜町字板谷150,,,,1,,1,,,1,43.742024553705,141.87489000141,
6555,E0143700003201,美葉牛地域農業研修センター,北海道北竜町字美葉牛88-1,1,,,1,,1,,,1,43.803332116887,141.83634820627,
6556,E0143700004201,碧水いきがいセンター　体育館,北海道北竜町字碧水20-1,1,,,1,,1,,,1,43.770267934833,141.87543133691,
6557,E0143700004202,碧水いきがいセンター　管理等,北海道北竜町字碧水20-1,1,,,1,,1,,,1,43.770008393034,141.87546352342,
6558,E0143700005202,農業農村改善センター　多目的ホール,北海道北竜町字和10-1,1,,,1,,1,,,1,43.73026456726,141.87783301738,
6559,E0143700005205,北竜町立真竜小学校　体育館,北海道北竜町字和10-1,1,,,1,,1,,,1,43.731570879522,141.87716782955,
6560,E0143700005206,北竜町立真竜小学校　校舎,北海道北竜町字和10-1,1,,,1,,1,,,1,43.731183252743,141.87772572903,
6561,E0143700005203,農業農村改善センター　管理棟,北海道北竜町字和10-1,1,,,1,,1,,,1,43.730392486337,141.87814415363,
6562,E0143700005204,北竜町立真竜小学校　グランド,北海道北竜町字和10-1,,,,1,,1,,,1,43.731105727087,141.87651873497,
6563,E0143700006201,老人福祉センター,北海道北竜町字和19-6,1,,,1,,1,,,1,43.727462786135,141.88186278799,
6564,E0152000001201,幌延町総合体育館,北海道幌延町栄町5-1,1,1,,1,,1,1,,1,45.01903339,141.8489767,
6565,E0152000002201,幌延町生涯学習センター,北海道幌延町宮園町1-3,1,1,,1,,1,1,,1,45.01751308,141.8469504,
6566,E0152000003201,幌延町深地層研究センター国際交流施設,北海道幌延町宮園町1-8,1,1,,1,,1,1,,1,45.01787476,141.8468457,
6567,E0152000004202,下沼寿の家,北海道幌延町字下沼270-1,1,1,1,1,1,1,1,,,45.02097688,141.7708938,
6568,E0152000004201,下沼地区グランド,北海道幌延町字下沼270-1,1,1,1,1,1,1,1,,,45.02057714,141.7708843,
6569,E0152000005201,下沼生活改善センター,北海道幌延町字下沼52-3,1,1,,,,1,,,,45.04990632,141.7493645,
6570,E0152000006202,開進集会所,北海道幌延町字開進176,,,,,,1,,,,44.9480542,141.8922545,
6571,E0152000006201,開進地区グランド,北海道幌延町字開進176,,,,1,,1,,,,44.94782102,141.8922355,
6572,E0152000007201,南上幌延集会所,北海道幌延町字開進35-1,,,,,,1,,,,44.96528623,141.8840549,
6573,E0152000008201,上幌延地区グランド,北海道幌延町字上幌延98,,,,1,,1,,,,44.99002332,141.8800923,
6574,E0152000009201,上幌延生活改善センター,北海道幌延町字上幌延99,,,,,,1,,,,44.9903041,141.880059,
6575,E0152000010201,上問寒地区駐車場,北海道幌延町字上問寒227,,,,1,,1,,,,45.01617765,142.0782733,
6576,E0152000010202,上問寒生活改善センター,北海道幌延町字上問寒227,,,,,,1,,,,45.01640608,142.0782257,
6577,E0152000011201,中問寒地区グランド,北海道幌延町字中問寒170,,,,1,,1,,,,44.969371,142.054532,
6578,E0152000012201,中問寒生活改善センター,北海道幌延町字中問寒222,,,,,,1,,,,44.96611538,142.0550683,
6579,E0152000013201,幌延中学校グランド,北海道幌延町字幌延102,,,,1,,1,,,,45.02207297,141.8434983,
6580,E0152000013202,幌延中学校,北海道幌延町字幌延102,,,,,,1,,,,45.0223823,141.8447451,
6581,E0152000014201,幌延第一集会所,北海道幌延町字幌延223-1,,,,,,1,,,,44.99706256,141.8390144,
6582,E0152000015201,幌延西集会所,北海道幌延町字幌延278,,,,,,1,,,,45.01862996,141.819541,
6583,E0152000016201,追分生活改善センター,北海道幌延町字幌延514,,,,,,1,,,,44.99511617,141.7939618,
6584,E0152000017201,問寒別小中学校グランド,北海道幌延町字問寒別130,,,,1,,1,,,1,44.91707211,142.0220821,
6585,E0152000017202,問寒別小中学校,北海道幌延町字問寒別130,1,1,,1,,1,1,,1,44.91655339,142.0218251,
6586,E0152000018201,問寒別生涯学習センター,北海道幌延町字問寒別135-4,,1,,1,,1,,,1,44.91621936,142.0197158,
6587,E0152000019201,問寒別南集会所,北海道幌延町字問寒別186,,,,,,1,,,,44.91230034,142.0136518,
6588,E0152000020201,問寒別西集会所,北海道幌延町字問寒別355-1,,,,,,1,,,,44.92056181,142.01428,
6589,E0152000021201,問寒別東生活改善センター,北海道幌延町字問寒別571,,,,,,1,,,,44.92753679,142.0405413,
6590,E0152000022201,問寒別町民会館,北海道幌延町字問寒別8-1,,,,,,1,,,,44.91231937,142.0282141,
6591,E0152000023201,雄興地区グランド,北海道幌延町字雄興20,,,,1,,1,,,,44.91093508,141.9309034,
6592,E0152000024201,雄興集会所,北海道幌延町字雄興22,,,,,,1,,,,44.91119206,141.930989,
6593,E0152000025202,幌延小学校,北海道幌延町東町25,,1,,1,,1,,,1,45.01441075,141.8547755,
6594,E0152000025201,幌延小学校グランド,北海道幌延町東町25,,,,1,,1,,,1,45.01455351,141.8565886,
6595,E0147200001201,下幌加内会館,北海道幌加内町字下幌加内,1,1,,,,1,1,,,43.95577221,142.1701267,地震災害時は利用禁止
6596,E0147200002206,朱鞠内小学校,北海道幌加内町字朱鞠内,,,,1,,1,,,1,44.28053805,142.159725,洪水・土砂災害時は利用禁止
6597,E0147200002205,朱鞠内小学校グラウンド,北海道幌加内町字朱鞠内,,,,1,,1,,,1,44.28065717,142.1603489,
6598,E0147200002201,ふれあいの家まどか,北海道幌加内町字朱鞠内,1,1,,,,1,1,,1,44.29496174,142.1655422,地震災害時は利用禁止
6599,E0147200002202,レークハウス,北海道幌加内町字朱鞠内,1,1,,,,1,1,,1,44.30571234,142.1801891,地震災害時は利用禁止
6600,E0147200002203,老人福祉寮延寿荘,北海道幌加内町字朱鞠内,,1,,1,,1,,,1,44.281835,142.162448,
6601,E0147200002204,朱鞠内コミュニティセンター,北海道幌加内町字朱鞠内,1,1,,1,,1,1,,1,44.28061037,142.1618819,洪水災害時は二階以上に避難
6602,E0147200003201,沼牛研修センター,北海道幌加内町字沼牛,1,1,,,,1,1,,,43.97214123,142.1754481,地震災害時は利用禁止
6603,E0147200003204,元沼牛小学校グラウンド,北海道幌加内町字沼牛,1,1,,,,1,1,,,43.97185895,142.1747291,地震災害時は利用禁止
6604,E0147200003203,沼牛会館,北海道幌加内町字沼牛,1,1,,,,1,1,,,43.97787549,142.1959717,地震災害時は利用禁止
6605,E0147200003202,沼牛生活改善センター,北海道幌加内町字沼牛,1,1,,,,1,1,,,43.97102082,142.1759412,地震災害時は利用禁止
6606,E0147200004201,上幌加内会館,北海道幌加内町字上幌加内,1,1,,,,1,1,,,44.03775966,142.1500422,洪水・地震災害時は利用禁止
6607,E0147200005201,振興会館,北海道幌加内町字振興,,1,,,,1,,,,44.02502577,142.1517708,洪水・地震災害時は利用禁止
6608,E0147200006201,新成生会館,北海道幌加内町字新成生,1,1,,,,1,1,,,43.98053598,142.1528406,地震災害時は利用禁止
6609,E0147200007201,生涯学習センター,北海道幌加内町字親和,,1,,1,,1,,,1,44.00659252,142.1560293,洪水災害時は利用禁止
6610,E0147200007203,親煙会館,北海道幌加内町字親和,1,1,,,,1,1,,1,44.00397687,142.1637836,地震災害時は利用禁止
6611,E0147200007202,保健福祉総合センター,北海道幌加内町字親和,,1,,1,,1,,,1,44.00720795,142.1550251,洪水災害時は利用禁止
6612,E0147200008201,政和コミュニティセンター,北海道幌加内町字政和第ニ,1,1,,1,,1,1,,,44.133841,142.152368,
6613,E0147200009201,町民保養センター,北海道幌加内町字政和第一,1,1,,1,,1,1,,,44.11459901,142.1384151,
6614,E0147200010201,政和研修センター,北海道幌加内町字政和第二,1,1,,,,1,1,,1,44.13550434,142.1474071,地震災害時は利用禁止
6615,E0147200010202,元政和小学校グランウンド,北海道幌加内町字政和第二,1,1,,,,1,1,,1,44.13592226,142.1484053,
6616,E0147200011201,長留内会館,北海道幌加内町字長留内,1,1,,,,1,1,,,43.99966789,142.1261522,洪水・地震災害時は利用禁止
6617,E0147200012203,元添牛内小学校グラウンド,北海道幌加内町字添牛内,1,1,,1,,1,1,,1,44.2177835,142.1486133,洪水災害時は利用禁止
6618,E0147200012202,添牛内コミュニティセンター,北海道幌加内町字添牛内,1,1,,1,,1,1,,1,44.21783458,142.1495996,洪水災害時は二階以上に避難
6619,E0147200012201,添牛内地区公民館,北海道幌加内町字添牛内,1,1,,,,1,1,,1,44.21728523,142.1477101,洪水時は二階以上に避難、地震災害時は利用禁止
6620,E0147200013201,東栄会館,北海道幌加内町字東栄,1,1,,,,1,1,,,44.02230437,142.1617313,地震災害時は利用禁止
6621,E0147200014202,士別地方消防事務組合消防署幌加内支署,北海道幌加内町字平和,1,1,,1,,1,1,,1,44.00707966,142.1488616,
6622,E0147200014203,平和会館,北海道幌加内町字平和,,1,,,,1,,,1,44.00008732,142.1451063,洪水・地震災害時は利用禁止
6623,E0147200014201,幌加内高等学校,北海道幌加内町字平和,1,1,,1,,1,1,,1,44.00522053,142.1495093,洪水災害時は二階以上に避難
6624,E0147200015201,母子里コミュニティセンター,北海道幌加内町字母子里,1,1,,1,,1,1,,1,44.36395564,142.2628814,洪水災害時は二階以上に避難
6625,E0147200015202,元母子里小学校グランウンド,北海道幌加内町字母子里,1,1,,1,,1,1,,1,44.36516204,142.2627804,
6626,E0147200016207,幌加内小学校,北海道幌加内町字幌加内,1,1,,1,,1,1,,1,44.013833,142.15465,洪水災害時は二階以上に避難
6627,E0147200016205,農業活性化センター,北海道幌加内町字幌加内,1,1,,1,,1,1,,1,44.01014022,142.1573019,
6628,E0147200016202,幌加内町役場別館,北海道幌加内町字幌加内,1,1,,,,1,1,,1,44.01019,142.154028,洪水災害時は二階以上に避難
6629,E0147200016201,山村広場,北海道幌加内町字幌加内,,1,,1,,1,,,1,44.0081487,142.1559471,洪水災害時は利用禁止
6630,E0147200016206,幌加内小学校グランウンド,北海道幌加内町字幌加内,,1,,1,,1,,,1,44.01656732,142.1548241,
6631,E0147200016209,幌加内中学校,北海道幌加内町字幌加内,1,1,,1,,1,1,,1,44.00655031,142.1505042,洪水災害時は二階以上に避難
6632,E0147200016208,幌加内中学校グランウンド,北海道幌加内町字幌加内,,1,,1,,1,,,1,44.00616566,142.1516807,
6633,E0147200016203,町民研修センター,北海道幌加内町字幌加内,1,1,,1,,1,1,,1,44.00980688,142.1538377,
6634,E0147200016204,交流プラザ,北海道幌加内町字幌加内,1,1,,1,,1,1,,1,44.01010603,142.1518234,洪水災害時は二階以上に避難
6635,E0147200017201,弥運内会館,北海道幌加内町字弥運内,1,1,,,,1,1,,,43.9936594,142.1840685,地震災害時は利用禁止
6636,E0164600002201,光仙寺駐車場,北海道本別町栄町35,,1,,1,,1,1,,,43.133928894886,143.60622497985,
6637,E0164600003201,栄公園,北海道本別町栄町70-2,,1,,1,,1,1,,1,43.13609142596,143.60776727981,
6638,E0164600006201,共栄緑地公園,北海道本別町共栄9-25,1,1,,1,,1,1,,,43.109157,143.599753,
6639,E0164600061201,錦町児童公園,北海道本別町錦町34-2,1,1,,1,,1,1,,,43.13450396867,143.61582733938,
6640,E0164600008201,向陽公園,北海道本別町向陽町23-1,1,1,,1,,1,1,,1,43.12076,143.616459,
6641,E0164600008202,ふれあい交流館駐車場,北海道本別町向陽町23-1,1,1,,1,,1,1,,1,43.12054668578,143.61607334677,
6642,E0164600009201,銀河アリーナ前広場,北海道本別町山手町5-87,1,1,,1,,1,1,,1,43.127795379184,143.61424808707,
6643,E0164600010201,上本別生活館駐車場,北海道本別町上本別22-5,1,1,,1,,1,1,,1,43.147160371575,143.60561709408,
6644,E0164600011201,旧子育て支援センター園庭,北海道本別町新町12-38,,1,,1,,1,1,,,43.132047,143.601669,
6645,E0164600012201,新町公園,北海道本別町新町19-3,1,1,,1,,1,1,,,43.132263254633,143.59728097727,
6646,E0164600026201,義経の館駐車場,北海道本別町東町52,1,1,,1,,1,1,,,43.126815242496,143.62392829804,
6647,E0164600027201,南１丁目ちびっこ広場,北海道本別町南1-7-19,,1,,1,,1,1,,,43.121226,143.60962,
6648,E0164600029201,旧本別営林署苗畑用地,北海道本別町南3-16-1,,1,,1,,1,1,,,43.119272,143.605274,
6649,E0164600031201,南保育所園庭,北海道本別町南4-1,,1,,1,,1,1,,1,43.116053,143.605059,
6650,E0164600032201,南公園,北海道本別町南4-115-3,,1,,1,,1,1,,,43.113615785728,143.60025703173,
6651,E0164600033201,本別生活館園庭,北海道本別町柏木町66-1,1,1,,1,,1,1,,1,43.118175,143.610949,
6652,E0164600037201,町民憩いの広場,北海道本別町北2-4-1,,1,,1,,1,1,,,43.124098209133,143.61089200565,
6653,E0164600040201,道の駅広場,北海道本別町北3-1-3,1,1,,1,,1,1,,,43.125679183917,143.6135484402,
6654,E0164600041202,中央公園,北海道本別町北5,1,1,,1,,1,1,,,43.128935752994,143.61239232702,
6655,E0164600041201,清流公園,北海道本別町北5,,1,,1,,1,1,,,43.128967073339,143.60888399763,
6656,E0164600045201,北公園,北海道本別町北8-3-1,1,1,,1,,1,1,,,43.131953,143.612425,
6657,E0164600050201,本別中央小学校グラウンド西側,北海道本別町弥生町35-1,1,1,,1,,1,1,,,43.124766077772,143.59819036444,
6658,E0164600053201,勇足小学校グラウンド西側,北海道本別町勇足150-1,1,1,,1,,1,1,,1,43.086483680367,143.51899908664,
6659,E0164600057201,みどり公園,北海道本別町緑町3,1,1,,1,,1,1,,,43.117486,143.609178,
6660,E0143300001201,小藤地区運動広場,北海道妹背牛町字チクシベツ527-4,1,,,1,,,1,,1,43.723499466643,141.9225450402,
6661,E0143300003201,妹背牛中学校グラウンド,北海道妹背牛町字妹背牛252-3,1,,,1,,,1,,1,43.698147679466,141.96471713358,
6662,E0143300004201,新千代地区運動広場,北海道妹背牛町字妹背牛3-357,1,,,1,,,1,,1,43.72584312,141.96374004,
6663,E0143300005201,妹背牛小学校グラウンド,北海道妹背牛町字妹背牛431-1,1,,,1,,,1,,1,43.69153194583,141.96097572576,
6664,E0143300008201,農業者トレーニングセンター,北海道妹背牛町字妹背牛5200,1,,,1,,,1,,1,43.700267762908,141.96081300551,
6665,E0143300010202,遊水公園うらら,北海道妹背牛町字妹背牛5208-4,1,,,1,,,1,,,43.7001,141.9588,
6666,E0164300002201,幕別北コミュニティセンター前,北海道幕別町旭町18-7,,,,1,,1,,,1,42.915085,143.364941,
6667,E0164300003201,農業者トレーニングセンター前,北海道幕別町錦町98,1,,,1,,1,,,1,42.907439,143.354411,
6668,E0164300004201,なかよし公園,北海道幕別町札内あかしや町43-7,,,,1,,,,,,42.906903034973,143.25084350119,
6669,E0164300005201,あかしや公園,北海道幕別町札内あかしや町59-2,,,,1,,,,,1,42.909083708539,143.25319118619,
6670,E0164300008201,いなほ公園,北海道幕別町札内みずほ町160-14,,,,,,1,,,,42.903756240606,143.24512936624,
6671,E0164300010201,共栄町公園,北海道幕別町札内共栄町21-1,,,,1,,,,,,42.919315756148,143.24572465842,
6672,E0164300011201,共栄せせらぎ公園,北海道幕別町札内共栄町46,,,,1,,,,,,42.91620362635,143.24057470214,
6673,E0164300012201,暁町北公園,北海道幕別町札内暁町248-1,,,,1,,,,,,42.918588920808,143.26272343465,
6674,E0164300014201,暁町西公園,北海道幕別町札内暁町252-56,,,,1,,,,,,42.917744587533,143.26196849502,
6675,E0164300015201,札内スポーツセンター前,北海道幕別町札内暁町287,,,,1,,,,,1,42.919489,143.268242,
6676,E0164300016201,桂町むつみ公園,北海道幕別町札内桂町560-1,,,,1,,,,,,42.911738299296,143.24630444448,
6677,E0164300017201,桂町公園,北海道幕別町札内桂町571-41,,,,1,,,,,,42.911032505055,143.24401803135,
6678,E0164300019201,桜町東公園,北海道幕別町札内桜町114-1,,,,1,,,,,,42.920931393293,143.24419015426,
6679,E0164300023201,若草南公園,北海道幕別町札内若草町555-4,,,,1,,1,,,,42.912165153277,143.24824479388,
6680,E0164300025201,新北町公園,北海道幕別町札内新北町25-4,,,,1,,,,,,42.917964359672,143.24962995474,
6681,E0164300028201,はるかぜ公園,北海道幕別町札内新北町75-9,,,,1,,,,,,42.9197085984,143.25111053412,
6682,E0164300029201,西町北公園,北海道幕別町札内西町48,,,,1,,,,,,42.923849445644,143.23811948903,
6683,E0164300030201,西町南公園,北海道幕別町札内西町87-1,,,,1,,,,,,42.920494275391,143.23767803138,
6684,E0164300106201,白人小学校グラウンド,北海道幕別町札内青葉町185,,,,1,,,,,1,42.914035642659,143.26846872635,
6685,E0164300106202,札内東中学校グラウンド,北海道幕別町札内青葉町185,,,,1,,,,,1,42.911038,143.269379,
6686,E0164300035201,札内コミュニティプラザ前　（浸水を確認した場合は建物）,北海道幕別町札内青葉町311-11,1,,,1,,,,,1,42.913058,143.26254,
6687,E0164300037201,せせらぎ公園,北海道幕別町札内泉町73-2,,,,1,,,,,,42.908800653514,143.25685628863,
6688,E0164300111201,泉町おしどり公園,北海道幕別町札内泉町79-2,,,,1,,,,,,42.909527702295,143.25792453299,
6689,E0164300039201,札内中央公園,北海道幕別町札内中央町323-1,,,,1,,,,,,42.912693312191,143.25899582259,
6690,E0164300040201,札内中央近隣センター前（施設及び駐車場）,北海道幕別町札内中央町395-1,,,,1,,,,,1,42.91523980324,143.25434564118,
6691,E0164300041201,札内南コミュニティセンター前,北海道幕別町札内文京町28-8,1,,,,,,,,1,42.90839,143.243056,
6692,E0164300042201,札内中学校グラウンド,北海道幕別町札内文京町29,1,,,1,,1,,,1,42.907742,143.244778,
6693,E0164300043201,札内南小学校グラウンド,北海道幕別町札内文京町29-1,1,1,,1,,1,,,,42.905698,143.24503,
6694,E0164300044201,豊町東公園,北海道幕別町札内豊町37,,,,1,,,,,,42.917673873858,143.25951159156,
6695,E0164300047201,札内西公園,北海道幕別町札内北栄町60,,,,1,,1,,,,42.917413,143.237037,
6696,E0164300048201,札内北小学校グラウンド　（浸水を確認した場合は校舎）,北海道幕別町札内北町117-1,1,,,1,,1,,,1,42.92413,143.247095,
6697,E0164300049201,札内北公園,北海道幕別町札内北町117-3,,,,1,,,,,,42.923091351352,143.24780643557,
6698,E0164300050201,はぐくみ公園,北海道幕別町札内北町135,,,,1,,,,,,42.924264,143.250008,
6699,E0164300051201,そよかぜ公園,北海道幕別町札内北町24-7,,,,1,,,,,,42.921811333385,143.25062745589,
6700,E0164300052201,依田近隣センター前,北海道幕別町字依田203,1,1,,1,,,,,1,42.901176,143.242021,
6701,E0164300054201,猿別近隣センター前,北海道幕別町字猿別106-1,,1,,1,,,,,1,42.900456,143.338108,
6702,E0164300055201,西猿別近隣センター前,北海道幕別町字猿別270,,1,,1,,,,,1,42.873171,143.334332,
6703,E0164300057201,集団研修施設こまはたグラウンド,北海道幕別町字駒畠549,1,1,,1,,,,,1,42.674232,143.311988,
6704,E0164300058201,軍岡集落センター前,北海道幕別町字軍岡537-3,,1,,1,,,,,1,42.88108,143.347625,
6705,E0164300059201,旧古舞小学校グラウンド,北海道幕別町字古舞693-2,,,,1,,,,,1,42.807805,143.243549,
6706,E0164300064201,糠内小学校グラウンド,北海道幕別町字糠内272,1,1,,1,,,,,1,42.782907,143.322358,
6707,E0164300065201,新川近隣センター前,北海道幕別町字新川64-4,1,1,,1,,,,,1,42.884944,143.410678,
6708,E0164300066201,新和近隣センター前,北海道幕別町字新和162-128,1,,,1,,,,,1,42.823868,143.305144,
6709,E0164300068201,千住西ふれあい交流館前,北海道幕別町字千住161-13,,,,1,,,,,1,42.920384,143.280929,
6710,E0164300069201,スマイルパーク,北海道幕別町字千住180-1,,,,,,1,,,,42.919063387084,143.27111460718,
6711,E0164300071201,稲志別近隣センター前,北海道幕別町字千住488-2,,1,,1,,,,,1,42.904021,143.293449,
6712,E0164300072201,相川北近隣センター前,北海道幕別町字相川313,,,,1,,,,,1,42.926607,143.341118,
6713,E0164300073201,相川西近隣センター前,北海道幕別町字相川403-1,,,,1,,,,,1,42.919748,143.31561,
6714,E0164300074201,相川農業担い手会館前,北海道幕別町字相川720-1,,,,1,,,,,1,42.910052,143.318576,
6715,E0164300075201,相川南近隣センター前,北海道幕別町字相川784-3,,,,1,,,,,1,42.911675,143.343059,
6716,E0164300076201,大豊近隣センター前,北海道幕別町字大豊230-1,,,,1,,,,,1,42.868905,143.377032,
6717,E0164300077201,まなびや中里前,北海道幕別町字中里155,,,,1,,,,,1,42.730864,143.310948,
6718,E0164300108201,途別小学校グラウンド　（浸水を確認した場合は校舎）,北海道幕別町字途別222,1,,,1,,,,,1,42.862956,143.234264,
6719,E0164300081201,途別保育所前,北海道幕別町字途別231-2,,1,,,,,,,1,42.863019,143.233196,
6720,E0164300082201,南勢近隣センター前,北海道幕別町字南勢226-1,1,1,,1,,,,,1,42.830552,143.356776,
6721,E0164300083201,日新近隣センター前,北海道幕別町字日新1-38,,1,,1,,,,,1,42.865508,143.256274,
6722,E0164300084201,美川農業担い手会館前,北海道幕別町字美川203,1,1,,1,,,,,1,42.745899,143.283911,
6723,E0164300085201,豊岡近隣センター前,北海道幕別町字豊岡5-64,,1,,,,,,,,42.861934,143.292795,
6724,E0164300086201,明野近隣センター前,北海道幕別町字明野210-3,1,,,1,,,,,1,42.912083,143.377064,
6725,E0164300112201,明倫小学校グラウンド,北海道幕別町字明倫38,1,1,,1,,,,,,42.783661,143.279845,
6726,E0164300092201,忠類中学校グラウンド,北海道幕別町忠類栄町297-1,1,,,1,,1,,,1,42.559912,143.298102,
6727,E0164300093201,上当近隣センター前,北海道幕別町忠類協徳246-2,,,,1,,,,,1,42.554520954112,143.29036141028,
6728,E0164300094201,忠類コミュニティセンター前,北海道幕別町忠類錦町439-1,1,1,,1,,1,,,1,42.56703,143.310841,
6729,E0164300096201,道の駅忠類前,北海道幕別町忠類白銀町384-12,,,,,,1,,,,42.558968955056,143.29874672446,
6730,E0164300097201,忠類小学校グラウンド,北海道幕別町忠類白銀町426,1,,,1,,1,,,1,42.563733,143.305506,
6731,E0164300098201,中札内高等養護学校幕別分校グラウンド,北海道幕別町南町81-1,,,,1,,1,,,1,42.900806168318,143.35463969941,
6732,E0164300102201,幕別町民会館前,北海道幕別町本町144,,1,,,,,,,1,42.908057772697,143.35551420158,
6733,E0164300104201,幕別中学校グラウンド,北海道幕別町緑町20,,,,1,,1,,,1,42.902149258929,143.3626523584,
6734,E0164300109201,幕別小学校グラウンド,北海道幕別町緑町26,,,,1,,1,,,1,42.902006176335,143.36098568601,
6735,E0122100001201,智恵文小中学校（グラウンド）,北海道名寄市字智恵文１１線北2,,,,1,,1,,,,44.438877869225,142.4054543411,
6736,E0122100001203,智恵文小中学校,北海道名寄市字智恵文１１線北2,1,1,,1,,1,1,,,44.438209498562,142.40500372999,
6737,E0122100001202,智恵文多目的研修センター,北海道名寄市字智恵文１１線北2,1,1,,,,1,1,,,44.437489411586,142.40514856933,「洪水」では2階以上に避難
6738,E0122100037201,旧智恵文小学校（グラウンド）,北海道名寄市字智恵文１２線南3,,,,1,,1,,,,44.437673575546,142.39598000315,
6739,E0122100002201,智北地区農作業管理休養センター,北海道名寄市字智恵文智北2972,1,1,,,,1,1,,,44.463393507061,142.39389804626,
6740,E0122100003202,名寄高等学校,北海道名寄市字徳田204,1,,,1,,1,1,,1,44.329998326193,142.4635459372,
6741,E0122100003201,名寄高等学校（グラウンド）,北海道名寄市字徳田204,,,,1,,1,,,1,44.330595664934,142.46263577384,
6742,E0122100004203,中名寄小学校,北海道名寄市字日彰285,1,,,1,,1,1,,,44.333120577842,142.51026927259,
6743,E0122100004201,中名寄小学校（グラウンド）,北海道名寄市字日彰285,,,,1,,1,,,,44.33286093284,142.50999747498,
6744,E0122100004202,東部地区集落センター,北海道名寄市字日彰285,,,,1,,1,,,,44.332775237051,142.51067160393,
6745,E0122100005201,株式会社名寄ゴルフ倶楽部,北海道名寄市字日彰391,1,,,,,1,1,,,44.323375183666,142.5015819418,
6746,E0122100006201,なよろ健康の森,北海道名寄市字日進,,,,1,,1,,,,44.377678441215,142.4767089231,
6747,E0122100007202,北海道立サンピラーパーク,北海道名寄市字日進147-2,1,1,,1,,1,,,1,44.374362156357,142.47317255315,
6748,E0122100007201,サンピラー交流館,北海道名寄市字日進147-2,1,1,,1,,1,,,1,44.373671958633,142.47411669072,
6749,E0122100009201,なよろ健康の森管理棟,北海道名寄市字日進267,1,1,,1,,1,1,,1,44.377718691238,142.47328428096,
6750,E0122100010201,名寄中学校（グラウンド）,北海道名寄市字豊栄101,,,,1,,1,,,,44.340681235161,142.44760244824,
6751,E0122100063201,名寄中学校,北海道名寄市字豊栄101-1,1,,,,,1,1,,,44.340539280275,142.44948535897,「洪水」「内水氾濫」では2階以上に避難
6752,E0122100011201,弥生公園,北海道名寄市字弥生,,,,1,,1,,,,44.34018039157,142.38162769718,
6753,E0122100012201,弥生会館,北海道名寄市字弥生241-1,1,1,,,,1,,,1,44.335899995722,142.38013208686,
6754,E0122100013201,名寄公園,北海道名寄市字緑丘,,,,1,,1,,,,44.343908647868,142.46938112808,
6755,E0122100014201,北国博物館,北海道名寄市字緑丘222,1,1,,1,,1,1,,1,44.341712378944,142.46733903187,
6756,E0122100015201,上川北部人材開発センター,北海道名寄市字緑丘30,1,,,1,,1,1,,1,44.339282006713,142.47600907356,
6757,E0122100017201,高見区町内会福祉会館,北海道名寄市字緑丘5,1,1,,1,,1,1,,1,44.346201322382,142.47700972509,
6758,E0122100053201,名寄南小学校,北海道名寄市西６条南12-55-2,1,,,1,,1,1,,,44.342136,142.454075,
6759,E0122100022202,名寄小学校,北海道名寄市西一条南1-2,1,,,1,,1,1,,,44.355949,142.461107,
6760,E0122100022201,名寄小学校（グラウンド）,北海道名寄市西一条南1-2,,,,1,,1,,,,44.355788800754,142.4621859234,
6761,E0122100024201,名寄市総合福祉センター,北海道名寄市西一条南12-1-2,1,1,,1,,1,1,,1,44.343010274294,142.46151117113,
6762,E0122100036201,白樺公園,北海道名寄市西九条北1,,,,1,,1,,,,44.356855077021,142.45062712264,
6763,E0122100062202,名寄東中学校,北海道名寄市西五条北5-1-1,1,,,1,,1,,,,44.362137,142.45369,
6764,E0122100062201,名寄東中学校（グラウンド）,北海道名寄市西五条北5-1-1,,,,1,,1,,,,44.362137,142.45369,
6765,E0122100029201,大橋地区コミュニティセンター,北海道名寄市西四条北10-73-8,,,,1,,1,,,,44.367808888799,142.457743167,
6766,E0122100030203,名寄市立大学（１号館・２号館）,北海道名寄市西四条北8-1,1,,,1,,1,1,,,44.3643136907,142.45898729342,
6767,E0122100030201,名寄市立大学（グラウンド）,北海道名寄市西四条北8-1,,,,1,,1,,,,44.365732648339,142.45871370811,
6768,E0122100030202,名寄市立大学（３号館）,北海道名寄市西四条北8-1,1,,,1,,1,1,,,44.364432,142.46109,
6769,E0122100034201,名寄市スポーツセンター,北海道名寄市西七条南12-55,1,,,,,1,1,,,44.343082360002,142.45239915878,
6770,E0122100035202,名寄西小学校,北海道名寄市西七条南2-18,,,,1,,1,,,,44.35500153137,142.45205195503,
6771,E0122100035201,名寄西小学校（グラウンド）,北海道名寄市西七条南2-18,,,,1,,1,,,,44.355240621317,142.45261700663,
6772,E0122100018201,アカシヤ福祉会館,北海道名寄市西十一条南8-35-11,,,,1,,1,,,,44.348336199863,142.44846043936,
6773,E0122100021201,旧豊西小学校（グラウンド）,北海道名寄市西十五条南4-14-2,,,,1,,1,,,,44.353093931821,142.44231090436,
6774,E0122100019201,浅江島公園,北海道名寄市西十三条南2,,,,1,,1,,,,44.353567913898,142.44468334748,
6775,E0122100020201,名寄市民文化センター,北海道名寄市西十三条南4-1,,,,1,,1,,,,44.351751667974,142.44497263056,
6776,E0122100025201,南広場,北海道名寄市西二条南9,,,,1,,1,,,,44.347023724071,142.45967689588,
6777,E0122100026201,名寄市保健センター,北海道名寄市西二条北5-1-25,,,,1,,1,,,,44.361762111194,142.4608676393,
6778,E0122100027201,大学公園,北海道名寄市西二条北8-1,,,,1,,1,,,,44.364567603559,142.4626999178,
6779,E0122100033201,名寄南小学校（グラウンド）,北海道名寄市西六条南12-55-2,,,,1,,1,,,,44.342881688647,142.45387718528,
6780,E0122100038201,駅前交流プラザよろーな,北海道名寄市東一条南7-1-10,1,1,,1,,1,1,,1,44.349069364749,142.46429442026,
6781,E0122100039201,名寄東小学校（グラウンド）,北海道名寄市東三条南3-11,,,,1,,1,,,1,44.353481487076,142.47018994043,
6782,E0122100039202,名寄東小学校,北海道名寄市東三条南3-11,1,,,1,,1,1,,1,44.353230882575,142.4692010998,
6783,E0122100040201,風連旭コミュニティセンター,北海道名寄市風連町字旭2216,1,1,,1,,1,1,,1,44.272110399693,142.46473273358,
6784,E0122100054201,旧風連下多寄小学校（グラウンド）,北海道名寄市風連町字瑞生1558,,,,1,,1,,,,44.295465,142.396013,
6785,E0122100041201,風連町瑞生コミュニティセンター,北海道名寄市風連町字瑞生4151-2,,1,,1,,1,1,,,44.296550065255,142.39489873966,
6786,E0122100042201,西風連コミュニティセンター,北海道名寄市風連町字西風連2500,1,1,,1,,1,1,,1,44.294668931971,142.35857596064,
6787,E0122100043201,東風連子供と老人福祉館,北海道名寄市風連町字東風連3395,1,1,,,,1,1,,1,44.304453411524,142.46473840024,
6788,E0122100044201,旧東風連小学校（グラウンド）,北海道名寄市風連町字東風連889,,,,1,,1,,,,44.303325219238,142.46504283049,
6789,E0122100045201,風連日進コミュニティセンター,北海道名寄市風連町字日進3076,,1,,1,,1,1,,1,44.249584865343,142.51539297432,
6790,E0122100047201,風連中学校（グラウンド）,北海道名寄市風連町新生町167-1,,,,1,,1,,,1,44.292621025037,142.42812804711,
6791,E0122100047202,風連中学校,北海道名寄市風連町新生町167-1,1,,,1,,1,1,,1,44.291487,142.427934,
6792,E0122100048201,風連農村環境改善センター,北海道名寄市風連町新生町187-11,1,1,,1,,1,1,,1,44.293361099123,142.42532319647,
6793,E0122100050201,風連中央小学校（グラウンド）,北海道名寄市風連町西町201-1,,,,1,,1,,,1,44.289838038669,142.41429726049,
6794,E0122100050202,風連中央小学校,北海道名寄市風連町西町201-1,1,1,,1,,1,1,,1,44.290366,142.414832,
6795,E0122100055201,道の駅　もち米の里☆なよろ,北海道名寄市風連町西町334-1,1,1,,1,,1,1,,,44.28744,142.41378,
6796,E0122100051201,風連西町コミュニティセンター,北海道名寄市風連町西町76-2,,1,,1,,1,,,,44.295736201398,142.41504023278,
6797,E0122100052201,ふうれん地域交流センター,北海道名寄市風連町本町63,1,1,,1,,1,1,,1,44.292889,142.419859,
6798,E0121100001201,つくし３丁目西公園,北海道網走市つくしケ丘3-88-257,1,1,1,1,1,1,1,,,43.9933583,144.2812811,
6799,E0121100002201,つくし３丁目公園,北海道網走市つくしケ丘3-88-327,1,1,1,1,1,1,1,,,43.9947305,144.2838231,
6800,E0121100003201,南コミュニティセンター,北海道網走市つくしケ丘4-8-5,1,1,1,1,1,1,1,,1,43.99320819,144.2865242,
6801,E0121100004201,語らい公園,北海道網走市つくしケ丘4-88-69,1,1,1,1,1,1,1,,,43.99344675,144.2875119,
6802,E0121100005201,つくし公園,北海道網走市つくしケ丘5-88-4,1,1,1,1,1,1,1,,,43.99156362,144.2891054,
6803,E0121100006201,つくし児童センター,北海道網走市つくしケ丘5-9-17,1,1,1,,1,,1,,1,43.99268022,144.2906676,
6804,E0121100007201,網走運動公園（野球場含む）,北海道網走市駒場南1-8,1,1,1,1,1,1,1,,,44.00518579,144.2699867,
6805,E0121100008201,総合体育館,北海道網走市駒場南1-8-1,1,1,1,,1,1,1,,1,44.00575883,144.2687316,
6806,E0121100009201,みどりケ丘公園,北海道網走市駒場南2-47-84,1,1,1,1,1,1,1,,,44.00425401,144.273154,
6807,E0121100010201,あすか公園,北海道網走市駒場南7-76-17,1,1,1,1,1,1,1,,,43.99763757,144.2807834,
6808,E0121100011201,すぎな第２公園,北海道網走市駒場南8-189-32,1,1,1,1,1,1,1,,,43.99520177,144.2788652,
6809,E0121100012201,駒場南８丁目公園,北海道網走市駒場南8-88-200,1,1,1,1,1,1,1,,,43.99534598,144.2815511,
6810,E0121100013201,すぎな第１公園,北海道網走市駒場南8-88-46,1,1,1,1,1,1,1,,,43.99590508,144.2826099,
6811,E0121100015201,網走地方教育研修センター,北海道網走市駒場北4-2-1,1,1,1,,1,1,1,,1,44.00429212,144.2808082,
6812,E0121100016201,ひまわり保育園,北海道網走市駒場北4-2-18,1,1,1,1,1,,1,,1,44.00439348,144.2814012,
6813,E0121100018201,駒場北公園,北海道網走市駒場北4-37-117,1,1,1,1,1,1,1,,,44.00458042,144.2811419,
6814,E0121100119201,駒場住民センター,北海道網走市駒場北4-37-118,1,1,1,1,1,,1,,1,44.00407009,144.2818561,
6815,E0121100019201,駒場北４丁目公園,北海道網走市駒場北4-39-3,1,1,1,1,1,1,1,,,44.00345321,144.2827977,
6816,E0121100020201,駒場北６丁目公園,北海道網走市駒場北6-85-59,1,1,1,1,1,1,1,,,44.00105451,144.2867573,
6817,E0121100021202,網走小学校,北海道網走市桂町1-1-1,1,1,1,1,1,1,1,,1,44.0161125,144.2689284,
6818,E0121100021201,網走小学校グラウンド,北海道網走市桂町1-1-1,1,,1,1,1,1,1,,1,44.01713805,144.2678731,
6819,E0121100022201,ソレイユ網走,北海道網走市桂町2-1-3,1,1,1,1,1,1,1,,1,44.0176044,144.2710982,
6820,E0121100022202,勤労青少年ホーム,北海道網走市桂町2-1-3,1,1,1,,1,1,1,,1,44.01754799,144.270854,
6821,E0121100023201,桂町球技場（旧網走高校グラウンド）,北海道網走市桂町4-1,1,1,1,1,1,1,1,,,44.01356826,144.2709604,
6822,E0121100024201,桂町児童公園,北海道網走市桂町4-59-31,1,1,1,1,1,1,1,,,44.01177723,144.271772,
6823,E0121100025201,向陽ケ丘公園,北海道網走市向陽ケ丘1-49-27,1,1,1,1,1,1,1,,,44.02856343,144.2550998,
6824,E0121100026201,向陽ケ丘第１公園,北海道網走市向陽ケ丘3-9-24,1,1,1,1,1,1,1,,,44.02705274,144.2521212,
6825,E0121100027201,向陽ヶ丘住民センター,北海道網走市向陽ケ丘4-1-11,1,1,1,1,1,1,1,,1,44.03110022,144.2545649,
6826,E0121100028201,中央小学校グラウンド,北海道網走市向陽ケ丘4-67-1,1,1,1,1,1,1,1,,1,44.03123341,144.2529829,
6827,E0121100028202,中央小学校,北海道網走市向陽ケ丘4-67-1,1,1,1,1,1,1,1,,1,44.03071307,144.2529401,
6828,E0121100029201,向陽ケ丘第２公園,北海道網走市向陽ケ丘5-44-39,1,1,1,1,1,1,1,,,44.02870936,144.2499457,
6829,E0121100030201,第二中学校グラウンド,北海道網走市向陽ケ丘6-1-1,1,1,1,1,1,1,1,,1,44.02613006,144.2496713,
6830,E0121100030202,第二中学校,北海道網走市向陽ケ丘6-1-1,1,1,1,1,1,1,1,,1,44.02704266,144.250527,
6831,E0121100033201,ふれあい公園,北海道網走市向陽ケ丘7-20-30,1,1,1,1,1,1,1,,,44.02808262,144.2429154,
6832,E0121100031201,北海道網走桂陽高等学校グランド,北海道網走市向陽ヶ丘6-2-1,1,1,1,1,1,1,1,,,44.0272899937251,144.247943940768,
6833,E0121100031202,北海道網走桂陽高等学校,北海道網走市向陽ヶ丘6-2-1,1,1,1,1,1,1,1,,,44.0279359238318,144.248496641624,
6834,E0121100034202,西が丘小学校,北海道網走市字卯原内182-1,1,1,1,1,1,1,1,,1,44.0103638,144.1089982,
6835,E0121100034201,西が丘小学校グラウンド,北海道網走市字卯原内182-1,1,1,1,1,1,1,1,,1,44.00983558,144.1097433,
6836,E0121100035201,第五中学校グラウンド,北海道網走市字卯原内41,1,1,1,1,1,1,1,,1,44.01095593,144.1102656,
6837,E0121100035202,第五中学校,北海道網走市字卯原内41,1,1,1,1,1,1,1,,1,44.0102072,144.1113566,
6838,E0121100036201,西網走コミュニティセンター,北海道網走市字卯原内5-56,,1,,1,,1,1,,1,44.01105851,144.1187347,
6839,E0121100037201,卯原内交通公園,北海道網走市字卯原内89-1,1,1,,1,,1,1,,,44.01412358,144.1113253,
6840,E0121100038201,旧浦士別小学校グラウンド,北海道網走市字浦士別376,1,1,1,1,1,1,1,,,43.88784816,144.4089384,
6841,E0121100039201,浦士別地区集落センター,北海道網走市字浦士別461-1,1,1,1,,1,,1,,1,43.88665985,144.411586,
6842,E0121100040201,旧音根内小学校グラウンド,北海道網走市字音根内184,1,1,1,1,1,1,1,,,43.90372275,144.3680821,
6843,E0121100041201,音根内地区福祉会館,北海道網走市字音根内185-8,1,1,1,1,1,,1,,1,43.90475098,144.3667503,
6844,E0121100042201,農業総合管理センター,北海道網走市字音根内59-8,1,1,1,1,1,1,1,,1,43.91738757,144.3876886,
6845,E0121100043201,旧嘉多山小学校グランド,北海道網走市字嘉多山416,1,1,1,1,1,1,1,,1,43.96988803,144.1321376,
6846,E0121100043202,旧嘉多山小学校,北海道網走市字嘉多山416,1,1,1,,1,1,1,,1,43.97015745,144.1325226,
6847,E0121100044201,嘉多山地区総合研修センター,北海道網走市字嘉多山474,1,1,1,,1,,1,,1,43.96911164,144.1313469,
6848,E0121100045201,呼人コミュニティセンター,北海道網走市字呼人334-1,1,1,1,1,1,1,1,,1,43.96304478,144.2101406,
6849,E0121100046201,呼人小中学校グラウンド,北海道網走市字呼人339-3,1,1,1,1,1,1,1,,1,43.96207732,144.2126714,
6850,E0121100046202,呼人小中学校,北海道網走市字呼人339-3,1,1,1,1,1,1,1,,1,43.96145629,144.2119833,
6851,E0121100047201,網走スポーツトレーニングフィールド,北海道網走市字呼人705-2,1,1,1,1,1,1,1,,,43.9662532,144.2071501,
6852,E0121100048201,中央地区総合研修センター,北海道網走市字藻琴213-3,,1,,,,,,,1,43.96472601,144.3204836,
6853,E0121100049201,東小学校グラウンド,北海道網走市字藻琴225-60,1,1,,1,,1,1,,1,43.96030024,144.3171071,
6854,E0121100049202,東小学校,北海道網走市字藻琴225-60,1,1,1,1,1,1,1,,1,43.96091872,144.3175099,
6855,E0121100050202,第四中学校,北海道網走市字藻琴35,1,1,,1,,1,1,,1,43.96746733,144.3245977,
6856,E0121100050201,第四中学校グラウンド,北海道網走市字藻琴35,1,1,,1,,1,1,,1,43.9673904,144.3254034,
6857,E0121100051202,第三中学校,北海道網走市字潮見188,1,1,1,1,1,1,1,,1,43.9960592,144.2773455,
6858,E0121100051201,第三中学校グラウンド,北海道網走市字潮見188,1,1,1,1,1,1,1,,1,43.99663883,144.2782475,
6859,E0121100052201,南公園,北海道網走市字天都山26-14,,,1,1,1,1,1,,,44.01415496,144.2634258,
6860,E0121100053202,二見ヶ岡会館（旧二見ヶ岡小学校）,北海道網走市字二見ケ岡68,1,1,1,,1,1,1,,1,44.01677359,144.1718172,
6861,E0121100053201,旧二見ケ岡小学校グラウンド,北海道網走市字二見ケ岡68,1,1,1,1,1,1,1,,1,44.01631732,144.1715747,
6862,E0121100054201,能取地区福祉会館,北海道網走市字能取244-16,1,1,,1,,,1,,1,44.09369066,144.1184415,
6863,E0121100055201,旧能取小学校グラウンド,北海道網走市字能取249,1,1,1,1,1,1,1,,1,44.09596163,144.1243576,
6864,E0121100055202,旧能取小学校,北海道網走市字能取249,1,1,1,,1,,1,,1,44.09612041,144.1233665,
6865,E0121100056201,能取交通公園,北海道網走市字能取560,1,1,1,1,1,1,1,,,44.0943383,144.1178761,
6866,E0121100057201,平和会館,北海道網走市字平和16-37,1,1,,1,,1,1,,1,44.03891247,144.0972738,
6867,E0121100058201,白鳥公園,北海道網走市字北浜128,1,1,,1,,1,1,,,43.95238565,144.3588747,
6868,E0121100059201,白鳥展望公園,北海道網走市字北浜201-10,1,1,1,1,1,1,1,,,43.95360991,144.3564479,
6869,E0121100060202,白鳥台小学校,北海道網走市字北浜201-13,1,1,1,1,1,1,1,,1,43.95335352,144.3536385,
6870,E0121100060201,白鳥台小学校グラウンド,北海道網走市字北浜201-13,1,1,1,1,1,1,1,,1,43.95285559,144.3544335,
6871,E0121100061201,湯沸湖水鳥・湿地センター駐車場,北海道網走市字北浜203-3,,1,,1,,1,,,,43.9526398335484,144.358414403192,
6872,E0121100061202,湯沸湖水鳥・湿地センター（レクチャー室・ボランティア室）,北海道網走市字北浜203-3,,1,,1,,1,,,,43.9524919660146,144.358645157732,
6873,E0121100062201,農村環境改善センター,北海道網走市字北浜262,1,1,1,1,1,1,1,,1,43.95478587,144.3463273,
6874,E0121100063202,西小学校,北海道網走市新町1-8-10,,1,1,1,1,1,1,,1,44.0195554,144.2456172,
6875,E0121100063201,西小学校グラウンド,北海道網走市新町1-8-10,,1,,1,,1,1,,1,44.01957078,144.2466332,
6876,E0121100064201,西児童館,北海道網走市新町1-9-13,,1,,,,,1,,1,44.018284,144.244223,
6877,E0121100065201,第一中学校グラウンド,北海道網走市台町1-13-1,1,1,1,1,1,1,1,,1,44.01554976,144.2775527,
6878,E0121100065202,第一中学校,北海道網走市台町1-13-1,1,1,1,1,1,1,1,,1,44.01459597,144.2767897,
6879,E0121100066202,北海道網走南ヶ丘高等学校,北海道網走市台町2-13-1,1,1,1,1,1,1,1,,1,44.014109917355,144.278703869359,
6880,E0121100066201,北海道網走南ヶ丘高等学校グランド,北海道網走市台町2-13-1,1,1,1,1,1,1,1,,1,44.0153008903666,144.279198531627,
6881,E0121100067201,しおさい公園,北海道網走市台町2-70-22,1,,1,1,1,1,1,,,44.01809128,144.282627,
6882,E0121100068201,台町第２児童公園,北海道網走市台町3-101-2,1,1,1,1,1,1,1,,,44.01254874,144.2772801,
6883,E0121100069201,三眺河畔公園,北海道網走市大曲1-141-11,,1,,1,,1,1,,,44.01430872,144.2363261,
6884,E0121100070201,大曲児童公園,北海道網走市大曲1-17-9,,1,,1,,1,1,,,44.01384206,144.2306111,
6885,E0121100071201,大曲２丁目第２児童公園,北海道網走市大曲2-141-2,,1,,1,,1,1,,,44.01137775,144.2271206,
6886,E0121100072201,大曲２丁目第１児童公園,北海道網走市大曲2-21-98,,1,,1,,1,1,,,44.01119855,144.2299717,
6887,E0121100073201,西コミュニティセンター,北海道網走市大曲2-5-6,,1,,1,,1,1,,1,44.01076841,144.2271641,
6888,E0121100074201,大曲西公園,北海道網走市大曲2-94-1,,1,,1,,1,1,,,44.0103521,144.2253024,
6889,E0121100075201,大曲公園,北海道網走市大曲2-97,,1,,1,,1,1,,,44.0105162,144.2234627,
6890,E0121100076201,潮見第４公園,北海道網走市潮見10-86-49,1,1,1,1,1,1,1,,,43.99609806,144.261333,
6891,E0121100077201,潮見１１丁目公園,北海道網走市潮見11-237-1,1,1,1,1,1,1,1,,,43.99339513,144.2600112,
6892,E0121100078201,潮見２丁目公園,北海道網走市潮見2-68-1,1,1,1,1,1,1,1,,,43.99923036,144.2578059,
6893,E0121100079201,潮見４丁目公園,北海道網走市潮見4-108-20,1,1,1,1,1,1,1,,,44.00244632,144.269235,
6894,E0121100080202,潮見小学校,北海道網走市潮見4-111,1,1,1,1,1,1,1,,1,44.00020643,144.2707834,
6895,E0121100080201,潮見小学校グラウンド,北海道網走市潮見4-111,1,1,1,1,1,1,1,,1,44.00113224,144.270106,
6896,E0121100081201,潮見コミュニティセンター,北海道網走市潮見4-113-1,1,1,1,1,1,1,1,,1,44.0014682,144.2716821,
6897,E0121100082201,潮見東光公園,北海道網走市潮見5-119-14,1,1,1,1,1,1,1,,,44.0002449,144.2732779,
6898,E0121100083201,自由ヶ丘公園,北海道網走市潮見5-125-70,1,1,1,1,1,1,1,,,43.99782402,144.2717622,
6899,E0121100084201,潮見６丁目公園,北海道網走市潮見6-105-67,1,1,1,1,1,1,1,,,44.00095482,144.2677807,
6900,E0121100085201,潮見公園,北海道網走市潮見7-100-1,1,1,1,1,1,1,1,,,44.00037113,144.2653199,
6901,E0121100086201,潮見第１公園,北海道網走市潮見7-131-5,1,1,1,1,1,1,1,,,43.99733202,144.2682256,
6902,E0121100087201,潮見第２公園,北海道網走市潮見7-96-34,1,1,1,1,1,1,1,,,43.99848613,144.2666284,
6903,E0121100088201,潮見児童センター,北海道網走市潮見8-4-6,1,1,1,,1,,1,,1,43.99867151,144.2637838,
6904,E0121100112201,中央公園,北海道網走市南３条西4,,1,1,1,,1,1,,,44.02082541,144.2614091,
6905,E0121100106201,市民会館,北海道網走市南６条西2-1,,1,1,,,1,1,,1,44.01922572,144.2666024,
6906,E0121100113201,中央児童公園,北海道網走市南７条西1-5-1,1,1,1,1,,1,1,,,44.01894469,144.2676557,
6907,E0121100118202,東京農業大学グラウンド,北海道網走市八坂196,1,1,1,1,1,1,1,,,43.969426,144.234017,
6908,E0121100118201,東京農業大学,北海道網走市八坂196,1,1,1,1,1,1,1,,,43.967781,144.233749,
6909,E0121100114201,海眺児童公園,北海道網走市北１１条東1-10,1,1,,1,,1,1,,,44.029696,144.261305,
6910,E0121100108201,総合福祉センター,北海道網走市北１１条東1-10-1,1,1,,,,1,1,,1,44.02923324,144.2619306,
6911,E0121100109201,オホーツク・文化交流センター,北海道網走市北２条西3-3,1,1,1,1,1,1,1,,1,44.02382651,144.2631549,
6912,E0121100109202,オホーツク・文化交流センター前庭,北海道網走市北２条西3-3,1,1,,1,,1,1,,1,44.02314459,144.263269,
6913,E0121100121201,こども発達支援センター,北海道網走市北３条西4-1,1,1,1,1,,1,1,,1,44.023673,144.26137,
6914,E0121100115201,北コミュニティセンター,北海道網走市北４条西4-6-1,1,1,1,1,,1,1,,1,44.0238264,144.2604727,
6915,E0121100116201,あかしや公園,北海道網走市北４条西5-12-7,1,1,1,1,,1,1,,,44.02381358,144.2588805,
6916,E0121100111201,ほくせい公園,北海道網走市北７条西5-1-1,1,1,1,1,1,1,1,,,44.02577278,144.2580218,
6917,E0121100100202,南小学校,北海道網走市鱒浦1-11-1,1,1,1,1,1,1,1,,1,43.98932786,144.2931305,
6918,E0121100100201,南小学校グラウンド,北海道網走市鱒浦1-11-1,1,1,1,1,1,1,1,,1,43.98944073,144.2911981,
6919,E0121100101201,鱒浦児童公園,北海道網走市鱒浦2-78,1,,1,1,1,1,1,,,43.98738592,144.291864,
6920,E0121100102201,羽衣公園,北海道網走市鱒浦3-79-756,1,1,1,1,1,1,1,,,43.99078836,144.2815712,
6921,E0121100103201,オホーツク児童公園,北海道網走市鱒浦4-79-406,1,1,1,1,1,1,1,,,43.98683609,144.2807092,
6922,E0133400001201,釜谷地域活性化施設,北海道木古内町字釜谷202,1,1,1,,1,1,1,,1,41.71156957,140.5351998,
6923,E0133400002201,釜谷ゆうなぎ館,北海道木古内町字釜谷４２－１地先,1,1,1,1,,1,1,,,41.709942,140.536029,
6924,E0133400003201,建川農業研修センター,北海道木古内町字建川67-4,1,1,1,1,1,1,1,,,41.65896499,140.4085055,
6925,E0133400004201,札苅みらい館,北海道木古内町字札苅297-1,1,1,1,1,1,1,1,,1,41.69902428,140.4728179,
6926,E0133400005201,札苅地域活性化施設,北海道木古内町字札苅342,1,1,1,,1,1,1,,1,41.69901505,140.4714662,
6927,E0133400006201,新道多目的集会施設,北海道木古内町字新道113-252,1,1,1,1,1,1,1,,,41.66546907,140.4254324,
6928,E0133400007201,泉沢地域活性化施設,北海道木古内町字泉沢170-2,1,1,1,,,1,1,,1,41.700636,140.509906,
6929,E0133400008201,泉沢生活改善センター,北海道木古内町字泉沢442,1,1,1,,,1,1,,1,41.70084,140.508077,
6930,E0133400009201,大川林業研修センター,北海道木古内町字大川90-1,1,1,1,1,1,1,1,,,41.69027865,140.3651313,
6931,E0133400010201,大平会館,北海道木古内町字大平61-8,1,1,1,1,1,1,1,,,41.69165899,140.449279,
6932,E0133400011201,鶴岡多目的集会施設,北海道木古内町字鶴岡73-2,1,1,1,1,1,1,1,,1,41.67154701,140.4119206,
6933,E0133400012201,木古内町郷土資料館,北海道木古内町字鶴岡74-1,1,1,1,1,1,1,1,,1,41.67144597,140.4128106,
6934,E0133400013201,泉沢地区津波一時避難場所,北海道木古内町字二乃岱4-170,,,,,1,,,,,41.70419366,140.5053901,
6935,E0133400014201,木古内小学校,北海道木古内町字本町496-1,,1,1,1,,1,1,,1,41.67893298,140.4372187,
6936,E0133400015201,木古内町南北連絡歩道橋,北海道木古内町字本町531-2,1,1,1,1,1,1,1,,,41.67799835,140.4341529,
6937,E0133400016202,木古内町中央公民館,北海道木古内町字木古内179-1,1,1,1,1,1,1,1,,1,41.68093456,140.4354518,
6938,E0133400016201,木古内町ファミリースポーツセンター,北海道木古内町字木古内179-1,1,1,1,1,1,1,1,,1,41.68067627,140.4348529,
6939,E0133400017201,木古内中学校,北海道木古内町字木古内194-5,1,1,1,1,1,1,1,,1,41.67777241,140.4309828,
6940,E0133400018201,新栄町福祉の家,北海道木古内町字木古内207-94,1,1,1,1,1,1,1,,1,41.6769167,140.4281444,
6941,E0133400019201,大平団地集会施設,北海道木古内町字木古内49-2,1,1,1,1,1,1,1,,,41.68422771,140.441763,
6942,E0121900001201,紋別小学校,北海道紋別市花園町5-4-15,1,1,1,1,1,1,1,,,44.35188597,143.344954,
6943,E0121900002201,紋別小学校グラウンド,北海道紋別市花園町5-5,1,1,1,1,1,1,1,,,44.35072111,143.3447168,
6944,E0121900075201,オホーツク庭園駐車場,北海道紋別市花園町8-1-26,1,1,1,1,1,1,1,,,44.355573,143.351303,
6945,E0121900076201,紋別公園,北海道紋別市花園町8-2-1,1,1,1,1,1,1,1,,,44.355309,143.341095,
6946,E0121900005203,紋別生涯学習センター,北海道紋別市元紋別140-1,1,1,1,1,1,1,1,,,44.320738,143.375389,
6947,E0121900005202,紋別生涯学習センターグラウンド,北海道紋別市元紋別140-1,,1,,1,,1,,,,44.321095134225,143.37463839987,
6948,E0121900077201,中央公園,北海道紋別市幸町3-1,1,1,1,1,1,1,1,,,44.355608,143.353831,
6949,E0121900007202,文化会館,北海道紋別市幸町3-1-8,1,1,1,1,1,1,1,,,44.355122,143.353628,
6950,E0121900078201,オホーツク交流センター,北海道紋別市幸町5-24-1,1,1,1,1,1,1,1,,,44.351891,143.35257,
6951,E0121900079201,南が丘第１号公園　多目的広場,北海道紋別市幸町8-5-12,1,1,1,1,1,1,,,,44.346402,143.350987,
6952,E0121900013201,渚滑市民センター（駐車場）,北海道紋別市渚滑町6-2-3,1,1,1,1,1,1,1,,,44.3693495,143.3153992,
6953,E0121900013203,渚滑市民センター,北海道紋別市渚滑町6-2-3,1,1,1,1,1,1,1,,,44.369231,143.314756,
6954,E0121900014204,渚滑小学校グラウンド,北海道紋別市渚滑町8-14,1,1,1,1,1,1,1,,,44.366868,143.305796,
6955,E0121900014203,渚滑小学校,北海道紋別市渚滑町8-14,1,1,1,1,1,1,1,,,44.366437,143.306549,
6956,E0121900015203,渚滑中学校,北海道紋別市渚滑町8-6-1,1,1,1,1,1,1,1,,,44.367536,143.308539,
6957,E0121900015201,渚滑中学校グラウンド,北海道紋別市渚滑町8-6-1,1,1,1,1,1,1,1,,,44.36794264,143.3073914,
6958,E0121900016202,宇津々担手研修センター,北海道紋別市渚滑町宇津々245,,,1,,1,,,,,44.318836,143.223385,
6959,E0121900084201,せせらぎ公園,北海道紋別市渚滑町元新1,1,,1,1,1,1,,,,44.364313,143.330232,
6960,E0121900017202,紋別高等養護学校,北海道紋別市渚滑町元新1-152-1,1,,1,1,1,1,1,,,44.36600834,143.3311165,
6961,E0121900017201,紋別高等養護学校グラウンド,北海道紋別市渚滑町元新1-152-1,1,,1,1,1,1,1,,,44.36517231,143.3316476,
6962,E0121900019202,小向生活改善センター,北海道紋別市小向193,1,1,1,,1,,1,,,44.277509,143.45226,
6963,E0121900020204,小向農村公園,北海道紋別市小向4257,1,1,1,1,1,1,1,,,44.275529,143.451711,
6964,E0121900089201,オホーツク紋別自然水公園,北海道紋別市小向654-4,1,1,1,1,1,1,1,,,44.286877,143.427414,
6965,E0121900022202,旧沼ノ上小学校グラウンド,北海道紋別市沼の上234-4,1,1,1,1,1,1,1,,,44.2337,143.504877,
6966,E0121900023202,沼の上生活改善センター,北海道紋別市沼の上267,1,1,1,,1,,1,,,44.237954,143.514826,
6967,E0121900085201,旧上渚滑中学校グラウンド,北海道紋別市上渚滑町1-2-6,,1,1,1,1,1,,,,44.239624,143.256287,
6968,E0121900024201,上渚滑町民センター,北海道紋別市上渚滑町11-36,,1,1,1,1,1,1,,,44.24276905,143.2623758,
6969,E0121900025202,上渚滑高齢者ふれあいセンター,北海道紋別市上渚滑町11-36-1,,1,1,1,1,1,1,,,44.242664,143.265381,
6970,E0121900027202,上渚滑児童館,北海道紋別市上渚滑町2-22,,1,1,1,1,,,,,44.241918,143.258659,
6971,E0121900028202,上渚滑保育所,北海道紋別市上渚滑町2-55,,1,1,1,1,,,,,44.241339,143.258256,
6972,E0121900029203,上渚滑小学校,北海道紋別市上渚滑町6-15,1,1,1,1,1,1,1,,,44.246882,143.26092,
6973,E0121900029204,上渚滑小学校グラウンド,北海道紋別市上渚滑町6-15,,1,1,1,1,1,1,,,44.246513,143.260872,
6974,E0121900087201,多目的研修センター,北海道紋別市上渚滑町中渚滑169-3,,1,1,1,1,,,,,44.304142,143.292621,
6975,E0121900086201,旧中渚滑小学校グラウンド,北海道紋別市上渚滑町中渚滑40,,1,1,1,1,1,,,,44.312341,143.293137,
6976,E0121900032202,上渚滑地区公民館中立牛分館,北海道紋別市上渚滑町中立牛207-1,,1,1,,1,,1,,,44.136407,143.200054,
6977,E0121900033202,旧中立牛小学校グラウンド,北海道紋別市上渚滑町中立牛293-1,,1,1,1,1,1,1,,,44.132719,143.19911,
6978,E0121900082201,藻別生活改善センター,北海道紋別市藻別400-4,,1,1,1,1,,,,,44.259654,143.364989,
6979,E0121900035202,安養園,北海道紋別市大山町1-52-15,1,1,1,1,1,1,1,,,44.340514,143.339387,
6980,E0121900036202,平和観音台広場,北海道紋別市大山町1-53,1,1,1,1,1,1,1,,,44.34161,143.340811,
6981,E0121900037203,紋別養護学校,北海道紋別市大山町3-14,1,1,1,1,1,1,1,,,44.331936,143.341687,
6982,E0121900037201,紋別養護学校グラウンド,北海道紋別市大山町3-14,1,1,1,1,1,1,1,,,44.33197503,143.3431307,
6983,E0121900038202,森林体験交流センター,北海道紋別市大山町4-25-4,1,1,1,1,1,,1,,,44.348631,143.335257,
6984,E0121900039203,市民会館,北海道紋別市潮見町1-4-3,1,1,1,,1,1,1,,,44.356748,143.352478,
6985,E0121900040202,潮見小学校グラウンド,北海道紋別市潮見町3-8,1,1,1,1,1,1,1,,,44.361404,143.349404,
6986,E0121900041203,潮見小学校,北海道紋別市潮見町3-8-12,1,1,1,1,1,1,1,,,44.360895,143.349823,
6987,E0121900042202,紋別中学校グラウンド,北海道紋別市南が丘町2-1,1,1,1,1,1,1,1,,,44.344747,143.351468,
6988,E0121900043202,紋別中学校,北海道紋別市南が丘町2-1-53,1,1,1,1,1,1,1,,1,44.343498,143.352966,
6989,E0121900044202,紋別高等学校グラウンド,北海道紋別市南が丘町6-3,1,1,1,1,1,1,1,,,44.339071,143.357644,
6990,E0121900045202,紋別高等学校,北海道紋別市南が丘町6-3-47,1,1,1,1,1,1,1,,,44.338265,143.358336,
6991,E0121900046202,南丘小学校グラウンド,北海道紋別市南が丘町7-44,1,1,1,1,1,1,1,,,44.334593,143.361292,
6992,E0121900047202,南丘小学校,北海道紋別市南が丘町7-44-42,1,1,1,1,1,1,1,,,44.334873,143.359827,
6993,E0121900080201,紋別運動公園,北海道紋別市南が丘町7-46,1,1,1,1,1,1,1,,,44.336385,143.362047,
6994,E0121900049202,スポーツセンター,北海道紋別市南が丘町7-47-1,1,1,1,1,1,1,1,,,44.336869,143.359944,
6995,E0121900050202,北浜第２号公園,北海道紋別市北浜町1-4,1,1,1,1,1,1,1,,,44.365118,143.349499,
6996,E0121900051202,はまなす公園,北海道紋別市北浜町2-5,1,1,1,1,1,1,1,,,44.368653,143.344678,
6997,E0121900052202,落石１丁目団地公営住宅敷地,北海道紋別市落石町1-17,1,1,1,1,1,1,1,,,44.365242,143.346377,
6998,E0121900053202,潮見中学校グラウンド,北海道紋別市落石町1-21,1,1,1,1,1,1,1,,,44.362498,143.344572,
6999,E0121900054201,潮見中学校,北海道紋別市落石町1-21-5,1,1,1,1,1,1,1,,,44.36305488,143.3455704,
7000,E0121900055202,紋別保育所・紋別児童センター,北海道紋別市落石町1-3-73,1,1,1,1,1,,1,,,44.363591,143.3468,
7001,E0121900056202,さくら公園,北海道紋別市落石町2-13,1,1,1,1,1,1,,,,44.366781,143.337877,
7002,E0121900081201,オホーツク森林公園,北海道紋別市緑町5-15,1,,1,1,1,1,,,,44.346141,143.337143,
7003,E0121900060202,みどり保育所,北海道紋別市緑町5-2-28,1,1,1,1,1,,1,,,44.34749,143.34507,
7004,E0121900061202,児童センターみらい,北海道紋別市緑町5-6-28,1,1,1,1,1,1,1,,,44.343792,143.344865,
7005,E0121900062202,西紋こども発達支援センター,北海道紋別市緑町5-8-34,1,1,1,1,1,1,1,,,44.343815,143.344112,
7006,E0155900001201,旭農業研修センター,北海道湧別町旭220,1,,,,,,,,1,44.204430479371,143.55848863936,
7007,E0155900003201,町民憩の広場,北海道湧別町栄町154-1,,1,,1,1,1,,,,44.220843270524,143.61707686246,
7008,E0155900004201,湧別総合体育館,北海道湧別町栄町155-1,1,,,,1,,,,1,44.220317,143.615623,
7009,E0155900005201,開盛住民センター,北海道湧別町開盛1018-9,1,,,,,,,,1,44.096152003748,143.53226707102,
7010,E0155900008201,ゆうべつ学園,北海道湧別町錦町223,,1,,1,1,1,,,1,44.213390976387,143.60912615699,
7011,E0155900009201,計呂地地区活性化センター,北海道湧別町計呂地197,1,1,,,1,,,,1,44.105138048636,143.72845292365,
7012,E0155900010201,志撫子地区公民館,北海道湧別町志撫子435-1,1,,,,1,,,,1,44.102733182855,143.70345589398,
7013,E0155900011201,道の駅愛ランド湧別,北海道湧別町志撫子6-2,1,,,,1,,,,1,44.131375628282,143.71906564543,
7014,E0155900012201,上芭露地区公民館,北海道湧別町上芭露607,1,,,,,,,,1,44.094418185866,143.65934813573,
7015,E0155900013201,上湧別学園,北海道湧別町上湧別屯田市街地1-1,1,1,,1,,1,,,1,44.160101729144,143.57504127732,
7016,E0155900014201,上湧別コミュニティセンター,北海道湧別町上湧別屯田市街地318,1,,,,,,,,1,44.151804802904,143.57314773452,
7017,E0155900016201,上湧別農村環境改善センター,北海道湧別町上湧別屯田市街地67-8,1,,,,,,,,1,44.149868756368,143.569052768,
7018,E0155900017201,上湧別ソフトボール場,北海道湧別町上湧別屯田市街地68,,1,,1,,1,,,,44.149316220313,143.56855033696,
7019,E0155900019201,信部内地区会館,北海道湧別町信部内164-1,1,,,,,,,,1,44.231010091591,143.5300650475,
7020,E0155900020201,西芭露ふるさとセンター,北海道湧別町西芭露377,1,,,,,,,,1,44.05852936471,143.61192369506,
7021,E0155900021201,川西地区公民館,北海道湧別町川西331,,,,,1,,,,1,44.218438443692,143.58237714048,
7022,E0155900022201,文化センターＴＯＭ,北海道湧別町中湧別中町3020-1,1,1,,1,1,1,,,1,44.185773296262,143.5967609552,
7023,E0155900023201,湧別高等学校グラウンド,北海道湧別町中湧別南町846-2,,1,,1,,1,,,,44.185628447933,143.58729867036,
7024,E0155900024201,中湧別野球場,北海道湧別町中湧別南町905,,1,,1,,1,,,,44.181791551,143.58806642461,
7025,E0155900025201,中湧別総合体育館,北海道湧別町中湧別南町905-2,1,,,,,,,,1,44.180842903011,143.58818937939,
7026,E0155900026201,社会福祉会館,北海道湧別町中湧別南町911,1,,,,1,,,,1,44.181390307933,143.58918928654,
7027,E0155900045201,北町グラウンド,北海道湧別町中湧別北町23-15,,1,,1,,1,,,,44.191617,143.590624,
7028,E0155900029201,レイクパレスグラウンド,北海道湧別町登栄床154-3,,1,,1,,1,,,1,44.188997417622,143.7355750266,
7029,E0155900029202,登栄床地区防災センター,北海道湧別町登栄床154-3,1,,,,1,,,,1,44.18885279006,143.73789976441,
7030,E0155900030201,湧別運動公園,北海道湧別町東37-1,,1,,1,,1,,,,44.221207145754,143.62454943235,
7031,E0155900032201,東研修センター,北海道湧別町東471,1,,,,,,,,1,44.202535890984,143.63294823465,
7032,E0155900033201,東福祉の家,北海道湧別町東472-1,1,,,,,,,,1,44.202559101599,143.63336849039,
7033,E0155900034201,東芭露地区公民館,北海道湧別町東芭露532,1,,,,,,,,1,44.047393517796,143.64357420045,
7034,E0155900036201,芭露畜産研修センター,北海道湧別町芭露248-5,1,,,,1,,,,1,44.156648656972,143.68762061596,
7035,E0155900038201,芭露学園,北海道湧別町芭露411,,1,,1,,1,,,,44.149154,143.689696,
7036,E0155900039201,御園山公園,北海道湧別町芭露872-1,,,,1,,1,,,,44.149859,143.680602,
7037,E0155900041201,かみゆうべつチューリップ公園駐車場,北海道湧別町北兵村一区590,,1,,1,,1,,,,44.160553218395,143.57837252196,
7038,E0155900042201,５の１自治会グラウンド,北海道湧別町北兵村一区78,,1,,1,,1,,,,44.17651014661,143.58026842946,
7039,E0155900043201,５の３公民館,北海道湧別町北兵村三区497-1,,1,,1,,1,,,1,44.195519577438,143.5998946315,
7040,E0155900044201,五鹿山スキー場,北海道湧別町北兵村二区100,1,1,,1,1,1,,,1,44.183517032559,143.60955445709,
7041,E0142700001201,コミュニティ消防センター,北海道由仁町熊本274-3,1,1,,1,,1,1,,1,42.974669,141.795539,
7042,E0142700002201,三川町民運動場,北海道由仁町三川泉町182-1,1,1,,1,,1,1,,,42.941517361589,141.80686047376,
7043,E0142700003201,三川保育園,北海道由仁町三川泉町201-7,1,1,,1,,1,1,,1,42.943708633061,141.80798230013,
7044,E0142700004201,由仁町民運動場,北海道由仁町新光148-2,1,1,,1,,1,1,,,43.006734108026,141.79200688943,
7045,E0142700005201,由仁小学校（講堂）,北海道由仁町新光162,1,1,,1,,1,1,,1,43.005761231796,141.79257551775,
7046,E0142700005202,由仁小学校（校舎）,北海道由仁町新光162,1,1,,1,,1,1,,1,43.005543881212,141.79180392285,
7047,E0142700006203,由仁中学校（校舎）,北海道由仁町新光50-1,1,1,,1,,1,1,,1,43.005374799079,141.78841441417,
7048,E0142700006202,由仁中学校（体育館）,北海道由仁町新光50-1,1,1,,1,,1,1,,1,43.005771015121,141.78846805835,
7049,E0142700006201,由仁中学校グラウンド,北海道由仁町新光50-1,1,1,,1,,1,1,,1,43.006472728138,141.7884526846,
7050,E0142700007201,川端老人福祉センター,北海道由仁町川端1034,1,1,,1,,1,1,,1,42.9161703384,141.89718513866,
7051,E0142700008201,農村勤労福祉センター,北海道由仁町中央202,1,1,,1,,1,1,,1,43.010118065975,141.7816665169,
7052,E0142700009201,文化交流館,北海道由仁町東栄87-1,1,1,,1,,1,1,,1,43.011897841616,141.7870892144,
7053,E0142700009202,健康元気づくり館,北海道由仁町東栄87-1,1,1,,1,,1,1,,1,43.011313382285,141.78719650276,
7054,E0142700010202,株式会社チュプチニカ（旧三川小学校講堂）,北海道由仁町本三川484-1,1,1,,1,,1,1,,1,42.945693,141.810607,
7055,E0142700010201,株式会社チュプチニカ（旧三川小学校グラウンド）,北海道由仁町本三川484-1,1,1,,1,,1,1,,1,42.945166,141.810695,
7056,E0142700011201,旧由仁小学校グラウンド,北海道由仁町本町227,1,1,,1,,1,1,,,43.015322093582,141.78228896827,
7057,E0142700012201,にじいろこども園,北海道由仁町本町318,1,1,,1,,1,1,,1,43.012684284481,141.78342890709,
7058,E0156300001201,上雄武福祉館,北海道雄武町字上雄武662,1,1,,1,1,,,,,44.52792641,142.8447944,
7059,E0156300002201,沢木住民センター（つどーれ）,北海道雄武町字沢木506-1,1,1,1,1,1,,,,1,44.518174255364,143.05910827117,
7060,E0156300003201,沢木小学校,北海道雄武町字沢木533-1,1,1,1,1,1,,,,1,44.51907785,143.0555155,
7061,E0156300004201,栄丘福祉館,北海道雄武町字沢木943,1,1,,1,1,,,,,44.52317329,143.0094016,
7062,E0156300005201,中雄武集落センター,北海道雄武町字中雄武20-1,1,1,,1,1,,,,,44.55068516,142.9508328,
7063,E0156300006201,共栄小学校,北海道雄武町字南雄武1039-1,1,1,1,1,1,,,,,44.553474032746,142.98034081164,
7064,E0156300007201,開生福祉館,北海道雄武町字北雄武1556,1,1,1,1,1,,,,,44.56736862,142.9636556,
7065,E0156300009201,旧豊丘小学校,北海道雄武町字北雄武401-1,1,1,1,1,1,,,,1,44.60763592,142.9341674,
7066,E0156300010201,青葉福祉館,北海道雄武町字北雄武779,1,1,1,1,1,,,,,44.59493219,142.9011226,
7067,E0156300011201,幌内歴史と生活の家,北海道雄武町字幌内341,1,1,1,1,1,,,,1,44.65806933,142.8756314,
7068,E0156300012201,雄武町民センター,北海道雄武町字雄武1031-1,1,1,1,1,1,,,,1,44.58836056,142.9591546,
7069,E0156300013201,雄武小学校,北海道雄武町字雄武1381-1,1,1,1,1,1,,,,1,44.58611554,142.9565995,
7070,E0156300014201,雄武中学校,北海道雄武町字雄武1490-1,1,1,1,1,1,,,,,44.58457977,142.9539514,
7071,E0156300015201,雄武高等学校,北海道雄武町字雄武1495,1,1,1,1,1,,,,,44.58711374,142.9522564,
7072,E0156300016201,中山間雄武活性化施設,北海道雄武町字雄武1510,1,1,1,1,1,,,,,44.57939052,142.9576669,
7073,E0156300017201,日の出寿の家,北海道雄武町字雄武1534,1,1,1,1,1,,,,1,44.57447902,142.9699983,
7074,E0156300018201,音稲府地域住民センター,北海道雄武町字雄武1853-7,1,1,1,1,1,,,,1,44.60469131,142.9381049,
7075,E0156300019201,雄武町地域交流センター,北海道雄武町字雄武1885-14,1,1,1,1,1,,,,1,44.5830475,142.9596762,
7076,E0156300020201,風の子児童センター,北海道雄武町字雄武368-7,1,1,1,1,1,,,,1,44.5814748,142.9652564,
7077,E0120900001201,夕張紅葉園,北海道夕張市紅葉山178,1,1,,1,,1,1,,1,42.93614941,142.0425401,
7078,E0120900002201,ゆうばり文化スポーツセンター,北海道夕張市若菜2,1,1,,1,,1,1,,1,43.02894946,141.9657534,
7079,E0120900003201,あ・りーさだの杜,北海道夕張市沼ノ沢35,1,1,,1,,1,1,,1,42.954916548366,142.03071474392,
7080,E0120900004201,夕張市農業研修センター,北海道夕張市沼ノ沢827-4,1,1,,1,,1,1,,1,42.95545807,142.0279656,
7081,E0120900005201,ゆうばり小学校,北海道夕張市清水沢清陵町14,1,1,,1,,1,1,,1,42.98892997,142.0137529,
7082,E0120900013201,旧清陵町さわやかホール,北海道夕張市清水沢清陵町62-7,,1,,1,,1,1,,,42.984107,142.016028,
7083,E0120900006201,夕張高等養護学校,北海道夕張市千代田7-1,1,1,,1,,1,1,,1,43.02380593,141.9689098,
7084,E0120900007201,夕張高等学校,北海道夕張市南清水沢3-49,1,1,,1,,1,1,,1,42.98044676,142.0052362,
7085,E0120900008201,夕張中学校,北海道夕張市南清水沢3-63,1,1,,1,,1,1,,1,42.98285764,142.0001169,
7086,E0120900009201,ゆうばり自然体験塾,北海道夕張市南部岳見町22,1,1,,1,,1,1,,1,43.01035769,142.0522971,
7087,E0120900010201,ケアハウスレインボーヒルズ,北海道夕張市日吉16-4,1,1,,1,,1,1,,1,43.02171888,141.9842467,
7088,E0140800001201,東大浜中福祉の家,北海道余市町栄町399-104,1,1,1,1,,,1,,1,43.193124623526,140.83019867521,
7089,E0140800002201,栄町農業構造改善センター,北海道余市町栄町601-3,1,,1,1,1,1,1,,1,43.185118946444,140.84330662206,
7090,E0140800003202,旧栄小学校,北海道余市町栄町645,1,1,1,1,1,1,1,,1,43.181800212796,140.84634290232,
7091,E0140800003201,旧栄小学校グラウンド,北海道余市町栄町645,1,1,1,1,1,1,1,,1,43.181577247843,140.84561870589,
7092,E0140800006201,黒川会館,北海道余市町黒川町12-66-1,,1,1,,,,1,,1,43.185761464401,140.79791667461,
7093,E0140800005201,黒川１７区生活館,北海道余市町黒川町1224,,1,1,,,1,1,,1,43.172100708718,140.79653768179,
7094,E0140800007201,都市公園予定地,北海道余市町黒川町1268,,1,1,1,,1,1,,,43.17613559071,140.78888259538,
7095,E0140800008201,ふじ公園,北海道余市町黒川町17-12-2,,1,1,1,,,1,,,43.187071447579,140.80880868399,
7096,E0140800010202,北星学園余市高等学校,北海道余市町黒川町19-2-1,,1,1,1,1,1,1,,1,43.187932674795,140.81588278323,
7097,E0140800010201,北星学園余市高等学校グラウンド,北海道余市町黒川町19-2-1,,1,1,1,,1,1,,1,43.188304243913,140.81778178721,
7098,E0140800011201,経済センター,北海道余市町黒川町3-114,,1,1,1,1,,1,,1,43.188058822248,140.791536743,
7099,E0140800012201,農協会館,北海道余市町黒川町5-22,,1,1,,1,,1,,1,43.18887605811,140.79432002079,
7100,E0140800013201,黒川八幡生活館,北海道余市町黒川町572-3,,1,1,,,,1,,1,43.182591869942,140.80689711698,
7101,E0140800014202,黒川小学校,北海道余市町黒川町9-147,,1,1,1,,,1,,1,43.181749813179,140.79194134691,
7102,E0140800014201,黒川小学校グラウンド,北海道余市町黒川町9-147,,1,1,1,,,1,,1,43.182307222461,140.79127079465,
7103,E0140800015201,老人福祉センター,北海道余市町黒川町9-61-4,,1,1,,,,1,,1,43.183258322497,140.79198493396,
7104,E0140800017201,山田町農業構造改善センター,北海道余市町山田町326,,1,1,1,,,1,,1,43.179640103672,140.78541781713,
7105,E0140800018201,農村活性化センター,北海道余市町山田町577,,1,1,1,1,1,1,,1,43.17117919153,140.77238529816,
7106,E0140800019201,大川小学校グラウンド,北海道余市町大川町10-1,,1,,1,,,1,,1,43.192889346517,140.80221743264,
7107,E0140800019202,大川小学校,北海道余市町大川町10-1,,1,,1,,,1,,1,43.193354747573,140.80298990885,
7108,E0140800021201,大川保育所,北海道余市町大川町12-3-2,,1,,,,,1,,1,43.192568101245,140.80604439756,
7109,E0140800022201,太陽ハイツ,北海道余市町大川町14-5-1,,,,,1,,,,,43.192350304258,140.80888975997,
7110,E0140800023201,旭中学校グラウンド,北海道余市町大川町16-1,,1,,1,,,1,,1,43.193264026589,140.81243794605,
7111,E0140800023202,旭中学校,北海道余市町大川町16-1,,1,,1,,,1,,1,43.193072391005,140.81345182106,
7112,E0140800024201,大浜中老人寿の家,北海道余市町大川町19-23,,1,1,1,,,1,,1,43.19025048493,140.81718945151,
7113,E0140800025201,グランデリビエール,北海道余市町大川町2-26,,,,,1,,,,,43.192450905976,140.79202667918,
7114,E0140800026201,中央公民館,北海道余市町大川町4-143,,1,1,,1,,1,,1,43.190815955554,140.79511539314,
7115,E0140800027201,即信寺支院,北海道余市町大川町4-96,,1,1,1,1,,1,,,43.191669279194,140.79496134625,
7116,E0140800028201,ホテルサンアート,北海道余市町大川町6-35,,,,,1,,,,,43.192195478974,140.79786593131,
7117,E0140800029201,沢町小学校グラウンド,北海道余市町沢町4-22,,1,1,1,,,1,,1,43.199082423304,140.77146014967,
7118,E0140800029202,沢町小学校,北海道余市町沢町4-22,,1,1,1,,,1,,1,43.199379624476,140.77201804914,
7119,E0140800031201,宝隆寺,北海道余市町沢町5-85,1,1,1,1,1,,1,,,43.198737375451,140.76839813857,
7120,E0140800032201,余市紅志高等学校グラウンド,北海道余市町沢町6-1,,,1,1,,,1,,1,43.194450908485,140.76681947058,
7121,E0140800032202,余市紅志高等学校,北海道余市町沢町6-1,,,1,1,,,1,,1,43.19485763533,140.76751684493,
7122,E0140800033201,余市町役場,北海道余市町朝日町26,1,1,1,1,1,1,1,,,43.195311326858,140.78356302372,
7123,E0140800034201,東中学校グラウンド,北海道余市町朝日町71,,1,1,1,,,1,,1,43.193967603024,140.78287938703,
7124,E0140800034202,東中学校,北海道余市町朝日町71,1,1,1,1,1,,1,,1,43.193975424782,140.78162947762,
7125,E0140800035201,旧潮見会館広場,北海道余市町潮見町139,,,1,1,1,1,1,,,43.241154048758,140.72391890949,
7126,E0140800036201,登老人寿の家,北海道余市町登町1012-12,1,,1,,1,1,1,,1,43.167526165983,140.82156078748,
7127,E0140800037201,登小学校グラウンド,北海道余市町登町1015,1,,1,1,1,1,1,,1,43.16671460498,140.82217186262,
7128,E0140800037202,登小学校,北海道余市町登町1015,1,,1,1,1,1,1,,1,43.166323341215,140.82206457425,
7129,E0140800038202,下水道管理センター,北海道余市町登町136,,1,1,1,1,1,1,,1,43.185648673986,140.82640082463,
7130,E0140800038201,下水道管理センター構内,北海道余市町登町136,,1,1,1,,1,1,,1,43.184979818849,140.82635790929,
7131,E0140800039201,余市農道離着陸場,北海道余市町登町742-9,1,1,1,1,1,1,1,,,43.171547977415,140.80709303582,
7132,E0140800040201,福祉センター入舟分館,北海道余市町入舟町400,,1,1,,,,1,,1,43.191276225145,140.78479308819,
7133,E0140800041201,余市運動公園,北海道余市町入舟町420,,1,1,1,,1,1,,1,43.187732709601,140.78419763779,
7134,E0140800041202,総合体育館,北海道余市町入舟町420,,1,1,,,,1,,1,43.18939889154,140.78515786862,
7135,E0140800042201,梅川町農業構造改善センター,北海道余市町梅川町1085-5,1,1,1,1,1,1,1,,1,43.202745778343,140.7588942647,
7136,E0140800043202,西中学校,北海道余市町梅川町339,1,1,1,1,1,1,1,,1,43.211627617383,140.76836467434,
7137,E0140800043201,西中学校グラウンド,北海道余市町梅川町339,1,1,1,1,1,1,1,,1,43.21206159777,140.76736152817,
7138,E0140800045201,即信寺,北海道余市町梅川町826,1,1,1,1,1,1,1,,,43.206801127279,140.76688939715,
7139,E0140800046201,白岩会館広場,北海道余市町白岩町179,1,,1,1,1,1,1,,1,43.230966985495,140.7354385543,
7140,E0140800046202,白岩会館,北海道余市町白岩町179,1,,1,1,1,1,1,,1,43.23113505107,140.7354975629,
7141,E0140800047201,美園会館,北海道余市町美園町319-19,,1,1,1,1,1,1,,1,43.18184441536,140.77162679026,
7142,E0140800048201,中央保育所,北海道余市町美園町43-36,,1,1,1,,,1,,1,43.191371095192,140.77976594508,
7143,E0140800049201,余市神社,北海道余市町富沢町14-4,,,1,1,1,,1,,,43.215109621774,140.77102460318,
7144,E0140800050201,永全寺,北海道余市町富沢町2-21,1,1,1,1,1,1,1,,,43.201241414367,140.76702447847,
7145,E0140800051202,円山公園ふれあい交流施設,北海道余市町富沢町2-32-1,1,1,1,1,1,1,1,,1,43.201208537758,140.76505122946,
7146,E0140800051201,円山公園,北海道余市町富沢町2-32-1,1,1,1,1,1,1,1,,1,43.200528121756,140.76492248343,
7147,E0140800052201,沢町児童館,北海道余市町富沢町3-46,1,1,1,1,,,,,1,43.202248934884,140.76800383162,
7148,E0140800053201,福祉センター,北海道余市町富沢町5-13,1,1,,,,,,,1,43.2039632492,140.77250853783,
7149,E0140800056201,豊丘老人寿の家,北海道余市町豊丘町644-2,1,1,1,,1,1,1,,1,43.173502972053,140.74381257806,
7150,E0140800057202,豊浜生活改善センター,北海道余市町豊浜町209-1,,,1,1,1,1,1,,1,43.243791273816,140.70808340811,
7151,E0140800057201,豊浜生活改善センター広場,北海道余市町豊浜町209-1,,,1,1,1,1,1,,1,43.243668181625,140.70808877252,
7152,E0160800001201,栄町公営住宅団地,北海道様似町栄町121-1,1,1,1,1,1,1,1,1,,42.1307152,142.9247838,
7153,E0160800002201,様似町葬斎場,北海道様似町栄町147-1,1,1,1,,1,1,1,1,,42.13321722,142.9232806,
7154,E0160800003201,栄町ふれあいセンター,北海道様似町栄町191-1,,1,1,1,,1,,1,1,42.131150848628,142.93491293293,
7155,E0160800004202,栄町生活館,北海道様似町栄町20-6,,1,1,,,1,1,1,1,42.127377703218,142.92786809531,
7156,E0160800004201,栄町生活館横広場,北海道様似町栄町20-6,,1,1,1,,1,1,1,1,42.12726179,142.9275634,
7157,E0160800005202,様似小学校,北海道様似町栄町215-1,,1,1,1,,1,1,1,1,42.132409,142.9358849,
7158,E0160800005201,様似小学校グラウンド,北海道様似町栄町215-1,,1,1,1,,1,1,1,1,42.13140595,142.9360522,
7159,E0160800006201,ふれあい広場,北海道様似町錦町1-1,,1,1,1,,1,1,1,1,42.12892742,142.9352905,
7160,E0160800006202,幼児センター（保育園）,北海道様似町錦町1-1,,1,1,1,,1,1,1,1,42.12923584,142.9340374,
7161,E0160800007201,幼児センター（幼稚園）,北海道様似町錦町1-8,,1,1,1,,1,1,1,1,42.12931939,142.9334312,
7162,E0160800008201,様似中学校グラウンド,北海道様似町錦町53-5,,1,1,1,,1,1,1,1,42.13714239,142.9391421,
7163,E0160800008202,様似中学校,北海道様似町錦町53-5,,1,1,1,,1,1,1,1,42.13728249,142.9407478,
7164,E0160800009201,漁港公園,北海道様似町港町16,1,1,,1,,1,1,1,1,42.1253623,142.920505,
7165,E0160800009202,漁村センター,北海道様似町港町16,1,1,,1,,1,1,1,1,42.126107105256,142.9203751492,
7166,E0160800010201,ソビラ公園,北海道様似町港町１７地先,1,1,,1,,1,1,1,,42.12832384,142.9123791,
7167,E0160800011201,港町生活館,北海道様似町港町３地先,1,1,,,,1,1,1,1,42.128312947706,142.91431031805,
7168,E0160800012201,旭生活館,北海道様似町字旭91-1,1,1,1,1,1,1,1,1,1,42.0653399,143.0646994,
7169,E0160800013201,鵜苫住民センター,北海道様似町字鵜苫１０５地先,1,1,,,,1,1,1,1,42.133531823755,142.87307903581,
7170,E0160800014201,岡田生活館,北海道様似町字岡田201-2,,1,1,,1,1,1,1,1,42.1655955,142.9497814,
7171,E0160800015201,岡田生活館前広場,北海道様似町字岡田347,,1,1,1,1,1,1,1,,42.16527343,142.9498726,
7172,E0160800016201,西様似畜産センター,北海道様似町字西様似221,,1,1,1,,1,1,1,1,42.149895941812,142.91732447551,
7173,E0160800017201,西様似グラウンド,北海道様似町字西様似354-2,,1,1,1,,1,1,1,,42.14954028,142.9171421,
7174,E0160800018201,田代研修センター,北海道様似町字田代235-6,1,1,1,1,1,1,1,1,1,42.1613516,142.9524775,
7175,E0160800019201,冬島高台広場,北海道様似町字冬島107-1,1,,1,1,1,1,1,1,,42.10082017,142.9889635,
7176,E0160800020201,冬島生活改善センター,北海道様似町字冬島34,,,1,,,1,1,1,1,42.1009732,142.9873836,
7177,E0160800021201,平宇共同墓地,北海道様似町字平宇110,1,,1,1,1,1,1,1,,42.12159042,142.9632342,
7178,E0160800049201,東平宇高台,北海道様似町字平宇1154-1,1,1,1,1,1,1,1,1,,42.11096,142.97172,
7179,E0160800022201,東平宇生活館,北海道様似町字平宇201-45,,,1,,,1,1,1,1,42.1092595,142.9748299,
7180,E0160800023201,アポイ樹木園,北海道様似町字平宇288,1,1,1,1,1,1,1,1,,42.10278636,142.9811582,
7181,E0160800024201,アポイ山荘,北海道様似町字平宇479-7,1,1,1,1,1,1,1,1,1,42.10991139,142.9852971,
7182,E0160800025201,平宇生活館,北海道様似町字平宇53-1,1,1,1,,,1,1,1,1,42.12225324,142.9563483,
7183,E0160800026201,幌満旧教員住宅,北海道様似町字幌満49-6,1,,1,,,1,1,1,,42.07756677,143.0362695,
7184,E0160800027201,幌満コミュニティセンター,北海道様似町字幌満52-7,,,1,,,1,1,1,1,42.0773581,143.0356898,
7185,E0160800028201,幌満コミュニティセンター駐車場,北海道様似町字幌満55-1,,,1,1,,1,1,1,,42.07695425,143.035658,
7186,E0160800030201,西町生活館,北海道様似町西町71-4,,1,1,1,,1,1,1,1,42.135111204429,142.90635960504,
7187,E0160800044201,法耀寺,北海道様似町西町85-5,1,,1,1,1,1,1,1,1,42.134032,142.902197,
7188,E0160800031201,様似町役場（３階部分）,北海道様似町大通1-21,,1,1,1,,1,1,1,1,42.12771798,142.9338485,
7189,E0160800031202,中央公民館,北海道様似町大通1-21,,1,1,,,1,1,1,1,42.12785723,142.9331243,
7190,E0160800032201,生涯スポーツ研修センター,北海道様似町大通1-25-1,,1,1,,,1,1,1,1,42.12845798,142.9334944,
7191,E0160800033201,大通公住会館,北海道様似町大通1-65,,1,1,,,1,,1,1,42.12906602,142.9312074,
7192,E0160800034201,東様似生活館,北海道様似町大通2-122-30,,1,,1,,1,1,1,1,42.12606686,142.9351572,
7193,E0160800035201,むつみ会館,北海道様似町大通2-28-1,,1,1,,,1,1,1,1,42.12622786,142.9389473,
7194,E0160800036201,保健福祉センター,北海道様似町大通2-98-2,,1,1,1,,1,1,1,1,42.12831168,142.9366445,
7195,E0160800037201,特別養護老人ホーム様似ソビラ荘,北海道様似町朝日丘45,1,1,1,1,1,1,1,1,1,42.1295367218937,142.945099593904,津波は3階部分のみ
7196,E0160800037202,ソビラ荘裏山,北海道様似町朝日丘45,1,,1,1,1,1,1,1,1,42.12913796,142.9463187,
7197,E0160800045201,住吉神社,北海道様似町潮見台10-1,1,,1,1,1,1,1,1,1,42.129373,142.918326,
7198,E0160800038201,本町裏山,北海道様似町潮見台106-1,1,,1,1,1,1,1,1,,42.13195509,142.91564,
7199,E0160800046201,等澍院,北海道様似町潮見台11-4,1,,1,1,1,1,1,1,1,42.129481,142.919064,
7200,E0160800039201,観音山スポーツ公園,北海道様似町潮見台113-1,1,1,1,1,1,1,1,1,,42.13301303,142.9182686,
7201,E0160800047201,法敬寺,北海道様似町潮見台12-1,1,,1,1,1,1,1,1,1,42.129317,142.919722,
7202,E0160800040201,忠霊塔広場,北海道様似町潮見台9-1,1,,1,1,1,1,1,1,,42.12956507,142.9182761,
7203,E0160800041201,本町２丁目会館,北海道様似町本町2-13-4,1,1,1,,,1,1,1,1,42.127802992161,142.91925451462,
7204,E0160800051201,智教寺,北海道様似町本町２丁目105,1,,1,1,1,1,1,1,1,42.128387,142.919617,
7205,E0160800042201,旧中学校グラウンド,北海道様似町緑町107-1,,,1,1,,1,1,1,,42.13007625,142.9435008,
7206,E0160800043201,緑町生活館,北海道様似町緑町49-21,,1,1,,,1,1,1,1,42.12916896,142.9402989,
7207,E0169400002201,栄町町内会館,北海道羅臼町栄町10-1,1,,1,,1,,,,1,44.028799301973,145.17966180675,
7208,E0169400001201,羅臼町役場,北海道羅臼町栄町100-83,,1,1,1,1,,,,1,44.0218885613503,145.189521297699,
7209,E0169400003201,らうすぽ（羅臼町民体育館）,北海道羅臼町栄町102,1,,1,1,1,,,,1,44.0224361906188,145.191480390041,
7210,E0169400004201,知床未来中学校,北海道羅臼町栄町104-2,1,,1,1,1,,,,1,44.024395266462,145.19102558558,
7211,E0169400005201,栄町高台町内会館,北海道羅臼町栄町104-3,1,1,1,1,1,,,,1,44.023952217511,145.18872741386,
7212,E0169400006201,羅臼神社,北海道羅臼町栄町127,1,,1,,1,,,,,44.023177215065,145.19189708383,
7213,E0169400007201,町道２号線（天狗岩）,北海道羅臼町海岸町,1,,1,1,1,,,,,44.073304950273,145.24238665468,
7214,E0169400008201,海岸町コミュニティセンター,北海道羅臼町海岸町441,1,,1,,1,,,,1,44.05538,145.23523,
7215,E0169400009201,しおかぜ公園,北海道羅臼町共栄町,1,,1,1,1,,,,,44.02235548987,145.19924720041,
7216,E0169400010201,共栄町会館,北海道羅臼町共栄町105-13,1,,1,,1,,,,1,44.0246,145.20008,
7217,E0169400011201,春日町福祉館,北海道羅臼町春日町47-2,1,,1,,,,,,1,43.948936260582,145.12764890407,
7218,E0169400012201,国道３３５号線（ソスケ地区）,北海道羅臼町松法町,1,,1,,1,,,,,43.994799503514,145.17102236878,
7219,E0169400013201,羅臼漁業協同組合,北海道羅臼町船見町2-13,1,1,1,1,,,,,1,44.020807445798,145.19688056476,
7220,E0169400014201,羅臼町コミュニティセンター,北海道羅臼町船見町2-16,1,1,1,1,1,,,,1,44.021508838046,145.1985151003,
7221,E0169400015201,羅臼町商工会館,北海道羅臼町船見町46-1,1,,1,1,1,,,,1,44.02057979367,145.19446784332,
7222,E0169400016201,知松福祉館,北海道羅臼町知昭町61,1,,1,,1,,,,1,43.986900937217,145.15912050926,
7223,E0169400017201,羅臼町老人福祉センター,北海道羅臼町湯ノ沢町14-3,1,1,1,1,1,,,,1,44.030342700225,145.17349065189,
7224,E0169400038201,知床羅臼ビジターセンター駐車場,北海道羅臼町湯ノ沢町6-27,,,1,,1,,,,,44.032043,145.161372,
7225,E0169400018201,（旧）春松小学校・春松幼稚園,北海道羅臼町八木浜町190,1,,1,1,1,,,,1,43.974359106477,145.1506449794,
7226,E0169400019201,八木浜町福祉館,北海道羅臼町八木浜町30-1,1,,1,,1,,,,1,43.973774131347,145.15003491282,
7227,E0169400020201,八木浜町水源地,北海道羅臼町八木浜町57,1,,1,1,1,,,,,43.969426998937,145.1399980867,
7228,E0169400021203,植別１号線（野口宅付近　道路）,北海道羅臼町峯浜町,1,1,1,1,1,,,,,43.86322060097,145.09097772586,
7229,E0169400021201,陸志別５号線（鳥谷宅付近　道路）,北海道羅臼町峯浜町,1,1,1,1,1,,,,,43.874938653814,145.08831697451,
7230,E0169400021202,陸志別１号線（伊藤宅付近　道路）,北海道羅臼町峯浜町,1,1,1,1,1,,,,,43.879718029657,145.09406763063,
7231,E0169400022201,峯浜町コミュニティセンター,北海道羅臼町峯浜町508-4,,1,,1,,,,,1,43.879675496449,145.09543019282,
7232,E0169400023201,幌萌町１号線と国道３３５号線交差付近,北海道羅臼町幌萌町,1,1,1,1,1,,,,,43.914373929903,145.10824396177,
7233,E0169400024201,農林漁業体験実習館,北海道羅臼町幌萌町627-1,1,1,1,1,1,,,,1,43.932881546571,145.11513187451,
7234,E0169400025201,総合運動公園,北海道羅臼町幌萌町632-2,1,1,1,1,1,,,,,43.935539370178,145.11645152134,
7235,E0169400026201,知床未来小学校,北海道羅臼町本町41,1,,1,1,1,,,,1,44.018721839032,145.19071096741,
7236,E0169400027201,麻布町福祉館,北海道羅臼町麻布町10-1,1,,1,,,,,,1,43.960224906409,145.13566346258,
7237,E0169400028201,岬町コミュニティセンター,北海道羅臼町岬町119-1,1,1,1,1,1,,,,1,44.106529996908,145.24775475406,
7238,E0169400029201,（旧）知円別小中学校,北海道羅臼町岬町33,1,,1,1,1,,,,1,44.106131727655,145.24477213701,
7239,E0169400030201,岩見橋避難場所,北海道羅臼町岬町9-4,1,,1,1,,,,,,44.120281,145.25327,
7240,E0169400032201,緑町町内会館,北海道羅臼町緑町299-1,1,1,1,1,1,,,,1,44.021368199166,145.18703737089,
7241,E0169400033201,知床未来幼稚園,北海道羅臼町緑町301,1,,1,1,1,,,,1,44.020281480184,145.1887657239,
7242,E0169400039201,羅臼国後展望塔駐車場,北海道羅臼町礼文町32-1,,,1,,1,,,,,44.015225,145.185785,
7243,E0169400034201,礼文町南町内会館,北海道羅臼町礼文町367,1,,1,1,1,,,,1,44.00547294096,145.17585032833,
7244,E0169400035201,礼文町北町内会館,北海道羅臼町礼文町64,1,,1,1,1,,,,1,44.013725790333,145.18830534712,
7245,E0169400036201,羅臼高校,北海道羅臼町礼文町9-3,1,,1,,1,,,,1,44.003894888009,145.1760273708,
7246,E0139400005201,鷲の沢神社,北海道蘭越町港町430,,,1,,1,,,,,42.85860862,140.3781894,
7247,E0139400006202,港地区津波避難タワー・旧港小学校グラウンド,北海道蘭越町港町617,,1,1,1,1,,,,1,42.876495,140.368999,
7248,E0139400053201,道道磯谷蘭越線,北海道蘭越町港町１８０番地４地先,,,1,,1,,,,,42.874945178709,140.36557769593,
7249,E0139400007201,道道北尻別蘭越停車場線,北海道蘭越町港町９５６－９地先,,,1,,1,,,,,42.868249875015,140.38073754128,
7250,E0139400009201,昆布小学校グラウンド,北海道蘭越町昆布町309-1,1,1,,1,,,1,,1,42.79364289,140.5998184,
7251,E0139400014201,旧御成小学校グラウンド,北海道蘭越町字御成416-1,1,1,,1,,,1,,1,42.84672191,140.4103349,
7252,E0139400019201,三和コミュニティ会館ホタルの里・グラウンド,北海道蘭越町字三和414-1,1,1,,1,,,1,,1,42.83066829,140.4833622,
7253,E0139400028201,旧湯里小学校グラウンド,北海道蘭越町字湯里131,1,1,,,,,1,,,42.81998791,140.6034748,
7254,E0139400035201,旧名駒小学校グラウンド,北海道蘭越町名駒町396,1,1,,1,,,1,,1,42.81561159,140.4448957,
7255,E0139400036201,旧目名小学校・目名サッカー場,北海道蘭越町目名町221,1,1,,1,,,1,,1,42.764479,140.4602,
7256,E0139400045201,蘭越中学校・グラウンド,北海道蘭越町蘭越町514-1,1,1,,1,,,1,,1,42.80412779,140.5301372,
7257,E0151800002202,天望山スキー場ロッジ,北海道利尻町沓形字種富町294-2,1,1,1,1,1,1,,,,45.198438,141.153982,
7258,E0151800003201,旧新湊小学校グランド,北海道利尻町沓形字新湊170,1,1,1,1,1,1,,,,45.208329,141.140628,
7259,E0151800005201,利尻高等学校グラウンド,北海道利尻町沓形字神居189-1,1,1,1,1,1,1,,,1,45.171332,141.14217,
7260,E0151800047201,利尻町総合体育館駐車場,北海道利尻町沓形字神居207-1,1,1,1,1,1,1,,,,45.168877,141.143262,
7261,E0151800009201,利尻中学校裏高台,北海道利尻町沓形字神居247,1,1,1,1,1,1,,,,45.167253,141.145676,
7262,E0151800046201,利尻町運動公園テニスコート,北海道利尻町沓形字神居250,1,1,1,1,1,1,,,,45.168381,141.145791,
7263,E0151800049201,泉公園,北海道利尻町沓形字泉町88-1,1,1,1,1,1,1,,,,45.183862,141.14214,
7264,E0151800050201,沓形小学校グラウンド,北海道利尻町沓形字日出町64,1,1,1,1,1,1,,,,45.187961,141.142641,
7265,E0151800051201,旧沓形中学校グラウンド,北海道利尻町沓形字富野2-2,1,1,1,,1,1,,,,45.189842,141.144939,
7266,E0151800016201,富野公園,北海道利尻町沓形字富野2-9,1,1,1,1,1,1,,,,45.191143,141.143718,
7267,E0151800048201,利尻町森林公園キャンプ場,北海道利尻町沓形字富野7-1,1,1,1,1,1,1,,,,45.179838,141.143273,
7268,E0151800045201,利尻町ヘリポート,北海道利尻町沓形字蘭泊174,1,1,1,1,1,1,,,,45.161665,141.148249,
7269,E0151800019201,利尻大志館駐車場,北海道利尻町沓形字緑町21-1,1,1,1,1,1,1,,,1,45.186503,141.140592,
7270,E0151800020201,旧利尻町自然の家グランド,北海道利尻町仙法志字久連89,1,1,1,1,1,1,,,,45.138906,141.166935,
7271,E0151800044201,仙法志パークゴルフ場,北海道利尻町仙法志字政泊120-1,1,1,1,1,1,1,,,,45.115836,141.207128,
7272,E0151800043201,利尻町立博物館駐車場,北海道利尻町仙法志字政泊69-2,1,1,1,1,1,1,,,,45.112987,141.215604,
7273,E0151800042201,旧仙法志中学校グラウンド,北海道利尻町仙法志字本町110-1,1,1,1,1,1,1,,,,45.112165,141.217595,
7274,E0151800027201,仙法志小学校グランド,北海道利尻町仙法志字本町152,1,1,1,1,1,1,,,,45.111604,141.220266,
7275,E0151900001202,鴛泊小学校,北海道利尻富士町鴛泊字栄町,,1,,,,,,,1,45.241739422359,141.22213913208,
7276,E0151900001201,鴛泊中学校,北海道利尻富士町鴛泊字栄町,,1,,,,,,,1,45.242695040485,141.21878637082,
7277,E0151900001203,総合交流促進施設「りぷら」,北海道利尻富士町鴛泊字栄町,,1,,,,,,,1,45.24610913,141.2180334,
7278,E0151900002201,大磯自治会館,北海道利尻富士町鴛泊字大磯,,1,,,,,,,,45.244972222222,141.18030555556,
7279,E0151900003201,利尻空港ターミナルビル,北海道利尻富士町鴛泊字本泊,,,,1,1,,,,,45.243944444444,141.18352777778,
7280,E0151900003203,地域防災・複合交流施設「本泊小学校」,北海道利尻富士町鴛泊字本泊,,,,1,1,,,,,45.248750056618,141.18953874993,
7281,E0151900003204,本泊自治会館,北海道利尻富士町鴛泊字本泊,,1,,,,,,,,45.250305555556,141.18930555556,
7282,E0151900003202,利尻空港駐車場,北海道利尻富士町鴛泊字本泊,,,,1,1,,,,,45.244606228513,141.18352605112,
7283,E0151900004201,野塚自治会館,北海道利尻富士町鴛泊字野塚,,1,,,,,,,,45.23286888913,141.27321876918,
7284,E0151900005201,旭浜自治会館,北海道利尻富士町鬼脇字旭浜,,1,,,,,,,,45.189444444444,141.32052777778,
7285,E0151900006201,鬼脇支所,北海道利尻富士町鬼脇字鬼脇,,1,,,,,,,1,45.138944444444,141.30913888889,
7286,E0151900006203,総合交流促進施設（北のしーま）,北海道利尻富士町鬼脇字鬼脇,,1,,,,,,,1,45.132978910622,141.30600548847,
7287,E0151900006202,利尻小学校・鬼脇中学校,北海道利尻富士町鬼脇字鬼脇,,1,,,,,,,1,45.139851761191,141.30634497864,
7288,E0151900007201,沼浦自治会館,北海道利尻富士町鬼脇字沼浦,,1,,,,,,,,45.115213761285,141.28496948775,
7289,E0151900008201,南浜自治会館,北海道利尻富士町鬼脇字南浜,,1,,,,,,,,45.111194444444,141.27375,
7290,E0151900009201,野中自治会館,北海道利尻富士町鬼脇字野中,,1,,,,,,,1,45.102878301278,141.24647174966,
7291,E0151900010201,鰊泊自治会館,北海道利尻富士町鬼脇字鰊泊,,1,,,,,,,1,45.198361111111,141.31177777778,
7292,E0164800015201,タウンホール,北海道陸別町字陸別東一条3-1,1,1,,1,,1,1,1,1,43.468883561424,143.74723477791,
7293,E0164800017201,保健センター,北海道陸別町字陸別東二条3-2,1,1,,1,,1,1,1,1,43.46855194,143.7483857,
7294,E0139700019201,三ノ原アカダモ公衆トイレ駐車場,北海道留寿都村字三ノ原20-2,1,1,,1,,1,1,1,,42.695243,140.839558,
7295,E0139700002201,三ノ原五輪会館駐車場,北海道留寿都村字三ノ原212-4,1,1,,1,,1,1,1,1,42.69480951,140.8367805,
7296,E0139700002202,三ノ原五輪会館,北海道留寿都村字三ノ原212-4,1,1,,1,,1,1,1,1,42.69454359,140.8366198,
7297,E0139700004201,留寿都村へき地保健福祉館,北海道留寿都村字登156-2,,,,,,1,,1,1,42.742884,140.948354,
7298,E0139700006202,道の駅「２３０ルスツ」駐車場,北海道留寿都村字留寿都127,1,1,,1,,1,1,1,,42.740543,140.884838,
7299,E0139700007201,地域資源交流センター,北海道留寿都村字留寿都127-191,1,1,,1,,1,1,1,1,42.74017898,140.884664,
7300,E0139700008201,ルスツふるさと公園,北海道留寿都村字留寿都127-2,1,1,,1,,1,1,1,,42.73980075,140.8857959,
7301,E0139700009201,留寿都小学校体育館,北海道留寿都村字留寿都174,1,1,,1,,1,1,1,1,42.735949,140.874427,
7302,E0139700009203,留寿都小学校グラウンド,北海道留寿都村字留寿都174,1,1,,1,,1,1,1,1,42.736958,140.874535,
7303,E0139700010201,留寿都村武道館,北海道留寿都村字留寿都179-1,1,1,,,,1,1,1,1,42.73780435,140.8735135,
7304,E0139700010202,留寿都高等学校　体育館,北海道留寿都村字留寿都179-1,1,1,,1,,1,1,1,1,42.73680946,140.8730115,
7305,E0139700010203,留寿都中学校　体育館,北海道留寿都村字留寿都179-1,1,1,,1,,1,1,1,1,42.73710299,140.8723973,
7306,E0139700011201,留寿都村民総合運動場,北海道留寿都村字留寿都182-1,1,1,,1,,1,1,1,,42.73776495,140.8711907,
7307,E0139700012201,るすつ子どもセンターぽっけ小型児童館,北海道留寿都村字留寿都185-29,1,1,,1,,1,1,1,1,42.73657054,140.8711505,
7308,E0139700016201,留寿都村高齢者生活支援ハウス,北海道留寿都村字留寿都186-36,1,1,,1,,1,1,1,1,42.736402,140.867679,
7309,E0139700015201,留寿都公民館　ホール,北海道留寿都村字留寿都206-1,1,1,,,,1,1,1,1,42.73887341,140.8745732,
7310,E0121200001201,港南中学校グラウンド,北海道留萌市沖見町2-141,1,1,1,1,1,1,1,,1,43.93266285,141.6405517,
7311,E0121200002201,留萌市子ども発達支援センター　敷地,北海道留萌市沖見町4-62-1,1,1,1,1,1,1,1,,1,43.9283666885998,141.635083454933,
7312,E0121200005201,沖見公園,北海道留萌市沖見町6,1,1,1,1,1,1,1,,,43.92846865,141.6408901,
7313,E0121200007201,花園西公園,北海道留萌市花園町3-6,,1,,1,,1,1,,,43.93739723,141.6525665,
7314,E0121200009201,中央公園,北海道留萌市開運町2-8,,1,,1,,1,1,,,43.94161591,141.6456918,
7315,E0121200010201,見晴市営球場,北海道留萌市見晴町1-3,1,1,1,1,1,1,1,,,43.93470128,141.6438079,
7316,E0121200011201,見晴公園,北海道留萌市見晴町2-12,1,1,1,1,1,1,1,,,43.9341412,141.6472051,
7317,E0121200015201,港北小学校グラウンド,北海道留萌市元町3-82,,1,,1,,1,1,,,43.94958582,141.6457137,
7318,E0121200020201,旧三泊小学校グラウンド,北海道留萌市三泊町100-4,1,,1,1,1,1,1,,,43.97063485,141.6477258,
7319,E0121200022201,留萌小学校グラウンド,北海道留萌市寿町2-10,1,1,1,1,1,1,1,,1,43.93630993,141.6372933,
7320,E0121200024201,住之江児童公園,北海道留萌市住之江町1-20,1,1,1,1,1,1,1,,,43.93429801,141.6526393,
7321,E0121200026201,東光小学校グラウンド,北海道留萌市住之江町4-73,1,1,1,1,1,1,1,,1,43.93143522,141.6557706,
7322,E0121200027201,旧北光中学校グラウンド,北海道留萌市春日町1-1,1,1,,1,,1,1,,,43.9550657,141.6450944,
7323,E0121200030201,留萌中学校グラウンド,北海道留萌市千鳥町3-2-1,1,1,1,1,1,1,1,,,43.93182891,141.6633487,
7324,E0121200032201,緑丘小学校グラウンド,北海道留萌市千鳥町3-22-1,1,,1,1,1,1,1,,,43.93059891,141.6648674,
7325,E0121200034201,留萌高等学校グラウンド,北海道留萌市千鳥町4-91,1,1,1,1,1,1,1,,1,43.92979414,141.6633596,
7326,E0121200035201,岬緑地,北海道留萌市大町2-7,1,,1,1,1,1,1,,,43.94644472,141.6299569,
7327,E0121200040201,潮静公園,北海道留萌市潮静2-2,,1,1,1,1,1,1,,,43.92113924,141.6768802,
7328,E0121200041201,潮静小学校グラウンド,北海道留萌市潮静3-146,,1,1,1,1,1,1,,1,43.91983049,141.6832751,
7329,E0121200042201,旧留萌高等学校グラウンド,北海道留萌市東雲町1-84,,1,1,1,1,1,1,,,43.93423336,141.6729143,
7330,E0121200044201,留萌地域人材開発センターグラウンド,北海道留萌市南町1-17,1,1,1,1,1,1,1,,1,43.92912616,141.671551,
7331,E0121200046201,浜中運動公園,北海道留萌市浜中町248-2,1,1,1,1,1,1,1,,,43.92350272,141.6352064,
7332,E0121200048201,平和台公園,北海道留萌市平和台1-71,1,,1,1,1,1,1,,,43.92590471,141.6471631,
7333,E0121200057201,旧礼受小学校グラウンド,北海道留萌市礼受町34-5,1,,1,1,1,1,1,,,43.91149201,141.6162002,
7334,E0151700127206,内路稲荷神社南側裏山,北海道礼文町大字香深村,,,,,1,,,,,45.3857307408,141.05591489015,
7335,E0151700127208,内路自治会館,北海道礼文町大字香深村,1,1,1,,,1,,,,45.389054667713,141.05373236801,
7336,E0151700017202,総合体育館（潮騒ドーム）,北海道礼文町大字香深村カフカイ112,1,1,1,1,1,1,,,1,45.336128044049,141.04948162971,
7337,E0151700019202,ふるさと体験道場,北海道礼文町大字香深村カフカイ1143,1,1,1,1,1,1,,,1,45.342722960859,141.04507207809,
7338,E0151700021202,香深井小学校,北海道礼文町大字香深村カフカイ301-1,1,1,1,1,1,1,,,1,45.33992117005,141.04467728456,
7339,E0151700022202,ふれあいコミュニティセンター,北海道礼文町大字香深村カフカイ650,,1,1,1,1,1,,,1,45.341403284839,141.03700935779,
7340,E0151700023202,香深井小学校シェルター避難路,北海道礼文町大字香深村カフカイ693-2,,,,,1,,,,,45.339502897329,141.04525983272,
7341,E0151700024202,総合体育館（潮騒ドーム）裏山,北海道礼文町大字香深村カフカイ854,,,,,1,,,,,45.336131814946,141.04888081489,
7342,E0151700025202,自然体験公園パークゴルフ場,北海道礼文町大字香深村カフカイ889,,,,,1,,,,,45.338043627913,141.04628443656,
7343,E0151700026202,尺忍自治会館,北海道礼文町大字香深村シャクニン1002-2,1,1,1,,,1,,,,45.295461778963,141.04477090985,
7344,E0151700027202,見晴台ニュータウン,北海道礼文町大字香深村シャクニン175-2,,,,,1,,,,,45.291899535435,141.04537695854,
7345,E0151700134201,知床地区防災避難所,北海道礼文町大字香深村シレトコマナイ185-1,1,1,1,1,1,1,,,1,45.27710261,141.0352368,
7346,E0151700028202,知床自治会館,北海道礼文町大字香深村シレトコマナイ99-2,1,1,1,,,1,,,,45.275993,141.034614,
7347,E0151700137201,久保商店冷凍工場裏山,北海道礼文町大字香深村チャシトンス64,,,,,1,,,,,45.287862,141.045775,
7348,E0151700138201,差閉コミュニティセンター,北海道礼文町大字香深村チャシトンス82-4,1,,1,,,1,,,,45.284196651971,141.04511095282,
7349,E0151700032202,会所前自治会館,北海道礼文町大字香深村トンナイ1158,1,1,1,1,,,,,,45.304119302339,141.0484873159,
7350,E0151700033202,入舟自治会館,北海道礼文町大字香深村トンナイ145-3,1,1,1,1,1,,,,,45.30265659931,141.04435655844,
7351,E0151700034202,礼文小学校・香深中学校シェルター避難路,北海道礼文町大字香深村トンナイ825-1,,,,,1,,,,,45.304859943121,141.04730875319,
7352,E0151700035204,香深中学校,北海道礼文町大字香深村トンナイ914,1,1,1,1,1,1,,,1,45.30398573625,141.04632509472,
7353,E0151700035203,礼文小学校,北海道礼文町大字香深村トンナイ914,1,1,1,1,1,1,,,1,45.304978036551,141.04716730835,
7354,E0151700036202,礼文岳登山道,北海道礼文町大字香深村ナイヲロ,,,,,1,,,,,45.389898552763,141.05248245861,
7355,E0151700037201,ちびっこ広場裏山,北海道礼文町大字香深村フンベネフ199,,,,,1,,,,,45.275670973235,141.04311002491,
7356,E0151700038201,北のカナリヤパーク,北海道礼文町大字香深村フンベネフ621,,,,,1,,,,,45.277170254719,141.04157923148,
7357,E0151700039201,奮部自治会館,北海道礼文町大字香深村フンベネフ73-1,1,,1,,,1,,,,45.276022039893,141.04365183113,
7358,E0151700040201,宗谷バスユース前停留所南側裏山,北海道礼文町大字香深村ヘウケトンナイ,,,,,1,,,,,45.312510414329,141.05258358699,
7359,E0151700040202,谷岡川北側裏山,北海道礼文町大字香深村ヘウケトンナイ,,,,,1,,,,,45.310194396856,141.05119893839,
7360,E0151700040203,藤建設（株）礼文支店裏山,北海道礼文町大字香深村ヘウケトンナイ,,,,,1,,,,,45.307438958248,141.05052365047,
7361,E0151700041201,創価学会礼文会館北側裏山,北海道礼文町大字香深村ヘウケトンナイ236,,,,,1,,,,,45.315036911411,141.05447722652,
7362,E0151700042201,津軽町コミュニティ会館,北海道礼文町大字香深村ヘウケトンナイ274,1,1,1,,,,,,,45.309326975476,141.0518243787,
7363,E0151700135201,吉祥寺,北海道礼文町大字香深村ヘウケトンナイ338,,,,,1,,,,,45.309155,141.050496,
7364,E0151700043201,宗谷バス手然停留所南側裏山,北海道礼文町大字香深村ヘウケトンナイ420,,,,,1,,,,,45.316932540294,141.05545891502,
7365,E0151700044201,小田桐商店裏山,北海道礼文町大字香深村モトチ,,,,,1,,,,,45.306081652692,141.02387858614,
7366,E0151700045201,元地地区防災避難所,北海道礼文町大字香深村モトチ135-1,1,1,1,1,1,1,,,1,45.30798591544,141.02327260242,
7367,E0151700046201,旧元地小学校グラウンド,北海道礼文町大字香深村モトチ135-3,,,,,1,,,,,45.307861036593,141.02358320203,
7368,E0151700047201,元地自治会館,北海道礼文町大字香深村モトチ942,1,1,1,,,1,,,1,45.305544879574,141.02305266128,
7369,E0151700048201,宗谷バス（株）礼文営業所裏山,北海道礼文町大字香深村ワウシ303,,,,,1,,,,,45.297436411415,141.04395760288,
7370,E0151700049201,町民活動総合センター（ピスカ２１）,北海道礼文町大字香深村ワウシ958-4,1,1,1,1,,1,,,1,45.299531867046,141.04630109819,
7371,E0151700050201,起登臼自治会館,北海道礼文町大字香深村ヲバシトロマナイ1168-4,,1,,,,1,,,,45.371589404903,141.05909915099,
7372,E0151700051201,起登臼地区シェルター避難路,北海道礼文町大字香深村ヲバシトロマナイ1340,,,,,1,,,,,45.372613945546,141.05859221633,
7373,E0151700119201,緑ヶ丘公園アスレティック,北海道礼文町大字香深村字カフカイ1141,,,,,1,,,,,45.342326684269,141.04454046406,
7374,E0151700053201,上泊自治会館,北海道礼文町大字船泊村ウヱントマリ282-2,1,1,1,,,,,,,45.418079217008,141.06068061258,
7375,E0151700054201,上泊地区防災避難所,北海道礼文町大字船泊村ウヱントマリ359-1,1,1,1,1,1,1,,,1,45.421343756568,141.06072352792,
7376,E0151700054202,上泊地区シェルター避難路,北海道礼文町大字船泊村ウヱントマリ359-1,,,,,1,,,,1,45.420854275929,141.06115268136,
7377,E0151700055201,上泊灯台グラウンド,北海道礼文町大字船泊村ウヱントマリ453-3,,,,,1,,,,,45.423459393721,141.06533639078,
7378,E0151700056201,久種湖畔展望台,北海道礼文町大字船泊村ウヱンナイホ1019,,,,,1,,,,,45.434922226847,141.02707041414,
7379,E0151700057201,スポーツ文化交流センター（輝交流館）,北海道礼文町大字船泊村ウヱンナイホ297-1,1,1,1,1,1,1,,,1,45.437386437192,141.03502868974,
7380,E0151700058201,船泊小学校,北海道礼文町大字船泊村ウヱンナイホ393,1,1,1,1,1,1,,,,45.435222009812,141.03402017916,
7381,E0151700059201,須古頓地区防災避難所,北海道礼文町大字船泊村スコトントマリ746,1,1,1,1,1,1,,,1,45.45728399,140.9699448,
7382,E0151700133201,高山コミュニティ会館,北海道礼文町大字船泊村タカヤマ112-3,1,1,1,,,1,,,,45.431221,141.059909,
7383,E0151700060201,鉄府漁港裏山,北海道礼文町大字船泊村テフネフ605-1,,,,,1,,,,,45.421077307269,140.99563549253,
7384,E0151700061201,鉄府自治会館,北海道礼文町大字船泊村テフネフ73-2,1,1,1,,,1,,,,45.419922271927,140.99479065119,
7385,E0151700062201,西上泊神社,北海道礼文町大字船泊村ニシウヱントマリ,,,,,1,,,,,45.412068164645,140.99123519449,
7386,E0151700063201,西上泊自治会館,北海道礼文町大字船泊村ニシウヱントマリ125-36,1,1,1,,,1,,,,45.411922614817,140.98905643613,
7387,E0151700064201,浜中自治会館西側裏山,北海道礼文町大字船泊村ハマナカ217,,,,,1,,,,,45.432620746222,141.00729180488,
7388,E0151700065201,五番地自治会館,北海道礼文町大字船泊村ベンザイトマリ,1,1,1,,,1,,,,45.452049207789,141.03514922758,
7389,E0151700066201,テレビ中継所山,北海道礼文町大字船泊村ベンザイトマリ176-5,,,,,1,,,,,45.453896894531,141.03458059927,
7390,E0151700067201,礼文空港,北海道礼文町大字船泊村ベンザイトマリ377-2,,,,,1,,,,,45.452302299501,141.0413845329,
7391,E0151700068201,幌泊自治会館,北海道礼文町大字船泊村ホロトマリ936,1,1,1,,,1,,,,45.455076052223,141.04179812974,
7392,E0151700069201,浜中自治会館,北海道礼文町大字船泊村ホロナイホ272-8,1,1,1,,,1,,,,45.432559778945,141.01006127272,
7393,E0151700070201,旧神崎小学校裏山,北海道礼文町大字船泊村ホロナイホ583-1,,,,,1,,,,,45.430915977175,141.01007884077,
7394,E0151700071201,旧神崎小学校,北海道礼文町大字船泊村ホロナイホ690-2,1,1,1,1,1,1,,,1,45.430532519231,141.01108050884,
7395,E0151700072201,江戸屋山道,北海道礼文町大字船泊村ヤンベヲマナイ,,,,,1,,,,,45.444129825675,140.9791125169,
7396,E0151700086201,江戸屋コミュニティ会館,北海道礼文町大字船泊村ヤンベヲマナイ68-18,1,1,,,,1,,,,45.443921,140.984887,
7397,E0151700073201,須古頓漁港裏山,北海道礼文町大字船泊村レタリヲタ22-1,,,,,1,,,,,45.456879798402,140.97302390243,
7398,E0151700074201,船泊小中学校裏山シェルター避難路,北海道礼文町大字船泊村ヲシヨンナイ290,,,,,1,,,,,45.435648734717,141.03529406697,
7399,E0151700075201,船泊駐在所裏山,北海道礼文町大字船泊村ヲシヨンナイ310-1,,,,,1,,,,,45.440567099856,141.03805137781,
7400,E0151700076201,船泊中学校,北海道礼文町大字船泊村ヲシヨンナイ316-1,1,1,1,1,1,1,,,,45.436449156222,141.03472291792,
7401,E0151700077201,礼文神社,北海道礼文町大字船泊村ヲシヨンナイ406,,,,,1,,,,,45.443737672415,141.03923655944,
7402,E0151700078201,忠魂碑,北海道礼文町大字船泊村ヲシヨンナイ709-1,,,,,1,,,,,45.436401694232,141.03829242187,
7403,E0151700079202,赤岩浄水場,北海道礼文町大字船泊村ヲチカフナイ,,,,,1,,,,,45.393338822044,141.054692706,
7404,E0151700079201,赤岩神社,北海道礼文町大字船泊村ヲチカフナイ,,,,,1,,,,,45.40713767017,141.05559902463,
7405,E0151700080201,赤岩自治会館,北海道礼文町大字船泊村ヲチカフナイ236-5,1,1,1,,,1,,,,45.398358430192,141.05649541907,
7406,E0151700081201,礼文高等学校,北海道礼文町大字船泊村ヲチカフナイ27,1,1,1,1,1,1,,,1,45.395721642321,141.05672072464,
7407,E0151700082201,埋立処分地施設山,北海道礼文町大字船泊村ヲチカフナイ964,,,,,1,,,,,45.398712127125,141.0555292872,
7408,E0151700083201,浜中神社山,北海道礼文町大字船泊村ヲチヤラセナイ236-7,,,,,1,,,,,45.433393547669,141.00145137847,
7409,E0151700085201,船泊西地区防災拠点センター,北海道礼文町大字船泊村西大沢925,1,1,1,1,1,1,,,1,45.422417,140.998741,
7410,E0146400001201,塩狩峠記念館,北海道和寒町字塩狩543,1,1,,1,,,,,1,43.9689007176891,142.454458013818,
7411,E0146400002201,和寒町総合体育館,北海道和寒町字三笠103,1,1,,1,,,,,1,44.0134140905179,142.419081083597,
7412,E0146400002202,総合運動公園　グラウンド,北海道和寒町字三笠103,,,,1,,1,,,1,44.0144711640152,142.418029657668,
7413,E0146400003201,三笠地域センター　（かたくり自治会館）,北海道和寒町字三笠94,,1,,1,,,,,1,44.0194129255402,142.412785402077,
7414,E0146400004201,三和地域センター　（三和・菊野自治会館）,北海道和寒町字三和402,1,1,,1,,,,,1,44.0219802188924,142.365906257411,
7415,E0146400005201,旧三和小学校　グラウンド,北海道和寒町字三和412,,,,1,,1,,,,44.0216462332751,142.36412686015,
7416,E0146400006201,松岡地域センター　（松岡・北原自治会館）,北海道和寒町字松岡33,1,1,,1,,,,,1,44.0271276458901,142.392535067181,
7417,E0146400006202,旧和寒中学校　グラウンド,北海道和寒町字松岡33,,,,1,,1,,,1,44.029380134667,142.391982532117,
7418,E0146400008201,和寒町民センター,北海道和寒町字西町120,1,1,,1,,,,,1,44.0231721324341,142.413311844916,
7419,E0146400009201,西町町民センター　（産業会館２階）,北海道和寒町字西町18,1,1,,1,,,,,1,44.0238566828926,142.414453283044,
7420,E0146400010201,旧西和小学校　グラウンド,北海道和寒町字西和110,,,,1,,1,,,,44.023354099513,142.302369323029,
7421,E0146400011201,西和地域センター　（西和福原自治会館）,北海道和寒町字西和126,,1,,1,,,,,1,44.0228179295868,142.302047457947,
7422,E0146400012202,旧大成小学校　グラウンド,北海道和寒町字大成120,,,,1,,1,,,1,44.0695960822172,142.415416410842,
7423,E0146400012201,大成寿の家,北海道和寒町字大成120,,1,,1,,,,,1,44.069684731284,142.416135242858,
7424,E0146400013201,中和地域センター　（中和自治会館）,北海道和寒町字中和210,,1,,1,,,,,1,43.996153598248,142.405189675408,
7425,E0146400013202,旧中和小学校　グラウンド,北海道和寒町字中和210,,,,1,,1,,,1,43.9965047743573,142.40731934937,
7426,E0146400014201,東町地域センター　（恵みケ丘自治会館）,北海道和寒町字東町55,1,1,,1,,,,,1,44.0245899164556,142.419571233997,
7427,E0146400015201,和寒中学校,北海道和寒町字日ノ出11,1,1,,1,,,,,1,44.0319335008395,142.409672213366,
7428,E0146400016201,和寒中学校　グラウンド,北海道和寒町字日ノ出42,,,,1,,1,,,,44.031420549289,142.407928777508,
7429,E0146400017201,福原集会所,北海道和寒町字福原110,,1,,,,,,,1,43.9707948035893,142.287590136767,
7430,E0146400018201,旧福原小学校　グラウンド,北海道和寒町字福原75,,,,1,,1,,,,43.9757331567309,142.283432095981,
7431,E0146400019201,北原地域センター,北海道和寒町字北原229,,1,,1,,,,,1,44.0520678152448,142.374165547051,
7432,E0146400019202,旧北原小学校　グラウンド,北海道和寒町字北原229,,,,1,,1,,,1,44.0519521515904,142.374916565578,
7433,E0146400020201,交流施設ひだまり,北海道和寒町字北町200,1,1,,1,,,,,1,44.0276076154164,142.414720025415,
7434,E0146400021201,和寒小学校,北海道和寒町字北町42,1,1,,1,,,,,1,44.0284695823696,142.411648971158,
7435,E0146400021202,和寒小学校　グラウンド,北海道和寒町字北町42,,,,1,,1,,,1,44.027609467962,142.411815268119,
7436,E0146400022201,和寒町公民館,北海道和寒町字北町61,1,1,,1,,,,,1,44.0303321107562,142.410428282166,
