NO,共通ID,施設・場所名,住所,指定緊急避難場所との住所同一,その他市町村長が必要と認める事項,受入対象者,緯度,経度,備考
1,E0160900001111,林業総合センター,北海道えりも町字えりも岬２３６地先,1,,,41.93864599,143.2385033,
2,E0160900005111,歌別共同作業所,北海道えりも町字歌別244-3,1,,,41.98661122,143.1645708,
3,E0160900006111,歌別生活館,北海道えりも町字歌別252,1,,,41.99769458,143.1664153,
4,E0160900010111,上歌別生活館,北海道えりも町字歌別512-4,1,,,42.02288719,143.2019055,
5,E0160900012111,近浦団地高台プレハブ,北海道えりも町字近浦277-1,1,,,42.058008678719,143.07484145648,
6,E0160900013111,近浦多目的集会施設,北海道えりも町字近浦277-43,1,,,42.05949699,143.0725009,
7,E0160900015111,庶野共同作業所,北海道えりも町字庶野307-1,1,,,42.02909895,143.2870422,
8,E0160900018111,庶野保育所,北海道えりも町字庶野579-4,1,,,42.04435117,143.2938437,
9,E0160900019111,庶野生活館,北海道えりも町字庶野582-4,1,,,42.04356838,143.2938144,
10,E0160900021111,桜岡生活館,北海道えりも町字庶野807-2,1,,,42.02184847,143.2553424,
11,E0160900020111,美島共同作業所,北海道えりも町字庶野６７７－１地先,1,,,42.04916355,143.3028516,
12,E0160900023111,えりも中学校,北海道えりも町字新浜207-3,1,,,42.01051986,143.1542065,
13,E0160900024121,えりも高校,北海道えりも町字新浜208-2,1,,要配慮者,42.00788104,143.1589446,
14,E0160900024111,えりも高校,北海道えりも町字新浜208-2,1,,,42.00788104,143.1589446,
15,E0160900025111,えりも小学校,北海道えりも町字新浜242-1,1,,,42.01210465,143.1523548,
16,E0160900027111,大和共同作業所,北海道えりも町字大和138-1,1,,,42.0293943,143.1318698,
17,E0160900029111,西えりも生活館,北海道えりも町字大和624-3,1,,,42.02139951,143.1453305,
18,E0160900031111,笛舞小学校,北海道えりも町字笛舞478-1,1,,,42.04439616,143.1069704,
19,E0160900032111,笛舞ふれあい館,北海道えりも町字笛舞478-9,1,,,42.04326147,143.1074222,
20,E0160900035111,東洋生活館,北海道えりも町字東洋213-1,1,,,41.95621281,143.2082544,
21,E0160900037111,東洋第２生活館,北海道えりも町字東洋275-3,1,,,41.95005935,143.2196015,
22,E0160900039111,東洋共同作業所,北海道えりも町字東洋55-2021,1,,,41.969346837166,143.18434666746,
23,E0160900042111,福祉センター,北海道えりも町字本町357,1,,,42.01393551,143.1502963,
24,E0160900044111,目黒生活館,北海道えりも町字目黒138,1,,,42.12851643,143.3150124,
25,E0160900046111,第３体育館,北海道えりも町字目黒214-6,1,,,42.13021571,143.3138081,
26,E0160900049111,上目黒避難所,北海道えりも町字目黒41-1,1,,,42.121898804794,143.3147620648,
27,E0137100002111,瀬棚中学校体育館,北海道せたな町瀬棚区共和404-1,1,,,42.4500457327691,139.855782360448,
28,E0137100003111,瀬棚ふれあいセンター,北海道せたな町瀬棚区共和590-4,1,,,42.4517420750736,139.862901431307,
29,E0137100008111,旧馬場川小学校体育館,北海道せたな町瀬棚区西大里310-4,1,,,42.4817981519944,139.873283010443,
30,E0137100016111,瀬棚小学校体育館,北海道せたな町瀬棚区本町513-1,1,,,42.453714524273,139.853277641939,
31,E0137100020121,瀬棚総合福祉センターやすらぎ館,北海道せたな町瀬棚区本町948-7,1,,,42.4481423082157,139.852141625127,
32,E0137100020111,瀬棚総合福祉センターやすらぎ館,北海道せたな町瀬棚区本町948-7,1,,,42.4481423082157,139.852141625127,
33,E0137100022111,せたな町貝取澗公営温泉浴場,北海道せたな町大成区貝取澗386-1,1,,,42.1889455942404,139.898647131226,
34,E0137100028111,久遠小学校体育館,北海道せたな町大成区都366,1,,,42.2289405224619,139.818606345093,
35,E0137100029111,大成農漁村総合センター,北海道せたな町大成区都387,1,,,42.228043222497,139.819730557413,
36,E0137100031121,大成町民センター,北海道せたな町大成区都425,1,,,42.2272778714362,139.821446639014,
37,E0137100031111,大成町民センター,北海道せたな町大成区都425,1,,,42.2272778714362,139.821446639014,
38,E0137100040111,若松小学校体育館,北海道せたな町北檜山区若松461,1,,,42.3543488479569,139.905913157195,
39,E0137100041111,若松基幹集落センター（イエローパレス）,北海道せたな町北檜山区若松513-1,1,,,42.3579054491915,139.907239991768,
40,E0137100054111,丹羽活性化センター（水仙パレス）,北海道せたな町北檜山区丹羽5-7,1,,,42.4303145077466,139.930220395548,
41,E0137100055111,温泉ホテルきたひやま,北海道せたな町北檜山区徳島4-16,1,,,42.4152676435784,139.880376517855,
42,E0137100058111,せたな町民ふれあいプラザ,北海道せたな町北檜山区徳島8-1,1,,,42.4164557580584,139.879625499328,
43,E0137100058121,せたな町民ふれあいプラザ,北海道せたな町北檜山区徳島8-1,1,,,42.4164557580584,139.879625499328,
44,E0137100062111,北檜山小学校体育館,北海道せたな町北檜山区豊岡200,1,,,42.417955278665,139.869182100434,
45,E0137100063111,せたな町青少年センター,北海道せたな町北檜山区豊岡212-2,1,,,42.4180106437023,139.873288208437,
46,E0137100064111,北檜山中学校体育館,北海道せたな町北檜山区豊岡233-1,1,,,42.4217902545786,139.876419375751,
47,E0137100066111,せたな町青少年女性研修所,北海道せたな町北檜山区北檜山113,1,,,42.4133349292709,139.872415721495,
48,E0158600001111,旭岡生活館,北海道むかわ町旭岡58-3,,,,42.607057641136,142.07734026038,
49,E0158600002111,鵡川中央小学校,北海道むかわ町花園1-14,1,,,42.577547098999,141.92917576613,
50,E0158600003121,鵡川放課後子どもセンター,北海道むかわ町花園1-14-1,,,高齢者、障がい者、妊産婦、乳幼児、病弱者等,42.577522,141.930145,
51,E0158600043111,川東第１集落センター,北海道むかわ町宮戸715-2,,,,42.574655,141.972879,
52,E0158600046111,イモッペ生活館,北海道むかわ町宮戸77-1,1,,,42.574598,141.947608,
53,E0158600045111,春日生活館,北海道むかわ町春日190-2,1,,,42.583204564878,141.99880102925,
54,E0158600008111,川東第２集落センター,北海道むかわ町生田441-3,,,,42.594660487268,142.0581909181,
55,E0158600010111,川西第１集落センター,北海道むかわ町田浦199-11,1,,,42.597905565463,141.9093222111,
56,E0158600047121,高齢者共同生活住宅　こごみ荘,北海道むかわ町田浦249-3,,,高齢者、障がい者、妊産婦、乳幼児、病弱者等,42.598408,141.911896,指定福祉避難所のみとして運用する。
57,E0158600013111,四季の館,北海道むかわ町美幸3-3-1,1,,,42.57379578929,141.92512456915,
58,E0158600014121,むかわ町学習交流センター「まなぶ館」,北海道むかわ町福住2-180,,,高齢者、障がい者、妊産婦、乳幼児、病弱者等,42.579126,141.925759,
59,E0158600015111,鵡川高等学校,北海道むかわ町福住4-2-1,1,,,42.583637506649,141.91977565139,
60,E0158600017111,鵡川高等学校生徒寮,北海道むかわ町文京1-18,1,,,42.579145801356,141.91538368626,
61,E0158600018111,町民体育館,北海道むかわ町文京3-4,1,,,42.57686631632,141.9186310142,
62,E0158600019111,鵡川中学校,北海道むかわ町文京4-2,1,,,42.577194592391,141.91620190157,
63,E0158600020111,穂別小学校,北海道むかわ町穂別114-2,1,,,42.769863844822,142.13960535047,
64,E0158600021111,穂別中学校,北海道むかわ町穂別116,1,,,42.769316467319,142.14230365273,
65,E0158600022111,穂別高等学校,北海道むかわ町穂別127,1,,,42.770986150475,142.13995403764,
66,E0158600023111,穂別町民センター,北海道むかわ町穂別2-1,1,,,42.76125099428,142.13380343795,
67,E0158600024111,穂別スポーツセンター,北海道むかわ町穂別449-4,1,,,42.753052669573,142.1374890041,
68,E0158600025111,さくら認定こども園,北海道むかわ町穂別80-1,,,,42.766023000734,142.13629220862,
69,E0158600042121,穂別ふれあい健康センター,北海道むかわ町穂別81,,,高齢者、障がい者、妊産婦、乳幼児、病弱者等,42.766474,142.138731,
70,E0158600026111,安住生活館,北海道むかわ町穂別安住72-2,,,,42.783851349635,142.23344970902,
71,E0158600028111,稲里生活館,北海道むかわ町穂別稲里243-2,1,,,42.849093327934,142.17039693478,
72,E0158600029111,栄生活館,北海道むかわ町穂別栄71-7,,,,42.65965464078,142.06620138796,
73,E0158600030111,仁和下生活館,北海道むかわ町穂別仁和199-4,,,,42.648129173242,142.07912824828,
74,E0158600031111,仁和会館,北海道むかわ町穂別仁和339,1,,,42.660707971198,142.08001643468,
75,E0158600032111,旧仁和小学校,北海道むかわ町穂別仁和344,1,,,42.661201971686,142.07751691565,
76,E0158600034111,富内銀河会館,北海道むかわ町穂別富内81-15,1,,,42.784121526563,142.22006009834,
77,E0158600035111,旧富内小学校,北海道むかわ町穂別富内91-3,,,,42.788563000859,142.22257580431,
78,E0158600036111,豊田生活館,北海道むかわ町穂別豊田294-3,,,,42.713807434797,142.11526283862,
79,E0158600037111,和泉上生活館,北海道むかわ町穂別和泉226-16,,,,42.727574985278,142.1317626758,
80,E0158600038111,穂別中央生活館,北海道むかわ町穂別和泉76-1,1,,,42.70652697232,142.12739384598,
81,E0158600039111,川西第２集落センター,北海道むかわ町豊城311-36,1,,,42.598295637585,141.95131207405,
82,E0158600041111,有明集会所,北海道むかわ町有明38-1,,,,42.613738383406,142.09103935999,
83,E0139500001111,ニセコ地域コミュニティセンター,北海道ニセコ町字ニセコ138-8,,,,42.8184504,140.6569602,
84,E0139500005111,近藤地域コミュニティセンター,北海道ニセコ町字近藤258-35,,,,42.79673321,140.7281628,
85,E0139500006111,近藤小学校,北海道ニセコ町字近藤266,1,,,42.7964592,140.7261375,
86,E0139500007111,元町地域コミュニティセンター,北海道ニセコ町字元町240,,,,42.79746664,140.7069161,
87,E0139500009111,西富地区町民センター,北海道ニセコ町字西富171-7,1,,,42.7944421532095,140.602795232815,
88,E0139500010111,曽我活性化センター,北海道ニセコ町字曽我127-1,,,,42.81726613,140.6772465,
89,E0139500011111,ニセコ駅前温泉綺羅乃湯,北海道ニセコ町字中央通33,,,,42.80790752,140.6853069,
90,E0139500029111,ニセコ小学校,北海道ニセコ町字富士見1,,,,42.8061567,140.6887273,
91,E0139500014121,北海道インターナショナルスクールニセコ校,北海道ニセコ町字富士見12,,,要配慮者,42.8063517236848,140.689491960971,
92,E0139500018111,ニセコ高校,北海道ニセコ町字富士見141-9,,,,42.80512313,140.6951969,
93,E0139500019111,ニセコ中学校,北海道ニセコ町字富士見143,,,,42.80397311,140.6956868,
94,E0139500021121,ニセコ町幼児センター,北海道ニセコ町字富士見17,,,要配慮者,42.8071270541101,140.687893343433,
95,E0139500030111,ニセコこども館,北海道ニセコ町字富士見51-1,,,,42.805473,140.687713,
96,E0139500022111,ニセコ町役場,北海道ニセコ町字富士見55,,,,42.805068280119,140.687989119042,
97,E0139500023111,ニセコ町総合体育館,北海道ニセコ町字富士見95,,,,42.80457451,140.6908172,
98,E0139500023112,ニセコ町民センター,北海道ニセコ町字富士見95,,,,42.80458759,140.6898843,
99,E0139500024111,福井地区コミュニティセンター,北海道ニセコ町字福井379-2,,,,42.78345295,140.6343421,
100,E0139500031111,有島記念館,北海道ニセコ町字有島57-12,,,,42.810447,140.704111,
101,E0139500025111,ニセコ町デイサービスセンター,北海道ニセコ町字有島87-4,,,,42.80848358,140.7076043,
102,E0139500026111,里見地域コミュニティセンター,北海道ニセコ町字里見67-4,,,,42.78677403,140.6845066,
103,E0145600001111,愛山コミュニティーセンター,北海道愛別町字愛山1051,,,,43.86709658,142.6789999,
104,E0145600003111,愛山公民館,北海道愛別町字愛山492,,,,43.85296556,142.6958662,
105,E0145600004111,老人福祉センター,北海道愛別町字協和1145-5,,,,43.94366161,142.5843603,
106,E0145600005111,公民館協和分館,北海道愛別町字協和305,1,,,43.94880384,142.5983432,
107,E0145600006111,金富公民館,北海道愛別町字金富375,,,,43.904222,142.558755,
108,E0145600007111,中里母と子憩の家,北海道愛別町字中央340,,,,43.89792931,142.6454269,
109,E0145600009111,愛別地区農業研修センター,北海道愛別町字東町1445,,,,43.89935537,142.5832792,
110,E0145600010111,愛別中学校,北海道愛別町字東町221-1,1,,,43.90269879,142.5817787,
111,E0145600012111,郷土芸能伝承館,北海道愛別町字東町243,,,,43.89823962,142.5860813,
112,E0145600013111,伏古生活改善センター,北海道愛別町字伏古205,,,,43.93103576,142.5806199,
113,E0145600014111,豊里地域交流館,北海道愛別町字豊里837-8,,,,43.90679414,142.6114104,
114,E0145600015111,愛別小学校,北海道愛別町字北町234-1,1,,,43.90852846,142.5787926,
115,E0145600017111,スポーツ公園施設（Ｂ＆Ｇ海洋センター、農村環境改善センター、サンライズ）,北海道愛別町字北町298,1,,,43.91493394,142.5784936,
116,E0145600019121,特別養護老人ホームいこいの里「あい」,北海道愛別町字北町299-1,,,要配慮者,43.9136,142.576479,
117,E0145600018111,総合センター,北海道愛別町字本町345-1,,,,43.90620389,142.5785571,
118,E0120400062121,旭川市立北光小学校（保健室）,北海道旭川市旭町一条16,,,要配慮者,43.79372648,142.3391285,
119,E0120400015111,旭川市立北光小学校,北海道旭川市旭町一条16-2159-136,,,,43.7937574578805,142.33918214418,
120,E0120400016122,旭川市立大有小学校（保健室）,北海道旭川市旭町一条6,,,要配慮者,43.78496139,142.3522088,
121,E0120400016111,旭川市立大有小学校,北海道旭川市旭町一条6,,,,43.78496139,142.3522088,
122,E0120400017111,北星地区センター,北海道旭川市旭町二条8-25-142,,,,43.78781668,142.3532261,
123,E0120400277111,ベルコ永山シティホール,北海道旭川市永山２条11-44,,,,43.8015534889663,142.4188104325302,
124,E0120400215121,旭川市立永山南小学校（保健室）,北海道旭川市永山九条6,,,要配慮者,43.78652579,142.415536,
125,E0120400227111,旭川市立永山南小学校,北海道旭川市永山九条6-1-20,,,,43.7865548352555,142.415595008598,
126,E0120400010121,旭川市立永山小学校（保健室）,北海道旭川市永山五条18,,,要配慮者,43.80755687,142.436761,
127,E0120400220111,旭川市立永山小学校,北海道旭川市永山五条18-2-1,,,,43.8075955833581,142.436715402447,
128,E0120400018111,旭川市立大学,北海道旭川市永山三条23-1-9,,,,43.81692561,142.4455801,
129,E0120400011121,旭川市立永山西小学校（保健室）,北海道旭川市永山七条11,,,要配慮者,43.79603462,142.4230196,
130,E0120400021111,旭川市立永山西小学校,北海道旭川市永山七条11-1-4,,,,43.7960636605586,142.423067879762,
131,E0120400223111,旭川志峯高等学校,北海道旭川市永山七条16-3-16,,,,43.80273752,142.4348647,
132,E0120400012121,旭川市立永山中学校（保健室）,北海道旭川市永山七条19,,,要配慮者,43.80696271,142.4417895,
133,E0120400224111,旭川市立永山中学校,北海道旭川市永山七条19-1-1,,,,43.8069317390566,142.441692940475,
134,E0120400225111,永山住民センター,北海道旭川市永山七条4-4-2,,,,43.7866339,142.4082881,
135,E0120400013121,旭川市立永山東小学校（保健室）,北海道旭川市永山町13,,,要配慮者,43.82087741,142.4474705,
136,E0120400229111,永山新川管理センター,北海道旭川市永山町13-113-5,,,,43.81604984,142.4559556,
137,E0120400230111,旭川市立永山東小学校,北海道旭川市永山町13-60-2,,,,43.8208483814851,142.447424902447,
138,E0120400231111,北海道旭川農業高等学校,北海道旭川市永山町14-153,,,,43.8185083,142.462359,
139,E0120400232111,北海道旭川永嶺高等学校,北海道旭川市永山町3-102,,,,43.78216775,142.4159729,
140,E0120400216121,旭川市立永山南中学校（保健室）,北海道旭川市永山町5,,,要配慮者,43.78813697,142.4244563,
141,E0120400032111,旭川市立永山南中学校,北海道旭川市永山町5-118,,,,43.7881911862366,142.424389244775,
142,E0120400035111,北海道旭川北高等学校,北海道旭川市花咲町3,,,,43.78987778,142.3698708,
143,E0120400036111,旭川藤星高等学校,北海道旭川市花咲町6-3899,,,,43.79596602,142.3792033,
144,E0120400039111,旭川市立北門中学校,北海道旭川市錦町15,,,,43.78902589,142.3355273,
145,E0120400039122,旭川市立北門中学校（保健室）,北海道旭川市錦町15,,,要配慮者,43.78902589,142.3355273,
146,E0120400206111,北海道旭川高等支援学校,北海道旭川市五条西5-1,,,,43.7748218,142.3443771,
147,E0120400247121,旭川市立朝日小学校（保健室）,北海道旭川市五条通21,,,要配慮者,43.76437131,142.3822311,
148,E0120400006111,旭川市立朝日小学校,北海道旭川市五条通21-1721-12,,,,43.7643848694544,142.382172091402,
149,E0120400271111,旭川市工業技術センター,北海道旭川市工業団地３条2-1-18,,,,43.776571,142.460967,１階応接室１，１階応接室２，２階会議室，２階視聴覚室のみ使用可
150,E0120400025111,江丹別市民交流センター,北海道旭川市江丹別町中央,,,,43.889637,142.239233,
151,E0120400025121,旭川市立江丹別小学校（併設　旭川市立江丹別中学校）（保健室）,北海道旭川市江丹別町中央,,,要配慮者,43.88951146,142.2368416,
152,E0120400025112,江丹別若者の郷,北海道旭川市江丹別町中央,,,,43.88849,142.237381,
153,E0120400042111,旭川市立江丹別小学校（併設旭川市立江丹別中学校）,北海道旭川市江丹別町中央104-4,,,,43.889612454986,142.236782658068,
154,E0120400196111,嵐山中央会館,北海道旭川市江丹別町嵐山,,,,43.807093,142.277612,
155,E0120400043111,旭川市立嵐山小学校（併設旭川市立嵐山中学校）,北海道旭川市江丹別町嵐山143,,,,43.80691441012,142.276630742975,
156,E0120400043122,旧旭川市立嵐山小学校（併設　旧旭川市立嵐山中学校）（保健室）,北海道旭川市江丹別町嵐山143,,,要配慮者,43.80683025,142.2767685,
157,E0120400029121,旭川市立新町小学校（保健室）,北海道旭川市四条西3,,,要配慮者,43.77345559,142.3475627,
158,E0120400003111,旭川市立新町小学校,北海道旭川市四条西3-2-1,,,,43.7734652738393,142.347501009193,
159,E0120400004111,旭川理容美容専門学校,北海道旭川市四条通12-778-1,,,,43.7665247006245,142.368051292663,
160,E0120400023122,旭川市立北星中学校（保健室）,北海道旭川市住吉五条1,,,要配慮者,43.79628914,142.3513698,
161,E0120400023121,旭川市立向陵小学校（保健室）,北海道旭川市住吉五条1,,,要配慮者,43.79519544,142.3523562,
162,E0120400045111,旭川市立向陵小学校,北海道旭川市住吉五条1-1-1,,,,43.7952335831861,142.352283978494,
163,E0120400046111,旭川市立北星中学校,北海道旭川市住吉五条1-2-1,,,,43.7963298821117,142.351304096889,
164,E0120400001111,旭川市立中央中学校,北海道旭川市十条通11,,,,43.77447909,142.3710995,
165,E0120400001122,旭川市立中央中学校（保健室）,北海道旭川市十条通11,,,要配慮者,43.77447909,142.3710995,
166,E0120400280111,ベルコ春光シティホール,北海道旭川市春光５条4-8-26,,,,43.8016650980149,142.3608204389469,
167,E0120400050111,北部住民センター,北海道旭川市春光五条4-1-16,,,,43.80107828,142.3590146,
168,E0120400048111,北海道教育大学附属旭川小学校,北海道旭川市春光四条1-1-1,,,,43.79573198,142.3571604,
169,E0120400246111,北海道教育大学附属旭川中学校,北海道旭川市春光四条2-1-1,,,,43.79672471,142.3585525,
170,E0120400028121,旭川市立春光台中学校（保健室）,北海道旭川市春光台五条3,,,要配慮者,43.82228374,142.3504958,
171,E0120400256111,旭川市立春光台中学校,北海道旭川市春光台五条3-12-32,,,,43.8222476202996,142.350451835971,
172,E0120400252111,春光台地区センター,北海道旭川市春光台三条5-1-18,,,,43.82027687,142.3618329,
173,E0120400054111,福祉村地域交流ホームＹｏｕ,北海道旭川市春光台三条１０無番地,,,,43.82840844,142.3730526,
174,E0120400026121,旭川市立高台小学校（保健室）,北海道旭川市春光台四条4,,,要配慮者,43.82113439,142.3558024,
175,E0120400254111,旭川市立高台小学校,北海道旭川市春光台四条4-4,,,,43.8211065695513,142.35576506976,
176,E0120400053111,旭川工業高等専門学校,北海道旭川市春光台二条2-1-6,,,,43.81239352,142.3539617,
177,E0120400020121,旭川市立啓北中学校（保健室）,北海道旭川市春光二条7,,,要配慮者,43.80030086,142.3740919,
178,E0120400047111,旭川市立啓北中学校,北海道旭川市春光二条7-3-1,,,,43.8003356964189,142.37404729397,
179,E0120400269121,重度障がい児支援　花色,北海道旭川市春光六条4-3-5,,,施設の利用者とその家族等,43.803162,142.356119,
180,E0120400259121,旭川市立北鎮小学校（保健室）,北海道旭川市春光六条6,,,要配慮者,43.80408749,142.3621091,
181,E0120400248111,旭川市立北鎮小学校,北海道旭川市春光六条6-1-1,,,,43.8040402588729,142.362182347541,
182,E0120400243121,旭川市立青雲小学校（保健室）,北海道旭川市曙一条2,,,要配慮者,43.76989156,142.3472921,
183,E0120400061111,旭川市立青雲小学校,北海道旭川市曙一条2-1-1,,,,43.7699487715901,142.347322688813,
184,E0120400258111,北海道旭川商業高等学校,北海道旭川市曙三条3-1-1,,,,43.76808582,142.3446052,
185,E0120400030121,旭川市立新富小学校（保健室）,北海道旭川市新富二条2,,,要配慮者,43.78809841,142.3871295,
186,E0120400064111,旭川市立新富小学校,北海道旭川市新富二条2-11-3,,,,43.78812852894,142.387095592584,
187,E0120400265121,旭川市立緑新小学校（保健室）,北海道旭川市神楽岡四条5,,,要配慮者,43.74262489,142.3741571,
188,E0120400080111,旭川市立緑新小学校,北海道旭川市神楽岡四条5-2-7,,,,43.7426918276132,142.374347975519,
189,E0120400031121,旭川市立神楽岡小学校（保健室）,北海道旭川市神楽岡十四条3,,,要配慮者,43.74297377,142.3577006,
190,E0120400079111,旭川市立神楽岡小学校,北海道旭川市神楽岡十四条3-4-1,,,,43.7429550028012,142.357647140535,
191,E0120400078111,神楽岡地区センター,北海道旭川市神楽岡十二条2-3-1,,,,43.74502689,142.3586838,
192,E0120400233121,旭川市立神楽小学校（保健室）,北海道旭川市神楽五条8,,,要配慮者,43.75614919,142.3499186,
193,E0120400075111,旭川市立神楽小学校,北海道旭川市神楽五条8-1-6,,,,43.7561147818635,142.349877347963,
194,E0120400072111,旭川市大雪クリスタルホール,北海道旭川市神楽三条7,1,,,43.759987,142.350676,
195,E0120400073111,道北地域旭川地場産業振興センター,北海道旭川市神楽四条6-1-12,,,,43.7599485308168,142.348554179891,
196,E0120400068111,旭川ベルコ会館,北海道旭川市神楽二条10-3-17,,,,43.75593,142.35814,
197,E0120400234121,旭川市立神楽中学校（保健室）,北海道旭川市神楽六条12,,,要配慮者,43.74941846,142.3545929,
198,E0120400077111,旭川市立神楽中学校,北海道旭川市神楽六条12-2-1,,,,43.7494024392218,142.35452493088,
199,E0120400237121,旭川市立神居東小学校（保健室）,北海道旭川市神居一条17,,,要配慮者,43.75245122,142.3420536,
200,E0120400083111,旭川市立神居東小学校,北海道旭川市神居一条17-1-37,,,,43.7524030072989,142.342077301086,
201,E0120400037121,旭川市立神居東中学校（保健室）,北海道旭川市神居四条19,,,要配慮者,43.74688453,142.3401623,
202,E0120400086111,旭川市立神居東中学校,北海道旭川市神居四条19-70-3,,,,43.7468679985054,142.340112400118,
203,E0120400236121,旭川市立神居中学校（保健室）,北海道旭川市神居四条5,,,要配慮者,43.76433962,142.3306698,
204,E0120400088111,旭川市立神居中学校,北海道旭川市神居四条5-1-11,,,,43.7644587494927,142.330625543551,
205,E0120400034121,旭川市立神居小学校（保健室）,北海道旭川市神居四条6,,,要配慮者,43.76353005,142.3311043,
206,E0120400089111,旭川市立神居小学校,北海道旭川市神居四条6-1-16,,,,43.7635671426679,142.331090674591,
207,E0120400210111,旭川市立雨紛小学校,北海道旭川市神居町雨紛380,,,,43.72150259,142.3590228,
208,E0120400210121,旭川市立雨紛小学校（保健室）,北海道旭川市神居町雨紛380,,,要配慮者,43.72150259,142.3590228,
209,E0120400093111,神居公民館上雨紛分館,北海道旭川市神居町上雨紛112-10,,,,43.69808907,142.3374465,
210,E0120400094111,旧旭川市立神居古潭小学校（併設旧旭川市立神居古潭中学校）,北海道旭川市神居町神居古潭,,,,43.71967707,142.183896,
211,E0120400095111,西神居会館,北海道旭川市神居町神居古潭50-26,,,,43.72162406,142.1843433,
212,E0120400044111,旭川市立台場小学校,北海道旭川市神居町台場274,,,,43.77116119,142.2850197,
213,E0120400044121,旭川市立台場小学校（保健室）,北海道旭川市神居町台場274,,,要配慮者,43.77116119,142.2850197,
214,E0120400060121,旭川市立富沢小学校（保健室）,北海道旭川市神居町富沢132,,,要配慮者,43.74338164,142.3162491,
215,E0120400060112,旭川市立富沢小学校,北海道旭川市神居町富沢132,,,,43.74338164,142.3162491,
216,E0120400100111,セルプ豊里（旧旭川市立豊里小中学校）,北海道旭川市神居町豊里134-1,,,,43.67406942,142.1861522,
217,E0120400084111,神居住民センター,北海道旭川市神居二条17-1-1,,,,43.75209234,142.3407814,
218,E0120400240121,旭川市立西御料地小学校（保健室）,北海道旭川市西御料一条2,,,要配慮者,43.72439293,142.3767619,
219,E0120400102111,旭川市立西御料地小学校,北海道旭川市西御料一条2-1-1,,,,43.7243790272469,142.376711093574,
220,E0120400104111,旧旭川市立聖和小学校,北海道旭川市西神楽１線18-390-2,,,,43.6655977243494,142.404465159045,
221,E0120400105111,西神楽公民館就実分館,北海道旭川市西神楽１線31,,,,43.62564814,142.5128027,
222,E0120400283111,アイラーセン・ファクトリー,北海道旭川市西神楽３線25,,,,43.642978,142.452856,
223,E0120400108111,西神楽市民交流センター,北海道旭川市西神楽南二条3-250-114,,,,43.68062784,142.3906112,
224,E0120400242121,旭川市立西神楽中学校（保健室）,北海道旭川市西神楽南二条4,,,要配慮者,43.68037874,142.3888978,
225,E0120400109111,旭川市立西神楽中学校,北海道旭川市西神楽南二条4-252-7,,,,43.6804089398823,142.388880079026,
226,E0120400241121,旭川市立西神楽小学校（保健室）,北海道旭川市西神楽北二条3,,,要配慮者,43.68748617,142.3868742,
227,E0120400110111,旭川市立西神楽小学校,北海道旭川市西神楽北二条3-228-11,,,,43.6874701662876,142.386807449394,
228,E0120400278111,ベルコ川端シティホール,北海道旭川市川端町５条10-2-11,,,,43.7843608556075,142.3408812270686,
229,E0120400111111,北海道旭川西高等学校,北海道旭川市川端町五条9-1-8,,,,43.78258016,142.3432296,
230,E0120400112111,旧旭川北都商業高等学校,北海道旭川市台場二条1-1-1,,,,43.76686068,142.2792189,
231,E0120400239121,旭川市立正和小学校（保健室）,北海道旭川市大雪通8,,,要配慮者,43.78416707,142.3899809,
232,E0120400113111,旭川市立正和小学校,北海道旭川市大雪通8-506,,,,43.7841962745333,142.390027849526,
233,E0120400114111,旭川市立大町小学校,北海道旭川市大町一条1,,,,43.78158547,142.3639998,
234,E0120400114121,旭川市立大町小学校（保健室）,北海道旭川市大町一条1,,,要配慮者,43.78158547,142.3639998,
235,E0120400279111,ベルコシティホール旭川西,北海道旭川市忠和７条7-1-5,,,,43.7685769829894,142.3216637441367,
236,E0120400115111,旭川市立忠和中学校,北海道旭川市忠和一条4,,,,43.78235716,142.3187654,
237,E0120400115121,旭川市立忠和中学校（保健室）,北海道旭川市忠和一条4,,,要配慮者,43.78235716,142.3187654,
238,E0120400117111,忠和地区センター,北海道旭川市忠和五条5-2-6,,,,43.77394536,142.3187736,
239,E0120400049121,旭川市立忠和小学校（保健室）,北海道旭川市忠和四条4,,,要配慮者,43.77778321,142.3157005,
240,E0120400116111,旭川市立忠和小学校,北海道旭川市忠和四条4-2-7,,,,43.7777456562979,142.315675613742,
241,E0120400281121,認定こども園新富保育園,北海道旭川市東４条11-4-21,,,施設利用者とその家族等,43.787187,142.380636,
242,E0120400122111,旧旭川市立旭川第２小学校,北海道旭川市東旭川町旭正236,,,,43.7285337167731,142.453660512564,
243,E0120400268111,旭川龍谷高等学校,北海道旭川市東旭川町共栄15-2,,,,43.743796,142.420878,
244,E0120400123111,旧旭川市立旭川第２中学校,北海道旭川市東旭川町共栄284,,,,43.7351494818431,142.43849506944,
245,E0120400124111,東旭川農村環境改善センター,北海道旭川市東旭川町上兵村544,,,,43.76566523,142.4443962,
246,E0120400205121,旭川市立旭川小学校（保健室）,北海道旭川市東旭川町上兵村552,,,要配慮者,43.76644276,142.4451503,
247,E0120400125111,東旭川公民館瑞穂分館,北海道旭川市東旭川町瑞穂,,,,43.7351548,142.6294883,
248,E0120400007112,旭川市立旭川第５小学校（併設旭川市立桜岡中学校）,北海道旭川市東旭川町東桜岡72,,,,43.7869663929327,142.494774849192,
249,E0120400007121,旭川市立旭川第５小学校（併設　旭川市立桜岡中学校）（保健室）,北海道旭川市東旭川町東桜岡72,,,要配慮者,43.7870152,142.494823,
250,E0120400129111,東旭川公民館日の出分館,北海道旭川市東旭川町日の出370,,,,43.74928515,142.475298,
251,E0120400005121,旧旭川市立旭川第１小学校（保健室）,北海道旭川市東旭川町米原713,,,要配慮者,43.74640824,142.5750444,
252,E0120400005112,旧旭川市立旭川第１小学校,北海道旭川市東旭川町米原713,,,,43.74640824,142.5750444,
253,E0120400131111,ぴあふる岩山（旧旭川市立旭川第４小学校）,北海道旭川市東旭川町豊田296-1,,,,43.75527389,142.5139087,
254,E0120400008121,旭川市立旭川中学校（保健室）,北海道旭川市東旭川南一条6,1,,要配慮者,43.76850135,142.4405414,
255,E0120400133112,旭川市立旭川小学校,北海道旭川市東旭川南一条6-1-26,,,,43.7689029282585,142.441117081674,
256,E0120400133111,旭川市立旭川中学校,北海道旭川市東旭川南一条6-1-26,,,,43.7685104064936,142.440493930213,
257,E0120400262121,旭川市立明星中学校（保健室）,北海道旭川市東五条1,,,要配慮者,43.77494304,142.374367,
258,E0120400119111,旭川市立明星中学校,北海道旭川市東五条1-1-10,,,,43.774901400354,142.374344201223,
259,E0120400249121,旭川市立東五条小学校（保健室）,北海道旭川市東五条5,,,要配慮者,43.7799281,142.378999,
260,E0120400120111,旭川市立東五条小学校,北海道旭川市東五条5-2-24,,,,43.7798593521514,142.379016434359,
261,E0120400195111,東光スポーツ公園武道館,北海道旭川市東光２４条7,,,,43.73103,142.412792,
262,E0120400275111,ベルコ東光シティホール,北海道旭川市東光２条5-2-17,,,,43.7533423227149,142.404571273,
263,E0120400141111,東部住民センター,北海道旭川市東光五条2-2-6,,,,43.75137631,142.394078,
264,E0120400052121,旭川市立東栄小学校（保健室）,北海道旭川市東光四条6,,,要配慮者,43.75078429,142.4091154,
265,E0120400140111,旭川市立東栄小学校,北海道旭川市東光四条6-4-8,,,,43.7507799439772,142.409164686171,
266,E0120400250121,旭川市立東光小学校（保健室）,北海道旭川市東光十七条6,,,要配慮者,43.73782042,142.408284,
267,E0120400136111,旭川市立東光小学校,北海道旭川市東光十七条6-3-1,,,,43.737816924883,142.408325510576,
268,E0120400253121,旭川市立東明中学校（保健室）,北海道旭川市東光十六条7,,,要配慮者,43.73917415,142.4110661,
269,E0120400135111,旭川市立東明中学校,北海道旭川市東光十六条7-1-1,,,,43.7392410069918,142.411078169941,
270,E0120400055121,旭川市立東光中学校（保健室）,北海道旭川市東光八条2,,,要配慮者,43.74750368,142.3939167,
271,E0120400144111,旭川市立東光中学校,北海道旭川市東光八条2-3-11,,,,43.747513563276,142.393853951052,
272,E0120400244121,旭川市立千代田小学校（保健室）,北海道旭川市東光八条3,,,要配慮者,43.74785118,142.3960755,
273,E0120400145111,旭川市立千代田小学校,北海道旭川市東光八条3-1-23,,,,43.7478960500351,142.396082244715,
274,E0120400207121,旭川市立旭川第３小学校（保健室）,北海道旭川市東光八条8,,,要配慮者,43.74700477,142.4158878,
275,E0120400146111,旭川市立旭川第３小学校,北海道旭川市東光八条8-1-28,,,,43.7470552300551,142.415892655086,
276,E0120400147111,東鷹栖農村活性化センター,北海道旭川市東鷹栖１０線16,,,,43.86736427,142.3908897,
277,E0120400148111,東鷹栖公民館第３分館,北海道旭川市東鷹栖１０線21,,,,43.88759313,142.4145804,
278,E0120400219121,旭川市立近文第１小学校（保健室）,北海道旭川市東鷹栖３線10,,,要配慮者,43.82174375,142.4013204,
279,E0120400149111,旭川市立近文第１小学校,北海道旭川市東鷹栖３線10-1536-10,,,,43.8217718138536,142.401355380144,
280,E0120400019121,旭川市立近文第２小学校（保健室）,北海道旭川市東鷹栖４線16,,,要配慮者,43.84524652,142.422369,
281,E0120400152111,旭川市立近文第２小学校,北海道旭川市東鷹栖４線16-250-1,,,,43.8452116066847,142.42233262168,
282,E0120400056121,旭川市立東鷹栖中学校（保健室）,北海道旭川市東鷹栖四条5,,,要配慮者,43.83320042,142.4123408,
283,E0120400150111,旭川市立東鷹栖中学校,北海道旭川市東鷹栖四条5-639-18,,,,43.833228411184,142.412306059848,
284,E0120400121111,新旭川地区センター,北海道旭川市東六条4-1-13,,,,43.77909013,142.3786203,
285,E0120400154111,啓明地区センター,北海道旭川市南五条通25-105-11,,,,43.75183891,142.3824101,
286,E0120400222121,旭川市立啓明小学校（保健室）,北海道旭川市南二条通22,,,要配慮者,43.75618388,142.3795231,
287,E0120400153111,旭川市立啓明小学校,北海道旭川市南二条通22-1974-89,,,,43.7561699854617,142.379584622341,
288,E0120400009122,旭川市立知新小学校（保健室）,北海道旭川市八条通13,,,要配慮者,43.77049201,142.3724176,
289,E0120400009111,旭川市立知新小学校,北海道旭川市八条通13,,,,43.77049201,142.3724176,
290,E0120400272111,旭川市東地区体育センター,北海道旭川市豊岡２条5-6-35,,,,43.757155,142.406059,
291,E0120400022121,旭川市立光陽中学校（保健室）,北海道旭川市豊岡三条1,,,要配慮者,43.7589443,142.3900212,
292,E0120400022122,旭川市立東町小学校（保健室）,北海道旭川市豊岡三条1,,,要配慮者,43.7595108,142.390556,
293,E0120400161111,旭川市立東町小学校,北海道旭川市豊岡三条1-2-20,,,,43.7595418110457,142.390574103493,
294,E0120400162111,旭川市立光陽中学校,北海道旭川市豊岡三条1-3-5,,,,43.7589031617336,142.390021114413,
295,E0120400204121,旭川市立愛宕東小学校（保健室）,北海道旭川市豊岡七条9,,,要配慮者,43.76296053,142.4211698,
296,E0120400165111,旭川市立愛宕東小学校,北海道旭川市豊岡七条9-1-3,,,,43.7629566894743,142.421128971216,
297,E0120400157111,豊岡地区センター,北海道旭川市豊岡十一条3-1-1,,,,43.76900204,142.3971603,
298,E0120400257121,旭川市立豊岡小学校（保健室）,北海道旭川市豊岡十条3,,,要配慮者,43.76780793,142.3976442,
299,E0120400155111,旭川市立豊岡小学校,北海道旭川市豊岡十条3-1-30,,,,43.7678045787224,142.397703581344,
300,E0120400217121,旭川市立共栄小学校（保健室）,北海道旭川市豊岡二条10,,,要配慮者,43.75534998,142.4216756,
301,E0120400159111,旭川市立共栄小学校,北海道旭川市豊岡二条10-1-1,,,,43.7553470365848,142.421744133918,
302,E0120400058121,旭川市立東陽中学校（保健室）,北海道旭川市豊岡二条7,,,要配慮者,43.75704544,142.4133165,
303,E0120400160111,旭川市立東陽中学校,北海道旭川市豊岡二条7-3-4,,,,43.7569736759893,142.413316273138,
304,E0120400002121,旭川市立愛宕中学校（保健室）,北海道旭川市豊岡八条10,,,要配慮者,43.76445041,142.4227053,
305,E0120400166111,旭川市立愛宕中学校,北海道旭川市豊岡八条10-1-1,,,,43.7644529938753,142.422660354159,
306,E0120400202121,旭川市立愛宕小学校（保健室）,北海道旭川市豊岡八条6,,,要配慮者,43.76521531,142.4110335,
307,E0120400167111,旭川市立愛宕小学校,北海道旭川市豊岡八条6-3-4,,,,43.7652207963153,142.410847669962,
308,E0120400168111,北海道教育大学旭川校,北海道旭川市北門町9-2204-6,,,,43.78762852,142.3483705,
309,E0120400027121,旭川市立春光小学校（保健室）,北海道旭川市末広一条1,,,要配慮者,43.80257774,142.3820747,
310,E0120400170111,旭川市立春光小学校,北海道旭川市末広一条1-4-8,,,,43.8026032947353,142.382098530081,
311,E0120400069121,旭川市立陵雲小学校（保健室）,北海道旭川市末広一条7,,,要配慮者,43.80955431,142.3920521,
312,E0120400171111,旭川市立陵雲小学校,北海道旭川市末広一条7-2-28,,,,43.8095698399785,142.392076231141,
313,E0120400261121,旭川市立末広北小学校（保健室）,北海道旭川市末広五条11,,,要配慮者,43.82093113,142.3881495,
314,E0120400176111,旭川市立末広北小学校,北海道旭川市末広五条11-3-7,,,,43.8209086088986,142.388185221831,
315,E0120400266121,旭川市立六合中学校（保健室）,北海道旭川市末広三条2,,,要配慮者,43.80722643,142.3777578,
316,E0120400175111,旭川市立六合中学校,北海道旭川市末広三条2-4-3,,,,43.8072026255737,142.377724249331,
317,E0120400276111,ベルコ末広シティホール,北海道旭川市末広東２条4-7-25,,,,43.8012373501627,142.3929110478715,
318,E0120400181111,末広地域活動センター,北海道旭川市末広東二条9-11-3,,,,43.80748555,142.3998907,
319,E0120400172111,末広地区センター,北海道旭川市末広二条4-8-9,,,,43.80828356,142.3837839,
320,E0120400024121,旭川市立広陵中学校（保健室）,北海道旭川市末広二条7,,,要配慮者,43.81058877,142.3906791,
321,E0120400173111,旭川市立広陵中学校,北海道旭川市末広二条7-2-41,,,,43.8106136377298,142.39070391335,
322,E0120400179111,旭川実業高等学校,北海道旭川市末広八条1-5792-2,,,,43.81528441,142.3664754,
323,E0120400260121,旭川市立末広小学校（保健室）,北海道旭川市末広六条2,,,要配慮者,43.81226933,142.3709369,
324,E0120400178111,旭川市立末広小学校,北海道旭川市末広六条2-2-3,,,,43.8123005912719,142.370981576708,
325,E0120400184111,緑が丘住民センター,北海道旭川市緑が丘三条3,1,,,43.73373906,142.3775427,
326,E0120400070122,旭川市立緑が丘中学校（保健室）,北海道旭川市緑が丘三条4,,,要配慮者,43.73076533,142.3799484,
327,E0120400070111,旭川市立緑が丘中学校,北海道旭川市緑が丘三条4,,,,43.73076533,142.3799484,
328,E0120400070112,旭川市立緑が丘小学校,北海道旭川市緑が丘三条4,,,,43.7323926,142.3795622,
329,E0120400070121,旭川市立緑が丘小学校（保健室）,北海道旭川市緑が丘三条4,,,要配慮者,43.7323926,142.3795622,
330,E0120400188111,北海道旭川南高等学校,北海道旭川市緑が丘東三条3-1-1,,,,43.72322637,142.3846461,
331,E0120400190111,北海道旭川工業高等学校,北海道旭川市緑が丘東四条1-1-1,,,,43.72845607,142.3790128,
332,E0120400187111,旭川医科大学,北海道旭川市緑が丘東二条1-1-1,,,,43.729079,142.385559,
333,E0120400192111,旭川明成高等学校,北海道旭川市緑町14,,,,43.7849028,142.3345801,
334,E0120400218121,旭川市立近文小学校（保健室）,北海道旭川市緑町17,,,要配慮者,43.78756266,142.3305099,
335,E0120400193111,旭川市立近文小学校,北海道旭川市緑町17-225-4,,,,43.7875911502549,142.330551173274,
336,E0120400208111,北海道旭川東高等学校,北海道旭川市六条通11-1191-354,,,,43.76993309,142.3680339,
337,E0120400255121,旭川市立日章小学校（保健室）,北海道旭川市六条通5,,,要配慮者,43.77266382,142.3588314,
338,E0120400209111,旭川市立日章小学校,北海道旭川市六条通5-25,,,,43.7726502624002,142.358879679762,
339,E0121600001122,特別養護老人ホーム芦別慈恵園,北海道芦別市旭町28-3,,,福祉施設や医療機関に入所又は入院するに至らない在宅の要支援者,43.52599902,142.1975458,
340,E0121600001121,芦別慈恵園ディサービスセンター,北海道芦別市旭町28-3,,,福祉施設や医療機関に入所又は入院するに至らない在宅の要支援者,43.52622305,142.1971774,
341,E0121600006111,旭町内会館,北海道芦別市旭町56-1,,,,43.524116468182,142.20099920723,
342,E0121600009111,スターライトホテル／油谷体育館,北海道芦別市旭町油谷1,1,,,43.54434226,142.2418809,
343,E0121600011111,黄金多目的研修センター,北海道芦別市黄金町638,1,,,43.58115341,142.1935264,
344,E0121600014111,北日本自動車大学校,北海道芦別市上芦別町118,,,,43.49388031,142.1862909,
345,E0121600019111,上芦別生活館,北海道芦別市上芦別町215,,,,43.48790319,142.2140469,
346,E0121600023111,宿泊交流センター１号館,北海道芦別市上芦別町38,,,,43.50058371,142.2006555,
347,E0121600023113,啓南多目的研修センター,北海道芦別市上芦別町38,,,,43.49860102,142.1970131,
348,E0121600023112,上芦別第５町内会館,北海道芦別市上芦別町38,,,,43.4991527,142.2026818,
349,E0121600023114,宿泊交流センター２号館,北海道芦別市上芦別町38,,,,43.500937528484,142.20048075866,
350,E0121600025111,上芦別多目的研修センター,北海道芦別市上芦別町546,,,,43.49282109,142.2115517,
351,E0121600026111,総合体育館,北海道芦別市上芦別町6,1,,,43.50865946,142.2059584,
352,E0121600027111,ひぐらし研修センター,北海道芦別市上芦別町73,1,,,43.49582273,142.206193,
353,E0121600028111,上芦別小学校,北海道芦別市上芦別町79,1,,,43.49433203,142.2053691,
354,E0121600032111,常磐多目的研修センター,北海道芦別市常磐町556,,,,43.547707,142.147857,
355,E0121600034111,新城多目的研修センター,北海道芦別市新城町186,1,,,43.61137076,142.204091,
356,E0121600036111,北日本多目的センター,北海道芦別市西芦別町43,1,,,43.48745665,142.1742687,
357,E0121600038111,川岸町内会館,北海道芦別市川岸135,,,,43.42383265,142.1665905,
358,E0121600039111,滝里ダム防災施設,北海道芦別市滝里町288,1,,,43.45169497,142.3134738,
359,E0121600043111,道営住宅であえーる緑幸団地集会所,北海道芦別市南２東2-5-1,,,,43.513474751644,142.19229142863,
360,E0121600046111,福住町内会館,北海道芦別市福住町53,,,,43.54617718,142.1093923,
361,E0121600051121,総合福祉センター,北海道芦別市北１東1-8-5,,,要配慮者,43.51902021,142.1886235,
362,E0121600053111,市民会館・青年センター,北海道芦別市北１東2-4,,,,43.51869274,142.1929196,
363,E0121600055111,芦別小学校,北海道芦別市北２東1-1,1,,,43.52166145,142.1885106,
364,E0121600056111,本町地区生活館,北海道芦別市北３西1-9,,,,43.52277305,142.1827172,
365,E0121600062111,勤労者体育センター,北海道芦別市北４西2-3,,,,43.52433272,142.1790332,
366,E0121600065111,道の駅スタープラザ芦別,北海道芦別市北４東1-1,1,,,43.525154723712,142.18939118954,
367,E0121600071111,あけぼの団地集会所,北海道芦別市北６西4-7,,,,43.529244446392,142.17314050727,
368,E0121600073111,芦別中学校,北海道芦別市北６東1-7,,,,43.53020053,142.1847969,
369,E0121600075111,星槎国際高等学校,北海道芦別市北７西5,,,,43.53081218,142.1672502,
370,E0121600076121,ケアハウスあしべつ,北海道芦別市本町1065-27,,,福祉施設や医療機関に入所又は入院するに至らない在宅の要支援者,43.51550278,142.1843114,
371,E0121600079121,保健福祉施設すばる,北海道芦別市本町14,,,要配慮者,43.51841479,142.1964993,
372,E0121600080111,こどもセンター,北海道芦別市本町28,,,,43.51690495,142.1962593,
373,E0121600081111,芦別高校,北海道芦別市本町40,1,,,43.51454706,142.1988516,
374,E0121600098111,野花南生活改善センター,北海道芦別市野花南町977,,,,43.472607,142.25918,
375,E0121600087111,西芦別浄水場,北海道芦別市頼城町125,1,,,43.43335652,142.1637695,
376,E0121600089111,頼城多目的研修センター,北海道芦別市頼城町4-21,,,,43.452840710618,142.16133251686,
377,E0121600092111,星槎大学,北海道芦別市緑泉町5-14,,,,43.45951531,142.166113,
378,E0158500001121,安平公民館,北海道安平町安平165,1,,,42.81549117,141.8290429,
379,E0158500001112,旧安平小学校,北海道安平町安平165,1,,,42.8154734,141.8300637,
380,E0158500001111,安平公民館,北海道安平町安平165,1,,,42.81549117,141.8290429,
381,E0158500003111,遠浅公民館,北海道安平町遠浅125-1,1,,,42.72912583,141.7748547,
382,E0158500003121,遠浅公民館,北海道安平町遠浅125-1,1,,,42.72912583,141.7748547,
383,E0158500005111,東遠浅生活会館,北海道安平町遠浅508,1,,,42.73240081,141.7919815,
384,E0158500006111,旧遠浅小学校,北海道安平町遠浅580,1,,,42.72735296,141.7883521,屋内体育館
385,E0158500007111,さつき会館,北海道安平町早来栄町109-5,1,,,42.75962562,141.8085282,
386,E0158500008111,デイサービスセンター,北海道安平町早来栄町133-42,1,,,42.75918854,141.811734,
387,E0158500009111,源武会館,北海道安平町早来源武81,1,,,42.72621428,141.8095,
388,E0158500010111,守田会館,北海道安平町早来守田123-2,1,,,42.78497444,141.8533021,
389,E0158500011111,新栄第二会館,北海道安平町早来新栄164,1,,,42.74155395,141.7918055,
390,E0158500012111,新栄第一会館,北海道安平町早来新栄312,1,,,42.74289216,141.8041339,
391,E0158500013111,みずほ館,北海道安平町早来瑞穂1211-1,1,,,42.82418789,141.8626927,
392,E0158500016111,しらかば会館,北海道安平町早来大町156-1,1,,,42.76927073,141.8271049,
393,E0158500053111,早来学園,北海道安平町早来大町169-1,1,,,42.767864,141.826492,
394,E0158500019111,富岡会館,北海道安平町早来富岡245-1,1,,,42.76446817,141.7743702,
395,E0158500020121,町民センター,北海道安平町早来北進102-4,1,,,42.76541933,141.8223653,
396,E0158500020111,町民センター,北海道安平町早来北進102-4,1,,,42.76541933,141.8223653,
397,E0158500021111,北進会館,北海道安平町早来北進85-5,1,,,42.77206084,141.8315943,
398,E0158500023111,北町会館,北海道安平町早来北町51-2,1,,,42.76194092,141.8057314,
399,E0158500024111,緑丘会館,北海道安平町早来緑丘80-7,1,,,42.80329767,141.8603715,
400,E0158500026111,旭陽会館,北海道安平町追分向陽865,1,,,42.90187716,141.8571546,
401,E0158500027111,花園若草会館,北海道安平町追分若草1-35,1,,,42.86638144,141.8177923,
402,E0158500031111,ぬくもりセンター,北海道安平町追分中央1-40,1,,,42.87498487,141.8106592,
403,E0158500032111,多目的スポーツセンター,北海道安平町追分中央1-49,1,,,42.87845209,141.8093442,
404,E0158500033111,追分小学校,北海道安平町追分柏が丘22,1,,,42.87473735,141.8162554,
405,E0158500039111,青葉会館,北海道安平町追分白樺2-3-1,1,,,42.87658078,141.8051041,
406,E0158500041111,農村文化センター,北海道安平町追分美園161,1,,,42.88697952,141.8141603,
407,E0158500042111,豊栄会館,北海道安平町追分豊栄563,1,,,42.85020461,141.8177488,
408,E0158500043111,憩の家,北海道安平町追分本町3-64,1,,,42.87476112,141.8139238,
409,E0158500044111,ふれあいセンターい・ぶ・き,北海道安平町追分本町5-7,1,,,42.87239286,141.8126979,
410,E0158500045111,追分中学校,北海道安平町追分本町6-56,1,,,42.87196168,141.8155267,
411,E0158500046111,労働会館,北海道安平町追分本町7-3,1,,,42.87229531,141.81612,2階以上
412,E0158500047111,追分高等学校,北海道安平町追分本町7-8,1,,,42.87119692,141.8177483,
413,E0158500048111,明春辺会館,北海道安平町追分弥生496,1,,,42.84306116,141.8374893,
414,E0158500049111,追分公民館,北海道安平町追分緑が丘200-2,1,,,42.8782396,141.81391,
415,E0158500049121,追分公民館,北海道安平町追分緑が丘200-2,1,,,42.8782396,141.81391,
416,E0158500051111,東早来会館,北海道安平町東早来109-2,1,,,42.78123436,141.8221904,
417,E0123300001111,旭町児童館,北海道伊達市旭町52,,,,42.465763247592,140.86741312837,
418,E0123300005111,光陵中学校体育館,北海道伊達市館山町49-1,1,,,42.483148895744,140.86317255595,
419,E0123300008111,伊達小学校体育館,北海道伊達市元町78-1,1,,,42.468671743134,140.871527637,
420,E0123300009111,旧有珠小学校体育館,北海道伊達市向有珠町195-2,1,,,42.511590955292,140.78946545222,
421,E0123300014111,伊達中学校体育館,北海道伊達市舟岡町226-12,1,,,42.468458062346,140.879432107,
422,E0123300074111,伊達高等養護学校体育館,北海道伊達市松ヶ枝町105-13,1,,,42.471314993291,140.88824584582,
423,E0123300020111,伊達市総合体育館メインアリーナ,北海道伊達市松ヶ枝町34-1,,,,42.47307577913,140.87818219759,
424,E0123300020112,だて歴史の杜カルチャーセンター,北海道伊達市松ヶ枝町34-1,,,,42.471564276095,140.87710931399,
425,E0123300022111,愛地集会所,北海道伊達市大滝区愛地町13-10,1,,,42.741744532316,141.07428654532,
426,E0123300023111,円山集会所,北海道伊達市大滝区円山町415,,,,42.625575186487,141.05462058881,
427,E0123300025111,昭園集会所,北海道伊達市大滝区昭園町311-1,,,,42.600162446341,141.04152068001,
428,E0123300026111,上野集会所,北海道伊達市大滝区上野町92-2,,,,42.651088030843,141.07990845539,
429,E0123300029111,北湯沢湯のさと館,北海道伊達市大滝区北湯沢温泉町52-2,,,,42.623250294522,141.02194055418,
430,E0123300030111,本郷集会所,北海道伊達市大滝区本郷町415-11,,,,42.65331127657,141.06393053628,
431,E0123300031111,大滝保育所,北海道伊達市大滝区本郷町84,1,,,42.667899477797,141.07427849865,
432,E0123300032111,基幹集落センター,北海道伊達市大滝区本郷町84-1,,,,42.668317585618,141.07458963489,
433,E0123300035111,大滝総合支所,北海道伊達市大滝区本町85-1,,,,42.6717380228745,141.079548931721,
434,E0123300039111,優徳集会所,北海道伊達市大滝区優徳町87-11,,,,42.640438232892,141.0441760669,
435,E0123300040111,大滝徳舜瞥学校体育館,北海道伊達市大滝区優徳町90-11,1,,,42.644800569543,141.04871704674,
436,E0123300041111,伊達開来高等学校体育館,北海道伊達市竹原町44,1,,,42.477526983083,140.87442978717,
437,E0123300043111,中稀府会館（旧農村婦人の家）,北海道伊達市中稀府町114-6,,,,42.442755650829,140.90099706748,
438,E0123300046111,旧長和小学校体育館,北海道伊達市長和町462-1,1,,,42.489555519502,140.83932503561,
439,E0123300047111,長和地区コミュニティセンター,北海道伊達市長和町477,,,,42.490667068187,140.84015652041,
440,E0123300050111,関内小学校体育館,北海道伊達市東関内町78-1,1,,,42.501834860424,140.88390066723,
441,E0123300051111,まなびの里公園サッカー場（屋内運動場）,北海道伊達市東有珠町76,1,,,42.506653778565,140.80739065508,
442,E0123300055111,みどり会館,北海道伊達市南稀府町439,,,,42.430577559357,140.91741486885,
443,E0123300057111,南稀府会館,北海道伊達市南稀府町94-43,,,,42.428330529996,140.90173735715,
444,E0123300059111,旧達南中学校体育館,北海道伊達市北黄金町49-135,1,,,42.420812789903,140.91348006821,
445,E0123300060111,黄金地区コミュニティセンター,北海道伊達市北黄金町65-1,,,,42.397768876076,140.90822293854,
446,E0123300062111,伊達市武道館,北海道伊達市末永町39-8,,,,42.473024341143,140.8649508605,
447,E0123300064111,伊達西小学校体育館,北海道伊達市末永町8-21,1,,,42.475287572489,140.86142643788,
448,E0123300065111,中央区末永集会所,北海道伊達市末永町92-6,,,,42.479275725029,140.87121381858,
449,E0123300067111,有珠地区コミュニティセンター,北海道伊達市有珠町41-2,,,,42.51615804025,140.78663303952,
450,E0123300069111,東小学校体育館,北海道伊達市弄月町207-1,1,,,42.466796075768,140.8862180958,
451,E0123300070111,東地区コミュニティセンター,北海道伊達市弄月町241-4,,,,42.456993414567,140.88591768842,
452,E0148400022111,羽幌町総合体育館,北海道羽幌町字朝日31-1,1,,,44.3630462096371,141.711786513698,
453,E0148400028111,焼尻総合研修センター,北海道羽幌町大字焼尻字東浜260-2,1,,,44.4426125246415,141.425205379634,
454,E0148400034111,天売小中学校,北海道羽幌町大字天売字和浦121,1,,,44.4257819792278,141.327165367213,
455,E0148400041111,羽幌小学校,北海道羽幌町南5-5-1,1,,,44.3620468283391,141.701776523578,
456,E0148400042111,羽幌町立中央公民館,北海道羽幌町南6-2-16-1,1,,,44.3622119009123,141.706881818185,
457,E0148400043111,羽幌町すこやか健康センター,北海道羽幌町南6-3-14,,,,44.3619359388949,141.705628524337,
458,E0148400043121,羽幌町すこやか健康センター,北海道羽幌町南6-3-14,,,要配慮者,44.3619359388949,141.705628524337,
459,E0148400047111,羽幌高等学校,北海道羽幌町南町8-3,1,,,44.3579420909319,141.695338271347,
460,E0148400050111,羽幌中学校,北海道羽幌町北5-3-2,1,,,44.3689259220638,141.712034043271,
461,E0143600001111,防災コミュニティセンター,北海道雨竜町7-34,,,,43.645052983061,141.86954482209,
462,E0143600002111,川上地区コミュニティセンター,北海道雨竜町字オシラリカ151-3,1,,,43.67039606,141.8240774,
463,E0143600004111,ふれあいセンター,北海道雨竜町字オシラリカ88-33,,,,43.6449028,141.8895521,
464,E0143600005111,追分地域コミュニティセンター,北海道雨竜町字オシラリカ96-178,,,,43.67614666,141.8902176,
465,E0143600007111,牧岡地区コミュニティセンター,北海道雨竜町字恵岱別1918,,,,43.703814246103,141.87069148347,
466,E0143600009111,雨竜小・中学校,北海道雨竜町字満寿28-26,1,,,43.65818511,141.8935366,
467,E0143600011111,高齢者健康福祉センター,北海道雨竜町字満寿32-185,,,,43.64230597,141.8837439,
468,E0143600013111,農村環境改善センター,北海道雨竜町字満寿33-3,1,,,43.64228199,141.8856892,
469,E0143600014121,雨竜町公民館,北海道雨竜町字満寿33-94,,,要配慮者,43.6456057,141.8869073,
470,E0143600014111,雨竜町公民館,北海道雨竜町字満寿33-94,,,,43.6456057,141.8869073,
471,E0143600017111,渭の津地区コミュニティセンター,北海道雨竜町字渭の津131-517,,,,43.715113968205,141.88664638617,
472,E0143100002111,浦臼中学校,北海道浦臼町字ウラウシナイ183-121,1,,,43.431268745081,141.81443069325,
473,E0143100003111,浦臼町保健センター,北海道浦臼町字ウラウシナイ183-27,1,,,43.43002442,141.8171554,
474,E0143100004111,浦臼小学校,北海道浦臼町字ウラウシナイ183-4,1,,,43.42760022,141.8148945,
475,E0143100005111,浦臼町ふるさと活性化センター,北海道浦臼町字ウラウシナイ183-76,1,,,43.42979626,141.8168144,
476,E0143100006111,浦臼町行政センター,北海道浦臼町字ウラウスナイ183-15,1,,,43.4303193224055,141.818701229827,
477,E0143100007111,鶴沼改善センター,北海道浦臼町字オサツナイ300-20,1,,,43.45695985,141.8406302,
478,E0143100010121,特別養護老人ホームゆうあいの郷,北海道浦臼町字キナウスナイ188-70,,,福祉施設や医療機関に入所または入院に至らない在宅の避難行動要支援者で、一般の避難所生活において何らかの特別な配慮を必要とする者,43.4509141044462,141.837361826706,
479,E0143100011111,浦臼町Ｂ＆Ｇ海洋センター,北海道浦臼町字浦臼内184-156,1,,,43.42859911,141.8098469,
480,E0143100012111,浦臼町農村センター,北海道浦臼町字浦臼内184-61,1,,,43.42902627,141.8110035,
481,E0143100014111,晩生内地区コミュニティセンター,北海道浦臼町字晩生内227-44,1,,,43.39891355,141.7780619,
482,E0160700001111,乗誓寺,北海道浦河町旭町12,1,,,42.16224587,142.7811384,
483,E0160700002111,定往寺,北海道浦河町旭町27,1,,,42.163184,142.7817412,
484,E0160700004111,荻伏支所,北海道浦河町荻伏町15,1,,,42.19706735,142.6799412,
485,E0160700005111,浜荻伏生活館,北海道浦河町荻伏町163,1,,,42.19763661,142.6643023,
486,E0160700006111,荻伏生活改善センター,北海道浦河町荻伏町20,1,,,42.19786003,142.6788029,
487,E0160700007111,荻伏小学校,北海道浦河町荻伏町356,1,,,42.20005506,142.6842171,
488,E0160700008111,基幹集落センター荻伏会館,北海道浦河町荻伏町486-127,1,,,42.20659795,142.6869183,
489,E0160700009111,旧荻伏中学校,北海道浦河町荻伏町527,1,,,42.21042811,142.6913816,
490,E0160700010111,荻伏保育所,北海道浦河町荻伏町555,1,,,42.21267676,142.6916004,
491,E0160700011111,向別会館,北海道浦河町向が丘西6-582-3,1,,,42.1957522,142.7772217,
492,E0160700014111,堺町体育館,北海道浦河町堺町西2-7-1,1,,,42.17775738,142.7567772,
493,E0160700015111,子育て支援交流施設,北海道浦河町堺町西2-8-1,1,,,42.17888157,142.758259,
494,E0160700016111,堺町小学校,北海道浦河町堺町西3-4-1,1,,,42.18024926,142.7598674,
495,E0160700019111,基幹集落センター堺町会館,北海道浦河町堺町東1-19-2,1,,,42.1780181,142.7616017,
496,E0160700021111,堺町児童館,北海道浦河町堺町東2-16-16,1,,,42.17725882,142.7647301,
497,E0160700025111,浦河第一中学校,北海道浦河町堺町東6-485-6,1,,,42.18531419,142.7665658,
498,E0160700028111,井寒台生活館,北海道浦河町字井寒台189,1,,,42.17786211,142.7350451,
499,E0160700030111,絵笛生活改善センター,北海道浦河町字絵笛535,1,,,42.20317493,142.7390206,
500,E0160700031111,東部保育所,北海道浦河町字杵臼195,1,,,42.17361067,142.8602271,
501,E0160700032111,杵臼生活館,北海道浦河町字杵臼515,1,,,42.18976283,142.8761871,
502,E0160700033111,上杵臼生活改善センター,北海道浦河町字杵臼530-3,1,,,42.22448049,142.9502218,
503,E0160700034111,月寒地区漁民センター,北海道浦河町字月寒42-1,1,,,42.15129312,142.8020473,
504,E0160700036111,向別生活館,北海道浦河町字向別471,1,,,42.20560652,142.7805789,
505,E0160700037111,姉茶生活館,北海道浦河町字姉茶259-2,1,,,42.23238391,142.7334792,
506,E0160700038111,瑞穂生活改善センター,北海道浦河町字瑞穂259,1,,,42.23623327,142.7166317,
507,E0160700040111,浦河優駿ビレッジアエル,北海道浦河町字西舎141-40,1,,,42.19166349,142.8479496,
508,E0160700041111,西舎生活館,北海道浦河町字西舎337-1,1,,,42.19363875,142.8618908,
509,E0160700042111,旧浦河第二中学校,北海道浦河町字西幌別18,1,,,42.14553254,142.8324046,
510,E0160700043111,西幌別生活館,北海道浦河町字西幌別257,1,,,42.14359631,142.8346752,
511,E0160700044111,浦河町乗馬公園,北海道浦河町字西幌別327,1,,,42.150860376013,142.83702226456,
512,E0160700045111,浦河東部小学校,北海道浦河町字西幌別33,1,,,42.14658977,142.8331854,
513,E0160700046111,東栄生活館,北海道浦河町字東栄134,1,,,42.18836824,142.6983981,
514,E0160700047111,上東栄会館,北海道浦河町字東栄291,1,,,42.20646886,142.7032554,
515,E0160700048111,富里生活館,北海道浦河町字東栄519,1,,,42.21251715,142.7091302,
516,E0160700049111,うとま沢共和会館,北海道浦河町字東幌別228,1,,,42.14737707,142.8683801,
517,E0160700050111,東幌別自治会館,北海道浦河町字東幌別86,1,,,42.15057242,142.8561939,
518,E0160700051111,白泉生活改善センター,北海道浦河町字白泉83,1,,,42.14212587,142.819564,
519,E0160700052111,旧野深小学校,北海道浦河町字野深1-1,1,,,42.24424079,142.7344901,
520,E0160700053111,野深生活館,北海道浦河町字野深125,1,,,42.24883743,142.7568668,
521,E0160700054111,自然体験実習館柏陽館,北海道浦河町字野深352,1,,,42.27685721,142.7679758,
522,E0160700055111,上野深生活改善センター,北海道浦河町字野深391-57,1,,,42.28064574,142.7539817,
523,E0160700057111,浦河小学校,北海道浦河町常盤町14,1,,,42.16252485,142.7790803,
524,E0160700058111,光照寺,北海道浦河町常盤町20-1,1,,,42.1639815,142.7795535,
525,E0160700060111,総合文化会館,北海道浦河町大通3-52,1,,,42.16258505,142.7752511,
526,E0160700062111,正信寺,北海道浦河町大通4-51,1,,,42.1614724,142.778325,
527,E0160700063111,勤労青少年ホーム,北海道浦河町築地1-5-1,1,,,42.16728904,142.7683919,
528,E0160700064111,勤労者体育センター,北海道浦河町築地1-5-39,1,,,42.16685177,142.7682136,
529,E0160700065111,ゼロネクストワンアリーナ,北海道浦河町潮見町10,1,,,42.16576727,142.7754944,
530,E0160700067111,東町生活館,北海道浦河町東町うしお1-7-4,1,,,42.15758237,142.7880986,
531,E0160700068111,日高地域人材開発センター,北海道浦河町東町うしお2-3-1,1,,,42.15655778,142.7936466,
532,E0160700070111,浦河高等学校,北海道浦河町東町かしわ1-5,1,,,42.15919417,142.7904128,
533,E0160700073111,浦河町ふれあい会館,北海道浦河町東町かしわ3-1-1,1,,,42.16387725,142.7933784,
534,E0160700074111,東町保育所,北海道浦河町東町かしわ3-4-31,1,,,42.16417197,142.7941122,
535,E0160700077111,緑町会館,北海道浦河町緑町,1,,,42.1792944,142.7679451,
536,E0164900012111,吉野公民館,北海道浦幌町字吉野111,1,,,42.7764264,143.6088664,
537,E0164900015111,厚内公民館,北海道浦幌町字厚内二条通3,1,,,42.80845189,143.8149918,
538,E0164900019111,中央公民館,北海道浦幌町字桜町15,1,,,42.80911552,143.6571934,
539,E0164900020111,浦幌町立浦幌小学校,北海道浦幌町字住吉町1-1,1,,,42.80684106,143.6525803,
540,E0164900031111,浦幌町立上浦幌中学校,北海道浦幌町字宝生164-4,1,,,43.08388872,143.6056017,
541,E0164900033111,上浦幌公民館,北海道浦幌町字宝生165-1,1,,,43.08304549,143.6049212,
542,E0164900034111,浦幌町立上浦幌中央小学校,北海道浦幌町字宝生171-1,1,,,43.08552138,143.6046462,
543,E0164900036111,浦幌町総合スポーツセンター,北海道浦幌町字宝町1-2,1,,,42.81511812,143.6547857,
544,E0164900037121,養護老人ホーム（福祉避難所）,北海道浦幌町字北町12-1,,,要配慮者,42.81431462,143.6606582,
545,E0164900038121,保健福祉センター（福祉避難所）,北海道浦幌町字北町8-1,,,要配慮者,42.81506691,143.6624814,
546,E0164900040111,浦幌町立浦幌中学校,北海道浦幌町字万年339-1,1,,,42.80089647,143.6577983,
547,E0151100001111,芦野地域集会所,北海道猿払村芦野175-229,1,,,45.303957070579,142.17851184294,
548,E0151100002111,猿払地域集会所,北海道猿払村猿払127-81,1,,,45.26514873,142.1951021,
549,E0151100003111,猿払村役場・猿払村交流センター,北海道猿払村鬼志別西町172-1,1,,,45.330585,142.109046,
550,E0151100004111,猿払村生活改善センター,北海道猿払村鬼志別東町1,,,,45.33073387,142.116,
551,E0151100005121,楽楽心,北海道猿払村鬼志別南町243,1,,,45.3280201109373,142.111618264887,
552,E0151100005111,楽楽心,北海道猿払村鬼志別南町243,1,,,45.3280219966566,142.111567302916,
553,E0151100006112,猿払村老人憩いの家,北海道猿払村鬼志別北町142,,,,45.33457805,142.1169171,
554,E0151100006111,猿払村農村環境改善センター,北海道猿払村鬼志別北町142,,,,45.33471338,142.1171595,
555,E0151100006113,猿払村スポーツセンター,北海道猿払村鬼志別北町142,,,,45.33499911,142.1180579,
556,E0151100007111,鬼志別小学校（校舎、体育館）,北海道猿払村鬼志別北町178,1,,,45.33415521,142.1128646,
557,E0151100008111,拓心中学校（校舎、体育館）,北海道猿払村鬼志別北町184,1,,,45.3358103,142.1171574,
558,E0151100009121,保健福祉総合センター,北海道猿払村鬼志別北町28,,,,45.331933410473,142.11746553044,
559,E0151100009111,保健福祉総合センター,北海道猿払村鬼志別北町28,,,,45.331933410473,142.11746553044,
560,E0151100010111,狩別地域集会所,北海道猿払村狩別2904-1,1,,,45.24627648,142.1250094,
561,E0151100011111,小石交流センター,北海道猿払村小石291-13,1,,,45.31166463,142.0560214,
562,E0151100012111,浅茅野小学校（校舎、体育館）,北海道猿払村浅茅野336-1,1,,,45.20853369,142.2320054,
563,E0151100013111,浅茅野台地農業研修施設,北海道猿払村浅茅野台地342-201,1,,,45.1912822,142.2573886,
564,E0151100014111,知来別小学校（校舎、体育館）,北海道猿払村知来別1081,,,,45.38050133,142.0851739,
565,E0151100017111,浜猿払交流センター,北海道猿払村浜猿払1075-52,1,,,45.27332017,142.2332693,
566,E0151100019111,浜鬼志別小学校（校舎、体育館）,北海道猿払村浜鬼志別278-1,1,,,45.33984606,142.1648849,
567,E0155500062111,遠軽町保健福祉総合センター「げんき２１」,北海道遠軽町１条通北1-1-1,,,,44.058847,143.525882,
568,E0155500064111,東小学校,北海道遠軽町１条北5-1-1,1,,,44.06474796,143.5317605,
569,E0155500004111,栄野会館,北海道遠軽町栄野404-1,1,,,44.01947452,143.4536445,
570,E0155500005111,丸瀬布金山会館,北海道遠軽町丸瀬布金山136,1,,,44.02360736,143.3563089,
571,E0155500006111,丸瀬布上武利集会所,北海道遠軽町丸瀬布上武利206-3,1,,,43.91473527,143.3327945,
572,E0155500007111,丸瀬布農村集落多目的共同利用施設,北海道遠軽町丸瀬布上武利53,1,,,43.93242855,143.3331083,
573,E0155500008111,丸瀬布新町会館,北海道遠軽町丸瀬布新町397-3,1,,,43.99968971,143.3368829,
574,E0155500009111,丸瀬布中学校,北海道遠軽町丸瀬布新町78,1,,,44.0057452,143.343484,
575,E0155500010111,丸瀬布金湧会館,北海道遠軽町丸瀬布新町95,1,,,44.00426325,143.3426111,
576,E0155500011111,丸瀬布中央公民館,北海道遠軽町丸瀬布水谷町12-3,1,,,44.00621126,143.3340288,
577,E0155500012111,丸瀬布天神会館,北海道遠軽町丸瀬布水谷町142-1,1,,,44.00302753,143.3266162,
578,E0155500013121,丸瀬布老人福祉センター,北海道遠軽町丸瀬布水谷町68-6,1,,要配慮者,44.00424883,143.329952,
579,E0155500013111,丸瀬布老人福祉センター,北海道遠軽町丸瀬布水谷町68-6,1,,,44.00424883,143.329952,
580,E0155500014111,丸瀬布西町会館,北海道遠軽町丸瀬布西町3-2,1,,,44.00295632,143.3325718,
581,E0155500015111,丸瀬布コミュニティセンター,北海道遠軽町丸瀬布中町115-1,1,,,44.00546448,143.3377859,
582,E0155500016111,丸瀬布小学校,北海道遠軽町丸瀬布東町113,1,,,44.00865653,143.3419295,
583,E0155500017111,丸瀬布武利会館,北海道遠軽町丸瀬布武利61-2,1,,,43.9735482,143.3365095,
584,E0155500059111,遠軽町芸術文化交流プラザ,北海道遠軽町岩見通南1-2-1,,,,44.059003,143.520546,
585,E0155500019111,学田住民センター,北海道遠軽町岩見通北9-1-24,1,,,44.072903,143.5266604,
586,E0155500020111,社名淵地域公民館,北海道遠軽町社名淵69-1,1,,,44.07044297,143.4378863,
587,E0155500021111,上白滝会館,北海道遠軽町上白滝167,1,,,43.87524933,143.1423165,
588,E0155500061111,瀬戸瀬地域公民館,北海道遠軽町瀬戸瀬東町127-1,1,,,44.008105,143.434123,
589,E0155500025111,木のおもちゃワールド館「ちゃちゃワールド」,北海道遠軽町生田原143-4,1,,,43.92769131,143.528696,
590,E0155500027111,生田原集会施設「かぜる西」,北海道遠軽町生田原668-1,1,,,43.91014043,143.5354054,
591,E0155500027121,生田原集会施設「かぜる西」,北海道遠軽町生田原668-1,1,,要配慮者,43.91014043,143.5354054,
592,E0155500028111,生田原小学校,北海道遠軽町生田原710-1,1,,,43.911548,143.533429,
593,E0155500029111,生田原中学校,北海道遠軽町生田原712,1,,,43.91006815,143.5333855,
594,E0155500030111,安国中学校,北海道遠軽町生田原安国22-1,1,,,43.99334247,143.5396645,
595,E0155500031111,安国小学校,北海道遠軽町生田原安国271-1,1,,,43.98674189,143.5383818,
596,E0155500032111,安国公民館,北海道遠軽町生田原安国32,1,,,43.99358225,143.5385993,
597,E0155500033111,生田原女性・若者等活動促進施設「かぜる安国」,北海道遠軽町生田原安国84-1,1,,,43.99194751,143.5371442,
598,E0155500035111,生田原宿泊研修施設「キララン清里」,北海道遠軽町生田原清里956,1,,,43.85989862,143.5074726,
599,E0155500036111,遠軽町総合体育館,北海道遠軽町西町1-2,1,,,44.05501647,143.5132734,
600,E0155500038111,遠軽小学校,北海道遠軽町西町3-3-15,1,,,44.04693464,143.5070458,
601,E0155500041111,遠軽中学校,北海道遠軽町大通北5-2-1,1,,,44.06453048,143.5293019,
602,E0155500042111,東体育館,北海道遠軽町大通北6-4,1,,,44.06635187,143.5311008,
603,E0155500043111,遠軽町武道館,北海道遠軽町東町1-6-11,1,,,44.05421655,143.5402988,
604,E0155500044112,遠軽コミュニティセンター,北海道遠軽町東町2-2-59,1,,,44.05256174,143.5397662,
605,E0155500044111,遠軽町基幹集落センター,北海道遠軽町東町2-2-59,1,,,44.05199802,143.5396325,
606,E0155500045111,南中学校,北海道遠軽町東町5-4-82,1,,,44.03921839,143.528449,
607,E0155500046111,北海道遠軽高等学校,北海道遠軽町南町1-4-1,1,,,44.05124967,143.5270634,
608,E0155500048111,南小学校,北海道遠軽町南町3-4-43,1,,,44.04438628,143.5253499,
609,E0155500049111,白滝国際交流センター,北海道遠軽町白滝138-1,1,,,43.88650335,143.1924745,
610,E0155500049121,白滝国際交流センター,北海道遠軽町白滝138-1,1,,要配慮者,43.88650335,143.1924745,
611,E0155500050111,白滝ふれあいセンター,北海道遠軽町白滝600,1,,,43.88687402,143.1883956,
612,E0155500051111,白滝中学校,北海道遠軽町白滝942-1,1,,,43.87868557,143.1752267,
613,E0155500052111,支湧別産業会館,北海道遠軽町白滝支湧別93-1,1,,,43.85194754,143.1578458,
614,E0155500053111,上支湧別農作業準備休憩施設,北海道遠軽町白滝上支湧別511-1,1,,,43.829173,143.136653,
615,E0155500055111,えんがる温水プール,北海道遠軽町福路2-1-2,1,,,44.04548214,143.5187347,
616,E0155500056111,豊里体育館,北海道遠軽町豊里240-2,1,,,44.03573109,143.5154358,
617,E0148600001111,遠別町スポーツセンター,北海道遠別町字幸和11-61,,,,44.7211612250902,141.799722388225,
618,E0148600002111,農業振興センター,北海道遠別町字幸和81,1,,,44.72181226,141.8097789,
619,E0148600003111,北海道遠別農業高等学校,北海道遠別町字北浜74-1,1,,,44.72603112,141.7947847,
620,E0148600004111,遠別小学校,北海道遠別町字本町5-15,1,,,44.72491762,141.7966193,
621,E0148600005121,幼児センター,北海道遠別町字本町5-15-1,1,,要配慮者,44.72443126,141.796769,
622,E0148600005111,幼児センター,北海道遠別町字本町5-15-1,1,,,44.7244269682712,141.796727464623,
623,E0136700001111,稲穂夕なぎ会館,北海道奥尻町字稲穂205-1,,,,42.2378794743367,139.54982370944,
624,E0136700003111,勘太浜自治振興会館,北海道奥尻町字稲穂45,,,,42.238095,139.559652,
625,E0136700004111,海洋研修センター,北海道奥尻町字奥尻314,,,,42.1770986786674,139.51676170393,
626,E0136700005111,谷地生活館,北海道奥尻町字奥尻37,,,,42.1629733083769,139.515519800629,
627,E0136700026111,奥尻町総合庁舎,北海道奥尻町字奥尻428-2,1,,,42.172234,139.512181,
628,E0136700007121,保健福祉センター,北海道奥尻町字奥尻462,,,要配慮者,42.172421,139.506886,
629,E0136700008111,株式会社工藤組,北海道奥尻町字奥尻801-5,,,,42.1721720126253,139.51447220571,
630,E0136700010111,奥尻小学校,北海道奥尻町字宮津40,1,,,42.2043303423443,139.544031526696,
631,E0136700011111,東風泊自治振興会館,北海道奥尻町字球浦143,,,,42.199760451794,139.537082420301,
632,E0136700012111,球浦自治振興会館,北海道奥尻町字球浦80-1,,,,42.188086,139.522585,
633,E0136700013111,薬師集会所,北海道奥尻町字松江145,,,,42.075570224866,139.485844555311,
634,E0136700014111,初松前自治振興会館,北海道奥尻町字松江21-1,,,,42.0727698771902,139.473982178736,
635,E0136700015111,旧青苗中学校,北海道奥尻町字青苗378,,,,42.066468,139.45058,
636,E0136700016111,奥尻町総合研修センター（青苗支所）,北海道奥尻町字青苗411-52,1,,,42.0606837427612,139.446856911143,
637,E0136700017121,特別養護老人ホームおくしり荘,北海道奥尻町字青苗442-21,,,要配慮者,42.0632072395597,139.446207305001,
638,E0136700018111,町民センター,北海道奥尻町字赤石144,,,,42.145792,139.515593,
639,E0136700019111,赤石自治振興会館,北海道奥尻町字赤石30-1,,,,42.1303383665955,139.514695552249,
640,E0136700020111,奥尻高等学校,北海道奥尻町字赤石411-2,1,,,42.1485900166238,139.516012262152,
641,E0136700021111,神威脇生活改善センター,北海道奥尻町字湯浜83,1,,,42.1686455562348,139.412012760695,
642,E0136700022111,富里へき地保健福祉館,北海道奥尻町字富里337,,,,42.0731673200046,139.456000172317,
643,E0136700023111,青苗小学校,北海道奥尻町字富里36,,,,42.069996,139.454579,
644,E0136700024111,奧尻空港ターミナル,北海道奥尻町字米岡185-2,,,,42.0726568933055,139.435605205557,
645,E0136700025111,米岡自治振興会館,北海道奥尻町字米岡232-1,1,,,42.0754993761532,139.436661507605,
646,E0136400001111,旭岱寿の家,北海道乙部町字旭岱351-1,,,,41.96513175,140.1932033,
647,E0136400005111,栄浜ふれあいセンター,北海道乙部町字栄浜477,,,,42.00160395,140.1230512,
648,E0136400006111,栄浜小学校,北海道乙部町字栄浜477-1,,,,42.00191386,140.1238729,
649,E0136400008111,とよはま地区センター,北海道乙部町字花磯148,,,,42.04596562,140.0845255,
650,E0136400012111,館浦研修会館,北海道乙部町字館浦34-5,,,,41.97510131,140.1372315,
651,E0136400013112,町民会館,北海道乙部町字館浦4-1,,,,41.97441462,140.1370637,
652,E0136400013111,町民会館体育館,北海道乙部町字館浦4-1,,,,41.97425364,140.1362596,
653,E0136400015121,バリアフリーホテルあすなろ,北海道乙部町字館浦494-1,,,,41.97587698,140.1401889,
654,E0136400015111,バリアフリーホテルあすなろ,北海道乙部町字館浦494-1,,,,41.97587698,140.1401889,
655,E0136400017111,乙部温泉光林荘,北海道乙部町字館浦527-2,,,,41.97844747,140.1416715,
656,E0136400017121,乙部温泉　光林荘,北海道乙部町字館浦527-2,,,,41.97844747,140.1416715,
657,E0136400020111,街なみ環境集会施設（プラザおとべ）,北海道乙部町字元町200-1,,,,41.96826694,140.1334133,
658,E0136400021111,生きがい交流センター,北海道乙部町字元町317,,,,41.9673188,140.1342437,
659,E0136400027111,元町みなと交流館,北海道乙部町字元町67-3,,,,41.96824244,140.1312277,
660,E0136400029111,元和交遊館,北海道乙部町字元和103-5,,,,42.0101437,140.1073518,
661,E0136400032111,三ツ谷ふれあいセンター,北海道乙部町字三ツ谷183-1,,,,42.03076546,140.0963209,
662,E0136400035111,滝瀬寿の家,北海道乙部町字滝瀬205,1,,,41.96082919,140.1305501,
663,E0136400036111,明和小学校,北海道乙部町字潮見183,,,,42.03916,140.088923,
664,E0136400039111,ゆりの里活性化センター,北海道乙部町字鳥山427-1,,,,41.99507484,140.1285529,
665,E0136400044111,千岱野ふるさと館,北海道乙部町字姫川681-6,,,,41.97675273,140.2027757,
666,E0136400045111,富岡へき地保健福祉館,北海道乙部町字富岡187-4,,,,41.99880133,140.1936165,
667,E0136400051111,乙部中学校,北海道乙部町字緑町139-2,,,,41.97185113,140.1377533,
668,E0136400052111,乙部小学校,北海道乙部町字緑町641-1,1,,,41.96831955,140.1374453,
669,E0136400053111,高齢者ふれあいセンター,北海道乙部町字緑町703-3,,,,41.96909265,140.1403284,
670,E0136400054111,在宅福祉保健複合施設「ケアセンターおとべ」,北海道乙部町字緑町704-10,,,,41.96882585,140.1404897,
671,E0136400054121,在宅福祉保健複合施設「ケアセンターおとべ」,北海道乙部町字緑町704-10,,,,41.96882585,140.1404897,
672,E0136400059121,特別養護老人ホームおとべ荘,北海道乙部町字緑町704-3,,,,41.969187,140.139726,
673,E0136400059111,特別擁護老人ホームおとべ荘,北海道乙部町字緑町704-3,,,,41.970542,140.141547,
674,E0136400059112,特別擁護老人ホームおとべ荘,北海道乙部町字緑町704-3,,,,41.96637,140.144257,
675,E0147000003112,おといねっぷ美術工芸高等学校,北海道音威子府村字音威子府181,1,,,44.72666126,142.2664801,
676,E0147000003111,おといねっぷ美術工芸高等学校（体育館）,北海道音威子府村字音威子府181,1,,,44.72718895,142.2666881,
677,E0147000004111,音威子府村地域交流センター,北海道音威子府村字音威子府192-8,1,,,44.72679307,142.2694733,
678,E0147000005111,音威富士スキー場ロッジ,北海道音威子府村字音威子府200-5,1,,,44.72244848,142.2717854,
679,E0147000008111,音威子府村福祉交流拠点地域複合施設ときわ,北海道音威子府村字音威子府509-88,1,,,44.72821254,142.2605683,
680,E0147000008121,音威子府村福祉交流拠点地域複合施設ときわ,北海道音威子府村字音威子府509-88,1,,要配慮者,44.72821254,142.2605683,
681,E0163100001121,鈴蘭小学校,北海道音更町すずらん台北町2-1,1,,要配慮者,42.95490013,143.1842221,
682,E0163100001111,鈴蘭小学校,北海道音更町すずらん台北町2-1,1,,,42.95490013,143.1842221,
683,E0163100042111,道の駅おとふけ,北海道音更町なつぞら2,1,,,42.975273,143.181469,
684,E0163100047121,帯広大谷短期大学,北海道音更町希望が丘3-3,,,要配慮者,42.98983,143.195703,
685,E0163100004121,駒場中学校,北海道音更町駒場南1,1,,要配慮者,43.04237423,143.1858632,
686,E0163100004111,駒場中学校,北海道音更町駒場南1,1,,,43.04237423,143.1858632,
687,E0163100005121,駒場小学校,北海道音更町駒場北町2,1,,要配慮者,43.052126,143.182556,
688,E0163100005111,駒場小学校,北海道音更町駒場北町2,1,,,43.052126,143.182556,
689,E0163100006111,音更小学校,北海道音更町元町1,1,,,42.9956028,143.1970015,
690,E0163100006121,音更小学校,北海道音更町元町1,1,,要配慮者,42.9956028,143.1970015,
691,E0163100007121,緑陽台小学校,北海道音更町字下音更北７線西7,1,,要配慮者,42.9679033,143.1910438,
692,E0163100007111,緑陽台小学校,北海道音更町字下音更北７線西7,1,,,42.9679033,143.1910438,
693,E0163100008121,緑南中学校,北海道音更町字下士幌北２線東25,1,,要配慮者,42.94493995,143.2314714,
694,E0163100008111,緑南中学校,北海道音更町字下士幌北２線東25,1,,,42.94493995,143.2314714,
695,E0163100009111,下士幌小学校,北海道音更町字下士幌北２線東51,1,,,42.94753676,143.2601017,
696,E0163100009121,下士幌小学校,北海道音更町字下士幌北２線東51,1,,要配慮者,42.94753676,143.2601017,
697,E0163100010111,集団研修施設,北海道音更町字上然別西４線98,1,,,43.05116146,143.0976076,
698,E0163100010121,集団研修施設,北海道音更町字上然別西４線98,1,,要配慮者,43.05116146,143.0976076,
699,E0163100011111,西中音更小学校,北海道音更町字西中音更北１５線7,1,,,43.13733567,143.0981954,
700,E0163100011121,西中音更小学校,北海道音更町字西中音更北１５線7,1,,要配慮者,43.13733567,143.0981954,
701,E0163100012111,然別公民館,北海道音更町字然別北８線西45,1,,,42.96890699,143.1487058,
702,E0163100013111,中音更会館,北海道音更町字中音更西３線6,1,,,43.122085,143.177703,
703,E0163100014111,長流枝寿の家,北海道音更町字長流枝幹線70,1,,,42.99433817,143.3192154,
704,E0163100015111,教育支援センター,北海道音更町字東音更西２線25,1,,,43.05541,143.221127,
705,E0163100016121,東士幌小学校,北海道音更町字東音更東４線15,1,,要配慮者,43.04267839,143.2600388,
706,E0163100016111,東士幌小学校,北海道音更町字東音更東４線15,1,,,43.04267839,143.2600388,
707,E0163100017121,東士狩小学校,北海道音更町字東士狩西７線52,1,,要配慮者,43.01652589,143.147466,
708,E0163100017111,東士狩小学校,北海道音更町字東士狩西７線52,1,,,43.01652589,143.147466,
709,E0163100018111,共和地域会館,北海道音更町字東和西２線54,1,,,43.02288378,143.2196662,
710,E0163100019112,音更町昭和商学校,北海道音更町字東和東１線19,1,,,42.995854,143.24199,
711,E0163100019113,昭和地区構造改善センター,北海道音更町字東和東１線19,1,,,42.995524,143.240584,
712,E0163100019121,昭和公民館（旧昭和小学校）,北海道音更町字東和東１線19,1,,要配慮者,42.99577273,143.2421558,
713,E0163100019111,昭和公民館（旧昭和小学校）,北海道音更町字東和東１線19,1,,,42.9957738407157,143.242207007938,
714,E0163100020121,南中音更公民館（旧南中音更小学校）,北海道音更町字南中音更北４線8,1,,要配慮者,43.08842336,143.0760348,
715,E0163100020111,南中音更公民館（旧南中音更小学校）,北海道音更町字南中音更北４線8,1,,,43.08842336,143.0760348,
716,E0163100021121,豊田公民館,北海道音更町字豊田東４線27,1,,要配慮者,43.09374747,143.2734566,
717,E0163100021111,豊田公民館,北海道音更町字豊田東４線27,1,,,43.0937556724417,143.27339648909,
718,E0163100051121,第一ホテル豊洲亭・豆陽亭,北海道音更町十勝川温泉南12,,,要配慮者及びその支援者,42.932841,143.296958,
719,E0163100049121,観月苑,北海道音更町十勝川温泉南14-2,,,要配慮者及びその支援者,42.930401,143.299668,
720,E0163100052121,ホテル大平原,北海道音更町十勝川温泉南15-1,,,要配慮者及びその支援者,42.931017,143.30304,
721,E0163100022111,十勝川温泉湯の里会館,北海道音更町十勝川温泉北14-2,1,,,42.93568385,143.299788,
722,E0163100022121,十勝川温泉湯の里会館,北海道音更町十勝川温泉北14-2,1,,要配慮者,42.93568385,143.299788,
723,E0163100050121,笹井ホテル,北海道音更町十勝川温泉北15-1,,,要配慮者及びその支援者,42.933211,143.302547,
724,E0163100023111,開進生活館,北海道音更町新通20-1,1,,,42.97782778,143.2064053,
725,E0163100024121,保健センター,北海道音更町新通8-5,,,要配慮者,42.99613336,143.203778,
726,E0163100025121,総合福祉センター,北海道音更町大通11-1,,,要配慮者,42.99265082,143.202149,
727,E0163100026111,下音更中学校,北海道音更町中鈴蘭南1-4,1,,,42.95407008,143.1949629,
728,E0163100026121,下音更中学校,北海道音更町中鈴蘭南1-4,1,,要配慮者,42.95407008,143.1949629,
729,E0163100027121,特別養護老人ホーム寿楽園,北海道音更町柏寿台1,,,要配慮者,43.0036715515414,143.193490292316,
730,E0163100028121,下音更小学校,北海道音更町木野西通12-8,1,,要配慮者,42.95884531,143.2019355,
731,E0163100028111,下音更小学校,北海道音更町木野西通12-8,1,,,42.95884531,143.2019355,
732,E0163100029113,音更町図書館,北海道音更町木野西通15-7,1,,,42.964969694847,143.200718278768,
733,E0163100039113,音更町文化センター,北海道音更町木野西通15-8,1,,,42.9660512875088,143.200519873628,
734,E0163100031121,共栄中学校,北海道音更町木野西通16-2,1,,要配慮者,42.96821676,143.2026756,
735,E0163100031111,共栄中学校,北海道音更町木野西通16-2,1,,,42.96821676,143.2026756,
736,E0163100032121,音更町民斎場,北海道音更町木野西通17-1,1,,要配慮者,42.9713465881821,143.204658779759,
737,E0163100032122,共栄コミュニティセンター,北海道音更町木野西通17-1,1,,要配慮者,42.97027523,143.204906,
738,E0163100032112,共栄コミュニティセンター,北海道音更町木野西通17-1,1,,,42.97027523,143.204906,
739,E0163100033121,木野コミュニティセンター,北海道音更町木野西通8-2,1,,要配慮者,42.95160426,143.2020313,
740,E0163100033111,木野コミュニティセンター,北海道音更町木野西通8-2,1,,,42.95160426,143.2020313,
741,E0163100048111,株式会社オカモトホールディングス,北海道音更町木野西通8-3-9,,指定避難所である木野コミュニティセンターを補完する避難所,,42.951562,143.200248,
742,E0163100034111,木野東小学校,北海道音更町木野東通5-6,1,,,42.94610375,143.208262,
743,E0163100034121,木野東小学校,北海道音更町木野東通5-6,1,,要配慮者,42.94610375,143.208262,
744,E0163100035121,柳町小学校,北海道音更町柳町南区14,1,,要配慮者,42.9687657,143.2114979,
745,E0163100035111,柳町小学校,北海道音更町柳町南区14,1,,,42.9687657,143.2114979,
746,E0163100036121,音更中学校,北海道音更町雄飛が丘1,1,,要配慮者,42.99558814,143.1937409,
747,E0163100036111,音更中学校,北海道音更町雄飛が丘1,1,,,42.99558814,143.1937409,
748,E0163100037111,武道館,北海道音更町雄飛が丘3,1,,,42.993,143.1937,
749,E0163100037112,総合体育館,北海道音更町雄飛が丘3,1,,,42.9922,143.1939,
750,E0146800002112,下川町一の橋コミュニティセンター,北海道下川町一の橋603-2,,,,44.318766,142.769941,
751,E0146800004111,下川町バスターミナル合同センター,北海道下川町共栄町6,,,,44.300927,142.638118,
752,E0146800006122,下川町総合福祉センター「ハピネス」,北海道下川町幸町40-1,,,要配慮者,44.3019670274354,142.633066622681,
753,E0146800006112,下川町総合福祉センター「ハピネス」,北海道下川町幸町40-1,,,,44.3019670274354,142.633066622681,
754,E0146800009111,下川町農村活性化センター「おうる」,北海道下川町上名寄1181-1,,,,44.311782932595,142.578384293991,
755,E0146800012111,下川町土間運動場「桜ヶ丘アリーナ」,北海道下川町西町1026-2,,,,44.2947741946154,142.628005046293,
756,E0146800032121,下川町立デイサービスセンター,北海道下川町西町352,,,要配慮者,44.30331,142.6276156,
757,E0146800017122,下川町民スポーツセンター,北海道下川町南町351-1,1,,要配慮者,44.298882750898,142.6336005582,
758,E0146800017112,下川町民スポーツセンター,北海道下川町南町351-1,1,,,44.298882750898,142.6336005582,
759,E0146800018111,下川町立下川中学校,北海道下川町南町417,1,,,44.297051,142.635894,
760,E0146800024111,北海道下川商業高等学校,北海道下川町北町1371,1,,,44.308914,142.640298,
761,E0122700002111,歌神地区集会所,北海道歌志内市字歌神71-10,1,,,43.51952265,142.0296122,
762,E0122700007111,神威神楽岡地区集会所,北海道歌志内市字神威272-1,1,,,43.50603693,142.0182503,
763,E0122700001121,特別養護老人ホームしらかば荘,北海道歌志内市字神威280,,,,43.5110158682476,142.024708628053,
764,E0122700008111,中村地区集会所,北海道歌志内市字中村5-20,1,,,43.5007401771636,142.005425959549,
765,E0122700011111,チロルの湯,北海道歌志内市字中村78-3,1,,,43.5037566625548,142.00516417144,
766,E0122700017111,歌志内市立歌志内学園,北海道歌志内市字文珠200,1,,,43.49252186,141.98372,
767,E0122700022111,歌志内市コミュニティセンター,北海道歌志内市字本町76,1,,,43.52211245,142.0430492,
768,E0122700024121,救護施設親愛の家,北海道歌志内市文珠165-4,,,,43.4891524531354,141.974641543329,
769,E0122700003121,歌志内養護老人ホーム楽生園,北海道歌志内市文珠244-2,,,,43.5013223728978,142.00019067166,
770,E0163700001111,栄コミュニティセンター,北海道芽室町栄３線24,1,,,42.8219056298977,143.067211512237,
771,E0163700002111,西芽室地域福祉館,北海道芽室町芽室基線52-4,1,,,42.91551453,143.0087004,
772,E0163700003111,芽室西中学校,北海道芽室町芽室南２線30,1,,,42.90792221,143.0341971,
773,E0163700004111,高岩地域福祉館,北海道芽室町芽室南３線32-24,,,,42.90451331,143.0335292,
774,E0163700005111,坂の上コミュニティセンター,北海道芽室町坂の上１０線31-17,,,,42.843441,143.029113,
775,E0163700007111,渋山林業研修センター,北海道芽室町渋山８線23,1,,,42.87972998,142.9847257,
776,E0163700010111,祥栄ふれ愛館,北海道芽室町祥栄北９線26,1,,,42.96461024,143.042875,
777,E0163700011111,上芽室コミュニティセンター,北海道芽室町上芽室南３線16-1,1,,,42.913149,142.975338,
778,E0163700012111,上美生農村環境改善センター,北海道芽室町上美生４線34,1,,,42.80614671,142.9570601,
779,E0163700013111,上美生小学校,北海道芽室町上美生４線38,1,,,42.80345947,142.9541199,
780,E0163700014111,上美生中学校,北海道芽室町上美生５線31,1,,,42.80824937,142.9552941,
781,E0163700015111,上伏古コミュニティセンター,北海道芽室町上伏古９線18-2,,,,42.796822,143.007424,
782,E0163700017111,新生地域福祉館,北海道芽室町新生南６線25,1,,,42.89360194,143.0574046,
783,E0163700017112,芽室南小学校,北海道芽室町新生南６線25,1,,,42.89265293,143.0588722,
784,E0163700106111,愛生町地域福祉館,北海道芽室町西１条4-21-1,,,,42.9139,143.046625,
785,E0163700022111,芽室西小学校,北海道芽室町西三条6-2,1,,,42.91579896,143.0434738,
786,E0163700024111,健康プラザ,北海道芽室町西三条南6-1,1,,,42.90232914,143.044885,
787,E0163700026111,めむろ西子どもセンター,北海道芽室町西四条4-1-7,1,,,42.91353379,143.0422054,
788,E0163700115111,西士狩地域福祉館,北海道芽室町西土狩北４線42-20,,,,42.942813,143.099413,
789,E0163700019111,大和福祉館,北海道芽室町西二条1-4,1,,,42.9103214,143.0445175,
790,E0163700021111,めむろてつなん保育所,北海道芽室町西二条南6-1,1,,,42.90256717,143.0468535,
791,E0163700021112,芽室南地区コミュニティセンター,北海道芽室町西二条南6-1,1,,,42.90292843,143.0474596,
792,E0163700027111,芽室西地区コミュニティセンター,北海道芽室町西六条5-1,,,,42.91482397,143.0381426,
793,E0163700033111,中伏古コミュニティセンター,北海道芽室町中伏古６線17-12,,,,42.857905,143.070498,
794,E0163700089111,芽室高等学校,北海道芽室町東めむろ一条北1-6,1,,,42.9131293281931,143.071856868384,
795,E0163700055111,東めむろコミュニティーセンター,北海道芽室町東めむろ二条北1-4-7,1,,,42.91381958,143.0737642,
796,E0163700056121,介護老人保健施設りらく,北海道芽室町東芽室南２線16-2,,,要配慮者,42.9132194966358,143.093495642853,
797,E0163700057111,東芽室地域福祉館,北海道芽室町東芽室南３線25-4,,,,42.910714,143.083411,
798,E0163700058111,東工産業振興センター,北海道芽室町東芽室北１線12-11,,,,42.927331,143.096763,
799,E0163700059111,株式会社明治十勝工場,北海道芽室町東芽室北１線15-2,1,,,42.9306552281607,143.089376517847,
800,E0163700114121,ショートステイウェルカムめむろ,北海道芽室町東五条4-1,,,要配慮者,42.913705,143.05613,
801,E0163700046111,弥生福祉館,北海道芽室町東五条8-1,,,,42.91974757,143.0544362,
802,E0163700038111,中央公民館,北海道芽室町東三条3-1,1,,,42.91299155,143.0526411,
803,E0163700040121,特別養護老人ホームけいせい苑,北海道芽室町東三条4-1-5,,,要配慮者,42.9138616635566,143.053086151441,
804,E0163700041111,総合体育館,北海道芽室町東三条8-1,1,,,42.91907489,143.0512379,
805,E0163700043111,東地域福祉館,北海道芽室町東四条1-1-20,,,,42.9107358,143.056469,
806,E0163700044111,保健福祉センター,北海道芽室町東四条4-5-5,1,,,42.91420813,143.0543491,
807,E0163700045111,芽室小学校,北海道芽室町東四条南2-1,1,,,42.90820589,143.0563774,
808,E0163700050111,ひばり福祉館,北海道芽室町東七条5-4-1,,,,42.91588993,143.0589445,
809,E0163700051111,青葉町地域福祉館,北海道芽室町東七条7-2-2,,,,42.91871177,143.0593122,
810,E0163700048111,芽室中学校,北海道芽室町東六条南3-1,1,,,42.90707086,143.0584816,
811,E0163700049111,発達支援センター,北海道芽室町東六条南4-1,1,,,42.90625,143.057753,
812,E0163700063111,美生コミュニティセンター,北海道芽室町美生２線40-9,,,,42.8648809970665,143.015816822133,
813,E0163700064111,平和地域福祉館,北海道芽室町平和西１６線19,1,,,43.000214,143.023775,
814,E0163700065111,芽室太生活館,北海道芽室町北芽室北４線38,1,,,42.938863,143.038881,
815,E0163700108111,北伏古コミュニティセンター,北海道芽室町北伏古南９線9-19,,,,42.883052,143.110759,
816,E0163700091111,北明コミュニティセンター,北海道芽室町北明西７線18,1,,,42.982792,143.086828,
817,E0163700068111,めむろ駅前プラザ,北海道芽室町本通1-19,1,,,42.9103447081931,143.049089945115,
818,E0163700069111,かしわ福祉館,北海道芽室町本通7-2-3,,,,42.91676643,143.0472056,
819,E0163700073111,毛根コミュニティセンター,北海道芽室町毛根北５線9-11,1,,,42.9438434949176,143.015050013881,
820,E0163700110111,雄馬別コミュニティセンター,北海道芽室町雄馬別１３線25-7,,,,42.766375,142.962813,
821,E0121000055121,オアシス１・２・３番館,北海道岩見沢市２条西5-2-7,,,要配慮者,43.202998,141.760934,
822,E0121000056121,サービス付き高齢者向け住宅グランドヴィラ縁,北海道岩見沢市２条東11-25-1,,,要配慮者,43.210834,141.775943,
823,E0121000057121,サービス付き高齢者住宅ナーシングホーム栞里,北海道岩見沢市５条東17-15-1,,,要配慮者,43.214255,141.79083,
824,E0121000054121,特別養護老人ホームぬくもりの郷,北海道岩見沢市６条西19-8,,,要配慮者,43.193264,141.749985,
825,E0121000052111,明成中学校,北海道岩見沢市かえで町1-1-1,1,,,43.201359,141.789889,
826,E0121000008111,日の出小学校,北海道岩見沢市かえで町2-1-1,1,,,43.20017016,141.7921661,
827,E0121000006111,市民会館・文化センター,北海道岩見沢市九条西4-1-1,1,,,43.19705729,141.767912,
828,E0121000007111,南小学校,北海道岩見沢市九条東2-1,1,,,43.20042071,141.7742501,
829,E0121000009111,岐阜地区集会所,北海道岩見沢市栗沢町岐阜207-2,1,,,43.09217526,141.7212997,
830,E0121000011111,栗丘地区集会所,北海道岩見沢市栗沢町栗丘201-11,1,,,43.08964678,141.7478143,
831,E0121000013111,最上北栄地区集会所,北海道岩見沢市栗沢町最上2-45,1,,,43.1214183,141.7483982,
832,E0121000053121,特別養護老人ホーム新いちい荘,北海道岩見沢市栗沢町最上222-6,,,要配慮者,43.120407,141.759589,
833,E0121000050121,北海道社会福祉事業団福祉村,北海道岩見沢市栗沢町最上350-1,,,,43.116327,141.761044,
834,E0121000014111,栗沢Ｂ＆Ｇ海洋センター,北海道岩見沢市栗沢町最上506-1,1,,,43.10962292,141.7513389,
835,E0121000015111,上幌地区集会所,北海道岩見沢市栗沢町上幌350-1,1,,,43.14682512,141.8045255,
836,E0121000016111,美流渡コミュニティセンター,北海道岩見沢市栗沢町美流渡栄町93,1,,,43.163059,141.915293,
837,E0121000017111,必成地区集会所,北海道岩見沢市栗沢町必成195-4,1,,,43.12027758,141.735574,
838,E0121000018111,西地区集会所,北海道岩見沢市栗沢町北斗601-1,1,,,43.12708308,141.6865975,
839,E0121000019111,栗沢市民センター,北海道岩見沢市栗沢町北本町168-36,1,,,43.121433,141.742777,
840,E0121000020111,万字地区集会所,北海道岩見沢市栗沢町万字英町1-2,1,,,43.138681,141.985524,
841,E0121000021111,茂世丑地区集会所,北海道岩見沢市栗沢町茂世丑309-1,1,,,43.12106776,141.8067193,
842,E0121000022111,由良地区集会所,北海道岩見沢市栗沢町由良419-1,1,,,43.14023771,141.7634839,
843,E0121000004111,東光中学校,北海道岩見沢市五条東14-1-1,1,,,43.21036245,141.7835546,
844,E0121000002111,生涯学習センターいわなび,北海道岩見沢市四条西1-3-4,1,,,43.20290054,141.7662833,
845,E0121000003111,ホテルサンプラザ,北海道岩見沢市四条東1-6-1,1,,,43.20358516,141.7678369,
846,E0121000003121,ホテルサンプラザ,北海道岩見沢市四条東1-6-1,1,,,43.20358516,141.7678369,
847,E0121000023111,志文小学校,北海道岩見沢市志文町161-1,1,,,43.16132392,141.7546435,
848,E0121000024111,清園中学校,北海道岩見沢市志文町927-5,1,,,43.17028736,141.7696165,
849,E0121000005111,中央小学校,北海道岩見沢市七条西16-7-3,1,,,43.193882,141.754619,
850,E0121000025111,光陵中学校,北海道岩見沢市春日町1-10-37,1,,,43.18831813,141.7719902,
851,E0121000026111,メープル小学校,北海道岩見沢市上志文町107-1,1,,,43.15895277,141.806768,
852,E0121000027111,上幌向中学校,北海道岩見沢市上幌向北一条4-745-8,1,,,43.18378031,141.7133156,
853,E0121000028111,朝日コミュニティ交流センター,北海道岩見沢市朝日町176-22,1,,,43.1603267,141.8705931,
854,E0121000030111,東小学校,北海道岩見沢市東町二条7-977-5,1,,,43.22437904,141.794837,
855,E0121000049111,岩見沢小学校,北海道岩見沢市二条東6-2,1,,,43.208054,141.770449,
856,E0121000031111,美園小学校,北海道岩見沢市美園五条4-4-1,1,,,43.18717324,141.7633753,
857,E0121000032111,岩峰地区農地流動化センター,北海道岩見沢市峰延町330-3,1,,,43.26545735,141.7897851,
858,E0121000033111,総合体育館,北海道岩見沢市北三条西12-2-16,1,,,43.20509492,141.7493954,
859,E0121000034111,砂浜地区自治会館,北海道岩見沢市北村砂浜361-12,1,,,43.17193322,141.63767,
860,E0121000035111,北村温泉ホテル,北海道岩見沢市北村赤川156-7,1,,,43.26026388,141.6980732,
861,E0121000036111,北村トレーニングセンター,北海道岩見沢市北村赤川595-1,1,,,43.26084926,141.6975188,
862,E0121000037111,北村小学校,北海道岩見沢市北村中央4725,1,,,43.25807098,141.6904706,
863,E0121000037112,北村中学校,北海道岩見沢市北村中央4725,1,,,43.25861971,141.6922477,
864,E0121000038111,東地区自治会館,北海道岩見沢市北村中小屋524-59,1,,,43.2942027,141.7400559,
865,E0121000039111,美唄達布地区自治会館,北海道岩見沢市北村美唄達布4614,1,,,43.23309106,141.6750128,
866,E0121000040111,豊正地区自治会館,北海道岩見沢市北村豊正778-141,1,,,43.31221799,141.6939344,
867,E0121000041111,幌達布地区自治会館,北海道岩見沢市北村幌達布5180-22,1,,,43.2089905,141.6733167,
868,E0121000051121,ケアハウス岩見沢,北海道岩見沢市北二条西12-4-1,,,,43.203495,141.751373,
869,E0121000042111,幌向総合コミュニティセンター,北海道岩見沢市幌向南一条1-70-5,1,,,43.1522425307556,141.65953672354,
870,E0121000043111,幌向小学校,北海道岩見沢市幌向南二条1-180,1,,,43.15047529,141.6642524,
871,E0121000044111,豊中学校,北海道岩見沢市幌向南二条1-59,1,,,43.15196521,141.6623104,
872,E0121000045111,北真小学校,北海道岩見沢市稔町30-7,1,,,43.21755298,141.7650927,
873,E0121000046111,毛陽交流センター,北海道岩見沢市毛陽町534-11,1,,,43.15258355,141.9383081,
874,E0121000047111,第一小学校,北海道岩見沢市緑町3-7-1,1,,,43.21239653,141.7523534,
875,E0140200001111,第一中学校,北海道岩内町字宮園313-20,1,,,42.97306466,140.5307244,
876,E0140200002111,岩内高等学校,北海道岩内町字宮園43-1,1,,,42.97400807,140.5161179,
877,E0140200004111,岩内町保健センター,北海道岩内町字高台134-1,1,,,42.97977876,140.5151685,
878,E0140200007111,働く婦人の家,北海道岩内町字高台6,1,,,42.9794364,140.5107728,
879,E0140200008111,老人福祉センター,北海道岩内町字清住166,1,,,42.97970781,140.5049827,
880,E0140200009111,いわない西保育所,北海道岩内町字相生12-13,1,,,42.97647733,140.5016303,
881,E0140200010111,東小学校,北海道岩内町字東山130,1,,,42.97904639,140.5271443,
882,E0140200012111,岩内地域人材開発センター,北海道岩内町字東山8-16,1,,,42.98541957,140.5305979,
883,E0140200018111,いわない東保育所,北海道岩内町字東山82-1,1,,,42.98111,140.527924,
884,E0140200014111,岩内地方文化センター,北海道岩内町字万代51-7,1,,,42.98336372,140.5140832,
885,E0140200015111,西小学校,北海道岩内町字野束172-1,1,,,42.97561792,140.4977922,
886,E0140200016111,第二中学校,北海道岩内町字野束41,1,,,42.97135733,140.5040243,
887,E0140200017111,デイサービスセンター,北海道岩内町字野束69-35,1,,,42.96765856,140.5108508,
888,E0139800001111,栄防雪管理棟,北海道喜茂別町字栄113-9,,,,42.81128959,141.0037336,
889,E0139800002111,喜茂別町役場庁舎,北海道喜茂別町字喜茂別123,,,,42.7954384303334,140.934571232488,
890,E0139800003111,ふれあい福祉センター,北海道喜茂別町字喜茂別15-1,,,,42.79738465,140.931984,
891,E0139800005111,きもべつ笑み～な,北海道喜茂別町字喜茂別22-3,,,,42.79800139,140.9353779,
892,E0139800006111,喜茂別中学校,北海道喜茂別町字喜茂別258-1,1,,,42.79796824,140.9377738,
893,E0139800007111,喜茂別町武道館,北海道喜茂別町字喜茂別26-5,,,,42.79874272,140.9337234,
894,E0139800008111,地域振興センターみらい,北海道喜茂別町字喜茂別293-1,,,,42.7955065,140.9391033,
895,E0139800010111,喜茂別小学校,北海道喜茂別町字喜茂別336,1,,,42.79190927,140.9411998,
896,E0139800012111,御園集落センター,北海道喜茂別町字御園21-10,,,,42.74633587,140.9890077,
897,E0139800013111,道の駅「望羊中山」,北海道喜茂別町字川上345,1,,,42.85595658,141.0970821,
898,E0139800014111,双葉克雪管理センター,北海道喜茂別町字双葉24-5,,,,42.74182723,141.0453285,
899,E0139800016111,留産地区基礎集落圏管理棟,北海道喜茂別町字比羅岡13-3,,,,42.80997575,140.8864197,
900,E0139800018111,農村環境改善センター,北海道喜茂別町字伏見264-4,,,,42.79603251,140.9467803,
901,E0139800019121,介護老人福祉施設きもべつ「喜らめきの郷」,北海道喜茂別町字伏見272-1,,,要配慮者,42.79576545,140.9483304,
902,E0139800020121,社会福祉法人愛和福祉会「愛和の里きもべつ」,北海道喜茂別町字伏見3-13,,,要配慮者,42.79465235,140.9469403,
903,E0139800021111,鈴川基幹集落センター,北海道喜茂別町字鈴川25-14,,,,42.76781757,140.9742853,
904,E0139800022111,旧鈴川小学校,北海道喜茂別町字鈴川42-9,1,,,42.76796514,140.9759294,
905,E0139900001121,京極町公民館,北海道京極町字京極160,1,,,42.863346,140.885095,
906,E0139900001111,京極町公民館,北海道京極町字京極160,1,,,42.863346,140.885095,
907,E0140100002111,北電体育館,北海道共和町宮丘184-34,1,,,43.0342739,140.5407446,
908,E0140100006111,東陽小学校,北海道共和町国富20-2,1,,,42.98050423,140.6426383,
909,E0140100009111,小沢地区住民センター,北海道共和町小沢95-256,1,,,42.97028245,140.6786643,
910,E0140100010111,小沢体育館,北海道共和町小沢95-30,1,,,42.96817556,140.6806646,
911,E0140100014111,かかし古里館,北海道共和町南幌似103-13,1,,,42.98012446,140.6051177,
912,E0140100026111,西村計雄記念美術館,北海道共和町南幌似143-2,1,,,42.975277,140.609278,
913,E0140100015111,共和町生涯学習センター,北海道共和町南幌似37-22,1,,,42.9810921,140.6123417,
914,E0140100017121,共和町保健福祉センター,北海道共和町南幌似57-12,1,,,42.97799327,140.6143638,
915,E0140100017111,共和町保健福祉センター,北海道共和町南幌似57-12,1,,,42.97799327,140.6143638,
916,E0140100020111,北辰小学校,北海道共和町発足2900,1,,,43.02312768,140.5554067,
917,E0140100022111,幌似構造改善センター,北海道共和町幌似100-22,1,,,42.99186597,140.6043315,
918,E0140100023111,共和中学校,北海道共和町幌似2119,1,,,42.97701225,140.6239371,
919,E0140100024111,はまなす幼児センター（梨野舞納体育館含む）,北海道共和町梨野舞納330-1,1,,,43.00808164,140.5434169,
920,E0140100025111,西陵小学校,北海道共和町梨野舞納42-3,1,,,42.98321726,140.5423561,
921,E0156100001111,宇津集落センター,北海道興部町字宇津91-1,1,,,44.422824150212,143.02684950341,
922,E0156100003111,興部中学校,北海道興部町字興部104-1,1,,,44.468408962629,143.13340041562,
923,E0156100003121,興部中学校,北海道興部町字興部104-1,1,,要配慮者,44.468408962629,143.13340041562,
924,E0156100004111,北海道興部高等学校,北海道興部町字興部125-1,1,,,44.469894722,143.133972222,
925,E0156100005121,福祉保健総合センター「きらり」,北海道興部町字興部138-1,,,要配慮者,44.470770700141,143.12720740791,
926,E0156100006111,農業者トレーニングセンター,北海道興部町字興部216-3,1,,,44.472278948589,143.11687553879,
927,E0156100007111,興部町中央公民館,北海道興部町字興部222-3,1,,,44.472147,143.117517,
928,E0156100008111,老人福祉センター,北海道興部町字興部230-11,1,,,44.471970577051,143.11620627981,
929,E0156100010111,総合センター,北海道興部町字興部741-37,1,,,44.467162685402,143.12177328766,
930,E0156100011111,興部小学校,北海道興部町字興部745,1,,,44.466026757736,143.12296261667,
931,E0156100016121,沙留公民館,北海道興部町字沙留328-1,1,,要配慮者,44.432981869459,143.22541833624,
932,E0156100016111,沙留小学校,北海道興部町字沙留328-1,1,,,44.434342663232,143.22467849366,
933,E0156100016112,沙留公民館,北海道興部町字沙留328-1,1,,,44.432981869459,143.22541833624,
934,E0156100017111,農業者健康増進施設（沙留トレセン）,北海道興部町字沙留328-6,1,,,44.433272991973,143.22545588717,
935,E0156100019111,沙留西町構造改善センター（沙留西町会館）,北海道興部町字沙留446-9,1,,,44.433659141219,143.21557707536,
936,E0156100022111,秋里集落センター,北海道興部町字秋里763,1,,,44.422787743388,143.10201890405,
937,E0156100023111,住吉老人寿の家,北海道興部町字住吉75-2,1,,,44.404936352095,143.20830601215,
938,E0156100024111,富丘福祉の家,北海道興部町字富丘233,1,,,44.38434823593,143.24050454929,
939,E0156100025111,豊野集落センター,北海道興部町字豊野474-6,1,,,44.431008948393,143.15649817823,
940,E0156100026111,北興研修センター（北興会館）,北海道興部町字北興114-4,1,,,44.457194619359,143.09654402401,
941,E0140000002111,西小学校樺山分校,北海道倶知安町樺山,,,,42.84425817,140.7077478,
942,E0140000002112,サンスポーツランドくっちゃん,北海道倶知安町樺山,,,,42.85625283,140.7037584,
943,E0140000003111,北海道倶知安農業高等学校,北海道倶知安町字旭,1,,,42.89645,140.7393,
944,E0140000012111,克雪センター,北海道倶知安町瑞穂,,,,42.9283458,140.7773356,
945,E0140000013111,総合体育館,北海道倶知安町南３西4,1,,,42.90112489,140.7444222,
946,E0140000014111,倶知安小学校,北海道倶知安町南３東3,1,,,42.89921046,140.75787,
947,E0140000015111,文化福祉センター,北海道倶知安町南３東4,1,,,42.90023692,140.760576,
948,E0140000016121,くっちゃん保育ぬくぬく,北海道倶知安町南３東5,,,,42.8998682872481,140.763437474208,
949,E0140000016111,くっちゃん保育ぬくぬく,北海道倶知安町南３東5,,,,42.8997955885538,140.763429427581,
950,E0140000017111,西小学校,北海道倶知安町南６西3,1,,,42.89629307,140.7464543,
951,E0140000020121,保健福祉会館,北海道倶知安町北３東4,,,,42.9017686979435,140.761175415007,
952,E0140000020111,保健福祉会館,北海道倶知安町北３東4,,,,42.901770662725,140.761073491065,
953,E0140000021111,東小学校,北海道倶知安町北４東9,1,,,42.90503186,140.7712609,
954,E0140000022111,倶知安中学校,北海道倶知安町北５西2,1,,,42.90597752,140.7500231,
955,E0140000023111,北陽小学校,北海道倶知安町北６西2,1,,,42.90779743,140.748408,
956,E0140000026111,倶知安高等学校,北海道倶知安町北７西2,1,,,42.9097150712197,140.749333895492,
957,E0146100041111,スーパーセンターＢＥＳＴＯＭ　中富良野店,北海道空知郡中富良野町字中富良野東１線北17,,,,43.423557,142.444801,想定人数算定基準　２㎡／人
958,E0120600001121,阿寒湖まりむ館,北海道釧路市阿寒町阿寒湖温泉2-6-20,,,,43.4327986,144.0961611,
959,E0120600001111,阿寒湖まりむ館,北海道釧路市阿寒町阿寒湖温泉2-6-20,,,,43.4327986,144.0961611,
960,E0120600002112,マリモ幼稚園,北海道釧路市阿寒町阿寒湖温泉5-5-7,,,,43.43584867,144.0874749,
961,E0120600002111,阿寒湖温泉子供交流館,北海道釧路市阿寒町阿寒湖温泉5-5-7,,,,43.43578138,144.0872966,
962,E0120600003111,阿寒湖畔トレーニングセンター,北海道釧路市阿寒町阿寒湖温泉5-7-1,,,,43.43675255,144.0844445,
963,E0120600004111,阿寒湖義務教育学校,北海道釧路市阿寒町阿寒湖温泉6-4-1,,,,43.43904578,144.0797646,
964,E0120600005111,旭町寿の家,北海道釧路市阿寒町旭町2-3-20,,,,43.09798894,144.1200547,
965,E0120600006111,道の駅阿寒丹頂の里（赤いベレー・クレインズテラス）,北海道釧路市阿寒町上阿寒２３線36,,,,43.14441309,144.1450496,
966,E0120600007111,タンチョウの家,北海道釧路市阿寒町上阿寒２５線37,,,,43.155215,144.150776,
967,E0120600283111,仁々志別多目的センター,北海道釧路市阿寒町仁々志別３２線89,,,,43.17411783,144.2228689,
968,E0120600009111,西徹別多目的研修集会所,北海道釧路市阿寒町西徹別３９線17,,,,43.22263517,144.1147624,
969,E0120600010111,阿寒町行政センター,北海道釧路市阿寒町中央1-4-1,1,,,43.1129182,144.1236339,
970,E0120600011111,阿寒町スポーツセンター,北海道釧路市阿寒町中央1-6-1,1,,,43.11380873,144.123102,
971,E0120600012111,保健・福祉サービス複合施設（ひだまり）,北海道釧路市阿寒町中央1-7-12,,,,43.11222323,144.1220778,
972,E0120600014121,阿寒町公民館,北海道釧路市阿寒町中央2-4-1,,,,43.11530045,144.1237459,
973,E0120600014111,阿寒町公民館,北海道釧路市阿寒町中央2-4-1,,,,43.11530045,144.1237459,
974,E0120600015111,橋南センター,北海道釧路市阿寒町仲町2-6,,,,43.10304026,144.1185311,
975,E0120600284111,北海道阿寒高等学校,北海道釧路市阿寒町仲町2-7-1,,,,43.104061,144.115462,
976,E0120600016111,徹別多目的センター,北海道釧路市阿寒町徹別中央３４線41,,,,43.20020875,144.146186,
977,E0120600018111,阿寒小学校,北海道釧路市阿寒町富士見1-17-1,,,,43.10634716,144.1266177,
978,E0120600019111,布伏内コミュニティセンター,北海道釧路市阿寒町布伏内２２線北51,,,,43.17841143,144.0956181,
979,E0120600020111,上徹別福祉会館,北海道釧路市阿寒町飽別５１線24,,,,43.279519,144.107789,
980,E0120600021111,北会館,北海道釧路市阿寒町北新町2-1-2,,,,43.11771707,144.1278689,
981,E0120600023111,阿寒中学校,北海道釧路市阿寒町北新町2-4-1,,,,43.11838708,144.1255761,
982,E0120600024121,中部地区コミュニティセンター（コアかがやき）,北海道釧路市愛国191-5511,1,,,43.02506854,144.3984614,
983,E0120600024111,中部地区コミュニティセンター（コアかがやき）,北海道釧路市愛国191-5511,1,,,43.02506854,144.3984614,
984,E0120600027111,愛国小学校,北海道釧路市愛国西1-25-3,,,,43.01222699,144.3863685,
985,E0120600029111,明輝高等学校,北海道釧路市愛国西1-38-7,,,,43.01495629,144.3858544,
986,E0120600030111,愛国児童センター,北海道釧路市愛国西3-24-8,,,,43.01586699,144.3809612,
987,E0120600031111,愛国東会館,北海道釧路市愛国東2-1-15,,,,43.00541972,144.3917171,
988,E0120600032111,愛国会館,北海道釧路市愛国東4-2-8,,,,43.0089737,144.3847145,
989,E0120600034111,総合福祉センター,北海道釧路市旭町12-3,,,,42.98509419,144.3911148,
990,E0120600036111,芦野小学校,北海道釧路市芦野1-13-1,,,,43.01132067,144.3996806,
991,E0120600037111,中部子育て支援拠点センター,北海道釧路市芦野3-10-9,,,,43.015350098276,144.40335269166,
992,E0120600038112,芦野会館,北海道釧路市芦野3-29-5,,,,43.01564302,144.3982689,
993,E0120600038111,芦野児童センター,北海道釧路市芦野3-29-5,,,,43.015481,144.398592,
994,E0120600040111,釧路公立大学,北海道釧路市芦野4-1-1,,,,43.01826943,144.396103,
995,E0120600041111,釧路自動車学校,北海道釧路市芦野5-12-1,,,,43.01381127,144.3898632,
996,E0120600043111,釧路小学校,北海道釧路市浦見2-2-38,,,,42.97635323,144.3839649,
997,E0120600045111,東部地区コミュニティセンター（コア大空）,北海道釧路市益浦1-20-20,,,,42.95588216,144.4315079,
998,E0120600045121,東部地区コミュニティセンター（コア大空）,北海道釧路市益浦1-20-20,,,,42.95588216,144.4315079,
999,E0120600047111,体験学習センター,北海道釧路市音別町音別原野基線138-46,,,,42.97242118,143.8763446,
1000,E0120600048111,川西会館,北海道釧路市音別町音別原野西２線30,,,,42.91137086,143.9263951,
1001,E0120600049111,林業研修センター,北海道釧路市音別町共栄1-1,,,,42.90694138,143.9352409,
1002,E0120600052111,尺別中央会館,北海道釧路市音別町尺別原野基線41-5,1,,,42.89215163,143.871284,
1003,E0120600053111,おんべつ学園,北海道釧路市音別町川東1-200-1,1,,,42.89871951,143.9331328,
1004,E0120600053121,おんべつ学園,北海道釧路市音別町川東1-200-1,1,,,42.89871951,143.9331328,
1005,E0166800081121,特別養護老人ホームえぞりんどうの里,北海道釧路市音別町中園1,,,42,42.893581,143.928731,
1006,E0120600054111,音別町行政センター,北海道釧路市音別町中園1-134,,,,42.8926139,143.9332283,
1007,E0120600055111,音別町コミュニティセンター,北海道釧路市音別町中園1-78,1,,,42.89506223,143.9324484,
1008,E0120600056111,旧音別小学校,北海道釧路市音別町中園2-1,,,,42.89343478,143.9258426,
1009,E0166800001121,特別養護老人ホームえぞりんどうの里,北海道釧路市音別町中園2-118-5,,,,42.8936992939024,143.928800313743,
1010,E0120600057121,音別町福祉保健センター（ほほえみ）,北海道釧路市音別町中園2-119-1,,,,42.89347466,143.9304524,
1011,E0120600057111,音別町福祉保健センター（ほほえみ）,北海道釧路市音別町中園2-119-1,,,,42.89347466,143.9304524,
1012,E0120600058111,音別義務教育学校,北海道釧路市音別町中園2-2,,,,42.89479364,143.9263813,
1013,E0120600060111,光和会館,北海道釧路市音別町中音別294-4,,,,42.91906177,143.936516,
1014,E0120600061111,拓北会館,北海道釧路市音別町中音別445-1,1,,,42.94664459,143.9261666,
1015,E0120600063111,大塚体育館,北海道釧路市音別町朝日1-13,1,,,42.892455644237,143.93802080709,
1016,E0120600064112,音別町文化会館,北海道釧路市音別町朝日2-81,,,,42.89179463,143.9355669,
1017,E0120600064111,森林体験交流センター,北海道釧路市音別町朝日2-81,,,,42.89248437,143.9343018,
1018,E0120600065111,直別生活館,北海道釧路市音別町直別原野基線13-3,,,,42.8546646,143.8576255,
1019,E0120600067111,共栄中学校,北海道釧路市花園町9-40,1,,,43.00160003,144.3858521,
1020,E0120600068111,緑ヶ岡・貝塚ふれあいセンター,北海道釧路市貝塚1-7-15,,,,42.992346935144,144.41037769893,
1021,E0120600069111,北中学校,北海道釧路市喜多町1-23,1,,,42.9951327,144.3730471,
1022,E0120600287111,釧路刑務支所道場（樹徳館）　１階,北海道釧路市宮本1-4-18,1,,,42.974119,144.386259,
1023,E0120600071111,宮本会館,北海道釧路市宮本2-12-7,,,,42.97279462,144.3860494,
1024,E0120600073111,はまなす会館,北海道釧路市興津2-17-22,,,,42.96240084,144.4142488,
1025,E0120600074111,興津小学校,北海道釧路市興津3-10-13,,,,42.9582605,144.4169512,
1026,E0120600075111,釧路養護学校,北海道釧路市暁町11-1,,,,43.00762834,144.374822,
1027,E0120600076111,フィッシャーマンズワーフＭＯＯ,北海道釧路市錦町2-4,1,,,42.98175325,144.3830793,
1028,E0120600080111,潮音寺,北海道釧路市桂恋130,,,,42.94875558,144.4481365,
1029,E0120600083111,光陽小学校,北海道釧路市光陽町15-17,1,,,43.00211668,144.3924828,
1030,E0120600084111,江南高等学校,北海道釧路市光陽町24-17,1,,,43.00476499,144.3897082,
1031,E0120600085111,釧路地方合同庁舎,北海道釧路市幸町10-3,1,,,42.98630806,144.3778286,
1032,E0120600088111,交流プラザさいわい,北海道釧路市幸町9-1,,,,42.98597581,144.3800857,
1033,E0120600089111,ウィンドヒルくしろスーパーアリーナ（湿原の風アリーナ釧路）,北海道釧路市広里18,1,,,43.02755678,144.418607,
1034,E0120600090111,釧路広域連合清掃工場,北海道釧路市高山30-1,1,,,42.95780066,144.472548,
1035,E0120600092111,市役所本庁舎,北海道釧路市黒金町7-5,1,,,42.98499413,144.3820709,
1036,E0120600093111,市役所防災庁舎,北海道釧路市黒金町8-2,1,,,42.98547391,144.3812645,
1037,E0120600094111,材木南町内会集会場,北海道釧路市材木町1-15,,,,42.98519813,144.396113,
1038,E0120600095111,桜が丘小学校,北海道釧路市桜ケ岡2-4-22,,,,42.96665223,144.4174068,
1039,E0120600097111,桜ケ岡中央会館,北海道釧路市桜ケ岡4-3-28,,,,42.96500495,144.4245628,
1040,E0120600098111,朝陽小学校,北海道釧路市桜ケ岡5-3-52,,,,42.96346183,144.430293,
1041,E0120600099111,桜が丘中学校,北海道釧路市桜ケ岡6-27-12,1,,,42.96242508,144.4345464,
1042,E0120600100111,北海道教育大学附属釧路義務教育学校（後期課程）,北海道釧路市桜ケ岡7-12-2,,,,42.96288108,144.4432975,
1043,E0120600101111,北海道教育大学附属釧路義務教育学校（前期課程）,北海道釧路市桜ケ岡7-12-48,,,,42.96341942,144.4414638,
1044,E0120600102111,農業者トレーニングセンター,北海道釧路市桜田83-1,,,,43.08134749,144.1724921,
1045,E0120600103111,第２三津浦会館,北海道釧路市三津浦27,,,,42.94298474,144.4772192,
1046,E0120600104111,山花温泉リフレ,北海道釧路市山花１４線131,1,,,43.078953040484,144.23047733339,
1047,E0120600105111,山花小中学校,北海道釧路市山花１４線132,1,,,43.07648701,144.2324638,
1048,E0120600106111,市民文化会館,北海道釧路市治水町12-10,1,,,43.01010727,144.3725793,
1049,E0120600107111,宗仙寺,北海道釧路市治水町9-22,,,,43.00824767,144.3689543,
1050,E0120600108111,鉄北中央会館,北海道釧路市若松町11-14,,,,42.99351122,144.3841735,
1051,E0120600111111,中央小学校,北海道釧路市寿1-2-16,,,,42.9908454,144.3758352,
1052,E0120600112111,寿生活館,北海道釧路市寿2-4-10,,,,42.98977897,144.3728284,
1053,E0120600114121,児童発達支援センター,北海道釧路市住吉2-12-37,1,,,42.97688144,144.3946715,
1054,E0120600114111,児童発達支援センター,北海道釧路市住吉2-12-37,1,,,42.97688144,144.3946715,
1055,E0120600115111,幣舞中学校,北海道釧路市春湖台1-3,1,,,42.97555137,144.4011942,
1056,E0120600117111,春採生活館,北海道釧路市春採1-12-22,,,,42.96938054,144.4013747,
1057,E0120600119111,望洋児童センター,北海道釧路市春採4-10-16,,,,42.96827001,144.4105001,
1058,E0120600122111,春採中学校,北海道釧路市春採5-1-19,,,,42.97043603,144.4130757,
1059,E0120600123111,春中前町内会館,北海道釧路市春採6-8-31,,,,42.969257,144.414999,
1060,E0120600125111,昭和小学校,北海道釧路市昭和中央3-12-2,,,,43.02124368,144.3638505,
1061,E0120600127111,昭和中央児童センター,北海道釧路市昭和中央4-7-1,,,,43.02304228,144.3575664,
1062,E0120600128111,商業高等学校,北海道釧路市昭和中央5-10-1,1,,,43.02597794,144.355475,
1063,E0120600130111,鳥取中学校,北海道釧路市昭和町2-5-53,,,,43.01411196,144.3663332,
1064,E0120600131111,昭和児童センター,北海道釧路市昭和町3-2-1,,,,43.01433634,144.362313,
1065,E0120600132111,昭和会館,北海道釧路市昭和町4-8-10,,,,43.01826467,144.3631815,
1066,E0120600133111,昭園会館,北海道釧路市昭和南6-19-8,,,,43.02361507,144.3452723,
1067,E0120600134111,昭和北会館,北海道釧路市昭和北3-26-16,,,,43.02957328,144.3620816,
1068,E0120600135111,城山会館,北海道釧路市城山1-12-13,,,,42.983325503908,144.39692800812,
1069,E0120600137111,城山小学校,北海道釧路市城山1-14-35,,,,42.98302825,144.3980791,
1070,E0120600139111,教育大学釧路校,北海道釧路市城山1-15-55,,,,42.981324964674,144.39848546493,
1071,E0120600140111,新橋会館,北海道釧路市新橋大通2-2-15,,,,43.00364885,144.3777175,
1072,E0120600141111,青葉小学校,北海道釧路市新川町3-7,1,,,43.00216078,144.3755149,
1073,E0120600142111,新陽小学校,北海道釧路市新富士町4-6,1,,,43.00510039,144.347259,
1074,E0120600145111,星が浦会館,北海道釧路市星が浦大通2-7-22,,,,43.01623783,144.3223427,
1075,E0120600301111,鶴野児童センター,北海道釧路市星が浦北3-1-30,,,,43.01846828,144.3177077,
1076,E0120600149111,星が浦老人福祉センター（星鶴荘）,北海道釧路市星が浦北3-1-35,,,,43.01779398,144.317619,
1077,E0120600152111,千歳会館,北海道釧路市千歳町3-13,,,,42.97630154,144.397483,
1078,E0120600155111,身体障害者福祉センター,北海道釧路市川北町4-17,,,,42.99180204,144.3926052,
1079,E0120600158111,共栄小学校,北海道釧路市双葉町4-17,1,,,42.99607296,144.3911764,
1080,E0120600160111,大楽毛学園,北海道釧路市大楽毛1-10-1,,,,43.01184013,144.297026,
1081,E0120600161111,大楽毛西会館,北海道釧路市大楽毛131-12,,,,43.01406716,144.2596334,
1082,E0120600167111,工業高等専門学校,北海道釧路市大楽毛西2-32-1,,,,43.0159542,144.2608672,
1083,E0120600168111,北海道立釧路高等技術専門学院,北海道釧路市大楽毛南1-2-51,1,,,43.00880819,144.2971686,
1084,E0120600169111,ポリテクセンター釧路（職業能力開発促進センター）,北海道釧路市大楽毛南4-5-57,1,,,43.00792753,144.2757332,
1085,E0120600170111,大星会館,北海道釧路市大楽毛北1-1-10,,,,43.01236397,144.2997311,
1086,E0120600172111,大川町老人福祉センター（橋南荘）,北海道釧路市大川町3-36,,,,42.98054355,144.3883548,
1087,E0120600173111,米町児童センター,北海道釧路市知人町4-37,1,,,42.97357164,144.374166,
1088,E0120600174111,鳥取東会館,北海道釧路市鳥取大通1-3-8,,,,43.00878657,144.3638393,
1089,E0120600179111,サン・アビリティーズくしろ,北海道釧路市鳥取南7-2-20,,,,43.014028831849,144.33921479027,
1090,E0120600180111,鳥取南会館,北海道釧路市鳥取南7-2-8,,,,43.01272919,144.3363052,
1091,E0120600182111,鳥取小学校,北海道釧路市鳥取北3-13-24,,,,43.01637526,144.3562764,
1092,E0120600183111,鳥取北会館,北海道釧路市鳥取北4-10-16,,,,43.0161292,144.3532177,
1093,E0120600184111,第３老人福祉センター（鶴風荘）,北海道釧路市鳥取北4-21-2,,,,43.01682527,144.3500219,
1094,E0120600185111,西部子育て支援拠点センター,北海道釧路市鳥取北4-21-8,,,,43.017023503406,144.34981011978,
1095,E0120600187111,鳥取西小学校,北海道釧路市鳥取北7-5-5,,,,43.01899916,144.3403302,
1096,E0120600189111,鳥取コミュニティセンター（コア鳥取）,北海道釧路市鳥取北8-3-10,,,,43.01950374,144.3366783,
1097,E0120600189121,鳥取コミュニティセンター（コア鳥取）,北海道釧路市鳥取北8-3-10,,,,43.01950374,144.3366783,
1098,E0120600191111,鳥取西中学校,北海道釧路市鳥取北9-7-1,,,,43.02069917,144.334398,
1099,E0120600192111,鶴ヶ岱武道館,北海道釧路市鶴ケ岱1-10-35,,,,42.979797845326,144.39675182778,
1100,E0120600193111,鶴ヶ岱児童センター,北海道釧路市鶴ケ岱1-9-7,,,,42.978098026671,144.39755085505,
1101,E0120600195111,工業高等学校,北海道釧路市鶴ケ岱3-5-1,,,,42.98076478,144.4066301,
1102,E0120600196111,釧路空港ビル,北海道釧路市鶴丘2,1,,,43.04532559,144.1962453,
1103,E0120600197111,中鶴野会館,北海道釧路市鶴野58-3062,,,,43.02967904,144.3138203,
1104,E0120600198111,鶴野小学校,北海道釧路市鶴野58-5157,,,,43.02459256,144.3169341,
1105,E0120600201111,弘宣寺,北海道釧路市鶴野東1-4-16,,,,43.021311,144.3270513,
1106,E0120600202111,景雲中学校,北海道釧路市東川町16-1,1,,,43.01121176,144.3767078,
1107,E0120600203111,橋南西会館,北海道釧路市南大通2-1-111,,,,42.978664,144.383199,
1108,E0120600205111,市消防本部,北海道釧路市南浜町4-8,,,,42.98347211,144.3737028,
1109,E0120600206111,釧路港湾合同庁舎,北海道釧路市南浜町5-9,,,,42.98316496,144.374564,
1110,E0120600207111,白樺ふれあい交流センター,北海道釧路市白樺台2-1-1,,,,42.96085851,144.4422519,
1111,E0120600209111,東雲小学校,北海道釧路市白樺台3-19-24,,,,42.9607555,144.4506513,
1112,E0120600210111,美原会館,北海道釧路市美原4-1-17,,,,43.02163541,144.4062466,
1113,E0120600212111,美原小学校,北海道釧路市美原4-2-38,,,,43.02251466,144.407185,
1114,E0120600213111,美原老人福祉センター（美原荘）,北海道釧路市美原4-3-1,,,,43.02156611,144.4076042,
1115,E0120600214111,美原児童センター,北海道釧路市美原4-5-33,,,,43.02411292,144.4032492,
1116,E0120600216111,美原中学校,北海道釧路市美原4-7-1,,,,43.02343378,144.4060837,
1117,E0120600220111,富士見会館,北海道釧路市富士見3-2-1,,,,42.97652474,144.3918164,
1118,E0120600221111,春採下町会館,北海道釧路市武佐1-3-25,,,,42.97608994,144.4238237,
1119,E0120600223112,湖畔小学校,北海道釧路市武佐2-27-16,,,,42.98153044,144.428058,
1120,E0120600223111,武佐児童センター,北海道釧路市武佐2-27-16,,,,42.98146291,144.4266613,
1121,E0120600224111,第２武佐児童センター,北海道釧路市武佐3-47-33,,,,42.98898941,144.4221085,
1122,E0120600225111,武佐会館,北海道釧路市武佐4-26-6,,,,42.98788797,144.4290367,
1123,E0120600228111,武佐小学校,北海道釧路市武佐4-3-42,,,,42.98948461,144.4231014,
1124,E0120600227111,武佐老人福祉センター（平成荘）,北海道釧路市武佐4-30-11,,,,42.98500977,144.4300332,
1125,E0120600229111,武修館高等学校（中学校含む）,北海道釧路市武佐5-9-1,,,,42.97573169,144.4345835,
1126,E0120600230111,文苑会館,北海道釧路市文苑1-31-13,,,,43.01995367,144.3867696,
1127,E0120600231121,生涯学習センター,北海道釧路市幣舞町4-28,1,,,42.97800059,144.3862373,
1128,E0120600231111,生涯学習センター,北海道釧路市幣舞町4-28,1,,,42.97800059,144.3862373,
1129,E0120600232111,大成寺,北海道釧路市米町2-2-6,,,,42.9699371,144.374644,
1130,E0120600233111,定光寺,北海道釧路市米町3-2-3,,,,42.9699967,144.3754115,
1131,E0120600234111,高齢者生きがい交流プラザ（プラザよねまち）,北海道釧路市米町4-3-16,1,,,42.96912759,144.3797085,
1132,E0120600236111,豊川会館,北海道釧路市豊川町16-16,,,,43.00877326,144.3822744,
1133,E0120600239111,立正佼成会釧路教会,北海道釧路市堀川町8-21,,,,42.99933359,144.3918108,
1134,E0120600241111,旧東栄小学校,北海道釧路市弥生2-1-33,,,,42.97330572,144.379971,
1135,E0120600242111,柳町スピードスケート場,北海道釧路市柳町1-1,1,,,43.00288226,144.3826086,
1136,E0120600243111,柳町老人福祉センター（鉄北荘）,北海道釧路市柳町1-46,,,,43.00311055,144.3845268,
1137,E0120600244111,釧路短期大学,北海道釧路市緑ケ岡1-10-42,,,,42.98689895,144.4077867,
1138,E0120600245111,北陽高等学校,北海道釧路市緑ケ岡1-11-8,,,,42.98479777,144.4038594,
1139,E0120600246111,緑ヶ岡コミュニティ消防センター,北海道釧路市緑ケ岡1-21-1,,,,42.984646458735,144.40699925249,
1140,E0120600247111,第１福ちゃん保育園,北海道釧路市緑ケ岡2-27-2,,,,42.98988909,144.4071347,
1141,E0120600249111,労働者福祉センター（サンライフ釧路）,北海道釧路市緑ケ岡3-1-11,,,,42.9867292,144.4090454,
1142,E0120600250111,湖陵高等学校,北海道釧路市緑ケ岡3-1-31,,,,42.98205245,144.4099026,
1143,E0120600252111,清明小学校,北海道釧路市緑ケ岡4-8-7,1,,,42.99004558,144.4111537,
1144,E0120600253111,釧路ひばり幼稚園,北海道釧路市緑ケ岡5-20-15,,,,42.98105205,144.4153411,
1145,E0120600254111,緑ヶ岡南会館,北海道釧路市緑ケ岡5-4-27,,,,42.980937284762,144.41279836651,
1146,E0120600256111,青陵中学校,北海道釧路市緑ケ岡6-9-42,,,,42.98878105,144.4161161,
1147,E0166100002111,床丹地区会館,北海道釧路町わらび3-1,,,,43.02924526,144.4555481,
1148,E0166100001112,とおや交流館１０８,北海道釧路町トリトウシ88-312,,,,43.05006659,144.4575613,
1149,E0166100001111,釧路東部消防組合釧路消防署遠矢支署,北海道釧路町トリトウシ88-312,,,,43.0496770720873,144.457403332339,
1150,E0166100003111,東遠野ふれあいセンター,北海道釧路町遠野原野西２線57-1,,,,43.04793355,144.4986372,
1151,E0166100004111,釧路町公民館,北海道釧路町河畔7-52-1,1,,,43.03825656,144.4558246,
1152,E0166100005111,河畔地区会館,北海道釧路町河畔8-22,,,,43.03803591,144.4543046,
1153,E0166100006111,富原大通会館,北海道釧路町雁来1-31,,,,43.01688742,144.419092,
1154,E0166100007111,桂地区会館,北海道釧路町桂5-1,,,,43.00759159,144.403352,
1155,E0166100009121,サービス付高齢者向け住宅　昴宿,北海道釧路町桂木5-17,,,,43.0117589319719,144.406196075397,
1156,E0166100010111,つくし保育所,北海道釧路町光和3-10,1,,,43.00488347,144.4017344,
1157,E0166100012111,昆布森小学校,北海道釧路町昆布森3-106,,,,42.95466935,144.5333412,
1158,E0166100013111,昆布森中学校,北海道釧路町昆布森3-110-7,,,,42.95331505,144.5363675,
1159,E0166100015111,釧路町漁民センター,北海道釧路町昆布森3-22-1,,,,42.95411921,144.5315755,
1160,E0166100016111,達古武地区会館,北海道釧路町字達古武49-1,,,,43.09623671,144.5066057,
1161,E0166100071112,別保東町内会館,北海道釧路町字別保122-163,,,,43.008221,144.481325,
1162,E0166100070121,特別養護老人ホーム　釧路町釧望やすらぎの郷,北海道釧路町字別保原野南２０線53-9,,,,43.019955,144.447403,
1163,E0166100078111,釧路町防災交流センター　まもりーふ,北海道釧路町若葉1-28-3,1,,,43.005478,144.417206,
1164,E0166100020121,グル－プホ－ム　めぐみ野,北海道釧路町曙1-2-14,,,,43.0140843311909,144.407357441796,
1165,E0166100021111,生活協同組合コープさっぽろ曙店組合員会館,北海道釧路町曙3-11-1,,,,43.0158343291225,144.408745973545,
1166,E0166100022111,曙地区会館,北海道釧路町曙3-11-6,,,,43.01588927,144.4098435,
1167,E0166100023111,上別保ふれあいセンター,北海道釧路町上別保原野東５線,,,,43.01128229,144.5151471,
1168,E0166100072111,誉会館,北海道釧路町新開4-2,,,,43.003467,144.404829,
1169,E0166100025111,海鳴り仙鳳趾館,北海道釧路町仙鳳趾村59,1,,,42.98288037,144.7197317,
1170,E0166100026111,知方学小学校,北海道釧路町仙鳳趾村字知方学41,1,,,42.9387037,144.7343739,
1171,E0166100027111,老者舞地区会館,北海道釧路町仙鳳趾村字老者舞28-2,,,,42.93759913,144.7185296,
1172,E0166100028111,宿徳内会館,北海道釧路町大字昆布森村字宿徳内36-3,,,,42.94732001,144.5038337,
1173,E0166100029111,城山会館,北海道釧路町大字昆布森村字城山アチョロベツ59-2,,,,42.95043173,144.5126146,
1174,E0166100034111,又飯時協洋会館,北海道釧路町大字昆布森村字又飯時35-2,,,,42.94207661,144.494026,
1175,E0166100035111,浦雲泊会館,北海道釧路町大字跡永賀村字浦雲泊44-4,,,,42.95261028,144.612705,
1176,E0166100037111,汐見集会所,北海道釧路町大字仙鳳趾村字入境学51,,,,42.940828,144.679647,
1177,E0166100039121,サービス付高齢者向け住宅　リビング　そよかぜ,北海道釧路町中央4-1-1,,,,43.0051979626634,144.42298813822,
1178,E0166100041111,天寧コミュニティセンター,北海道釧路町中央9-12,1,,,43.01327961,144.4413489,
1179,E0166100043111,遠矢中学校,北海道釧路町鳥通西6-1,1,,,43.05389563,144.4625453,
1180,E0166100044111,鳥通地区会館,北海道釧路町鳥通東5-33,,,,43.06205622,144.4709743,
1181,E0166100045121,あいけあガーデン東陽,北海道釧路町東陽西1-25-6,,,,42.9987440960508,144.431960448413,
1182,E0166100046111,釧路町保健福祉センター,北海道釧路町東陽大通西1-1-1,1,,,42.99715194,144.4350721,
1183,E0166100047111,釧路東部消防組合釧路消防署,北海道釧路町東陽大通西3-3-3,1,,,42.997734,144.432053,
1184,E0166100048111,遠矢小学校,北海道釧路町南陽台10-1,1,,,43.04224887,144.4674203,
1185,E0166100049111,柏地区会館,北海道釧路町柏西1-42,,,,43.04057809,144.4671882,
1186,E0166100050113,富原小学校,北海道釧路町富原2,1,,,43.01513877,144.4175066,
1187,E0166100050112,富原中学校,北海道釧路町富原2,1,,,43.01448202,144.4183979,
1188,E0166100050111,学校給食センター,北海道釧路町富原2,1,,,43.0150954347717,144.418056772815,
1189,E0166100051111,釧路東高等学校,北海道釧路町富原3-1,1,,,43.01247329,144.4172196,
1190,E0166100053111,釧路町役場,北海道釧路町別保1-1,,,,42.99601203,144.4660842,
1191,E0166100052111,別保小学校,北海道釧路町別保10-24-1,,,,42.98936497,144.4763409,
1192,E0166100054111,栄町団地集会所,北海道釧路町別保5-14,,,,42.99277448,144.465617,
1193,E0166100055111,日の出会館,北海道釧路町別保8-28,,,,42.99144588,144.4783787,
1194,E0166100056121,グループホーム・デイサービス　はなしのぶ,北海道釧路町別保9-28,,,,42.9887298237951,144.478380434852,
1195,E0166100069122,Ｖｉｌｌａｇｅ　ＡＳＨＩＨＡＲＡ　あしはらの杜,北海道釧路町別保原野南２３線104-1,,,,43.011426,144.423265,
1196,E0166100059111,釧路町温水プール,北海道釧路町別保原野南２３線105-2,1,,,43.0124996795624,144.42184736309,
1197,E0166100061111,双河辺生活館,北海道釧路町別保南1-97,,,,42.98245665,144.4816308,
1198,E0166100062111,別保中学校,北海道釧路町別保南2-44-1,,,,42.981713,144.481078,
1199,E0166100073111,北見団地地区会館,北海道釧路町北見団地4-64,,,,43.000893,144.408197,
1200,E0166100064111,北都地区会館,北海道釧路町北都1-8-2,,,,43.01627633,144.4154965,
1201,E0166100065121,介護老人保健施設　ナーシングホーム　コスモス,北海道釧路町睦2-1-10,,,,43.0112644305955,144.411809441634,
1202,E0166100066121,介護付有料老人ホ－ム　はまなす睦館,北海道釧路町睦2-1-6,,,,43.0119136932784,144.412244953707,
1203,E0166100067121,特定施設入居者生活介護　カ－サクオリス,北海道釧路町木場1-10-3,,,,43.0062913942111,144.407447407076,
1204,E0166100074111,釧路町コミュニティセンター,北海道釧路町木場1-2-1,,,,43.006138,144.405386,
1205,E0142900001111,角田農村環境改善センター,北海道栗山町角田157-1,1,,,43.0300534916873,141.806025624955,
1206,E0142900002111,角田小学校,北海道栗山町角田17,1,,,43.0316494573244,141.809422577289,
1207,E0142900004111,ふるさといきものの里オオムラサキ館,北海道栗山町桜丘2-38-5,1,,,43.064818139792,141.781367575494,
1208,E0142900005111,円山地域文化センター,北海道栗山町字円山139-1,1,,,42.9495677080154,141.878654145185,
1209,E0142900006111,南部公民館,北海道栗山町字継立176-8,1,,,43.0236930392232,141.858979203794,
1210,E0142900007111,継立小学校,北海道栗山町字継立191-1,1,,,43.0168678836063,141.861455111383,
1211,E0142900009111,中里団地集会所,北海道栗山町字中里25-34,1,,,43.0504834597464,141.787896883056,
1212,E0142900010111,栗山高等学校,北海道栗山町字中里64-18,1,,,43.0503490522237,141.796373651152,
1213,E0142900011111,北海道介護福祉学校,北海道栗山町字湯地60,1,,,43.0602866755876,141.806872281191,
1214,E0142900012111,栗山中学校,北海道栗山町字湯地60-9,1,,,43.0574908634948,141.803974315932,
1215,E0142900016111,ふじ団地集会所,北海道栗山町字富士8-6,1,,,43.0501850420243,141.783834862292,
1216,E0142900018111,カルチャープラザ「Ｅｋｉ」,北海道栗山町中央2-1,1,,,43.059001707574,141.776068059436,
1217,E0142900020111,スポーツセンター,北海道栗山町中央3-310,1,,,43.0570961204704,141.782666841462,
1218,E0142900021111,栗山小学校,北海道栗山町中央3-311-1,1,,,43.0554511254508,141.781911011945,
1219,E0142900022111,児童センター,北海道栗山町中央4-86,1,,,43.0545844945889,141.781138365328,
1220,E0142900023111,総合福祉センター「しゃるる」,北海道栗山町朝日4-9-36,1,,,43.0548692948708,141.795628307821,
1221,E0154900001111,訓子府町子育て支援センター,北海道訓子府町旭町71,,,,43.72585391,143.7400829,
1222,E0154900002111,訓子府町認定こども園,北海道訓子府町旭町75,1,,,43.72538962,143.7406709,
1223,E0154900003111,訓子府町児童センター,北海道訓子府町栄町147,1,,,43.72344549,143.736029,
1224,E0154900004111,農業交流センター,北海道訓子府町元町92,,,,43.72877942,143.738494,
1225,E0154900005111,開盛公民館,北海道訓子府町字開盛52,,,,43.70980893,143.7268115,
1226,E0154900006111,協成公民館,北海道訓子府町字協成78-1,,,,43.69958436,143.7325848,
1227,E0154900007111,駒里公民館,北海道訓子府町字駒里34-6,,,,43.74646582,143.6969355,
1228,E0154900008111,北栄集会所,北海道訓子府町字駒里69-1,,,,43.74231808,143.6835665,
1229,E0154900009111,高園公館,北海道訓子府町字高園194-5,,,,43.7443194,143.7314389,
1230,E0154900010111,実郷会館,北海道訓子府町字実郷76-8,,,,43.72017358,143.7523233,
1231,E0154900011111,常盤公民館,北海道訓子府町字常盤14-6,,,,43.68565995,143.6995627,
1232,E0154900012111,清住会館,北海道訓子府町字清住326-2,,,,43.71743886,143.7110027,
1233,E0154900013111,西富会館,北海道訓子府町字西富375-2,,,,43.72707718,143.7093091,
1234,E0154900014111,居武士小学校,北海道訓子府町字大谷5-2,1,,,43.72871013,143.789367,
1235,E0154900015111,日ノ出地区ふれあいセンター,北海道訓子府町字日出28-83,1,,,43.73703769,143.7874945,
1236,E0154900016111,柏丘公館,北海道訓子府町字柏丘57-2,,,,43.74611563,143.7633489,
1237,E0154900017111,福野地域集会所,北海道訓子府町字福野234,,,,43.77335883,143.756296,
1238,E0154900018111,穂波会館,北海道訓子府町字穂波293-3,,,,43.73080448,143.7649475,
1239,E0154900019111,豊坂公民館,北海道訓子府町字豊坂102-1,,,,43.70096187,143.6919351,
1240,E0154900020111,弥生公民館,北海道訓子府町字弥生166-7,,,,43.7733758,143.7300032,
1241,E0154900021111,緑丘生活館,北海道訓子府町字緑丘87-2,,,,43.70035811,143.755124,
1242,E0154900022111,西地域集会所（勤労者福祉会館）,北海道訓子府町大町167-1,,,,43.72855925,143.7349468,
1243,E0154900023111,長寿会館,北海道訓子府町仲町55,,,,43.72539237,143.737425,
1244,E0154900026111,訓子府小学校,北海道訓子府町仲町65-1,,,,43.72413686,143.7377137,
1245,E0154900028111,訓子府高等学校,北海道訓子府町東幸町157,,,,43.73252511,143.7402103,
1246,E0154900030111,鉄北地域集会所,北海道訓子府町東幸町38,,,,43.73188875,143.7374111,
1247,E0154900031121,訓子府町総合福祉センター,北海道訓子府町東町398,,,要配慮者,43.72525897,143.7414946,
1248,E0154900032111,訓子府町スポーツセンター,北海道訓子府町東町400,1,,,43.725896,143.743336,
1249,E0154900032112,訓子府町公民館,北海道訓子府町東町400,1,,,43.72559023,143.7425253,
1250,E0154900033111,訓子府中学校,北海道訓子府町東町410,,,,43.72438001,143.7429194,
1251,E0154900035111,末広地域集会所,北海道訓子府町末広町149,1,,,43.71669646,143.7385694,
1252,E0123100003111,北海道文教大学,北海道恵庭市黄金中央5-196-1,1,,,42.89056432,141.5914846,
1253,E0123100004111,総合体育館,北海道恵庭市黄金中央5-199-1,1,,,42.892984041132,141.59287255278,
1254,E0123100005111,北海道文教大学付属高等学校,北海道恵庭市黄金中央5-207-11,1,,,42.891059,141.594631,
1255,E0123100008111,黄金ふれあいセンター,北海道恵庭市黄金南5-11-1,1,,,42.887188845189,141.59662510125,
1256,E0123100009121,子ども発達支援センター,北海道恵庭市黄金南5-11-4,1,,,42.88823970803,141.5971466659,
1257,E0123100009111,子ども発達支援センター,北海道恵庭市黄金南5-11-4,1,,,42.88823970803,141.5971466659,
1258,E0123100014111,恵明中学校,北海道恵庭市黄金北4-1-1,1,,,42.89264375809,141.58834972072,
1259,E0123100024111,恵み野中学校,北海道恵庭市恵み野東1-1-2,1,,,42.905327466393,141.58917401476,
1260,E0123100028111,恵み野小学校,北海道恵庭市恵み野南4-1-1,1,,,42.901770981177,141.58502103479,
1261,E0123100031111,恵み野憩の家,北海道恵庭市恵み野北2-1-3,1,,,42.907941173835,141.58266366914,
1262,E0123100031121,恵み野憩の家,北海道恵庭市恵み野北2-1-3,1,,,42.907941173835,141.58266366914,
1263,E0123100030111,恵み野会館,北海道恵庭市恵み野北2-12-2,1,,,42.907791865568,141.58311428026,
1264,E0123100033111,恵み野旭小学校,北海道恵庭市恵み野北4-1-1,1,,,42.907962113405,141.5916186332,
1265,E0123100041111,桜町会館,北海道恵庭市桜町3-8-13,1,,,42.873640470054,141.57718615862,
1266,E0123100044111,春日会館,北海道恵庭市春日428,1,,,42.921381629997,141.62531774646,
1267,E0123100046111,市民会館,北海道恵庭市新町10,1,,,42.883277373402,141.576645073,
1268,E0123100047111,ルルマップ自然公園ふれらんどセンターハウス,北海道恵庭市西島松275,1,,,42.918744922599,141.55070976764,
1269,E0123100048111,農業活性化支援センター,北海道恵庭市西島松４１－２の内,1,,,42.926318550021,141.56462506801,
1270,E0123100052111,大町会館,北海道恵庭市大町1-10-1,1,,,42.889073939138,141.56659155969,
1271,E0123100053111,恵庭市生涯学習施設かしわのもり,北海道恵庭市大町1-5-7,1,,,42.888158694434,141.56872816595,
1272,E0123100055111,大町憩の家,北海道恵庭市大町4-5-15,1,,,42.882954143699,141.56964554243,
1273,E0123100055121,大町憩の家,北海道恵庭市大町4-5-15,1,,,42.882954143699,141.56964554243,
1274,E0123100056111,中恵庭会館,北海道恵庭市中央382-2,1,,,42.906753975094,141.60556191337,
1275,E0123100058111,松恵小学校,北海道恵庭市中央452-2,1,,,42.90624043279,141.61412761538,
1276,E0123100060111,恵北中学校,北海道恵庭市中島松230,1,,,42.927725503516,141.59429836263,
1277,E0123100061111,島松小学校,北海道恵庭市中島松418,1,,,42.924737519491,141.58869834855,
1278,E0123100064111,中島会館,北海道恵庭市中島町4-17-14,1,,,42.894269700473,141.58048339691,
1279,E0123100065111,若草小学校,北海道恵庭市中島町4-5-1,1,,,42.8958880354,141.578496535,
1280,E0123100070111,寿町会館,北海道恵庭市島松寿町2-24-3,1,,,42.916032265841,141.56953831287,
1281,E0123100074111,島松憩の家,北海道恵庭市島松東町1-1-15,1,,,42.920416234957,141.5790279234,
1282,E0123100074121,島松憩の家,北海道恵庭市島松東町1-1-15,1,,,42.920416234957,141.5790279234,
1283,E0123100078111,島松公民館,北海道恵庭市島松本町3-12-20,1,,,42.924900712348,141.5775481558,
1284,E0123100080111,恵庭北高校,北海道恵庭市南島松359-1,1,,,42.917672209901,141.58597270389,
1285,E0123100081111,島松体育館,北海道恵庭市南島松389-3,1,,,42.917507518781,141.58419385228,
1286,E0123100083111,道の駅花ロードえにわ,北海道恵庭市南島松817-18,1,,,42.897195089882,141.58571698503,
1287,E0123100087121,柏陽憩の家,北海道恵庭市柏陽町1-26,1,,,42.899045838553,141.56952120928,
1288,E0123100087111,柏陽会館,北海道恵庭市柏陽町1-26,1,,,42.898872930316,141.56984307437,
1289,E0123100087112,柏陽憩の家,北海道恵庭市柏陽町1-26,1,,,42.899045838553,141.56952120928,
1290,E0123100090111,柏陽中学校,北海道恵庭市柏陽町3-265,1,,,42.900507429288,141.56792439149,
1291,E0123100095111,恵庭南高等学校,北海道恵庭市白樺町4-1-1,1,,,42.865849667972,141.57320513721,
1292,E0123100102111,福住憩の家,北海道恵庭市福住町1-21-29,1,,,42.88474272517,141.57589145133,
1293,E0123100102121,福住憩の家,北海道恵庭市福住町1-21-29,1,,,42.88474272517,141.57589145133,
1294,E0123100106111,恵庭小学校,北海道恵庭市福住町2-9-13,1,,,42.884046033203,141.57854901211,
1295,E0123100108111,柏小学校,北海道恵庭市文京町3-3-3,1,,,42.885177719431,141.56725005411,
1296,E0123100109111,恵庭中学校,北海道恵庭市文京町3-4-5,1,,,42.884141295398,141.56582571693,
1297,E0123100110111,北栄会館,北海道恵庭市北島215,1,,,42.960093226865,141.5976963107,
1298,E0123100118111,有明会館,北海道恵庭市有明町5-1-3,1,,,42.888430683879,141.57334257022,
1299,E0123100121111,アルファコート緑と語らいの広場（えにあす）,北海道恵庭市緑町2-1-1,1,,,42.879166,141.582459,
1300,E0123100124111,和光小学校,北海道恵庭市和光町2-10-1,1,,,42.874193225708,141.58996326243,
1301,E0123100125111,和光会館,北海道恵庭市和光町2-2-8,1,,,42.876104636854,141.58971034029,
1302,E0123100126111,和光憩の家,北海道恵庭市和光町3-1-1,1,,,42.87658424004,141.59028969744,
1303,E0123100126121,和光憩の家,北海道恵庭市和光町3-1-1,1,,,42.87658424004,141.59028969744,
1304,E0143000001111,月形中学校,北海道月形町1054-1,1,,,43.34058258,141.6658945,
1305,E0143000002111,月形高等学校,北海道月形町1056,1,,,43.33912436,141.6664971,
1306,E0143000003111,旧札比内小学校,北海道月形町字札比内1008,,,,43.36702304,141.7371175,
1307,E0143000004111,札比内コミュニティセンター,北海道月形町字札比内1123,,,,43.37095674,141.7449431,
1308,E0143000008111,多目的研修センター,北海道月形町字知来乙263-1,1,,,43.33178414,141.6626612,
1309,E0143000009111,総合体育館,北海道月形町字知来乙264-2,,,,43.33052708,141.664778,
1310,E0143000011111,南地区広域集落会館,北海道月形町字知来乙370-31,,,,43.32113891,141.6132596,
1311,E0146500013121,剣淵町健康福祉総合センター,北海道剣淵町仲町28-1,1,,要配慮者,44.1008085,142.3611108,
1312,E0146500013111,剣淵町健康福祉総合センター,北海道剣淵町仲町28-1,1,,,44.1008085,142.3611108,
1313,E0146500014111,剣淵町民センター,北海道剣淵町仲町37-1,1,,,44.09569082,142.3610856,
1314,E0140600002121,いこいの家,北海道古平町大字歌棄町204-9,1,,障がい者,43.24904286,140.6624355,
1315,E0140600002112,共働の家,北海道古平町大字歌棄町204-9,1,,,43.24855726,140.6618651,
1316,E0140600002113,れい明会館,北海道古平町大字歌棄町204-9,1,,,43.2485308,140.6614862,
1317,E0140600002122,共働の家,北海道古平町大字歌棄町204-9,1,,障がい者,43.24855726,140.6618651,
1318,E0140600002111,いこいの家,北海道古平町大字歌棄町204-9,1,,,43.24904286,140.6624355,
1319,E0140600006111,ふるびら温泉「しおかぜ」,北海道古平町大字新地町90-1,1,,,43.2834749,140.6365186,
1320,E0140600008111,ぷらっとほーむ,北海道古平町大字浜町106,,,,43.2645916245167,140.640243999333,
1321,E0140600008121,ぷらっとほーむ,北海道古平町大字浜町106,,,障がい者,43.26455181,140.6402161,
1322,E0140600013111,古平小学校,北海道古平町大字浜町370,1,,,43.2653395070065,140.635698755134,
1323,E0140600032111,古平町中心拠点誘導複合施設かなえーる	,北海道古平町大字浜町50,1,,,43.264015,140.638717,
1324,E0140600015111,元気プラザ,北海道古平町大字浜町644,1,,,43.2578124,140.6347432,
1325,E0140600015121,元気プラザ,北海道古平町大字浜町644,1,,高齢者,43.2578124,140.6347432,
1326,E0140600016121,いきいき生活支援センター風花,北海道古平町大字浜町645,,,高齢者,43.25849275,140.6350391,
1327,E0140600016111,いきいき生活支援センター風花,北海道古平町大字浜町645,,,,43.25849275,140.6350391,
1328,E0140600017111,地域福祉センター,北海道古平町大字浜町711,1,,,43.25812626,140.6342178,
1329,E0140600017121,地域福祉センター,北海道古平町大字浜町711,1,,高齢者,43.25812626,140.6342178,
1330,E0140600018121,ほほえみくらす,北海道古平町大字浜町893-5,1,,要配慮者,43.26024656,140.6354728,
1331,E0140600018111,ほほえみくらす,北海道古平町大字浜町893-5,1,,,43.26024656,140.6354728,
1332,E0166200002111,トライベツ地区集会所,北海道厚岸町トライベツ170-1,1,,,43.21432454,144.9254425,
1333,E0166200007111,宮園地区集会所,北海道厚岸町宮園1-2,1,,,43.05585804,144.8392038,
1334,E0166200105111,しんりゅう保育所,北海道厚岸町宮園3-11,1,,,43.064617,144.82663,
1335,E0166200017111,宮園鉄北地区集会所,北海道厚岸町宮園3-5,1,,,43.0642859,144.8249507,
1336,E0166200019111,厚岸Ｂ＆Ｇ海洋センター,北海道厚岸町宮園3-7,1,,,43.06691209,144.8263033,
1337,E0166200020111,勤労者体育センター,北海道厚岸町宮園3-8,1,,,43.06589062,144.8264205,
1338,E0166200023111,光栄地区コミュニティセンター,北海道厚岸町光栄1,1,,,43.07653824,144.8130687,
1339,E0166200025111,生活改善センター,北海道厚岸町港町2-1,1,,,43.05358211,144.8498562,
1340,E0166200028111,住の江山の手地区集会所,北海道厚岸町山の手1-1,1,,,43.05908546,144.8422379,
1341,E0166200032111,糸魚沢地区集会所,北海道厚岸町糸魚沢66,1,,,43.10417446,144.9310308,
1342,E0166200033111,若松地区集会所,北海道厚岸町若松103,1,,,43.15642842,144.9097632,
1343,E0166200035111,湖南地区集会所,北海道厚岸町若竹4-1,1,,,43.04475165,144.8486564,
1344,E0166200040111,住の江地区集会所,北海道厚岸町住の江2-1,1,,,43.05789888,144.8453627,
1345,E0166200045111,旧小島小中学校,北海道厚岸町小島5-8,1,,,42.97523178,144.8796072,
1346,E0166200047111,床潭漁村センター,北海道厚岸町床潭133-1,1,,,43.00023073,144.8695979,
1347,E0166200053111,松葉地区集会所,北海道厚岸町松葉3-1,1,,,43.03949582,144.8493678,
1348,E0166200054111,上尾幌地区コミュニティセンター,北海道厚岸町上尾幌11,1,,,43.03200389,144.6150551,
1349,E0166200056111,真栄地区集会所,北海道厚岸町真栄1-1,1,,,43.05487039,144.8437028,
1350,E0166200057111,真龍小学校,北海道厚岸町真栄2-1,1,,,43.05465921,144.8472193,
1351,E0166200061111,太田活性化施設,北海道厚岸町太田５の通り21-22,1,,,43.09411934,144.7887235,
1352,E0166200066111,公民館筑紫恋分館,北海道厚岸町筑紫恋32-3,1,,,43.01445097,144.8530504,
1353,E0166200069111,公民館苫多分館,北海道厚岸町苫多206,1,,,43.04092347,144.7652412,
1354,E0166200070111,厚岸中学校,北海道厚岸町梅香1-5,1,,,43.03473455,144.8499576,
1355,E0166200073111,社会福祉センター,北海道厚岸町梅香2-1,1,,,43.03754835,144.8483406,
1356,E0166200074111,厚岸小学校,北海道厚岸町梅香2-3,1,,,43.0366267,144.848954,
1357,E0166200075111,白浜地区集会所,北海道厚岸町白浜1-1,1,,,43.06006008,144.8208489,
1358,E0166200076111,真龍中学校,北海道厚岸町白浜1-5,1,,,43.06056329,144.8216512,
1359,E0166200079111,尾幌酪農ふれあい館,北海道厚岸町尾幌124,1,,,43.01611559,144.7069639,
1360,E0166200080111,片無去開拓パイロット地区集会所,北海道厚岸町片無去1,1,,,43.09172319,144.7336791,
1361,E0166200081111,片無去地区集会所,北海道厚岸町片無去2,1,,,43.07956857,144.6786357,
1362,E0166200083111,多機能共生型地域交流センター,北海道厚岸町奔渡2-1,1,,,43.04047524,144.854804,
1363,E0166200085111,奔渡漁村センター,北海道厚岸町奔渡6-1,1,,,43.03120079,144.8565364,
1364,E0166200104111,あっけし保育所,北海道厚岸町奔渡6-268,1,,,43.028853,144.854862,
1365,E0166200091111,公民館末広分館,北海道厚岸町末広85-1,1,,,42.99085267,144.8949869,
1366,E0166200091112,末広地区集会所,北海道厚岸町末広85-1,1,,,42.99088,144.895152,
1367,E0166200094111,門静地区集会所,北海道厚岸町門静2-1,1,,,43.0586712,144.7815794,
1368,E0166200097111,有明地区集会所,北海道厚岸町有明2-1,1,,,43.02765145,144.852494,
1369,E0166200099111,厚岸翔洋高等学校,北海道厚岸町湾月1-20,1,,,43.03382413,144.8397767,
1370,E0166200101111,湾月生活館,北海道厚岸町湾月2-1,,,,43.03447596,144.8412516,
1371,E0158100004111,上厚真小学校,北海道厚真町字厚和59-3,1,,,42.64238788,141.8565041,
1372,E0158100005111,桜丘生活会館,北海道厚真町字桜丘406,,,,42.736851,141.893899,
1373,E0158100007111,鹿沼マナビィハウス,北海道厚真町字鹿沼217-4,,,,42.622151,141.921221,
1374,E0158100009111,厚南会館,北海道厚真町字上厚真219-6,1,,,42.64181867,141.8475398,
1375,E0158100011111,厚南中学校,北海道厚真町字富野75-2,,石油コンビナート災害時のみ,,42.648729,141.864974,
1376,E0158100012111,厚北地域防災コミュニティセンターならやま,北海道厚真町字富里373-1,1,,,42.75548994146,141.9235351268,
1377,E0158100013111,ルーラルマナビィハウス,北海道厚真町字豊沢1209,,,,42.703506,141.886131,
1378,E0158100014111,豊沢マナビィハウス,北海道厚真町字豊沢472-1,,,,42.691031,141.887417,
1379,E0158100015111,幌内マナビィハウス,北海道厚真町字幌内607-1,1,,,42.75576657,141.9788802,
1380,E0158100016111,幌里生活館,北海道厚真町字幌里216-2,,,,42.759171,141.878268,
1381,E0158100017111,本郷マナビィハウス,北海道厚真町字本郷229-1,,,,42.73366548782,141.86709188098,
1382,E0158100018111,厚真町スポーツセンター,北海道厚真町字本郷234-6,1,,,42.73148819,141.8635452,
1383,E0158100020111,厚真中学校,北海道厚真町新町464,1,,,42.7165455,141.8869857,
1384,E0158100021121,厚真中央小学校,北海道厚真町新町92-1,1,,災害時要配慮者,42.72290482,141.8863743,
1385,E0158100021111,厚真中央小学校,北海道厚真町新町92-1,1,,,42.72290482,141.8863743,
1386,E0136300002111,館地域振興センター,北海道厚沢部町館町171,1,,,41.88988276,140.3278216,
1387,E0136300003111,館小学校,北海道厚沢部町館町187-1,1,,,41.890422388933,140.32712386403,
1388,E0136300004111,上里ふれあい交流センター,北海道厚沢部町字上里92-1,1,,,41.931344122508,140.23559642911,
1389,E0136300005111,新栄ふれあいセンター,北海道厚沢部町字新栄729-2,1,,,41.899677640724,140.30369006911,
1390,E0136300006111,清水ふれあいセンター,北海道厚沢部町字清水60-1,1,,,41.98673613,140.3124951,
1391,E0136300007111,相和ふれあいセンター,北海道厚沢部町字相生49-2,1,,,41.942753236509,140.34185922883,
1392,E0136300008111,滝野寿の家,北海道厚沢部町字滝野493,1,,,41.94300675,140.2467209,
1393,E0136300009111,当路ふれあいセンター,北海道厚沢部町字当路171-12,1,,,41.901370240665,140.28455123657,
1394,E0136300011111,美和ふれあいセンター,北海道厚沢部町字美和241-2,1,,,41.911073679011,140.17668680375,
1395,E0136300012111,富栄ふれあいセンター,北海道厚沢部町字富栄243-2,1,,,41.920986278665,140.20219389519,
1396,E0136300013111,富里ふれあいセンター,北海道厚沢部町字富里94-1,1,,,41.872028,140.368189,
1397,E0136300014111,木間内ふれあいセンター,北海道厚沢部町字木間内213,1,,,41.934956728862,140.37003890242,
1398,E0136300015111,鶉ふれあいセンター,北海道厚沢部町字鶉469-1,1,,,41.921264023652,140.28059662559,
1399,E0136300016111,厚沢部小学校,北海道厚沢部町新町104,1,,,41.91949434,140.2253497,
1400,E0136300017121,保健福祉総合センター,北海道厚沢部町新町181-6,1,,,41.92064137,140.2243754,
1401,E0136300017111,保健福祉総合センター,北海道厚沢部町新町181-6,1,,,41.92064137,140.2243754,
1402,E0136300018111,山村開発センター,北海道厚沢部町新町207,1,,,41.92089119,140.2249818,
1403,E0136300019111,総合体育館,北海道厚沢部町新町234-1,1,,,41.921308639795,140.226582684,
1404,E0136300020111,厚沢部中学校,北海道厚沢部町新町250,1,,,41.92301239,140.2271253,
1405,E0136300029111,認定こども園,北海道厚沢部町赤沼町377-1,1,,,41.927558,140.225206,
1406,E0136300021111,赤沼町ふれあいセンター,北海道厚沢部町赤沼町86-2,1,,,41.92308359,140.2214561,
1407,E0136300022111,南館城丘ふれあいセンター,北海道厚沢部町南館町6-2,1,,,41.882741268562,140.32908081609,
1408,E0136300023111,まちなか交流センター,北海道厚沢部町本町97,1,,,41.91627222,140.2250054,
1409,E0136300024111,緑町コミュニティセンター,北海道厚沢部町緑町72-1,1,,,41.9169392,140.2151934,
1410,E0136300025111,旧鶉小学校,北海道厚沢部町鶉町212-3,1,,,41.93450944,140.3246722,
1411,E0136300026111,多目的研修センター,北海道厚沢部町鶉町225-4,1,,,41.93510653,140.3239772,
1412,E0136300028111,旧鶉中学校,北海道厚沢部町鶉町369,1,,,41.935759,140.324249,
1413,E0136300027111,うずら温泉宿泊施設,北海道厚沢部町鶉町853,1,,,41.9313642,140.3124408,
1414,E0164200001111,丸山３丁目集会所,北海道広尾町丸山通南3-1,,,,42.29389158,143.307224,
1415,E0164200002111,丸山寿の家,北海道広尾町丸山通南6-1,,,,42.29636494,143.2993778,
1416,E0164200003111,広北児童館,北海道広尾町丸山通北4-31,,,,42.29715565,143.3064927,
1417,E0164200004111,錦町寿の家,北海道広尾町錦通南2-5,,,,42.30136836,143.3146391,
1418,E0164200005124,特別養護老人ホーム,北海道広尾町公園通南4-1,,,高齢者、障がい者,42.29896514,143.3056821,
1419,E0164200005123,養護老人ホーム,北海道広尾町公園通南4-1,,,高齢者、障がい者,42.29832787,143.3058128,
1420,E0164200005122,デイサービスセンター,北海道広尾町公園通南4-1,,,高齢者、障がい者,42.29919368,143.3058841,
1421,E0164200005121,健康管理センター,北海道広尾町公園通南4-1,,,乳幼児、妊産婦、病弱者,42.29855202,143.3064723,
1422,E0164200006121,多機能型事業所「ゆうゆう舎」,北海道広尾町公園通南4-10-1,,,障がい者,42.298687,143.303754,
1423,E0164200007121,生活支援ハウス,北海道広尾町公園通南4-5,,,高齢者,42.29862673,143.3050403,
1424,E0164200008111,広尾小学校,北海道広尾町公園通南4-9,1,,,42.30047871,143.3038031,
1425,E0164200009111,青少年研修センター,北海道広尾町公園通北2-51,1,,,42.30046004,143.3129992,
1426,E0164200010111,ひろお保育園,北海道広尾町公園通北2-51-2,,,,42.30060637,143.3141977,
1427,E0164200011111,音調津総合センター,北海道広尾町字音調津117,,,,42.22186218,143.3179958,
1428,E0164200012111,音調津避難施設,北海道広尾町字音調津153-1,1,,,42.2151101719978,143.316498890632,
1429,E0164200049111,広尾町葬斎場,北海道広尾町字茂寄南１号18-2,,,,42.264336,143.290634,
1430,E0164200018111,東豊似農業センター,北海道広尾町字紋別１５線46,,,,42.41115977,143.3187239,
1431,E0164200019111,豊似小学校,北海道広尾町字紋別１８線50,,,,42.39994019,143.3045032,
1432,E0164200020111,豊似寿の家,北海道広尾町字紋別１９線42,,,,42.39593609,143.3050681,
1433,E0164200021111,農村環境改善センター,北海道広尾町字紋別１９線51-12,,,,42.39891111,143.3014792,
1434,E0164200022111,豊似保育所,北海道広尾町字紋別１９線51-27,,,,42.39817828,143.3017763,
1435,E0164200023111,紋別研修センター,北海道広尾町字紋別２０線110-1,,,,42.41534131,143.2389402,
1436,E0164200024111,担い手会館,北海道広尾町字野塚１１線44-1,,,,42.34704931,143.2853799,
1437,E0164200025111,野塚農業センター,北海道広尾町字野塚８線44-1,,,,42.36279952,143.2897694,
1438,E0164200026111,旧野塚小学校,北海道広尾町字野塚９線40,,,,42.35468205,143.2931908,
1439,E0164200027111,野塚公民館,北海道広尾町字野塚９線97,,,,42.35703294,143.2927726,
1440,E0164200028111,野塚寿の家,北海道広尾町字野塚９線98,,,,42.35710319,143.2930875,
1441,E0164200029111,東地区集会所たんぽぽ会館,北海道広尾町西一条1-2,,,,42.28264232,143.3177822,
1442,E0164200030111,コミュニティセンター,北海道広尾町西三条7-2-1,1,,,42.28602987,143.3118144,
1443,E0164200032111,老人福祉センター,北海道広尾町東一条11-12,,,,42.29138316,143.3143657,
1444,E0164200033111,児童福祉会館,北海道広尾町東二条10-1,,,,42.29125818,143.3168487,
1445,E0164200035111,広尾高校,北海道広尾町並木通東1-10,1,,,42.29710149,143.3149129,
1446,E0164200036111,広尾中学校,北海道広尾町並木通東1-11,,,,42.2945846,143.3157313,
1447,E0164200037111,並木町寿の家,北海道広尾町並木通東3-1-2,,,,42.30290862,143.3185564,
1448,E0164200038111,広尾町消防総合庁舎,北海道広尾町並木通東4-4,,,,42.30729831,143.3200343,
1449,E0164200039111,本通３丁目集会所,北海道広尾町本通3-1-6,,,,42.28472376,143.3186641,
1450,E0164200040111,広尾町商工会館,北海道広尾町本通5-1,,,,42.28600304,143.3170687,
1451,E0164200041111,山フンべ集会所,北海道広尾町茂寄南５線7,,,,42.27170221,143.294415,
1452,E0163900001111,更別村ふるさと館（体育館）,北海道更別村字更別189,,,,42.64291178,143.1973884,
1453,E0163900002111,更別村福祉の里総合センター,北海道更別村字更別190,1,,,42.64623653,143.1932518,
1454,E0163900002121,更別村福祉の里総合センター,北海道更別村字更別190,1,,要配慮者,42.64623653,143.1932518,
1455,E0163900005111,更別小学校（体育館）,北海道更別村字更別南１線101,1,,,42.65597208,143.1943364,
1456,E0163900007111,更別村社会福祉センター,北海道更別村字更別南１線93,1,,,42.6507148,143.1876457,
1457,E0163900009111,更別幼稚園（遊戯室）,北海道更別村字更別南１線97,1,,,42.65311841,143.191609,
1458,E0163900011113,更別村柔剣道場,北海道更別村字更別南２線96,,,,42.65073666,143.1914783,
1459,E0163900011111,更別村農業者トレーニングセンター,北海道更別村字更別南２線96,,,,42.65052251,143.1920012,
1460,E0163900011112,更別村農村環境改善センター,北海道更別村字更別南２線96,,,,42.65109502,143.1912584,
1461,E0163900012111,更別中央中学校（体育館）,北海道更別村字更別南３線90,1,,,42.64397715,143.1903743,
1462,E0163900013111,上更別小学校（体育館）,北海道更別村字上更別南１３線103,1,,,42.60902552,143.2506545,
1463,E0163900014111,上更別福祉館,北海道更別村字上更別南１３線105,1,,,42.60989339,143.2501019,
1464,E0136100001111,江差町漁村センター,北海道江差町字姥神町157,,,,41.86677566,140.1214456,
1465,E0136100002111,越前寿の家,北海道江差町字越前町203,,,,41.927823,140.1752323,
1466,E0136100003111,在宅型総合福祉施設まるやま,北海道江差町字円山299-63,,,,41.86148276,140.1294252,
1467,E0136100004111,生きがい交流センター,北海道江差町字円山313-14,,,,41.86179379,140.1293952,
1468,E0136100005111,かもめ保育園,北海道江差町字円山313-20,,,,41.86146157,140.1280781,
1469,E0136100006111,翔天閣,北海道江差町字橋本町43,,,,41.86436762,140.1249279,
1470,E0136100007111,五厘沢集会所,北海道江差町字五厘沢町71-3,,,,41.94962411,140.135875,
1471,E0136100008111,砂川浄水場,北海道江差町字砂川176,,,,41.84560179,140.1304912,
1472,E0136100010111,下水道管理センター,北海道江差町字砂川411-6,,,,41.83682475,140.1327532,
1473,E0136100011111,小黒部寿の家,北海道江差町字小黒部町161,,,,41.92994667,140.2054909,
1474,E0136100012111,大円寺,北海道江差町字小黒部町191,1,,,41.92964431,140.2070631,
1475,E0136100013111,対鴎館,北海道江差町字上野町46,,,,41.86539283,140.1229912,
1476,E0136100014111,江差町老人福祉センター,北海道江差町字新栄町264-1,,,,41.87360314,140.1355508,
1477,E0136100015111,陣屋ふれあいセンター,北海道江差町字陣屋町129-27,,,,41.85777284,140.1281238,
1478,E0136100016111,江差中学校,北海道江差町字陣屋町506,1,,,41.86052911,140.1283815,
1479,E0136100017111,水堀保育園,北海道江差町字水堀町136,,,,41.93432967,140.1514153,
1480,E0136100018111,江差北小中学校,北海道江差町字水堀町147,1,,,41.93448093,140.1524658,
1481,E0136100019111,水堀コミュニティセンター,北海道江差町字水堀町28,1,,,41.93456015,140.1472265,
1482,E0136100020111,大澗寿の家,北海道江差町字大澗町253,,,,41.88378442,140.1369217,
1483,E0136100021111,真宗大谷派江差別院,北海道江差町字中歌町169,1,,,41.87006582,140.1313242,
1484,E0136100022111,江差追分会館,北海道江差町字中歌町193,,,,41.86865788,140.1265358,
1485,E0136100023111,江差町役場,北海道江差町字中歌町193-1,1,,,41.86919166,140.1274842,
1486,E0136100024111,江差町会所会館,北海道江差町字中歌町76-1,,,,41.86860501,140.1285979,
1487,E0136100025111,中網老人憩いの家,北海道江差町字中網町130-2,,,,41.92478984,140.1883683,
1488,E0136100026111,朝日児童館,北海道江差町字朝日町83,,,,41.94013207,140.1926089,
1489,E0136100027111,朝日町民体育館,北海道江差町字朝日町96,1,,,41.93962063,140.1950557,
1490,E0136100028111,田沢憩いの家,北海道江差町字田沢町419,1,,,41.89992829,140.1425585,
1491,E0136100031111,椴川担い手センター,北海道江差町字椴川町243-3,,,,41.82558516,140.1272299,
1492,E0136100059111,檜山地域人材開発センター「まなびっく」,北海道江差町字南が丘7-172,1,,,41.852118,140.13207,
1493,E0136100032111,南が丘ふれあいセンター,北海道江差町字南が丘7-297,,,,41.85365431,140.1324976,
1494,E0136100033111,五勝手生活館,北海道江差町字南浜町145-1,,,,41.84880171,140.1274506,
1495,E0136100034111,南が丘小学校,北海道江差町字南浜町370,1,,,41.85272219,140.1279022,
1496,E0136100035111,柏町母と子の家,北海道江差町字柏町7,,,,41.84210146,140.1264358,
1497,E0136100036111,泊生活館,北海道江差町字泊町106,,,,41.89258733,140.1395045,
1498,E0136100037111,観音寺,北海道江差町字泊町369,1,,,41.88936624,140.1367558,
1499,E0136100038112,ぬくもり保養センター,北海道江差町字尾山町126,,,,41.8972503,140.1410487,
1500,E0136100038111,日明保育園,北海道江差町字尾山町126,,,,41.89723703,140.1414373,
1501,E0136100039111,江差高等学校,北海道江差町字伏木戸町460-1,1,,,41.91321129,140.1478387,
1502,E0136100058111,江差高等看護学院講堂,北海道江差町字伏木戸町483,,,,41.913014,140.145311,
1503,E0136100040111,伏木戸寿の家,北海道江差町字伏木戸町643,,,,41.91204788,140.1407767,
1504,E0136100041111,豊川会館（旧とよかわ保育園）,北海道江差町字豊川町56-3,,,,41.87255153,140.1378407,
1505,E0136100043111,社会福祉法人あすなろ福祉会本部,北海道江差町字豊川町62-2,1,,,41.870821,140.139987,
1506,E0136100044111,江差小学校,北海道江差町字本町170,1,,,41.86690206,140.1281313,
1507,E0136100045111,浄土真宗本願寺派本願寺江差別院,北海道江差町字本町212,1,,,41.86738338,140.12957,
1508,E0136100046111,正覚院,北海道江差町字本町271,1,,,41.86488841,140.1300222,
1509,E0136100047111,法華寺,北海道江差町字本町71,1,,,41.86632249,140.1265918,
1510,E0136100049111,江差町文化会館,北海道江差町字茂尻町71,1,,,41.8607081,140.1255319,
1511,E0136100050111,消防コミュニティセンター,北海道江差町字茂尻町96,,,,41.8613409,140.1267103,
1512,E0136100051111,柳崎児童館,北海道江差町字柳崎町279,,,,41.92162299,140.1482575,
1513,E0136100054111,緑丘福祉の家,北海道江差町字緑丘3-3,,,,41.86259275,140.1303601,
1514,E0136100055111,阿弥陀寺,北海道江差町字緑丘46,1,,,41.86225477,140.1325235,
1515,E0136100057111,鰔川寿の家,北海道江差町字鰔川町408,,,,41.95017725,140.1883252,
1516,E0121700008111,上江別小学校,北海道江別市ゆめみ野南町9-3,1,,,43.0998591,141.5600623,
1517,E0121700009111,文化財整理室,北海道江別市角山453,1,,,43.11403354,141.4704944,
1518,E0121700010111,総合社会福祉センター,北海道江別市錦町14-87,1,,,43.10189292,141.5312065,
1519,E0121700011111,ふれあいワークセンター,北海道江別市錦町3-5,1,,,43.10291916,141.5305459,
1520,E0121700013111,対雁小学校,北海道江別市見晴台17-1,1,,,43.11168457,141.522987,
1521,E0121700015111,江別元町地区センター,北海道江別市元町1-2,1,,,43.11124609,141.53728,
1522,E0121700017111,野幌高校,北海道江別市元野幌740,1,,,43.09829155,141.5032548,
1523,E0121700019111,中央小学校,北海道江別市向ケ丘54,1,,,43.1056058,141.5298086,
1524,E0121700020111,江別工業会館,北海道江別市工栄町15-1,1,,,43.12172995,141.5159654,
1525,E0121700022111,市民会館,北海道江別市高砂町6,1,,,43.10346833,141.5374847,
1526,E0121700001111,中央公民館・コミュニティセンター,北海道江別市三条5-11-1,1,,,43.11214897,141.5568769,
1527,E0121700004111,眞願寺,北海道江別市七条8-1,1,,,43.11164031,141.5511977,
1528,E0121700023111,北光小学校,北海道江別市篠津805-3,1,,,43.13436669,141.5438991,
1529,E0121700024111,江別高校,北海道江別市上江別444-1,1,,,43.09744124,141.546545,
1530,E0121700025111,江別第一中学校,北海道江別市上江別西町40,1,,,43.10321024,141.549888,
1531,E0121700027111,中央中学校,北海道江別市新栄台57,1,,,43.10611107,141.5167507,
1532,E0121700028111,野幌農村環境改善センター,北海道江別市西野幌157,1,,,43.06308644,141.5457813,
1533,E0121700029111,野幌小学校,北海道江別市西野幌252,1,,,43.04953838,141.5485462,
1534,E0121700030111,道立野幌総合運動公園,北海道江別市西野幌481,1,,,43.06951419,141.5308977,
1535,E0121700031111,北海道情報大学,北海道江別市西野幌59-2,1,,,43.0778381,141.5372054,
1536,E0121700032111,立命館慶祥中学校・高等学校,北海道江別市西野幌640-1,1,,,43.02017582223,141.52146687351,
1537,E0121700033111,野幌中学校,北海道江別市西野幌92-3,1,,,43.07650831,141.5395627,
1538,E0121700034111,いずみ野小学校,北海道江別市対雁113-1,1,,,43.11778241,141.5292131,
1539,E0121700035111,江別河川防災ステーション,北海道江別市大川通6,1,,,43.11439792,141.5624758,
1540,E0121700036111,大麻東中学校,北海道江別市大麻697-1,1,,,43.08984246,141.4969523,
1541,E0121700037111,大麻高校,北海道江別市大麻ひかり町2,1,,,43.0666117,141.4772703,
1542,E0121700041111,大麻中学校,北海道江別市大麻宮町1,1,,,43.07532191,141.4866587,
1543,E0121700043111,大麻小学校,北海道江別市大麻宮町2,1,,,43.07656695,141.4890384,
1544,E0121700048111,大麻西小学校,北海道江別市大麻扇町1,1,,,43.0680877,141.4828675,
1545,E0121700050111,大麻泉小学校,北海道江別市大麻泉町27,1,,,43.08406725,141.5116205,
1546,E0121700051111,大麻西地区センター,北海道江別市大麻沢町26-2,1,,,43.06966001,141.4844181,
1547,E0121700053111,大麻体育館,北海道江別市大麻中町26-17,1,,,43.07550616,141.493246,
1548,E0121700054111,大麻公民館・江別市民文化ホール,北海道江別市大麻中町26-7,1,,,43.07461275,141.4942009,
1549,E0121700057111,大麻東地区センター,北海道江別市大麻東町13-11,1,,,43.07962868,141.4984609,
1550,E0121700058111,大麻東小学校,北海道江別市大麻東町32,1,,,43.07997973,141.5015764,
1551,E0121700061111,北海道消防学校,北海道江別市中央町16,1,,,43.102852512859,141.52142632611,
1552,E0121700062111,江別市区画整理記念会館,北海道江別市朝日町11-15,1,,,43.10519045,141.5757126,
1553,E0121700063111,江別太小学校,北海道江別市朝日町25-2,1,,,43.10753358,141.5781124,
1554,E0121700064111,東光児童センター,北海道江別市東光町27-7,1,,,43.11080519,141.5661262,
1555,E0121700069111,東野幌体育館,北海道江別市東野幌町28-23,1,,,43.09410422,141.5402117,
1556,E0121700070111,東野幌小学校,北海道江別市東野幌町48,1,,,43.09075914,141.5413111,
1557,E0121700072111,野幌鉄南地区センター,北海道江別市東野幌本町62-1,1,,,43.08509012,141.5342673,
1558,E0121700073111,八幡自治会館,北海道江別市八幡104-3,1,,,43.15956268,141.4844378,
1559,E0121700074111,江別市都市と農村の交流センター,北海道江別市美原1445,1,,,43.134456258055,141.54843786537,
1560,E0121700075111,札幌学院大学,北海道江別市文京台11,1,,,43.06614255,141.4942869,
1561,E0121700076111,北翔大学,北海道江別市文京台23,1,,,43.06460906,141.4914613,
1562,E0121700079111,文京台地区センター,北海道江別市文京台7-4,1,,,43.06488086,141.4957243,
1563,E0121700078111,文京台小学校,北海道江別市文京台70,1,,,43.06181711,141.4939636,
1564,E0121700082111,とわの森三愛高校,北海道江別市文京台緑町569,1,,,43.07115022,141.5030822,
1565,E0121700083111,とわの森三愛高校第２校舎体育館,北海道江別市文京台緑町582,1,,,43.0744569,141.5143436,
1566,E0121700084111,酪農学園大学,北海道江別市文京台緑町582-1,,,,43.07417637,141.5097665,
1567,E0121700085111,江陽中学校,北海道江別市萌えぎ野中央10-2,1,,,43.10939569,141.5797979,
1568,E0121700087111,豊幌研修センター,北海道江別市豊幌353-9,1,,,43.1254232,141.6379978,
1569,E0121700088111,豊幌小学校,北海道江別市豊幌419,1,,,43.13178676,141.6306846,
1570,E0121700089111,豊幌地区センター,北海道江別市豊幌686-10,1,,,43.13460688,141.6305819,
1571,E0121700091111,江別第三中学校,北海道江別市牧場町21,1,,,43.11366643,141.5349616,
1572,E0121700093111,野幌若葉小学校,北海道江別市野幌若葉町5-3,1,,,43.08546094,141.5244146,
1573,E0121700097111,よつば保育園,北海道江別市野幌住吉町37-7,1,,,43.090662771027,141.50979299344,
1574,E0121700123111,江別第二小学校,北海道江別市野幌代ー木町39,,,,43.09701715,141.5186869,
1575,E0121700124111,江別第二中学校,北海道江別市野幌代ー木町53,,,,43.09572673,141.5215925,
1576,E0121700101111,野幌公民館,北海道江別市野幌町13-6,1,,,43.09431345,141.5233991,
1577,E0121700104111,天徳寺,北海道江別市野幌町49,1,,,43.09342207,141.5270906,
1578,E0121700106111,市民体育館,北海道江別市野幌町9,1,,,43.0962037,141.5260846,
1579,E0121700108111,東野幌青少年会館,北海道江別市野幌東町62-3,1,,,43.0883795,141.53563,
1580,E0121700110111,杜の台記念会館,北海道江別市野幌屯田町23-6,1,,,43.09684226,141.5097786,
1581,E0121700118111,勤労者研修センター,北海道江別市緑町西1-103,1,,,43.11247976,141.5472454,
1582,E0121700119111,江別第一小学校,北海道江別市緑町西1-37,1,,,43.11413399,141.5491856,
1583,E0121700120111,青年センター,北海道江別市緑町西2-11,1,,,43.1135671,141.5454114,
1584,E0121700122111,光雲寺,北海道江別市緑町西2-2,1,,,43.11578983,141.5465604,
1585,E0121700002111,選教寺,北海道江別市六条5-1,1,,,43.11359533,141.5539643,
1586,E0121700003111,ＪＡ道央江別支店,北海道江別市六条8-1,1,,,43.11153686,141.5526749,
1587,E0139300035111,黒松内中学校,北海道黒松内町字旭野48-1,1,,,42.6731704146233,140.29943248866,
1588,E0139300036111,歌才地区集会所,北海道黒松内町字歌才357-1,,,,42.6323624823816,140.345292955674,
1589,E0139300003122,認定こども園　黒松内保育園,北海道黒松内町字黒松内303,1,,,42.6669179891057,140.307193049105,
1590,E0139300038111,黒松内小学校,北海道黒松内町字黒松内357-1,1,,,42.6642283228133,140.30840791069,
1591,E0139300005112,総合町民センター,北海道黒松内町字黒松内392-2,1,,,42.6652342028786,140.30758179031,
1592,E0139300005111,黒松内町総合体育館,北海道黒松内町字黒松内392-2,1,,,42.6653152976419,140.308311085976,
1593,E0139300008111,黒松内温泉ぶなの森,北海道黒松内町字黒松内544-1,1,,,42.6571156751247,140.309497164199,
1594,E0139300002121,特別養護老人ホーム　緑ヶ丘ハイツ,北海道黒松内町字黒松内561-1,1,,,42.660172547057,140.310368784581,
1595,E0139300006121,児童養護施設　黒松内つくし園,北海道黒松内町字黒松内562-1,1,,,42.6613560108799,140.30843759409,
1596,E0139300001121,養護老人ホーム　緑ヶ丘老人ホーム,北海道黒松内町字黒松内562-4,1,,,42.660393462014,140.309403189336,
1597,E0139300001122,黒松内町デイ・サービスセンター,北海道黒松内町字黒松内562-4,1,,,42.6608984075395,140.309810885101,
1598,E0139300039121,障害者支援施設　後志リハビリセンター,北海道黒松内町字黒松内563-6,1,,,42.6590364005952,140.309167154938,
1599,E0139300014111,余市養護学校しりべし学園分校,北海道黒松内町字黒松内564,1,,,42.6598185101664,140.311689320095,
1600,E0139300037121,老人保健施設　湯の里・黒松内,北海道黒松内町字黒松内565-11,1,,,42.6576477489495,140.313050993589,
1601,E0139300004122,障害者支援施設　しりべし学園成人寮,北海道黒松内町字黒松内565-2,1,,,42.6587523607359,140.312793501529,
1602,E0139300004121,福祉型障害児入所施設　しりべし学園,北海道黒松内町字黒松内565-2,1,,,42.6590048406753,140.312364348084,
1603,E0139300017111,環境学習センター,北海道黒松内町字黒松内584-3,1,,,42.6552851167278,140.310291098068,
1604,E0139300019111,大成振興会館,北海道黒松内町字大成44-24,,,,42.6359036,140.442885166865,
1605,E0139300020111,中ノ川地区生涯学習館,北海道黒松内町字中ノ川297-1,1,,,42.6994325173748,140.276746364811,
1606,E0139300021111,作開地区生涯学習館,北海道黒松内町字南作開76-1,1,,,42.7420958234689,140.300228416583,
1607,E0139300023111,白井川小学校,北海道黒松内町字白井川16-35,1,,,42.6689081881196,140.388686560937,
1608,E0139300025111,トワ・ヴェールⅡ,北海道黒松内町字白井川8-10,1,,,42.6727161174339,140.380041845944,
1609,E0139300026111,白井川地区コミュニティーセンター,北海道黒松内町字白井川8-268,,,,42.672694185186,140.378909238752,
1610,E0139300027111,豊幌振興会館,北海道黒松内町字豊幌425-4,,,,42.6408235917441,140.363352377966,
1611,E0139300029111,作開保健福祉館,北海道黒松内町字北作開85-1,1,,,42.7487504939492,140.296447889749,
1612,E0137000001111,花石交流センター,北海道今金町字花石9-1,1,,,42.43770263,140.1597712,
1613,E0137000002111,旧金原小学校,北海道今金町字金原79-1,1,,,42.39164513,139.9806726,
1614,E0137000003111,今金小学校,北海道今金町字今金108-1,1,,,42.42923546,140.0188404,
1615,E0137000004111,総合福祉施設（保健センター）,北海道今金町字今金17-2,1,,,42.42938421,140.0074925,
1616,E0137000004121,総合福祉施設（保健センター）,北海道今金町字今金17-2,1,,,42.42938421,140.0074925,
1617,E0137000005111,西部百年館,北海道今金町字今金281-13,1,,,42.42622612,140.003552,
1618,E0137000006111,南栄会館,北海道今金町字今金412,1,,,42.42417683,140.0150137,
1619,E0137000007111,総合体育館,北海道今金町字今金435,1,,,42.42680765,140.0166844,
1620,E0137000008111,あったからんど,北海道今金町字今金435-270,1,,,42.42424809,140.0195417,
1621,E0137000009111,老人福祉センター,北海道今金町字今金435-57,1,,,42.42664906,140.0159312,
1622,E0137000010111,今金中学校,北海道今金町字今金445-6,1,,,42.42340202,140.0227709,
1623,E0137000011111,今金町民センター,北海道今金町字今金68,1,,,42.42954156,140.0115086,
1624,E0137000012111,種川構造改善センター,北海道今金町字種川284-2,1,,,42.42022093,140.0702851,
1625,E0137000013111,種川小学校,北海道今金町字種川369,1,,,42.42112804,140.0694609,
1626,E0137000014111,住吉生活改善センター,北海道今金町字住吉270-4,1,,,42.41159758,140.1050635,
1627,E0137000015111,旧神丘小学校,北海道今金町字神丘819-2,1,,,42.43690749,139.9796545,
1628,E0137000016111,神丘構造改善センター,北海道今金町字神丘820-1,1,,,42.43506593,139.9796601,
1629,E0137000017111,中里交流センター,北海道今金町字中里27-1,1,,,42.39093752,140.1247534,
1630,E0137000018111,八束交流センター,北海道今金町字田代457-14,1,,,42.3921889,140.0278804,
1631,E0137000019111,日進寿の家,北海道今金町字日進261-5,1,,,42.31846632,140.0000643,
1632,E0137000020111,白石寿の家,北海道今金町字白石55-2,1,,,42.37554627,140.0399856,
1633,E0137000021111,美利河交流センター,北海道今金町字美利河230-3,1,,,42.47796593,140.2012597,
1634,E0137000022111,豊田交流センター,北海道今金町字豊田107-2,1,,,42.40539091,139.9462678,
1635,E0137000023111,鈴岡会館,北海道今金町字鈴岡82-2,1,,,42.45129184,139.9896983,
1636,E0137000024111,金原基幹集落センター,北海道今金町字鈴金197-7,1,,,42.40695618,139.9850593,
1637,E0122300004111,花咲港小学校,北海道根室市花咲港209,1,,,43.2883728159657,145.590238830811,
1638,E0122300061111,花咲港会館（くるまいし）,北海道根室市花咲港209-1,,,,43.289011,145.589927,
1639,E0122300006111,花咲小学校,北海道根室市駒場町2-12,1,,,43.3393567052468,145.594604889913,
1640,E0122300007121,根室隣保院付属養護老人ホーム,北海道根室市月岡町2-88,,,,43.2978292585893,145.58177380012,
1641,E0122300008111,成央小学校,北海道根室市光洋町1-25,1,,,43.328348004631,145.595118398631,
1642,E0122300009111,光洋中学校,北海道根室市光洋町2-12,1,,,43.3252590394543,145.599389159587,
1643,E0122300012111,厚床小中学校（中学校部分を除く）,北海道根室市厚床1-218-1,1,,,43.2324403445998,145.259285235771,
1644,E0122300015111,旧昆布盛小学校（体育館を除く）,北海道根室市昆布盛168-8,1,,,43.2204045448486,145.547655736662,
1645,E0122300023111,総合文化会館,北海道根室市曙町1-40,1,,,43.3323242739191,145.592070068077,
1646,E0122300024121,福祉交流館いこっと,北海道根室市昭和町2-115,1,,,43.3235427950463,145.592906930529,
1647,E0122300027111,柏陵中学校,北海道根室市西浜町4-1,1,,,43.3175948010335,145.566798537998,
1648,E0122300029121,介護老人保健施設セラピーこざくら,北海道根室市西浜町5-89-1,,,,43.3142438630639,145.565631885437,
1649,E0122300031111,海星学校,北海道根室市西和田219,1,,,43.2791176731951,145.518926315442,
1650,E0122300036121,介護付有料老人ホーム勢和,北海道根室市定基町3-3,,,,43.3282727179903,145.572885586161,
1651,E0122300042111,別当賀夢原館,北海道根室市別当賀253,1,,,43.2201275714238,145.425404090657,
1652,E0122300043123,デイサービスいころ,北海道根室市宝林町4-255-13,,,,43.3143343118942,145.594764132457,
1653,E0122300043121,グループホームイコロの杜,北海道根室市宝林町4-255-13,,,,43.314726,145.594854,
1654,E0122300045111,北斗小学校,北海道根室市北斗町3-5,1,,,43.3281134147402,145.577880141895,
1655,E0122300047111,根室高等学校,北海道根室市牧の内146,1,,,43.3299015584375,145.606020529878,
1656,E0122300052121,特別養護老人ホームはまなす園,北海道根室市有磯町2-19-2,,,,43.3329538927995,145.590310540077,
1657,E0122300054111,落石会館（ふるさと館）,北海道根室市落石東133-3,1,,,43.1965231450282,145.521126940079,
1658,E0122300055111,おちいし義務教育学校,北海道根室市落石東135-2,1,,,43.195757975589,145.521000036876,
1659,E0155200001111,栄公民館,北海道佐呂間町字栄3-1,1,,,43.9595679,143.6614194,
1660,E0155200001112,栄地区交流センター,北海道佐呂間町字栄3-1,1,,,43.96012223,143.661291,
1661,E0155200002111,町民センター,北海道佐呂間町字永代町166-1,1,,,44.01688254,143.7780001,
1662,E0155200003111,老人福祉センター,北海道佐呂間町字永代町171-3,,,,44.01568847,143.7772836,
1663,E0155200004111,佐呂間コミュニティセンター,北海道佐呂間町字永代町3-1,,,,44.01836492,143.7745561,
1664,E0155200005111,啓生公民館,北海道佐呂間町字啓生77-4,,,,43.97383156,143.6801292,
1665,E0155200006111,佐呂間小学校,北海道佐呂間町字幸町1-1,1,,,44.0204796,143.7701711,
1666,E0155200009111,佐呂間中学校,北海道佐呂間町字幸町9-1,1,,,44.01982514,143.773738,
1667,E0155200010111,若佐コミュニティセンター,北海道佐呂間町字若佐185-1,1,,,43.98557526,143.7081981,
1668,E0155200011111,若里漁村センター,北海道佐呂間町字若里137-2,,,,44.0933323,143.7646405,
1669,E0155200012111,若里活性化センター,北海道佐呂間町字若里498-29,1,,,44.05742884,143.7499447,
1670,E0155200013111,仁倉公民館,北海道佐呂間町字仁倉427-2,1,,,44.0469234,143.9078601,
1671,E0155200036111,佐呂間町武道館・温水プール,北海道佐呂間町字西富1-1,,,,44.02178314,143.7674592,
1672,E0155200036121,佐呂間町武道館・温水プール,北海道佐呂間町字西富1-1,,,要配慮者,44.02178314,143.7674592,
1673,E0155200015111,西富公民館,北海道佐呂間町字西富110-2,,,,44.01042626,143.7618647,
1674,E0155200017111,佐呂間町体育館,北海道佐呂間町字西富232-1,,,,44.00330604,143.7545783,
1675,E0155200018111,西中央公民館,北海道佐呂間町字西富63-2,,,,44.01812001,143.7645493,
1676,E0155200019111,川西公民館,北海道佐呂間町字川西52-1,,,,43.98500027,143.6914006,
1677,E0155200020111,知来公民館,北海道佐呂間町字知来435-3,,,,44.03209039,143.8510016,
1678,E0155200022111,若佐小学校,北海道佐呂間町字中園38-1,1,,,43.97859883,143.6953247,
1679,E0155200023111,東公民館,北海道佐呂間町字東135-3,,,,44.01457345,143.7944112,
1680,E0155200024111,栃木公民館,北海道佐呂間町字栃木246-2,,,,43.93806794,143.7151209,
1681,E0155200026111,浜佐呂間活性化センター,北海道佐呂間町字浜佐呂間310-5,1,,,44.07907555,143.9437091,
1682,E0155200027111,朝富公民館,北海道佐呂間町字富丘246-1,,,,43.99124377,143.7302087,
1683,E0155200029111,富武士公民館,北海道佐呂間町字富武士490-3,1,,,44.06793004,143.7927073,
1684,E0155200030111,富武士漁村環境改善センター,北海道佐呂間町字富武士54-5,1,,,44.08992863,143.8065616,
1685,E0155200031111,武士公民館,北海道佐呂間町字武士105-1,,,,43.98595017,143.7209302,
1686,E0155200032111,北公民館,北海道佐呂間町字北280-1,,,,44.032133,143.7671234,
1687,E0155200033111,佐呂間高等学校,北海道佐呂間町字北311-1,1,,,44.02290986,143.7694179,
1688,E0155200034111,幌岩公民館,北海道佐呂間町字幌岩155-1,,,,44.09292089,143.891924,
1689,E0122600001111,砂川学園,北海道砂川市吉野二条南5-1-1,1,,,43.483987,141.918228,
1690,E0122600003111,旧空知太小学校,北海道砂川市空知太西五条6-3-1,1,,,43.542751981478,141.91758575026,
1691,E0122600002111,北地区コミュニティセンター,北海道砂川市空知太西四条4-107-2,1,,,43.5394332692645,141.915700047646,
1692,E0122600005111,旧中央小学校,北海道砂川市晴見一条北7-69-9,1,,,43.4977921,141.9178934,
1693,E0122600006111,旧砂川小学校,北海道砂川市西三条南8-1-1,1,,,43.48295518,141.9025119,
1694,E0122600007111,海洋センター,北海道砂川市西三条北9-1-1,1,,,43.50146625,141.9074002,
1695,E0122600008111,公民館,北海道砂川市西八条北3-1-1,1,,,43.49497034,141.9022266,
1696,E0122600010111,旧豊沼小学校,北海道砂川市東五条南17-227,1,,,43.46678521,141.906196,
1697,E0122600009111,地域交流センターゆう,北海道砂川市東三条北2-3-3,1,,,43.4926918,141.9104811,
1698,E0122600011111,総合体育館,北海道砂川市日の出一条南9-2-2,1,,,43.47872185,141.9124929,
1699,E0122600012111,旧北光小学校,北海道砂川市北光222-1,1,,,43.51470887,141.9202111,
1700,E0122600013111,ふるさと活性化プラザ,北海道砂川市北光336,,,,43.522267,141.930287,
1701,E0110000001111,もみじ台中学校,北海道札幌市厚別区もみじ台西1-1-1,1,,,43.03806002,141.4847101,
1702,E0110000002111,もみじの森小学校,北海道札幌市厚別区もみじ台西3-4-1,1,,,43.0317372,141.4862899,
1703,E0110000004111,もみじ台東第１集会所,北海道札幌市厚別区もみじ台東1-1,,,,43.03152508,141.4938245,
1704,E0110000005111,もみじの丘小学校,北海道札幌市厚別区もみじ台東4-5-1,1,,,43.02982537,141.497646,
1705,E0110000006111,光生舎ゆいま～る・もみじ台,北海道札幌市厚別区もみじ台南3-4,,,,43.02438651,141.4949528,
1706,E0110000008111,もみじ台北第２集会所,北海道札幌市厚別区もみじ台北4-7,,,,43.03572462,141.4874945,
1707,E0110000009111,星槎札幌もみじキャンパス・星槎国際高等学校・星槎もみじ中学校,北海道札幌市厚別区もみじ台北5-12-1,,,,43.03591973,141.492393,
1708,E0110000013111,天理教羽幌分教会,北海道札幌市厚別区厚別西五条4-1-1,,,,43.054049797485,141.4622711013,
1709,E0110000675111,ベルコユアホール厚別西,北海道札幌市厚別区厚別西五条6-2-8,,,,43.0556487001227,141.467691667126,
1710,E0110000010111,厚別西小学校,北海道札幌市厚別区厚別西三条1-3-1,1,,,43.04815755,141.4577477,
1711,E0110000011111,厚別通小学校,北海道札幌市厚別区厚別西四条3-10-30,1,,,43.05244543,141.4618346,
1712,E0110000012111,厚別西地区センター,北海道札幌市厚別区厚別西四条4-10-1,,,,43.0529828,141.4656839,
1713,E0110000014111,厚別区民センター,北海道札幌市厚別区厚別中央一条5-3-14,,,,43.036623,141.474432,
1714,E0110000015111,札幌市厚別老人福祉センター,北海道札幌市厚別区厚別中央一条7-17-25,,,,43.03839837,141.4800974,
1715,E0110000018111,信濃中学校,北海道札幌市厚別区厚別中央三条2-3-1,1,,,43.03646776,141.4596896,
1716,E0110000019111,智徳寺,北海道札幌市厚別区厚別中央三条4-8-20,,,,43.04018364,141.4685466,
1717,E0110000020111,大行寺,北海道札幌市厚別区厚別中央三条5-1-1,,,,43.04038472,141.4695582,
1718,E0110000021111,札幌東商業高校,北海道札幌市厚別区厚別中央三条5-6-10,,,,43.04191377,141.4707491,
1719,E0110000022111,厚別信濃会館（厚別中央まちづくりセンター）,北海道札幌市厚別区厚別中央四条3-3-6,,,,43.04266878,141.4620435,
1720,E0110000023111,信濃小学校,北海道札幌市厚別区厚別中央四条3-6-1,1,,,43.04199109,141.4634453,
1721,E0110000016111,ひばりが丘小学校,北海道札幌市厚別区厚別中央二条4-3-1,1,,,43.03649545,141.4661225,
1722,E0110000017111,厚別区体育館,北海道札幌市厚別区厚別中央二条5-1-20,1,,,43.037291,141.4704202,
1723,E0110000024111,北星学園大学附属高校,北海道札幌市厚別区厚別町下野幌38,,,,43.03924044,141.5007523,
1724,E0110000026111,厚別北中学校,北海道札幌市厚別区厚別町小野幌774-5,1,,,43.05898728,141.4700496,
1725,E0110000027111,地域交流ホーム「ひまわり」（札幌報恩学園内）,北海道札幌市厚別区厚別町上野幌822,,,,43.01695707,141.4822403,
1726,E0110000029111,厚別中学校,北海道札幌市厚別区厚別東三条5-1-1,1,,,43.04706209,141.4874623,
1727,E0110000030111,小野幌会館（厚別東まちづくりセンター）,北海道札幌市厚別区厚別東四条4-9-3,,,,43.04994261,141.4833362,
1728,E0110000031111,厚別東小学校,北海道札幌市厚別区厚別東四条8-1-1,1,,,43.05504357,141.486578,
1729,E0110000032111,札幌啓成高校,北海道札幌市厚別区厚別東四条8-6-1,,,,43.05625461,141.4897348,
1730,E0110000028111,小野幌小学校,北海道札幌市厚別区厚別東二条4-5-1,1,,,43.04401832,141.4850521,
1731,E0110000033111,厚別南会館（厚別南まちづくりセンター・児童会館）,北海道札幌市厚別区厚別南1-15-10,,,,43.02913099,141.4653217,
1732,E0110000034111,共栄小学校,北海道札幌市厚別区厚別南2-21-22,1,,,43.02979719,141.4705802,
1733,E0110000035111,新札幌わかば小学校,北海道札幌市厚別区厚別南7-9-1,1,,,43.02249241,141.4791671,
1734,E0110000036111,厚別北小学校,北海道札幌市厚別区厚別北二条3-3-1,1,,,43.05493419,141.4756115,
1735,E0110000698111,カミニシヴィレッジ,北海道札幌市厚別区上野幌1-2,,,,43.0190833514468,141.4692562578966,
1736,E0110000037111,上野幌中学校,北海道札幌市厚別区上野幌二条3-10-1,1,,,43.01558983,141.471808,
1737,E0110000038111,ノホロの丘小学校,北海道札幌市厚別区上野幌二条4-5-1,1,,,43.01410227,141.4753723,
1738,E0110000040111,青葉中学校,北海道札幌市厚別区青葉町10-1-1,1,,,43.02462049,141.4801516,
1739,E0110000041111,青葉会館,北海道札幌市厚別区青葉町3-2-26,,,,43.032879081823,141.4777684394,
1740,E0110000044111,北星学園大学,北海道札幌市厚別区大谷地西2-3-1,1,,,43.02587285,141.447593,
1741,E0110000045111,大谷地団地町内会館,北海道札幌市厚別区大谷地西3-15-1,,,,43.02271759,141.4505551,
1742,E0110000046111,大谷地東小学校,北海道札幌市厚別区大谷地東5-8-1,1,,,43.02397992,141.458663,
1743,E0110000047111,厚別南中学校,北海道札幌市厚別区大谷地東7-1-1,1,,,43.02879204,141.4600379,
1744,E0110000049111,稲穂会館（稲穂金山まちづくりセンター）,北海道札幌市手稲区稲穂三条5-1-28,,,,43.12440319,141.2210873,
1745,E0110000050111,手稲養護学校,北海道札幌市手稲区稲穂三条7-6-1,,,,43.12823192,141.2123466,
1746,E0110000051111,稲穂中学校,北海道札幌市手稲区稲穂四条2-88-1,1,,,43.11902792,141.2271863,
1747,E0110000052111,稲穂小学校,北海道札幌市手稲区稲穂四条5-189-1,1,,,43.12328511,141.2186807,
1748,E0110000053111,北海道札幌稲穂高等支援学校,北海道札幌市手稲区稲穂四条7-12-1,,,,43.12722841,141.2111315,
1749,E0110000048111,祥龍寺瑞龍閣,北海道札幌市手稲区稲穂二条1-3-1,,,,43.121980831002,141.23500994572,
1750,E0110000055111,手稲西小学校,北海道札幌市手稲区金山三条2-8-60,1,,,43.12338362,141.2028461,
1751,E0110000056111,手稲西中学校,北海道札幌市手稲区金山三条2-8-7,1,,,43.12359077,141.2038966,
1752,E0110000054111,金山会館,北海道札幌市手稲区金山二条2-3-1,,,,43.12684187,141.2047507,
1753,E0110000057111,手稲北小学校,北海道札幌市手稲区手稲山口653-2,1,,,43.14202822,141.2083196,
1754,E0110000058111,札幌手稲高校,北海道札幌市手稲区手稲前田497,,,,43.13607812,141.2635293,
1755,E0110000060111,手稲コミュニティセンター（手稲まちづくりセンター）,北海道札幌市手稲区手稲本町三条1-3-41,,,,43.11418304,141.2422454,
1756,E0110000061111,手稲中央小学校,北海道札幌市手稲区手稲本町三条2-6-1,1,,,43.11558216,141.2406754,
1757,E0110000062111,北海道札幌稲雲高等学校,北海道札幌市手稲区手稲本町六条4-1-1,,,,43.11547911,141.2320118,
1758,E0110000066111,稲陵中学校,北海道札幌市手稲区曙七条2-6-50,1,,,43.139266,141.236484,
1759,E0110000063111,手稲山口小学校,北海道札幌市手稲区曙十一条2-7-1,1,,,43.14580926,141.2357993,
1760,E0110000064111,手稲区体育館,北海道札幌市手稲区曙二条1-2-46,1,,,43.12654802,141.2392312,
1761,E0110000068111,新陵東小学校,北海道札幌市手稲区新発寒五条4-2-1,1,,,43.11413194,141.272661,
1762,E0110000069111,新発寒地区センター（新発寒まちづくりセンター）,北海道札幌市手稲区新発寒五条4-2-2,,,,43.114234,141.271872,
1763,E0110000070111,新陵中学校,北海道札幌市手稲区新発寒五条4-4-1,1,,,43.11527408,141.2740688,
1764,E0110000067111,新発寒小学校,北海道札幌市手稲区新発寒二条2-1115-307,1,,,43.1071611,141.2706362,
1765,E0110000071111,新陵小学校,北海道札幌市手稲区新発寒六条6-3-1,1,,,43.11971619,141.2725326,
1766,E0110000074111,星置中学校,北海道札幌市手稲区星置三条5-13-1,1,,,43.13990289,141.2038631,
1767,E0110000072111,星置東小学校,北海道札幌市手稲区星置二条1-6-1,1,,,43.13512334,141.2170582,
1768,E0110000073111,星置地区センター（星置まちづくりセンター）,北海道札幌市手稲区星置二条3-14-1,,,,43.138206,141.210142,
1769,E0110000680111,ベルコ手稲シティホール,北海道札幌市手稲区西宮の沢三条3-2-1,,,,43.1010945771563,141.259717684317,
1770,E0110000075111,西宮の沢小学校,北海道札幌市手稲区西宮の沢二条4-15-1,1,,,43.10602576,141.2599792,
1771,E0110000078111,手稲区民センター,北海道札幌市手稲区前田一条11-1-10,,,,43.12191137,141.2459934,
1772,E0110000085111,稲積小学校,北海道札幌市手稲区前田五条7-1-1,1,,,43.12083964,141.2593029,
1773,E0110000082111,タケシンスクエアビル,北海道札幌市手稲区前田四条10-2-8,,,,43.122854369678,141.25033255046,
1774,E0110000083111,稲積中学校,北海道札幌市手稲区前田四条5-2-1,1,,,43.11731228,141.2622338,
1775,E0110000087111,前田中学校,北海道札幌市手稲区前田七条13-1-1,1,,,43.130726,141.2514732,
1776,E0110000088111,北海道科学大学,北海道札幌市手稲区前田七条15,1,,,43.13475989,141.2488815,
1777,E0110000076111,前田北中学校,北海道札幌市手稲区前田十条15-8-1,1,,,43.13869815,141.2522556,
1778,E0110000077111,前田北小学校,北海道札幌市手稲区前田十条18-4-1,1,,,43.1433588,141.2477637,
1779,E0110000080111,手稲鉄北小学校,北海道札幌市手稲区前田二条12-1-2,1,,,43.12435261,141.2457069,
1780,E0110000081111,手稲前田児童会館,北海道札幌市手稲区前田二条12-1-4,,,,43.12425308,141.2467666,
1781,E0110000089111,前田中央小学校,北海道札幌市手稲区前田八条12-2-1,1,,,43.13141827,141.256396,
1782,E0110000086111,前田小学校,北海道札幌市手稲区前田六条11-3-1,1,,,43.12734801,141.2535771,
1783,E0110000090111,富丘小学校,北海道札幌市手稲区富丘一条6-4-1,1,,,43.11450171,141.252255,
1784,E0110000091111,手稲中学校,北海道札幌市手稲区富丘三条5-2-1,1,,,43.10792405,141.247944,
1785,E0110000092111,札幌真栄高等学校,北海道札幌市清田区真栄236-1,,,,42.97216283,141.452036,
1786,E0110000093111,真栄地区会館,北海道札幌市清田区真栄二条2-1-57,,,,42.993399,141.441346,
1787,E0110000094111,清田区民センター（清田まちづくりセンター）,北海道札幌市清田区清田一条2-5-35,,,,43.00513314,141.4400643,
1788,E0110000095111,清田小学校,北海道札幌市清田区清田一条4-3-30,1,,,43.00127496,141.4403063,
1789,E0110000096111,清田児童会館,北海道札幌市清田区清田一条4-3-53,,,,43.00051518,141.4412022,
1790,E0110000105111,里塚・美しが丘地区センター,北海道札幌市清田区清田区里塚二条5-1-1,,,,42.98275727,141.4644177,
1791,E0110000101111,清田南小学校,北海道札幌市清田区清田五条2-18-1,1,,,42.99660646,141.4303112,
1792,E0110000099111,清田中学校,北海道札幌市清田区清田三条3-7-1,1,,,42.99712649,141.4343875,
1793,E0110000100111,札幌国際大学,北海道札幌市清田区清田四条1-4-1,,,,43.00050141,141.4262368,
1794,E0110000103111,清武館,北海道札幌市清田区清田七条2-16-18,,,,42.99073837,141.4298053,
1795,E0110000104111,清田緑小学校,北海道札幌市清田区清田七条3-12-10,1,,,42.98773129,141.4343699,
1796,E0110000097111,清田有楽町内会館,北海道札幌市清田区清田二条2-1-31,,,,43.00475955,141.4312833,
1797,E0110000102111,清田中央総合会館（清田中央まちづくりセンター・児童会館）,北海道札幌市清田区清田六条2-10-1,,,,42.99402785,141.4306008,
1798,E0110000106111,真栄小学校,北海道札幌市清田区美しが丘一条1-1-10,1,,,42.98972212,141.4480643,
1799,E0110000107111,真栄中学校,北海道札幌市清田区美しが丘一条1-2-10,1,,,42.9889491,141.4486169,
1800,E0110000108111,里塚町内会会館,北海道札幌市清田区美しが丘一条8-7-3,,,,42.97820069,141.466034,
1801,E0110000677111,ベルコ清田シティホール,北海道札幌市清田区美しが丘三条3-8-1,,,,42.9829023840316,141.45014867082,
1802,E0110000110111,美しが丘緑小学校,北海道札幌市清田区美しが丘四条5-8-1,1,,,42.97773605,141.4524522,
1803,E0110000109111,美しが丘小学校,北海道札幌市清田区美しが丘二条5-1-1,1,,,42.98371269,141.4540632,
1804,E0110000111111,清田区体育館,北海道札幌市清田区平岡一条5-4-1,1,,,42.99125898,141.4521979,
1805,E0110000119111,平岡小学校,北海道札幌市清田区平岡九条2-5-1,1,,,43.0153188,141.4587972,
1806,E0110000116111,平岡中央小学校,北海道札幌市清田区平岡五条3-9-1,1,,,43.00601271,141.4569584,
1807,E0110000117111,平岡中央中学校,北海道札幌市清田区平岡五条4-7-1,1,,,43.00445451,141.4580846,
1808,E0110000121111,平岡公園小学校,北海道札幌市清田区平岡公園東5-9-1,1,,,43.00445947,141.4742377,
1809,E0110000122111,平岡緑中学校,北海道札幌市清田区平岡公園東9-11-1,1,,,43.00090116,141.4759232,
1810,E0110000115111,「遊楽館」平岡,北海道札幌市清田区平岡四条1-12-4,,,,43.006519709189,141.44998162471,
1811,E0110000112111,厚別神社,北海道札幌市清田区平岡二条1-3-1,,,,43.00121107,141.4445674,
1812,E0110000113111,平岡中学校,北海道札幌市清田区平岡二条5-4-10,1,,,42.99357286,141.4551071,
1813,E0110000114111,平岡南小学校,北海道札幌市清田区平岡二条6-2-1,1,,,42.9928253,141.4571379,
1814,E0110000118111,平岡児童会館,北海道札幌市清田区平岡八条1-6-22,,,,43.014454,141.456056,
1815,E0110000123111,光円寺,北海道札幌市清田区北野一条2-9-40,,,,43.00882753,141.4312233,
1816,E0110000126111,北野小学校,北海道札幌市清田区北野三条2-10-1,1,,,43.01494015,141.4333049,
1817,E0110000127111,札幌清田高校,北海道札幌市清田区北野三条4-6-1,,,,43.01064119,141.4408832,
1818,E0110000128111,北野連合会館（北野まちづくりセンター）,北海道札幌市清田区北野四条2-8-28,,,,43.01639732,141.4350444,
1819,E0110000129111,北野台中学校,北海道札幌市清田区北野四条4-13-1,1,,,43.01279195,141.4432015,
1820,E0110000130111,北野台小学校,北海道札幌市清田区北野四条5-4-80,1,,,43.01193388,141.4470824,
1821,E0110000124111,北野平小学校,北海道札幌市清田区北野二条3-7-1,1,,,43.00972712,141.4349225,
1822,E0110000125111,北野中学校,北海道札幌市清田区北野二条3-7-30,1,,,43.00867328,141.4365724,
1823,E0110000131111,有明会館,北海道札幌市清田区有明106,,,,42.95195148,141.450938,
1824,E0110000132111,有明小学校,北海道札幌市清田区有明141-2,1,,,42.95019101,141.4511583,
1825,E0110000133111,三里塚小学校,北海道札幌市清田区里塚二条6-7-1,1,,,42.98073689,141.4685637,
1826,E0110000135111,札幌市生涯学習センター「ちえりあ」,北海道札幌市西区宮の沢一条1-1-10,,,,43.08831308,141.274489,
1827,E0110000136111,宮の沢中央会館,北海道札幌市西区宮の沢一条5-6-27,,,,43.09519257,141.2666521,
1828,E0110000138111,手稲宮丘小学校,北海道札幌市西区宮の沢三条2-1-1,1,,,43.08468917,141.2663081,
1829,E0110000137111,宮の沢会館,北海道札幌市西区宮の沢二条5-1-28,,,,43.09177125,141.2629195,
1830,E0110000141111,浄恩寺,北海道札幌市西区琴似三条6-1-28,,,,43.07621816,141.2990139,
1831,E0110000139111,西区民センター,北海道札幌市西区琴似二条7-1-21,,,,43.07415505,141.2997611,
1832,E0110000140111,琴似小学校,北海道札幌市西区琴似二条7-1-30,1,,,43.07511766,141.2992337,
1833,E0110000142111,浄国寺,北海道札幌市西区山の手一条12-1-2,,,,43.06097109,141.295604,
1834,E0110000143111,山の手南小学校,北海道札幌市西区山の手一条9-6-1,1,,,43.06337288,141.2958817,
1835,E0110000147111,山の手小学校,北海道札幌市西区山の手五条6-1-1,1,,,43.07028953,141.2909935,
1836,E0110000692111,市立札幌山の手支援学校体育館,北海道札幌市西区山の手五条8-1-38,,,,43.0701078343457,141.2880177160465,
1837,E0110000146111,琴似中学校,北海道札幌市西区山の手四条2-1-1,1,,,43.07150869,141.2965774,
1838,E0110000144111,日登寺,北海道札幌市西区山の手二条1-1-39,,,,43.07030186,141.3022592,
1839,E0110000145111,札幌山の手高校,北海道札幌市西区山の手二条8-5-12,,,,43.066387,141.294095,
1840,E0110000149111,證誓寺,北海道札幌市西区西町南8-3-18,,,,43.07777434,141.2855942,
1841,E0110000150111,西町会館（西町まちづくりセンター）,北海道札幌市西区西町南9-2-2,,,,43.07939257,141.2853182,
1842,E0110000151111,手稲東児童会館,北海道札幌市西区西町北10-3-8,,,,43.082406,141.2869601,
1843,E0110000153111,西園小学校,北海道札幌市西区西野一条7-4-1,1,,,43.08121812,141.2768521,
1844,E0110000156111,宮の丘中学校,北海道札幌市西区西野三条10-9-1,1,,,43.08120325,141.2686414,
1845,E0110000157111,西野福祉会館,北海道札幌市西区西野三条2-4-12,,,,43.07281983,141.281598,
1846,E0110000158111,西野中央会館,北海道札幌市西区西野三条8-6-5,,,,43.07921377,141.2710639,
1847,E0110000159111,西野地区センター,北海道札幌市西区西野四条2-8-30,,,,43.07123898,141.2795323,
1848,E0110000160111,手稲東小学校,北海道札幌市西区西野四条3-7-1,1,,,43.07161042,141.2787511,
1849,E0110000162111,西野あおい保育園,北海道札幌市西区西野七条8-14-5,,,,43.0719882,141.2642443,
1850,E0110000679111,ベルコシティホール札幌西,北海道札幌市西区西野二条3-2-8,,,,43.0751597572526,141.282835641987,
1851,E0110000155111,手稲東中学校,北海道札幌市西区西野二条5-3-1,1,,,43.07775747,141.2803537,
1852,E0110000163111,西野小学校,北海道札幌市西区西野八条4-4-1,1,,,43.06338964,141.2695281,
1853,E0110000164111,西野第二小学校,北海道札幌市西区西野八条7-1-1,1,,,43.06761437,141.2630677,
1854,E0110000165111,西野中学校,北海道札幌市西区西野八条7-5-1,1,,,43.06625502,141.2618095,
1855,E0110000161111,昭和会館（西野まちづくりセンター）,北海道札幌市西区西野六条3-14-16,,,,43.0667173,141.2719352,
1856,E0110000670111,西老人福祉センター,北海道札幌市西区二十四軒四条3-4-1,,,,43.0767300422792,141.308668041987,
1857,E0110000166111,陵北中学校,北海道札幌市西区二十四軒二条3-1-23,1,,,43.0723893,141.3140717,
1858,E0110000167111,二十四軒小学校,北海道札幌市西区二十四軒二条3-1-37,1,,,43.07296084,141.3130543,
1859,E0110000170111,八軒会館（八軒まちづくりセンター）,北海道札幌市西区八軒一条西1-7-7,,,,43.08216431,141.3093032,
1860,E0110000172111,八軒西小学校,北海道札幌市西区八軒三条西5-1-1,1,,,43.08845646,141.3063942,
1861,E0110000174111,八軒小学校,北海道札幌市西区八軒四条西1-1-8,1,,,43.08581443,141.3121311,
1862,E0110000178111,琴似中央小学校,北海道札幌市西区八軒七条東1-1-1,1,,,43.08677684,141.3179342,
1863,E0110000171111,八軒東中学校,北海道札幌市西区八軒二条東3-1-20,1,,,43.07997703,141.3155622,
1864,E0110000179111,八軒北小学校,北海道札幌市西区八軒八条西6-1-1,1,,,43.09347698,141.3095645,
1865,E0110000180111,八軒中学校,北海道札幌市西区八軒八条西8-1-1,1,,,43.09520091,141.3061125,
1866,E0110000176111,八軒中央会館（八軒中央まちづくりセンター）,北海道札幌市西区八軒六条西2-1-11,,,,43.08922723,141.3129523,
1867,E0110000177111,はちけん地区センター,北海道札幌市西区八軒六条西2-2-1,,,,43.08909011,141.3119867,
1868,E0110000187111,発寒福祉会館,北海道札幌市西区発寒五条3-12-20,,,,43.08693175,141.2942701,
1869,E0110000188111,発寒中学校,北海道札幌市西区発寒五条7-1-1,1,,,43.08585784,141.2863491,
1870,E0110000189111,発寒西小学校,北海道札幌市西区発寒五条7-1-2,1,,,43.08576164,141.2851204,
1871,E0110000190111,西区体育館,北海道札幌市西区発寒五条8-9-1,1,,,43.08751069,141.2824489,
1872,E0110000191111,西小学校,北海道札幌市西区発寒七条13-2-1,1,,,43.09629584,141.273098,
1873,E0110000184111,発寒東小学校,北海道札幌市西区発寒十五条2-2-1,1,,,43.10215175,141.2969852,
1874,E0110000185111,西陵中学校,北海道札幌市西区発寒十五条2-5-1,1,,,43.10316648,141.2970488,
1875,E0110000183111,札幌琴似工業高等学校,北海道札幌市西区発寒十三条11-3-1,1,,,43.10146441,141.2885315,
1876,E0110000181111,はっさむ地区センター,北海道札幌市西区発寒十条4-1-1,,,,43.09067562,141.2932918,
1877,E0110000182111,発寒小学校,北海道札幌市西区発寒十条4-1-62,1,,,43.09140829,141.2928286,
1878,E0110000186111,発寒南小学校,北海道札幌市西区発寒二条4-1-1,1,,,43.08176127,141.2934052,
1879,E0110000192111,福井野小学校,北海道札幌市西区福井6-11-1,1,,,43.05523759,141.2660481,
1880,E0110000193111,福井野中学校,北海道札幌市西区福井6-12-10,1,,,43.05636776,141.2649322,
1881,E0110000194111,平和小学校,北海道札幌市西区平和三条8-2-1,1,,,43.05426348,141.2505149,
1882,E0110000195111,札幌旭丘高校,北海道札幌市中央区旭ケ丘6-5-18,,,,43.03788194,141.3190196,
1883,E0110000196111,円山西町町内会館,北海道札幌市中央区円山西町3-3-45,,,,43.04369158,141.305666,
1884,E0110000197111,円山西町児童会館,北海道札幌市中央区円山西町8-1-50,,,,43.0453988,141.3058491,
1885,E0110000200111,曹洞宗大乗院薬王寺本堂,北海道札幌市中央区宮の森1263-3,,,,43.03887819,141.2871883,
1886,E0110000201111,大倉山ジャンプ競技場本部棟,北海道札幌市中央区宮の森1274,,,,43.0518104979097,141.290868038397,
1887,E0110000202111,宮の森中学校,北海道札幌市中央区宮の森一条16-5-1,1,,,43.04649846,141.2953437,
1888,E0110000205111,大倉山小学校,北海道札幌市中央区宮の森三条13-6-20,1,,,43.05131635,141.2972278,
1889,E0110000206111,北海道森林管理局,北海道札幌市中央区宮の森三条7-70,,,,43.06265804168,141.30335551179,
1890,E0110000207111,三角山小学校,北海道札幌市中央区宮の森四条11-4-1,1,,,43.05720776,141.2956761,
1891,E0110000208111,宮の森小学校,北海道札幌市中央区宮の森四条6-1-2,1,,,43.06397399,141.3026297,
1892,E0110000209111,札幌西高校,北海道札幌市中央区宮の森四条8-1-1,,,,43.06308577,141.3000879,
1893,E0110000203111,宮の森明和地区会館（宮の森まちづくりセンター）,北海道札幌市中央区宮の森二条11-1-3,,,,43.05679923,141.3031943,
1894,E0110000204111,宮の森会館（宮の森児童会館）,北海道札幌市中央区宮の森二条5-2-21,,,,43.06196104,141.3090581,
1895,E0110000210111,中央小学校,北海道札幌市中央区大通東6-12-1,1,,,43.06245762,141.3659106,
1896,E0110000212111,中島児童会館,北海道札幌市中央区中島公園1-1,,,,43.04768203,141.3545523,
1897,E0110000230111,サービス付き高齢者向け住宅「ウィステリア南１条」,北海道札幌市中央区南一条西14-291-81,,,,43.056187264727,141.33556751115,
1898,E0110000245111,旭山公園通地区センター,北海道札幌市中央区南九条西18-1-32,,,,43.0471727,141.3298299,
1899,E0110000246111,南円山会館（南円山まちづくりセンター）,北海道札幌市中央区南九条西21-1-1,,,,43.04693306,141.3259484,
1900,E0110000247111,啓明中学校,北海道札幌市中央区南九条西22-2-1,1,,,43.04437238,141.32286,
1901,E0110000243111,西創成会館（西創成まちづくりセンター）,北海道札幌市中央区南五条西7-3,,,,43.05345677,141.3481625,
1902,E0110000691111,中央区民センター,北海道札幌市中央区南三条西11,,,,43.055237,141.341202,
1903,E0110000241111,資生館小学校,北海道札幌市中央区南三条西7-1-1,1,,,43.05566505,141.3476291,
1904,E0110000242111,北海寺,北海道札幌市中央区南三条東4-1,,,,43.059011,141.362427,
1905,E0110000215111,曙会館（曙まちづくりセンター）,北海道札幌市中央区南十一条西10-1-6,,,,43.04538342,141.3439981,
1906,E0110000216111,幌西会館（幌西まちづくりセンター）,北海道札幌市中央区南十一条西14-1-20,,,,43.04487631,141.3361773,
1907,E0110000217111,妙心寺,北海道札幌市中央区南十一条西9-2-10,,,,43.04550426,141.3455018,
1908,E0110000218111,あけぼのアート＆コミュニティセンター,北海道札幌市中央区南十一条西9-4-1,,,,43.04545302,141.3446961,
1909,E0110000222111,誓願寺,北海道札幌市中央区南十三条西9-3-8,,,,43.04211607,141.3463122,
1910,E0110000223111,山鼻小学校,北海道札幌市中央区南十四条西10-1-1,1,,,43.04137581,141.3447047,
1911,E0110000224111,伏見会館,北海道札幌市中央区南十四条西18-6-30,,,,43.040516,141.329407,
1912,E0110000225111,瑞正寺,北海道札幌市中央区南十四条西8-1-38,,,,43.04193497,141.3484141,
1913,E0110000213111,幌西小学校,北海道札幌市中央区南十条西17-1-1,1,,,43.04584972,141.3314216,
1914,E0110000214111,緑丘小学校,北海道札幌市中央区南十条西22-3-1,1,,,43.04308651,141.3234366,
1915,E0110000219111,こうさい保育園,北海道札幌市中央区南十二条西16-1-5,,,,43.043292836223,141.33411873657,
1916,E0110000220111,大光寺,北海道札幌市中央区南十二条西17-2-1,,,,43.04282796,141.3320721,
1917,E0110000221111,中島中学校,北海道札幌市中央区南十二条西7-2-1,1,,,43.04378858,141.3494415,
1918,E0110000228111,伏見小学校,北海道札幌市中央区南十八条西15-1-1,1,,,43.03484989,141.3362221,
1919,E0110000229111,札幌南高校,北海道札幌市中央区南十八条西6-1-1,,,,43.03646919,141.3531042,
1920,E0110000226111,伏見中学校,北海道札幌市中央区南十六条西17-1-35,1,,,43.03764941,141.3329417,
1921,E0110000227111,静修高校,北海道札幌市中央区南十六条西6-2-1,,,,43.03835015,141.3519745,
1922,E0110000231111,幌南小学校,北海道札幌市中央区南二十一条西5-1-1,1,,,43.0322478,141.353969,
1923,E0110000232111,柏中学校,北海道札幌市中央区南二十一条西5-1-2,1,,,43.03140119,141.3532996,
1924,E0110000236111,山鼻南小学校,北海道札幌市中央区南二十九条西12-1-1,1,,,43.02103057,141.3441752,
1925,E0110000233111,山鼻会館（山鼻まちづくりセンター）,北海道札幌市中央区南二十三条西10-1-23,,,,43.028502,141.345833,
1926,E0110000234111,山鼻中学校,北海道札幌市中央区南二十三条西13-1-1,1,,,43.02883739,141.3406014,
1927,E0110000235111,山鼻福祉センター（山鼻児童会館）,北海道札幌市中央区南二十四条西13-1-1,,,,43.02754223,141.3411283,
1928,E0110000238111,大通・西会館（大通・西まちづくりセンター）,北海道札幌市中央区南二条西15-291-98,1,,,43.05568,141.335619,
1929,E0110000238112,二条小学校,北海道札幌市中央区南二条西15-291-98,1,,,43.05477517,141.3355336,
1930,E0110000239111,北海道神宮頓宮,北海道札幌市中央区南二条東3,,,,43.05997784,141.3614456,
1931,E0110000240111,興正寺別院,北海道札幌市中央区南二条東5-2,,,,43.06004565,141.3643435,
1932,E0110000244111,豊水会館（豊水まちづくりセンター）,北海道札幌市中央区南八条西2-5,,,,43.05153401,141.3572689,
1933,E0110000248111,盤渓小学校,北海道札幌市中央区盤渓226-4,1,,,43.03161674,141.2797476,
1934,E0110000685111,さっぽろばんけいスキー場センターロッヂ,北海道札幌市中央区盤渓410,,,,43.030526,141.278145,
1935,E0110000249111,アンフィニサッカー場クラブハウス,北海道札幌市中央区盤渓433,,,,43.026127289956,141.28764224919,
1936,E0110000250111,伏見稲荷神社,北海道札幌市中央区伏見2-2-68,,,,43.03493965,141.325342,
1937,E0110000251111,ローズガーデンクライスト教会,北海道札幌市中央区伏見3-22-50,,,,43.03049227,141.3236929,
1938,E0110000252111,札幌市教育文化会館,北海道札幌市中央区北一条西13-7,,,,43.059427,141.336935,
1939,E0110000253111,円山会館（円山まちづくりセンター・児童会館）,北海道札幌市中央区北一条西23-1-18,,,,43.05782416,141.3222673,
1940,E0110000254111,円山小学校,北海道札幌市中央区北一条西25-1-8,1,,,43.057813817826,141.31916426607,
1941,E0110000255111,苗穂会館（苗穂まちづくりセンター・苗穂はるにれ児童会館）,北海道札幌市中央区北一条東10-15-9,,,,43.06567441,141.3715911,
1942,E0110000671111,ベルコ北円山ホール,北海道札幌市中央区北五条西22-4-12,,,,43.0639228406421,141.322159424797,
1943,E0110000257111,札幌龍谷学園高校,北海道札幌市中央区北四条西19-1-2,,,,43.062305,141.326425,
1944,E0110000258111,向陵中学校,北海道札幌市中央区北四条西28-1-30,1,,,43.06046426,141.3138788,
1945,E0110000259111,中央中学校,北海道札幌市中央区北四条東3,1,,,43.06769555,141.3596856,
1946,E0110000260111,北ガスアリーナ札幌４６（中央体育館）,北海道札幌市中央区北四条東6,1,,,43.067801071034,141.36342724551,
1947,E0110000261111,桑園ふれあいセンター（桑園まちづくりセンター・児童会館）,北海道札幌市中央区北七条西15-28,,,,43.067427,141.331238,
1948,E0110000256111,札幌大通高校,北海道札幌市中央区北二条西11,,,,43.0622159,141.3395468,
1949,E0110000262111,桑園小学校,北海道札幌市中央区北八条西17-1,1,,,43.06788626,141.3281301,
1950,E0110000263111,日新小学校,北海道札幌市中央区北八条西25-2-1,1,,,43.06669119,141.3174818,
1951,E0110000265111,丘珠ふれあいセンター（丘珠まちづくりセンター）,北海道札幌市東区丘珠町183-2,,,,43.1075638,141.3903217,
1952,E0110000267111,丘珠小学校,北海道札幌市東区丘珠町593-3,1,,,43.12139316,141.4039623,
1953,E0110000268111,丘珠中学校,北海道札幌市東区丘珠町674-15,1,,,43.12062786,141.4009833,
1954,E0110000269111,学校法人吉田学園札幌保健医療大学３号館,北海道札幌市東区中沼西四条2-1,,,,43.08191346,141.3591356,
1955,E0110000270111,中沼モエレ会館（モエレ会館）,北海道札幌市東区中沼町104,,,,43.12957618,141.4247077,
1956,E0110000271111,福移公民館,北海道札幌市東区中沼町237,,,,43.15116403,141.4363981,
1957,E0110000272111,義務教育学校福移学園,北海道札幌市東区中沼町240,1,,,43.15147598,141.4377286,
1958,E0110000273111,中沼小学校,北海道札幌市東区中沼町73-10,1,,,43.1321815,141.4325629,
1959,E0110000275111,豊畑町内会館,北海道札幌市東区東雁来町361,,,,43.10581602,141.435993,
1960,E0110000274111,社会福祉法人北翔会医療福祉センター札幌あゆみの園「生活介護ひかり」,北海道札幌市東区東雁来八条1-5-1,,,,43.094534322357,141.41853393961,
1961,E0110000682111,札幌矯正管区体育館,北海道札幌市東区東苗穂１条2-5-5,,,,43.079585,141.396258,
1962,E0110000684111,札幌少年鑑別所青少年相談センター,北海道札幌市東区東苗穂２条1-1-25,,,,43.081294,141.394381,
1963,E0110000683111,札幌刑務所道場（新館）,北海道札幌市東区東苗穂２条1-5-1,,,,43.081678,141.397653,
1964,E0110000683112,札幌刑務所道場（旧館）,北海道札幌市東区東苗穂２条1-5-1,,,,43.081192,141.399059,
1965,E0110000282111,札苗北小学校,北海道札幌市東区東苗穂九条3-2-3,1,,,43.09879882,141.4165425,
1966,E0110000279111,東苗穂小学校,北海道札幌市東区東苗穂五条2-3-1,1,,,43.09016521,141.4052001,
1967,E0110000280111,札苗中学校,北海道札幌市東区東苗穂七条1-1-1,1,,,43.09705253,141.4058714,
1968,E0110000281111,札苗小学校,北海道札幌市東区東苗穂七条2-3-1,1,,,43.09386374,141.4113118,
1969,E0110000278111,札苗緑小学校,北海道札幌市東区東苗穂十三条4-9-30,1,,,43.10546783,141.429574,
1970,E0110000276111,札幌東陵高校,北海道札幌市東区東苗穂十条1-2-21,,,,43.102803,141.412416,
1971,E0110000277111,札苗北中学校,北海道札幌市東区東苗穂十条3-645,1,,,43.10031482,141.4213537,
1972,E0110000283111,瑞穂会館,北海道札幌市東区苗穂町13-2-12,,,,43.07181564,141.3939271,
1973,E0110000284111,大導寺,北海道札幌市東区苗穂町2-2-3,,,,43.07133462,141.3817973,
1974,E0110000285111,苗穂東交流センター（苗穂東まちづくりセンター）,北海道札幌市東区苗穂町3-3-45,,,,43.07323193,141.3840653,
1975,E0110000289111,札幌小学校,北海道札幌市東区伏古一条2-1-31,1,,,43.08285248,141.3879209,
1976,E0110000290111,ふしこ団地集会所,北海道札幌市東区伏古三条4-2,,,,43.08499133,141.3924235,
1977,E0110000291111,伏古記念会館,北海道札幌市東区伏古七条2-8-15,,,,43.09007718,141.3918487,
1978,E0110000287111,伏古北小学校,北海道札幌市東区伏古十一条1-2-10,1,,,43.09934173,141.3940855,
1979,E0110000288111,ふしこ地区センター,北海道札幌市東区伏古十一条3-1-15,,,,43.0966398,141.3980411,
1980,E0110000286111,伏古児童会館,北海道札幌市東区伏古十条3-6-8,,,,43.093443,141.397084,
1981,E0110000292111,札幌中学校,北海道札幌市東区伏古八条1-1-28,1,,,43.09546859,141.3887149,
1982,E0110000293111,伏古小学校,北海道札幌市東区伏古八条5-2-1,1,,,43.09001855,141.3989185,
1983,E0110000348111,札幌丘珠高校,北海道札幌市東区北丘珠一条2-589-1,,,,43.12209076,141.4092372,
1984,E0110000350111,丘珠新栄会館,北海道札幌市東区北丘珠四条2-1-10,,,,43.12656361,141.4033779,
1985,E0110000349111,丘珠みづほ団地町内会館,北海道札幌市東区北丘珠二条2-5-10,,,,43.12345382,141.4063624,
1986,E0110000345111,苗穂小学校,北海道札幌市東区北九条東13-1-1,1,,,43.07504237,141.3739433,
1987,E0110000346111,瑞玄寺,北海道札幌市東区北九条東3-1-10,,,,43.07301215,141.3587809,
1988,E0110000347111,鉄東会館（鉄東まちづくりセンター）,北海道札幌市東区北九条東5-2-8,,,,43.07319594,141.3617954,
1989,E0110000342111,栄緑小学校,北海道札幌市東区北五十一条東10-1-1,1,,,43.12352613,141.3585475,
1990,E0110000322111,元町北小学校,北海道札幌市東区北三十一条東14-1-1,1,,,43.10084119,141.3669053,
1991,E0110000332111,栄西小学校,北海道札幌市東区北三十九条東4-1-1,1,,,43.107273,141.351087,
1992,E0110000323111,北栄中学校,北海道札幌市東区北三十三条東2-1-1,1,,,43.10079149,141.3499339,
1993,E0110000324111,北小学校,北海道札幌市東区北三十三条東4-1-1,1,,,43.10131743,141.352778,
1994,E0110000330111,栄南小学校,北海道札幌市東区北三十七条東20-3-1,1,,,43.10868848,141.3765833,
1995,E0110000331111,ひのまる児童会館,北海道札幌市東区北三十八条東9-1-29,,,,43.10792114,141.3594958,
1996,E0110000326111,栄町小学校,北海道札幌市東区北三十六条東13-3-1,1,,,43.1061944,141.3646278,
1997,E0110000327111,栄町中学校,北海道札幌市東区北三十六条東14-1-1,1,,,43.10558843,141.3655015,
1998,E0110000328111,栄南中学校,北海道札幌市東区北三十六条東16-1-1,1,,,43.10637357,141.3696245,
1999,E0110000329111,栄地区センター,北海道札幌市東区北三十六条東8-1-25,,,,43.10596835,141.3581244,
2000,E0110000334111,栄町会館,北海道札幌市東区北四十一条東1-2-22,,,,43.10945506,141.3459459,
2001,E0110000335111,日の丸会館（栄東まちづくりセンター）,北海道札幌市東区北四十一条東14-3-1,,,,43.11136925,141.365063,
2002,E0110000338111,北栄寺,北海道札幌市東区北四十五条東1-3-12,,,,43.11466359,141.3451861,
2003,E0110000341111,栄北小学校,北海道札幌市東区北四十七条東6-1-1,1,,,43.11764623,141.3513992,
2004,E0110000336111,烈々布神社,北海道札幌市東区北四十二条東10-1-11,,,,43.11256244,141.3591774,
2005,E0110000337111,栄小学校,北海道札幌市東区北四十二条東10-2-3,1,,,43.11232401,141.3600248,
2006,E0110000339111,栄東小学校,北海道札幌市東区北四十六条東13-1-1,1,,,43.11733617,141.3614658,
2007,E0110000340111,栄中学校,北海道札幌市東区北四十六条東6-1-1,1,,,43.11623075,141.3521104,
2008,E0110000295111,東区民センター,北海道札幌市東区北十一条東7-1-1,,,,43.07620938,141.3636227,
2009,E0110000305111,明園小学校,北海道札幌市東区北十九条東14-1-1,1,,,43.08647892,141.3720691,
2010,E0110000306111,大願寺,北海道札幌市東区北十九条東3-1-1,,,,43.08412106,141.3549594,
2011,E0110000300111,札幌北斗高校,北海道札幌市東区北十五条東2-1-10,,,,43.08013932,141.3548865,
2012,E0110000298111,札幌光星高校,北海道札幌市東区北十三条東9-1-1,,,,43.07930187,141.3660619,
2013,E0110000299111,北東会館,北海道札幌市東区北十四条東8-1-26,,,,43.07966316,141.3654333,
2014,E0110000302111,美香保中学校,北海道札幌市東区北十七条東6-2-11,1,,,43.08316543,141.3605064,
2015,E0110000294111,大覚寺,北海道札幌市東区北十条東11-2-10,,,,43.07644142,141.3702162,
2016,E0110000296111,諏訪神社,北海道札幌市東区北十二条東1-1-10,,,,43.07592135,141.3542678,
2017,E0110000297111,北光小学校,北海道札幌市東区北十二条東6-5-8,1,,,43.07751039,141.3619993,
2018,E0110000303111,北光会館（北光まちづくりセンター・児童会館）,北海道札幌市東区北十八条東5-1-1,,,,43.08343726,141.3585004,
2019,E0110000304111,美香保小学校,北海道札幌市東区北十八条東6-1-10,1,,,43.08454454,141.3598412,
2020,E0110000301111,札幌大谷大学・札幌大谷大学短期大学部,北海道札幌市東区北十六条東9-1-1,,,,43.08188582,141.3664769,
2021,E0110000301112,札幌大谷高校,北海道札幌市東区北十六条東9-1-1,,,,43.08166445,141.3652033,
2022,E0110000309111,元町児童会館,北海道札幌市東区北二十一条東18-5-1,,,,43.091359,141.378086,
2023,E0110000310111,開成小学校,北海道札幌市東区北二十一条東21-3-1,1,,,43.0895438,141.3832575,
2024,E0110000317111,元町小学校,北海道札幌市東区北二十五条東17-1-1,1,,,43.09566115,141.3742467,
2025,E0110000318111,北園小学校,北海道札幌市東区北二十五条東4-3-1,1,,,43.09260599,141.3554105,
2026,E0110000319111,北栄会館（北栄まちづくりセンター）,北海道札幌市東区北二十五条東7-3-18,,,,43.09377973,141.3600213,
2027,E0110000314111,北光白樺会館,北海道札幌市東区北二十三条東2-1-17,,,,43.09007033,141.3520586,
2028,E0110000315111,株式会社ライフサクライ第二営業所,北海道札幌市東区北二十四条東21,,,,43.094580045659,141.38605299711,
2029,E0110000316111,大谷派法照寺,北海道札幌市東区北二十四条東5-2-15,,,,43.09257321,141.3565136,
2030,E0110000320111,東区体育館,北海道札幌市東区北二十七条東14-3-1,1,,,43.09743011,141.3685375,
2031,E0110000308111,元町会館（元町まちづくりセンター）,北海道札幌市東区北二十条東20-6-22,,,,43.08808233,141.3824575,
2032,E0110000311111,アカシア若者活動センター,北海道札幌市東区北二十二条東1-1-20,,,,43.08901516,141.3490066,
2033,E0110000312111,明園中学校,北海道札幌市東区北二十二条東12-1-1,1,,,43.09052148,141.3665884,
2034,E0110000313111,札幌開成中等教育学校・札幌開成高校,北海道札幌市東区北二十二条東21-1-1,1,,,43.09213476,141.3833057,
2035,E0110000321111,元町中学校,北海道札幌市東区北二十八条東20-1-1,1,,,43.10016157,141.3809762,
2036,E0110000673111,札幌ベルコ会館,北海道札幌市東区北八条東18-3,,,,43.0767400145784,141.381996526645,
2037,E0110000343111,信行寺,北海道札幌市東区北八条東3-1-3,,,,43.07174317,141.3585632,
2038,E0110000344111,新生児童会館,北海道札幌市東区北八条東7-1-3,,,,43.07241614,141.3643391,
2039,E0110000351111,法国寺会館,北海道札幌市東区本町一条1-5-33,,,,43.07972519,141.3800961,
2040,E0110000352111,東栄中学校,北海道札幌市東区本町一条7-2-7,1,,,43.07543577,141.3927014,
2041,E0110000353111,東光小学校,北海道札幌市東区本町二条1-2-32,1,,,43.08146246,141.380504,
2042,E0110000354111,苗穂神社,北海道札幌市東区本町二条3-5,,,,43.07982429,141.3863714,
2043,E0110000355111,本町小学校,北海道札幌市東区本町二条7-1-30,1,,,43.0763043,141.3931596,
2044,E0110000356111,苗穂・本町地区センター,北海道札幌市東区本町二条7-2-10,,,,43.077851,141.393071,
2045,E0110000359111,南禅院,北海道札幌市南区常盤330-3,,,,42.9157931978205,141.327400810556,
2046,E0110000357111,常盤中学校,北海道札幌市南区常盤二条2-21-1,1,,,42.94644316,141.3484065,
2047,E0110000358111,芸術の森小学校,北海道札幌市南区常盤二条3-1,1,,,42.9464632888516,141.349990032111,
2048,E0110000360111,常盤一区会館,北海道札幌市南区常盤六条2-107,,,,42.93606758,141.3425183,
2049,E0110000687112,駒岡清掃工場,北海道札幌市南区真駒内129-3,1,,,42.960638,141.354846,
2050,E0110000361112,駒岡小学校,北海道札幌市南区真駒内143,1,,,42.95818963,141.3587541,
2051,E0110000361111,駒岡会館（駒岡地区開拓記念会館）,北海道札幌市南区真駒内143,1,,,42.9592457,141.3583893,
2052,E0110000362111,札幌市保養センター駒岡,北海道札幌市南区真駒内600-20,,,,42.965553461351,141.35594057228,
2053,E0110000364111,真駒内セキスイハイムアイスアリーナ,北海道札幌市南区真駒内公園1-1,,,,42.999416,141.347367,
2054,E0110000365111,南区民センター,北海道札幌市南区真駒内幸町2-2-1,,,,42.989541,141.353726,
2055,E0110000367111,真駒内公園小学校,北海道札幌市南区真駒内曙町2-1-1,1,,,43.00047618,141.3494928,
2056,E0110000368111,真駒内曙中学校,北海道札幌市南区真駒内曙町2-1-2,1,,,42.99943418,141.3500659,
2057,E0110000370111,真駒内五輪児童会館,北海道札幌市南区真駒内泉町3-1-6,,,,42.98824569,141.3557828,
2058,E0110000369111,真駒内桜山小学校,北海道札幌市南区真駒内泉町3-13-1,1,,,42.98484787,141.3551524,
2059,E0110000371111,真駒内養護学校,北海道札幌市南区真駒内東町2-2-1,,,,43.00048,141.364315,
2060,E0110000372111,北海道青少年会館コンパス,北海道札幌市南区真駒内柏丘7-8-1,,,,42.9868667,141.3410409,
2061,E0110000377111,澄川南小学校,北海道札幌市南区澄川五条13-7-1,1,,,42.99311389,141.3685975,
2062,E0110000378111,澄川小学校,北海道札幌市南区澄川五条4-1-1,1,,,43.01269439,141.3707594,
2063,E0110000379111,札幌新陽高校,北海道札幌市南区澄川五条7-1-1,,,,43.00729377,141.3704728,
2064,E0110000374111,澄川地区会館（澄川まちづくりセンター）,北海道札幌市南区澄川三条2-6-1,,,,43.01676119,141.3647871,
2065,E0110000375111,澄川南福祉会館,北海道札幌市南区澄川四条10-2-7,,,,43.00023425,141.3661321,
2066,E0110000376111,すみかわ地区センター,北海道札幌市南区澄川四条4-4-40,,,,43.01263683,141.3692425,
2067,E0110000373111,澄川西小学校,北海道札幌市南区澄川二条5-7-2,1,,,43.01035291,141.3621052,
2068,E0110000380111,澄川中学校,北海道札幌市南区澄川六条6-1-10,1,,,43.00760701,141.3728826,
2069,E0110000385111,藤の沢小学校,北海道札幌市南区石山528,1,,,42.95799117,141.3128661,
2070,E0110000381111,札幌啓北商業高等学校,北海道札幌市南区石山一条2,1,,,42.97427124,141.3409048,
2071,E0110000382113,石山緑小学校,北海道札幌市南区石山一条4-1-1,1,,,42.96669819,141.3314983,
2072,E0110000382112,石山児童会館,北海道札幌市南区石山一条4-1-1,1,,,42.96616,141.330378,
2073,E0110000382111,石山会館（石山まちづくりセンター）,北海道札幌市南区石山一条4-1-1,1,,,42.9691295,141.3368627,
2074,E0110000386111,石山東平和会館,北海道札幌市南区石山東4-8-12,,,,42.96236905,141.3443138,
2075,E0110000690111,もなみ学園,北海道札幌市南区石山東5-6-1,,,,42.960691,141.344863,
2076,E0110000387111,芸術の森地区まちづくりセンター,北海道札幌市南区石山東7-1-31,,,,42.95425115,141.3442082,
2077,E0110000383111,妙現寺,北海道札幌市南区石山二条2-9-1,,,,42.96865661,141.3369411,
2078,E0110000384111,石山中学校,北海道札幌市南区石山二条8-7-1,1,,,42.95918507,141.3175072,
2079,E0110000689111,なの花記念体育館,北海道札幌市南区石山二条8-8-1,,,,42.961307,141.317186,
2080,E0110000396111,宝流寺,北海道札幌市南区川沿九条2-1-17,,,,42.98557046,141.3344877,
2081,E0110000391111,札幌藻岩高等学校,北海道札幌市南区川沿三条2,1,,,42.99725182,141.3348848,
2082,E0110000392111,南区体育館,北海道札幌市南区川沿四条2-2-1,1,,,42.99536211,141.3332916,
2083,E0110000393111,藻岩小学校,北海道札幌市南区川沿七条2-3-1,1,,,42.98841999,141.3330789,
2084,E0110000394111,藻岩中学校,北海道札幌市南区川沿七条3-4-1,1,,,42.98818833,141.3307995,
2085,E0110000388111,藻南福祉会館,北海道札幌市南区川沿十一条2-3-1,,,,42.98237235,141.3348721,
2086,E0110000389111,藻岩南小学校,北海道札幌市南区川沿十八条2-1-15,1,,,42.97314387,141.3322974,
2087,E0110000390111,藻岩北小学校,北海道札幌市南区川沿二条3-7-1,1,,,42.99913294,141.3299841,
2088,E0110000395111,もいわ地区センター（藻岩まちづくりセンター）,北海道札幌市南区川沿八条2-4-15,,,,42.98725905,141.3326374,
2089,E0110000678111,ベルコ札幌南シティホール,北海道札幌市南区川沿六条2-2-10,,,,42.9895718269568,141.333930241985,
2090,E0110000397111,滝野会館,北海道札幌市南区滝野102,,,,42.91803985,141.3702844,
2091,E0110000398111,中の沢会館,北海道札幌市南区中の沢1711-90,,,,42.99902566,141.3137208,
2092,E0110000399111,義務教育学校定山渓学園,北海道札幌市南区定山渓温泉西1,1,,,42.97211263,141.1713799,
2093,E0110000400111,真行寺,北海道札幌市南区定山渓温泉東3-256,,,,42.96423534,141.1651044,
2094,E0110000401111,定山渓集会所（定山渓まちづくりセンター）,北海道札幌市南区定山渓温泉東4,,,,42.96382806,141.1631468,
2095,E0110000408111,札幌南陵高校,北海道札幌市南区藤野五条10-1-1,,,,42.9555532,141.2831519,
2096,E0110000409111,藤野中学校,北海道札幌市南区藤野五条6-456-3,1,,,42.95526543,141.2922325,
2097,E0110000407111,藤野南小学校,北海道札幌市南区藤野四条6-295-17,1,,,42.95732719,141.29542,
2098,E0110000403111,藤野地区センター（藤野まちづくりセンター）,北海道札幌市南区藤野二条7-2-1,,,,42.9622545,141.293029,
2099,E0110000404111,藤野小学校,北海道札幌市南区藤野二条7-7-1,1,,,42.96399719,141.2927307,
2100,E0110000405111,含笑寺,北海道札幌市南区藤野二条9-5-1,,,,42.96242195,141.2873148,
2101,E0110000688111,札幌育児園,北海道札幌市南区藤野六条2-427-4,,,,42.953148,141.307368,
2102,E0110000414111,豊滝除雪ステーション,北海道札幌市南区南区豊滝424-1,,,,42.95708924,141.238251,
2103,E0110000411111,南小学校,北海道札幌市南区南三十一条西9-2-1,1,,,43.01679177,141.3491333,
2104,E0110000412111,信證寺,北海道札幌市南区南三十三条西10-5-21,,,,43.01353162,141.3477228,
2105,E0110000413111,藻岩下地区会館（藻岩下まちづくりセンター）,北海道札幌市南区南三十四条西9-2-1,,,,43.01296973,141.349033,
2106,E0110000410111,豊成養護学校,北海道札幌市南区南三十条西8-1-50,,,,43.01994993,141.3509619,
2107,E0110000415111,南沢福祉会館,北海道札幌市南区南沢1822,,,,42.98332994,141.3115705,
2108,E0110000418111,東海大学,北海道札幌市南区南沢五条1-1-1,,,,42.99144417,141.318147,
2109,E0110000417111,南の沢小学校,北海道札幌市南区南沢三条2-18-1,1,,,42.98730234,141.3191077,
2110,E0110000416111,南が丘中学校,北海道札幌市南区南沢二条1-17-1,1,,,42.9849132,141.3252414,
2111,E0110000419111,札幌市北方自然教育園,北海道札幌市南区白川1814,,,,42.97091301,141.2890748,
2112,E0110000422111,北の沢小学校,北海道札幌市南区北ノ沢1727,1,,,43.00371065,141.317174,
2113,E0110000423111,簾舞小学校,北海道札幌市南区簾舞一条4-2-1,1,,,42.96420568,141.264743,
2114,E0110000424111,簾舞中学校,北海道札幌市南区簾舞三条3-3-33,1,,,42.9606877,141.2668531,
2115,E0110000425111,簾舞地区会館（簾舞まちづくりセンター・児童会館）,北海道札幌市南区簾舞三条6,,,,42.96032552,141.2569121,
2116,E0110000426111,ミソマップ会館,北海道札幌市南区簾舞四条2-10-18,,,,42.95846363,141.2731293,
2117,E0110000427111,栄通児童会館,北海道札幌市白石区栄通6-19-12,,,,43.03990778,141.4056571,
2118,E0110000428111,菊水やよい児童会館,北海道札幌市白石区菊水一条4-6-61,,,,43.05277354,141.3751702,
2119,E0110000433111,札幌東高校,北海道札幌市白石区菊水九条3-1-5,,,,43.05980375,141.3850942,
2120,E0110000436111,菊水元町地区センター,北海道札幌市白石区菊水元町五条2-4-20,,,,43.06969534,141.4075775,
2121,E0110000437111,菊水元町南町内会館,北海道札幌市白石区菊水元町七条2-6-5,,,,43.07182678,141.4106206,
2122,E0110000435111,菊水小学校,北海道札幌市白石区菊水元町二条3-2-14,1,,,43.06591521,141.4012526,
2123,E0110000438111,白菊会館（菊の里まちづくりセンター）,北海道札幌市白石区菊水元町八条1-11-1,,,,43.07489448,141.4111221,
2124,E0110000431111,菊水地区会館（菊水まちづくりセンター）,北海道札幌市白石区菊水七条2-2-20,,,,43.06110946,141.3794701,
2125,E0110000439111,上白石小学校,北海道札幌市白石区菊水上町一条3-52,1,,,43.06196658,141.3869335,
2126,E0110000440111,菊水上町会館,北海道札幌市白石区菊水上町四条1-135-2,,,,43.06664482,141.3910623,
2127,E0110000432111,東橋小学校,北海道札幌市白石区菊水八条1-3-25,1,,,43.0621261,141.3807645,
2128,E0110000429111,幌東中学校,北海道札幌市白石区菊水六条3-2-51,1,,,43.05686266,141.3803748,
2129,E0110000430111,幌東小学校,北海道札幌市白石区菊水六条3-2-65,1,,,43.05797977,141.3791808,
2130,E0110000444111,北都中学校,北海道札幌市白石区川下749-56,1,,,43.05723897,141.4415192,
2131,E0110000442111,東川下町内会東川下記念会館,北海道札幌市白石区川下三条5-3-25,,,,43.05058045,141.4476783,
2132,E0110000443111,東川下小学校,北海道札幌市白石区川下四条3-1-1,1,,,43.05098475,141.4438223,
2133,E0110000445111,札幌白石高校,北海道札幌市白石区川北2261,,,,43.064809,141.439832,
2134,E0110000447111,川北小学校,北海道札幌市白石区川北四条2-2-1,1,,,43.06376046,141.4364821,
2135,E0110000446111,川北会館,北海道札幌市白石区川北二条2-7-10,,,,43.05916704,141.4357161,
2136,E0110000448111,白石中央福祉会館,北海道札幌市白石区中央一条5-4-36,,,,43.05376529,141.3980009,
2137,E0110000449111,西白石小学校,北海道札幌市白石区中央三条5-2-22,1,,,43.05849114,141.4028104,
2138,E0110000453111,札幌市産業振興センター,北海道札幌市白石区東札幌五条1-1-1,,,,43.05612189,141.3860025,
2139,E0110000451111,日章中学校,北海道札幌市白石区東札幌四条5-1-1,1,,,43.04819148,141.3929966,
2140,E0110000452111,東札幌小学校,北海道札幌市白石区東札幌四条5-4-20,1,,,43.04798228,141.3955661,
2141,E0110000450111,東札幌会館（東札幌まちづくりセンター）,北海道札幌市白石区東札幌二条4-3-14,,,,43.04857855,141.390029,
2142,E0110000454111,札幌コンベンションセンター,北海道札幌市白石区東札幌六条1-1-1,1,,,43.05700617,141.3880471,
2143,E0110000455111,札幌白陵高等学校,北海道札幌市白石区東米里2062,1,,,43.08142312,141.4565268,
2144,E0110000456111,東米里福祉会館,北海道札幌市白石区東米里2157,,,,43.08413053,141.4433983,
2145,E0110000459111,白石区民センター,北海道札幌市白石区南郷通１－南8-1,,,,43.045499,141.396387,
2146,E0110000457111,本郷小学校,北海道札幌市白石区南郷通１０－南3-1,1,,,43.03731069,141.4162729,
2147,E0110000458111,東白石中学校,北海道札幌市白石区南郷通１５－北4-1,1,,,43.03482784,141.428388,
2148,E0110000460111,南白石小学校,北海道札幌市白石区南郷通２－南6-35,1,,,43.04245415,141.3999166,
2149,E0110000462111,南栄会館,北海道札幌市白石区南郷通６－南1-35,,,,43.04026263,141.4059922,
2150,E0110000461111,白石区体育館,北海道札幌市白石区南郷通６丁目北1,1,,,43.0423295,141.4081836,
2151,E0110000463111,南郷福祉会館,北海道札幌市白石区南郷通７－南4-4,,,,43.03996121,141.4096379,
2152,E0110000464111,旭町内会館,北海道札幌市白石区平和通１０北,,,,43.04634263,141.4254,
2153,E0110000465111,こころのリカバリー総合支援センター,北海道札幌市白石区平和通１７－北1-13,,,,43.04130519,141.4372049,
2154,E0110000466111,白石駅前会館,北海道札幌市白石区平和通２－北3-61,,,,43.05633068,141.4106051,
2155,E0110000467111,白石共栄福祉会館,北海道札幌市白石区平和通７－南1-15,,,,43.0474677,141.4170757,
2156,E0110000468111,柏丘中学校,北海道札幌市白石区平和通８－北3-1,1,,,43.04788908,141.4203956,
2157,E0110000469111,本通小学校,北海道札幌市白石区平和通９－南1-1,1,,,43.04517885,141.4208134,
2158,E0110000470111,米里小学校,北海道札幌市白石区米里一条3-8-1,1,,,43.0737386,141.4182149,
2159,E0110000471111,米里中学校,北海道札幌市白石区米里一条4-5-1,1,,,43.07090979,141.4193837,
2160,E0110000472111,大昌寺,北海道札幌市白石区北郷2362,,,,43.06767066,141.4306227,
2161,E0110000473111,北都小学校,北海道札幌市白石区北郷三条11-7-1,1,,,43.05123559,141.4342512,
2162,E0110000474111,北都地区会館（北東白石まちづくりセンター）,北海道札幌市白石区北郷三条12-4-1,,,,43.050453,141.437621,
2163,E0110000475111,北郷会館,北海道札幌市白石区北郷三条3-8-1,,,,43.06095811,141.4130738,
2164,E0110000476111,北郷東会館,北海道札幌市白石区北郷三条6-8-27,,,,43.05516756,141.4208189,
2165,E0110000477111,北白石地区センター,北海道札幌市白石区北郷三条7-9-20,,,,43.05337685,141.4244313,
2166,E0110000478111,北郷児童会館,北海道札幌市白石区北郷四条5-1-1,1,,,43.0586011,141.4193253,
2167,E0110000478112,北郷小学校,北海道札幌市白石区北郷四条5-1-1,1,,,43.05872422,141.4191269,
2168,E0110000479111,北白石中学校,北海道札幌市白石区北郷六条3-5-1,1,,,43.06436458,141.4175953,
2169,E0110000480111,北白石小学校,北海道札幌市白石区北郷六条3-5-2,1,,,43.06467882,141.418019,
2170,E0110000482111,みつば会館,北海道札幌市白石区本郷通１０－北3-3,,,,43.040141645276,141.42015162883,
2171,E0110000483111,南郷小学校,北海道札幌市白石区本郷通４－南3-1,1,,,43.04467441,141.4070204,
2172,E0110000484111,白石中学校,北海道札幌市白石区本郷通６－南1-1,1,,,43.04315375,141.410191,
2173,E0110000485111,本郷会館,北海道札幌市白石区本郷通８－北1-21,,,,43.04240918,141.4144074,
2174,E0110000492111,白石会館（白石まちづくりセンター）,北海道札幌市白石区本通１－南2-32,,,,43.05112137,141.4045073,
2175,E0110000493111,白石小学校,北海道札幌市白石区本通１－北4-1,1,,,43.05232781,141.4056054,
2176,E0110000486111,東白石会館（東白石まちづくりセンター・児童会館）,北海道札幌市白石区本通１３丁目南10,,,,43.03812125,141.4242736,
2177,E0110000487111,東白石小学校,北海道札幌市白石区本通１４－南6-1,1,,,43.03692033,141.4267215,
2178,E0110000488111,平和通小学校,北海道札幌市白石区本通１５－北3-1,1,,,43.0388766,141.432505,
2179,E0110000489111,白石東地区センター,北海道札幌市白石区本通１６南,,,,43.03463663,141.4315949,
2180,E0110000491111,大谷地小学校,北海道札幌市白石区本通１８－南1-1,1,,,43.0321851,141.4362701,
2181,E0110000490111,白石東会館（白石東まちづくりセンター）,北海道札幌市白石区本通１８南,,,,43.03353765,141.4363318,
2182,E0110000494111,乗善寺,北海道札幌市白石区本通２－南4-15,,,,43.05069964,141.4053524,
2183,E0110000674111,ベルコ大谷地シティホール,北海道札幌市白石区本通２１－南1-60,,,,43.0285609352803,141.443450101505,
2184,E0110000495111,教照寺,北海道札幌市白石区本通５－南4-27,,,,43.04738105,141.4111829,
2185,E0110000497111,北海学園大学,北海道札幌市豊平区旭町4-1-40,,,,43.04631296,141.3679884,
2186,E0110000498111,北海高校,北海道札幌市豊平区旭町4-1-41,,,,43.04560926,141.3687179,
2187,E0110000499111,北海学園札幌高校,北海道札幌市豊平区旭町4-1-42,,,,43.04493136,141.3691386,
2188,E0110000693111,学校法人日本医療大学　学生食堂,北海道札幌市豊平区月寒三条11-1-50,,,,43.0292032110513,141.4124680666701,
2189,E0110000500111,月寒児童会館,北海道札幌市豊平区月寒西一条6-3-21,,,,43.03119789,141.3937223,
2190,E0110000501111,札幌第一高校,北海道札幌市豊平区月寒西一条9-10-15,,,,43.02662019,141.3963532,
2191,E0110000503111,月寒神社,北海道札幌市豊平区月寒西三条4-1-56,,,,43.03199097,141.3889096,
2192,E0110000504111,南月寒小学校,北海道札幌市豊平区月寒西四条8-2-1,1,,,43.02663155,141.3896098,
2193,E0110000502111,月寒小学校,北海道札幌市豊平区月寒西二条5-1-1,1,,,43.03198474,141.3904967,
2194,E0110000505111,月寒公民館（月寒まちづくりセンター）,北海道札幌市豊平区月寒中央通7-8-19,,,,43.0312908,141.3965186,
2195,E0110000697111,学校法人日本医療大学　月寒本キャンパス　学生食堂,北海道札幌市豊平区月寒東3-11,,,,43.0294339856343,141.4135298330141,
2196,E0110000506111,あやめ野小学校,北海道札幌市豊平区月寒東一条11-7-32,1,,,43.02511259,141.4037994,
2197,E0110000507111,羊丘小学校,北海道札幌市豊平区月寒東一条16-3-1,1,,,43.01830968,141.4113666,
2198,E0110000509111,札幌月寒高校,北海道札幌市豊平区月寒東一条3-1,,,,43.03604737,141.3950473,
2199,E0110000512111,月寒東小学校,北海道札幌市豊平区月寒東三条10-1-1,1,,,43.02984378,141.4065129,
2200,E0110000513111,あやめ野中学校,北海道札幌市豊平区月寒東三条11-15-1,1,,,43.02964085,141.4170456,
2201,E0110000514111,東月寒中学校,北海道札幌市豊平区月寒東三条18-1-72,1,,,43.01934966,141.4213342,
2202,E0110000515111,東月寒地区センター,北海道札幌市豊平区月寒東三条18-5-1,,,,43.02096364,141.4230632,
2203,E0110000516111,しらかば台小学校,北海道札幌市豊平区月寒東四条18-10-43,1,,,43.02313879,141.4276163,
2204,E0110000517111,東月寒白樺会館,北海道札幌市豊平区月寒東四条18-7-6,,,,43.02416077,141.426623,
2205,E0110000511111,月寒中学校,北海道札幌市豊平区月寒東二条2-4-54,1,,,43.03864866,141.3986052,
2206,E0110000510111,豊平区体育館,北海道札幌市豊平区月寒東二条20-4-15,1,,,43.01427682,141.4267645,
2207,E0110000518111,旭小学校,北海道札幌市豊平区水車町3-1-22,1,,,43.04743252,141.3627941,
2208,E0110000522111,西岡中学校,北海道札幌市豊平区西岡三条12-1-1,1,,,42.99709943,141.3778442,
2209,E0110000523111,西岡児童会館,北海道札幌市豊平区西岡三条6-6-1,,,,43.01351588,141.3872505,
2210,E0110000524111,西岡北小学校,北海道札幌市豊平区西岡三条6-7-20,1,,,43.01285614,141.3861113,
2211,E0110000525111,札幌大学,北海道札幌市豊平区西岡三条7-3-1,,,,43.01015257,141.3834275,
2212,E0110000526111,西岡北中学校,北海道札幌市豊平区西岡三条8-1-1,1,,,43.00823169,141.383619,
2213,E0110000527111,西岡南小学校,北海道札幌市豊平区西岡四条12-7-1,1,,,42.99659341,141.3793342,
2214,E0110000528111,西岡会館（西岡まちづくりセンター）,北海道札幌市豊平区西岡四条5-8-21,,,,43.01339265,141.3911399,
2215,E0110000529111,西岡福住地区センター,北海道札幌市豊平区西岡四条9-1-17,,,,43.005254,141.385885,
2216,E0110000520111,観照寺,北海道札幌市豊平区西岡二条11-25-2,,,,42.99990114,141.3761361,
2217,E0110000521111,西岡小学校,北海道札幌市豊平区西岡二条9-1-1,1,,,43.0067808,141.3822155,
2218,E0110000531111,中の島一区福祉会館,北海道札幌市豊平区中の島一条1-4-13,,,,43.0394224,141.3597726,
2219,E0110000532111,浄願寺,北海道札幌市豊平区中の島一条2-2-1,,,,43.03779106,141.3599538,
2220,E0110000533111,中の島会館（中の島まちづくりセンター）,北海道札幌市豊平区中の島一条4-9-4,,,,43.032511,141.358676,
2221,E0110000535111,中の島小学校,北海道札幌市豊平区中の島二条1-1-22,1,,,43.03802912,141.3630121,
2222,E0110000536111,晟徳寺,北海道札幌市豊平区中の島二条1-3-20,,,,43.03769648,141.3615875,
2223,E0110000534111,中の島第三区会館,北海道札幌市豊平区中の島二条10-5-23,,,,43.02213227,141.3577172,
2224,E0110000537111,中の島児童会館,北海道札幌市豊平区中の島二条3-8-1,,,,43.03363856,141.3610818,
2225,E0110000538111,中の島中学校,北海道札幌市豊平区中の島二条3-9-1,1,,,43.03392127,141.3617275,
2226,E0110000541111,豊園小学校,北海道札幌市豊平区美園一条4-1-1,1,,,43.04434245,141.3890116,
2227,E0110000542111,みどり小学校,北海道札幌市豊平区美園五条2-2-1,1,,,43.04179085,141.3814459,
2228,E0110000543111,豊龍寺,北海道札幌市豊平区美園五条6-3-9,,,,43.03849852,141.3874208,
2229,E0110000676111,ベルコシティホール美園斎場,北海道札幌市豊平区美園三条2-1-21,,,,43.0436631511166,141.384596197809,
2230,E0110000544111,美園会館（美園まちづくりセンター・児童会館）,北海道札幌市豊平区美園六条5-4-1,,,,43.0387516,141.3847314,
2231,E0110000545111,福住寺,北海道札幌市豊平区福住一条1-3-1,,,,43.02125297,141.4024517,
2232,E0110000546111,羊丘中学校,北海道札幌市豊平区福住一条3-16-1,1,,,43.01822819,141.3970784,
2233,E0110000547111,福住地区会館（福住まちづくりセンター）,北海道札幌市豊平区福住一条4-13-17,,,,43.015586,141.397634,
2234,E0110000548111,福住小学校,北海道札幌市豊平区福住三条5-1-1,1,,,43.01293148,141.4017434,
2235,E0110000556111,浄土宗般若苑光明寺,北海道札幌市豊平区平岸4,,,,43.03764056,141.3737592,
2236,E0110000549111,平岸西小学校,北海道札幌市豊平区平岸一条15-2-1,1,,,43.02454014,141.3617971,
2237,E0110000551111,平岸三区集会所,北海道札幌市豊平区平岸一条2-5-12,,,,43.04120419,141.3634123,
2238,E0110000550111,平岸中学校,北海道札幌市豊平区平岸一条21-3-1,1,,,43.0173821,141.3579422,
2239,E0110000552111,大乗寺,北海道札幌市豊平区平岸一条8-6-10,,,,43.03296311,141.3656722,
2240,E0110000559111,極楽寺平岸無常堂,北海道札幌市豊平区平岸五条13-5-26,,,,43.02589057,141.3769433,
2241,E0110000561111,平岸高台小学校,北海道札幌市豊平区平岸五条18-1-1,1,,,43.01783039,141.3726915,
2242,E0110000562111,札幌平岸高校,北海道札幌市豊平区平岸五条18-1-2,,,,43.01773606,141.374732,
2243,E0110000563111,美園小学校,北海道札幌市豊平区平岸五条7-2-21,1,,,43.03588296,141.3790097,
2244,E0110000555111,長専寺,北海道札幌市豊平区平岸三条16-1-40,,,,43.02363566,141.3681369,
2245,E0110000557111,東山小学校,北海道札幌市豊平区平岸四条11-6-1,1,,,43.02988564,141.3737864,
2246,E0110000558111,平岸四区第一福祉会館,北海道札幌市豊平区平岸四条5-2-15,,,,43.0371048,141.3744822,
2247,E0110000553111,平岸小学校,北海道札幌市豊平区平岸二条14-1-28,1,,,43.02600536,141.3667964,
2248,E0110000554111,平岸会館（平岸まちづくりセンター）,北海道札幌市豊平区平岸二条7-2-5,,,,43.03548217,141.3671118,
2249,E0110000564111,豊平区民センター,北海道札幌市豊平区平岸六条10-1-1,,,,43.03108315,141.3805479,
2250,E0110000565111,陵陽中学校,北海道札幌市豊平区平岸六条11-1-25,1,,,43.0296547,141.3807251,
2251,E0110000566111,東園小学校,北海道札幌市豊平区豊平一条12-1-1,1,,,43.04811053,141.3815616,
2252,E0110000567111,豊白支院,北海道札幌市豊平区豊平一条2-1-6,,,,43.05554059,141.3694165,
2253,E0110000568111,覚英寺,北海道札幌市豊平区豊平一条4-2-30,,,,43.05359521,141.3724565,
2254,E0110000576111,真言宗湯殿山弘周寺,北海道札幌市豊平区豊平五条1-2-27,,,,43.05353885,141.3652091,
2255,E0110000575111,北海道立総合体育センター（きたえーる）,北海道札幌市豊平区豊平五条11-1-1,,,,43.044262,141.376639,
2256,E0110000577111,豊平小学校,北海道札幌市豊平区豊平五条7-1-2,1,,,43.04845101,141.3724678,
2257,E0110000569111,龍松禅寺,北海道札幌市豊平区豊平三条6-1-30,,,,43.05147455,141.3732057,
2258,E0110000570111,善道寺,北海道札幌市豊平区豊平四条11-5-14,,,,43.04540496,141.3777925,
2259,E0110000571111,豊平神社,北海道札幌市豊平区豊平四条13-1-18,,,,43.04422509,141.380836,
2260,E0110000572111,経王寺,北海道札幌市豊平区豊平四条3-2-1,,,,43.05149386,141.3687086,
2261,E0110000573111,慧林寺,北海道札幌市豊平区豊平四条8-1-2,,,,43.04844753,141.3739193,
2262,E0110000579111,豊平若者活動センター,北海道札幌市豊平区豊平八条11-3-5,,,,43.04300842,141.3731078,
2263,E0110000580111,八条中学校,北海道札幌市豊平区豊平八条13-2-1,1,,,43.04083273,141.377161,
2264,E0110000578111,豊平会館（豊平まちづくりセンター・児童会館）,北海道札幌市豊平区豊平六条7-1-12,,,,43.04768413,141.3719082,
2265,E0110000582111,拓北・あいの里地区センター（拓北・あいの里まちづくりセンター）,北海道札幌市北区あいの里一条6-1-1,,,,43.15544578,141.3993217,
2266,E0110000586111,鴻城小学校,北海道札幌市北区あいの里三条6-2-1,1,,,43.16269267,141.4019667,
2267,E0110000587111,あいの里東小学校,北海道札幌市北区あいの里三条7-11-1,1,,,43.16217696,141.4094221,
2268,E0110000583111,拓北小学校,北海道札幌市北区あいの里二条1-24-1,1,,,43.16033559,141.382446,
2269,E0110000584111,あいの里西小学校,北海道札幌市北区あいの里二条3-9-1,1,,,43.16111767,141.3915887,
2270,E0110000585111,あいの里東中学校,北海道札幌市北区あいの里二条7-14-1,1,,,43.15981499,141.4097766,
2271,E0110000589111,太平小学校,北海道札幌市北区篠路一条2-6-20,1,,,43.14147877,141.3529482,
2272,E0110000593111,篠路西小学校,北海道札幌市北区篠路五条2-2-1,1,,,43.14917493,141.3541164,
2273,E0110000594111,篠路団地福祉会館,北海道札幌市北区篠路五条4-1-20,,,,43.14850798,141.3593036,
2274,E0110000590111,篠路コミュニティセンター,北海道札幌市北区篠路三条8-11-1,,,,43.14312715,141.3677654,
2275,E0110000591111,篠路会館（篠路まちづくりセンター）,北海道札幌市北区篠路四条7-2-40,,,,43.14571042,141.3655261,
2276,E0110000592112,篠路小学校,北海道札幌市北区篠路四条9-3-1,1,,,43.14587659,141.370738,
2277,E0110000592111,篠路児童会館,北海道札幌市北区篠路四条9-3-1,1,,,43.145986,141.371351,
2278,E0110000596111,篠路中学校,北海道札幌市北区篠路町篠路368,1,,,43.15702601,141.3736114,
2279,E0110000597111,札幌英藍高校,北海道札幌市北区篠路町篠路372-67,,,,43.15962716,141.3703635,
2280,E0110000598111,上篠路中学校,北海道札幌市北区篠路町上篠路116-14,1,,,43.13502061,141.3714964,
2281,E0110000595111,篠路西中学校,北海道札幌市北区篠路六条2-1-50,1,,,43.15056448,141.3548841,
2282,E0110000604111,新光小学校,北海道札幌市北区新琴似一条12-1-1,1,,,43.10974435,141.3069545,
2283,E0110000605111,新琴似南小学校,北海道札幌市北区新琴似一条3-1-1,1,,,43.1042928,141.3231378,
2284,E0110000614111,双葉福祉会館,北海道札幌市北区新琴似九条14-4-10,,,,43.12498933,141.3139644,
2285,E0110000608111,光陽小学校,北海道札幌市北区新琴似五条11-4-1,1,,,43.11642266,141.315588,
2286,E0110000607111,光陽中学校,北海道札幌市北区新琴似四条11-7-1,1,,,43.11515839,141.3135203,
2287,E0110000609111,三和福祉会館（新琴似西まちづくりセンター）,北海道札幌市北区新琴似七条14-1-17,,,,43.12172224,141.3113472,
2288,E0110000610111,新琴似小学校,北海道札幌市北区新琴似七条3-2-1,1,,,43.11288985,141.3307232,
2289,E0110000611111,新琴似中学校,北海道札幌市北区新琴似七条4-1-1,1,,,43.11279825,141.3294301,
2290,E0110000612111,プラザ新琴似（新琴似まちづくりセンター）,北海道札幌市北区新琴似七条4-1-3,,,,43.11324292,141.3300273,
2291,E0110000601111,新琴似西小学校,北海道札幌市北区新琴似十一条15-1-5,1,,,43.12867292,141.3161396,
2292,E0110000602111,新琴似北小学校,北海道札幌市北区新琴似十一条6-1-1,1,,,43.12001246,141.3307936,
2293,E0110000603111,新琴似児童会館,北海道札幌市北区新琴似十一条7-3-16,,,,43.12096275,141.3297593,
2294,E0110000599111,新琴似北中学校,北海道札幌市北区新琴似十条10-2-46,1,,,43.12203402,141.3251493,
2295,E0110000600111,新琴似緑小学校,北海道札幌市北区新琴似十条11-5-1,1,,,43.12288495,141.3219889,
2296,E0110000606111,新琴似・新川地区センター,北海道札幌市北区新琴似二条8-1-20,,,,43.109699,141.314948,
2297,E0110000613111,北区体育館,北海道札幌市北区新琴似八条2-1-25,1,,,43.11259823,141.3339299,
2298,E0110000622111,特定医療法人朋友会石金病院,北海道札幌市北区新川714-2,,,,43.120066472907,141.29875886554,
2299,E0110000623111,札幌国際情報高校,北海道札幌市北区新川717-1,,,,43.12015051,141.2975631,
2300,E0110000615111,新川地区会館（新川まちづくりセンター）,北海道札幌市北区新川一条4-4-26,,,,43.09745161,141.3152376,
2301,E0110000620111,札幌新川高等学校,北海道札幌市北区新川五条14-1-1,,,,43.11303892,141.3011243,
2302,E0110000621111,新川小学校,北海道札幌市北区新川五条15-1-1,1,,,43.11453816,141.2989712,
2303,E0110000616111,新川中央小学校,北海道札幌市北区新川三条3-2-1,1,,,43.09846004,141.3213317,
2304,E0110000618111,新川西中学校,北海道札幌市北区新川四条15-1-1,1,,,43.11282436,141.2999669,
2305,E0110000619111,新川中学校,北海道札幌市北区新川四条3-1-1,1,,,43.09893008,141.3220345,
2306,E0110000624111,新川公園会館,北海道札幌市北区新川西三条6-4-12,,,,43.13173347,141.2742071,
2307,E0110000625111,豊明高等養護学校,北海道札幌市北区西茨戸四条1,,,,43.15381338,141.3502778,
2308,E0110000627111,太平南小学校,北海道札幌市北区太平一条1-2-1,1,,,43.12371857,141.3470468,
2309,E0110000626111,太平百合が原地区センター,北海道札幌市北区太平十二条2-1-17,,,,43.13922962,141.3515452,
2310,E0110000628111,太平中学校,北海道札幌市北区太平八条2-1-1,1,,,43.13388325,141.3501621,
2311,E0110000629111,太平百合が原地区会館（太平百合が原まちづくりセンター・児童会館）,北海道札幌市北区太平八条7-2-1,,,,43.13209184,141.3596188,
2312,E0110000630111,茨戸小学校,北海道札幌市北区東茨戸一条2-314-15,1,,,43.15986565,141.356429,
2313,E0110000638111,屯田北小学校,北海道札幌市北区屯田九条3-4-1,1,,,43.14304188,141.3420257,
2314,E0110000639111,屯田北中学校,北海道札幌市北区屯田九条4-2-1,1,,,43.14303597,141.339061,
2315,E0110000640111,有朋高校,北海道札幌市北区屯田九条7,,,,43.14387142,141.3305671,
2316,E0110000632111,屯田南小学校,北海道札幌市北区屯田五条4-6-1,1,,,43.13206304,141.3367535,
2317,E0110000633111,屯田地区センター（屯田まちづくりセンター）,北海道札幌市北区屯田五条6-3-21,,,,43.1334252,141.3303798,
2318,E0110000636111,屯田小学校,北海道札幌市北区屯田七条6-2-2,1,,,43.13705639,141.3322883,
2319,E0110000637111,札幌北陵高校,北海道札幌市北区屯田七条8-5-1,,,,43.138379,141.328698,
2320,E0110000634111,屯田西小学校,北海道札幌市北区屯田六条10-3-1,1,,,43.13558969,141.3198257,
2321,E0110000635111,屯田中央中学校,北海道札幌市北区屯田六条8-1-1,1,,,43.13447534,141.3265965,
2322,E0110000641111,百合が原小学校,北海道札幌市北区百合が原6-5-1,1,,,43.13420796,141.3663023,
2323,E0110000667111,北九条小学校,北海道札幌市北区北九条西1-1-1,1,,,43.07206095,141.3529049,
2324,E0110000661111,北陽小学校,北海道札幌市北区北三十一条西9-2-1,1,,,43.09741375,141.3337911,
2325,E0110000665111,麻生総合センター,北海道札幌市北区北三十九条西5-3-5,,,,43.10712751,141.3375283,
2326,E0110000662111,北陽中学校,北海道札幌市北区北三十四条西7-3-1,1,,,43.10101744,141.3350148,
2327,E0110000663111,和光小学校,北海道札幌市北区北三十四条西7-3-2,1,,,43.1023087,141.3356427,
2328,E0110000664111,北３６条会館,北海道札幌市北区北三十六条東5-2-20,,,,43.1055325006651,141.35396961466,
2329,E0110000650111,幌北小学校,北海道札幌市北区北十九条西2-1-1,1,,,43.08355688,141.3485766,
2330,E0110000645111,サービス付き高齢者向け住宅「ウィステリアＮ１７」,北海道札幌市北区北十七条西3,,,,43.081317372165,141.34788765562,
2331,E0110000646111,幌北会館（幌北まちづくりセンター）,北海道札幌市北区北十七条西5-1-7,,,,43.08032327,141.3446947,
2332,E0110000647111,幌北児童会館,北海道札幌市北区北十七条西6-1-20,,,,43.08055947,141.3430399,
2333,E0110000643111,鉄西会館（鉄西まちづくりセンター）,北海道札幌市北区北十条西4-1-12,,,,43.07272281,141.347635,
2334,E0110000648111,北辰中学校,北海道札幌市北区北十八条西2-21-50,1,,,43.0827889,141.3484701,
2335,E0110000644111,藤女子大学北１６条校舎・大学新館１期校舎,北海道札幌市北区北十六条西2,,,,43.08022369,141.3508086,
2336,E0110000660111,北会館（北まちづくりセンター）,北海道札幌市北区北二十九条西7-3-15,,,,43.09562974,141.3370665,
2337,E0110000655111,札幌北高校,北海道札幌市北区北二十五条西11-1,,,,43.09090737,141.3334903,
2338,E0110000656111,南新川会館,北海道札幌市北区北二十五条西13-1-18,,,,43.0899127,141.3278152,
2339,E0110000657111,北区民センター,北海道札幌市北区北二十五条西6-1-1,,,,43.09146349,141.3405847,
2340,E0110000652111,北２４条会館,北海道札幌市北区北二十四条西3,,,,43.09167611,141.3452467,
2341,E0110000653111,白楊小学校,北海道札幌市北区北二十四条西7-1-1,1,,,43.08990794,141.3390662,
2342,E0110000654111,白楊幼稚園,北海道札幌市北区北二十四条西7-1-10,,,,43.09064088,141.3383924,
2343,E0110000659111,新陽小学校,北海道札幌市北区北二十七条西14-1-1,1,,,43.09459128,141.3272006,
2344,E0110000651111,札幌工業高校,北海道札幌市北区北二十条西13,,,,43.082942,141.33134,
2345,E0110000658111,新陽会館,北海道札幌市北区北二十六条西15-4-8,,,,43.09387802,141.3258208,
2346,E0110000672111,ベルコ麻生シティホール,北海道札幌市北区麻生町9-2-12,,,,43.1170932158387,141.341834697811,
2347,E0122200001111,道の駅三笠,北海道三笠市岡山1056-1,,,,43.246624720383,141.8043769963,
2348,E0122200004111,岡山小学校,北海道三笠市岡山60-2,,,,43.23437553,141.820646,
2349,E0122200005111,岡山市民センター,北海道三笠市岡山89-4,,,,43.23514367,141.8147239,
2350,E0122200006111,三葉保育所,北海道三笠市萱野127-9,,,,43.23053875,141.824306,
2351,E0122200007111,萱野中学校,北海道三笠市萱野192-1,1,,,43.22592161,141.8262172,
2352,E0122200052111,幾春別消防センター,北海道三笠市幾春別町１丁目318,,,,43.26093617,141.956391,
2353,E0122200051111,幾春別市民センター,北海道三笠市幾春別町１丁目318-6,,,,43.2605531,141.9577516,
2354,E0122200014111,市民会館,北海道三笠市幸町13,,,,43.24611303,141.8780865,
2355,E0122200015121,ふれあい健康センター,北海道三笠市高美町444,,,要配慮者、要配慮者の家族、その他市長が必要と認める者,43.24929053,141.8756172,
2356,E0122200016112,山の手市民センター,北海道三笠市高美町448-1,,,,43.250689,141.874958,
2357,E0122200019111,三笠市児童館,北海道三笠市若松町14-1,,,,43.24432999,141.8702093,
2358,E0122200021112,三笠スポーツセンター,北海道三笠市若草町280,1,,,43.2452835,141.8830929,
2359,E0122200021111,三笠ドーム,北海道三笠市若草町280,1,,,43.24533692,141.8841842,
2360,E0122200022111,三笠高校生レストラン,北海道三笠市若草町396-1,,,,43.2467045462511,141.883723505522,
2361,E0122200023111,三笠高校,北海道三笠市若草町397,,,,43.24773262,141.8835273,
2362,E0122200024111,公民館,北海道三笠市若草町404,,,,43.24754845,141.8816106,
2363,E0122200027111,三笠市民センター,北海道三笠市堤町2-7,,,,43.24184919,141.8734656,
2364,E0122200028111,唐松市民センター,北海道三笠市唐松常盤町310-1,,,,43.25212314,141.9192994,
2365,E0122200033111,美園市民センター,北海道三笠市美園町72-5,,,,43.25070608,141.893291,
2366,E0122200036111,幌内市民センター,北海道三笠市幌内金谷町31-4,,,,43.22919087,141.8938401,
2367,E0122200039111,三笠中学校,北海道三笠市本郷町484-2,1,,,43.24723013,141.8639861,
2368,E0122200040111,三笠小学校,北海道三笠市本郷町485-1,,,,43.24725634,141.8611494,
2369,E0122200044111,弥生市民センター,北海道三笠市弥生橘町72-8,,,,43.2580157,141.9393442,
2370,E0122000001111,教信寺,北海道士別市温根別町2676,1,,,44.178448,142.271531,
2371,E0122000003111,トヨタ自動車（株）シラカバハウス士別,北海道士別市温根別町仲線,1,,,44.18505961,142.2347706,
2372,E0122000009111,上士別構造改善センター,北海道士別市上士別町1655-2,1,,,44.13430293,142.4856689,
2373,E0122000013111,士別東高等学校,北海道士別市上士別町2263,1,,,44.13577848,142.4793288,
2374,E0122000011112,上士別小学校,北海道士別市上士別町１６線南2,1,,,44.133991,142.484624,
2375,E0122000011111,上士別中学校,北海道士別市上士別町１６線南2,1,,,44.133495,142.484243,
2376,E0122000016111,士別市いきいき健康センター,北海道士別市西2-3-1924-3,1,,,44.176468,142.389802,
2377,E0122000017111,スポーツ交流館,北海道士別市西２－北9-80-9,1,,,44.18878354,142.3849126,
2378,E0122000018111,士別市環境センター,北海道士別市西士別町2549-4,1,,,44.182941,142.35178,
2379,E0122000022111,多寄研修センター,北海道士別市多寄町３６線西4,1,,,44.23910119,142.3939434,
2380,E0122000023111,旧多寄中学校,北海道士別市多寄町３７線西,1,,,44.23622418,142.3915936,
2381,E0122000023112,多寄小学校,北海道士別市多寄町３７線西,1,,,44.23683296,142.3920868,
2382,E0122000027111,あさひサンライズホール,北海道士別市朝日町中央4038,1,,,44.11732804,142.5951693,
2383,E0122000028111,朝日農業者トレーニングセンター,北海道士別市朝日町中央4039,1,,,44.11363441,142.5963643,
2384,E0122000028112,朝日地域交流センター,北海道士別市朝日町中央4039,1,,,44.1129177,142.5965841,
2385,E0122000029112,糸魚小学校,北海道士別市朝日町中央4050,1,,,44.11576564,142.6026669,
2386,E0122000029111,朝日中学校,北海道士別市朝日町中央4050,1,,,44.11648232,142.602869,
2387,E0122000035111,保健福祉センター,北海道士別市東11-5-3029,1,,,44.178859,142.406876,
2388,E0122000037111,士別南小学校,北海道士別市東4-14,1,,,44.16900642,142.4009143,
2389,E0122000038111,士別南中学校,北海道士別市東4-17,1,,,44.16534643,142.4020077,
2390,E0122000039111,総合体育館,北海道士別市東4-4,1,,,44.17800305,142.3978126,
2391,E0122000041111,勤労者センター,北海道士別市東5-9-1607-14,1,,,44.17289333,142.4010926,
2392,E0122000036111,士別小学校,北海道士別市東３－北3,1,,,44.18263763,142.3948155,
2393,E0122000040111,ほくと子どもセンター,北海道士別市東４－北5,1,,,44.185809,142.395792,
2394,E0122000044111,士別翔雲高等学校,北海道士別市東６－北6,1,,,44.186781,142.3998032,
2395,E0122000045111,士別中学校,北海道士別市東６－北9,1,,,44.18947378,142.3962618,
2396,E0122000043111,士別市民文化センター,北海道士別市東六条4-1,,,,44.1787063962072,142.400752382935,
2397,E0163200001111,下居辺公民館,北海道士幌町字下居辺西2-134-10,1,,,43.139322756491,143.36793237448,
2398,E0163200002111,コミュニティセンター,北海道士幌町字士幌225,,,,43.168159484816,143.24101015089,
2399,E0163200003111,南町公民館,北海道士幌町字士幌228,1,,,43.16138067,143.2404628,
2400,E0163200004111,中央中学校,北海道士幌町字士幌幹西1-163,,,,43.1670714,143.2330044,
2401,E0163200004121,中央中学校,北海道士幌町字士幌幹西1-163,,,要配慮者,43.1670714,143.2330044,
2402,E0163200005121,総合研修センター,北海道士幌町字士幌幹線167,,,要配慮者,43.16929457,143.2387611,
2403,E0163200005111,総合研修センター,北海道士幌町字士幌幹線167,,,,43.16929457,143.2387611,
2404,E0163200007111,道の駅ピア２１しほろ,北海道士幌町字士幌西2-134-1,1,,,43.144341790685,143.23929998743,
2405,E0163200008111,南地区公民館,北海道士幌町字士幌西2-148,1,,,43.156174834917,143.24233154038,
2406,E0163200010111,士幌小学校,北海道士幌町字士幌西2-164,1,,,43.16928733,143.2430653,
2407,E0163200011111,町民保健センター,北海道士幌町字士幌西2-169,,,,43.17100609,143.2483667,
2408,E0163200011121,町民保健センター,北海道士幌町字士幌西2-169,,,要配慮者,43.17100609,143.2483667,
2409,E0163200012121,士幌デイサービスセンター,北海道士幌町字士幌西2-169-5,,,要配慮者,43.172249,143.248559,
2410,E0163200013111,北地区公民館,北海道士幌町字士幌西2-178,1,,,43.1810448,143.2481888,
2411,E0163200014111,佐倉交流センター,北海道士幌町字士幌東7-132,1,,,43.142357791067,143.3033427686,
2412,E0163200015111,上居辺小学校,北海道士幌町字士幌東7-175,1,,,43.17823086,143.3097016,
2413,E0163200015112,上居辺へき地保育所,北海道士幌町字士幌東7-175,1,,,43.178934992409,143.30883255079,
2414,E0163200016111,士幌高等学校,北海道士幌町字上音更21,1,,,43.18958263,143.1414715,
2415,E0163200017111,川西へき地保育所,北海道士幌町字上音更西3-182,,,,43.175875527318,143.19495777248,
2416,E0163200018111,西上地区公民館,北海道士幌町字上音更西3-227,1,,,43.21324227552,143.21117652457,
2417,E0163200019111,中音更地区交流促進センター,北海道士幌町字上音更西4-181,,,,43.176466001234,143.19353728125,
2418,E0163200021111,中士幌公民館,北海道士幌町字中士幌西2-80,1,,,43.100409145774,143.22958978832,
2419,E0163200022111,中士幌小学校,北海道士幌町字中士幌西2-88,1,,,43.10573586,143.2308397,
2420,E0151400003111,枝幸中学校,北海道枝幸町栄町611,1,,,44.93572551,142.5761984,
2421,E0151400004111,道の駅マリーンアイランド岡島,北海道枝幸町岡島1978-13,1,,,44.87838729,142.6317733,
2422,E0151400005111,岡島コミュニティセンター,北海道枝幸町岡島3687-9,,,,44.87476965,142.633335,
2423,E0151400006111,岡島小学校,北海道枝幸町岡島4800-1,1,,,44.87455007,142.6319126,
2424,E0151400008111,乙忠部コミュニティセンター,北海道枝幸町乙忠部941,,,,44.7792496,142.7199019,
2425,E0151400009111,音標小学校,北海道枝幸町音標153-1,1,,,44.70590292,142.8056395,
2426,E0151400010111,音標コミュニティセンター,北海道枝幸町音標461-8,,,,44.70396853,142.8096666,
2427,E0151400011111,下幌別コミュニティセンター,北海道枝幸町下幌別443-21,,,,44.89587517,142.5779861,
2428,E0151400013111,志美宇丹地区コミュニティセンター,北海道枝幸町歌登志美宇丹2914-1,,,,44.76876873,142.5785473,
2429,E0151400014111,上徳志別会館,北海道枝幸町歌登上徳志別240,,,,44.74270236,142.6032922,
2430,E0151400015111,歌登小学校,北海道枝幸町歌登西町124,1,,,44.84167327,142.4724614,
2431,E0151400018111,歌登文化会館,北海道枝幸町歌登西町6346-1,,,,44.84292088,142.4782564,
2432,E0151400019111,中央地区コミュニティセンター,北海道枝幸町歌登中央1704-1,,,,44.82009502,142.4479706,
2433,E0151400020111,歌登地域総合センター,北海道枝幸町歌登東町106-19,1,,,44.84164121,142.4804407,
2434,E0151400021111,歌登Ｂ＆Ｇ海洋センター,北海道枝幸町歌登南町1076-11,1,,,44.83836487,142.4776945,
2435,E0151400022111,歌登保育所,北海道枝幸町歌登南町1076-42,,,,44.83796775,142.4752736,
2436,E0151400024111,光南会館,北海道枝幸町歌登南町413,,,,44.83692746,142.4778995,
2437,E0151400025111,桧垣会館,北海道枝幸町歌登桧垣町132,,,,44.83776636,142.4698129,
2438,E0151400026111,歌登中学校,北海道枝幸町歌登桧垣町136,1,,,44.8388552,142.4653858,
2439,E0151400028122,特別養護老人ホーム歌翠園,北海道枝幸町歌登桧垣町142,,,,44.83657216,142.4659856,
2440,E0151400028112,特別養護老人ホーム歌翠園,北海道枝幸町歌登桧垣町142,,,,44.83657216,142.4659856,
2441,E0151400028121,デイサービスセンター歌翠園,北海道枝幸町歌登桧垣町142,,,,44.83634967,142.4662565,
2442,E0151400028111,デイサービスセンター歌翠園,北海道枝幸町歌登桧垣町142,,,,44.83634967,142.4662565,
2443,E0151400029111,本幌別地区コミュニティセンター,北海道枝幸町歌登本幌別1381-10,,,,44.76367675,142.378633,
2444,E0151400031111,デイサービスセンター枝幸苑,北海道枝幸町三笠町1611-43,,,,44.94135,142.56847,
2445,E0151400031122,特別養護老人ホーム枝幸苑,北海道枝幸町三笠町1611-43,,,,44.94101074,142.5688687,
2446,E0151400031121,デイサービスセンター枝幸苑,北海道枝幸町三笠町1611-43,,,,44.94135,142.56847,
2447,E0151400031112,特別養護老人ホーム枝幸苑,北海道枝幸町三笠町1611-43,,,,44.94101074,142.5688687,
2448,E0151400033111,三笠コミュニティセンター,北海道枝幸町三笠町529-1,1,,,44.93959123,142.5726322,
2449,E0151400060111,枝幸町認定こども園,北海道枝幸町三笠町620-1,,,,44.939423,142.57106,
2450,E0151400034111,枝幸町営牧場,北海道枝幸町山臼3703-2,1,,,44.799307667467,142.66062750357,
2451,E0151400035111,山臼小学校,北海道枝幸町山臼4770-1,1,,,44.81855797,142.6818097,
2452,E0151400036111,山臼コミュニティセンター,北海道枝幸町山臼7980,,,,44.82604445,142.6800012,
2453,E0151400037111,上音標コミュニティセンター,北海道枝幸町上音標535-2,,,,44.69642439,142.7456898,
2454,E0151400038111,枝幸小学校,北海道枝幸町新栄町627,1,,,44.93937254,142.5804079,
2455,E0151400040111,徳志別コミュニティセンター,北海道枝幸町徳志別226-2,1,,,44.84594308,142.6522426,
2456,E0151400041111,風烈布コミュニティセンター,北海道枝幸町風烈布1190-11,1,,,44.74014261,142.7641196,
2457,E0151400042111,枝幸南中学校,北海道枝幸町風烈布1203-1,1,,,44.7516365,142.7499572,
2458,E0151400043111,風烈布小学校,北海道枝幸町風烈布628-7,,,,44.7424833,142.7607091,
2459,E0151400045111,枝幸町保健福祉センター,北海道枝幸町北栄町1474-1,,,,44.94307456,142.5757569,
2460,E0151400045121,枝幸町保健福祉センター,北海道枝幸町北栄町1474-1,,,,44.94307456,142.5757569,
2461,E0151400049111,枝幸高等学校,北海道枝幸町北幸町529-2,,,,44.93809925,142.5736286,
2462,E0151400052111,枝幸町総合体育館,北海道枝幸町北幸町912-12,,,,44.93310444,142.5729809,
2463,E0151400053111,北浜コミュニティセンター,北海道枝幸町北浜町388-1,,,,44.94238517,142.5831464,
2464,E0151400054111,枝幸町中央コミュニティセンター,北海道枝幸町本町880-1,,,,44.9390471,142.5820994,
2465,E0151400055111,岬コミュニティセンター,北海道枝幸町岬町1134-3,,,,44.96014345,142.5779267,
2466,E0151400057111,目梨泊小学校,北海道枝幸町目梨泊,1,,,45.03285869,142.5161405,
2467,E0151400056111,目梨泊コミュニティセンター,北海道枝幸町目梨泊5431-1,,,,45.03626969,142.5096521,
2468,E0151400058111,問牧コミュニティセンター,北海道枝幸町問牧1036-2,,,,44.99522925,142.5358408,
2469,E0163400001111,瓜幕中学校,北海道鹿追町瓜幕西27-23,1,,,43.17169832211,143.028138455031,
2470,E0163400003121,ウリマックホール（役場瓜幕支所）,北海道鹿追町瓜幕西町2,,,要配慮者,43.1686718,143.0255094,
2471,E0163400003111,ウリマックホール（役場瓜幕支所）,北海道鹿追町瓜幕西町2,,,,43.1685613734009,143.025103039349,
2472,E0163400004111,瓜幕小学校,北海道鹿追町瓜幕東3-8,1,,,43.169333488275,143.028294389206,
2473,E0163400005111,ピュアモルトクラブハウス,北海道鹿追町元町3-19,,,,43.0993906282995,142.982615743711,
2474,E0163400006111,笹川小学校,北海道鹿追町笹川北9-10,1,,,43.1321841537572,142.991212992382,
2475,E0163400007111,認定こども園しかおい,北海道鹿追町鹿追北2-8,,,,43.0959450175633,142.99454880422,
2476,E0163400007121,認定こども園しかおい,北海道鹿追町鹿追北2-8,,,要配慮者,43.0959071364807,142.9945380691,
2477,E0163400008111,鹿追中学校,北海道鹿追町鹿追北4-8,,,,43.1043182635713,142.997307347541,
2478,E0163400009111,新然別公民館,北海道鹿追町上然別西11-17,1,,,43.05452713,143.0478703,
2479,E0163400010111,上幌内小学校,北海道鹿追町上幌内４－南3,1,,,43.1504508954971,142.939168927585,
2480,E0163400011111,鹿追高等学校,北海道鹿追町西町1-8,1,,,43.1046291513267,142.982990165329,
2481,E0163400012111,通明保育所,北海道鹿追町中瓜幕西20-25,1,,,43.17216178085,143.080223542648,
2482,E0163400012112,通明小学校,北海道鹿追町中瓜幕西20-25,1,,,43.1719081815829,143.081595227846,
2483,E0163400027112,鹿追町役場,北海道鹿追町東町1-15-1,,,,43.098895,142.988999,
2484,E0163400014112,鹿追町民ホール,北海道鹿追町東町3-2,1,,,43.09743445,142.9903423,
2485,E0163400014121,鹿追町民ホール,北海道鹿追町東町3-2,1,,要配慮者,43.09743445,142.9903423,
2486,E0163400014111,鹿追小学校,北海道鹿追町東町3-2,1,,,43.0971185224908,142.992274473201,
2487,E0163400015111,トリムセンター,北海道鹿追町東町4-2,,,,43.09541346,142.9910693,
2488,E0163400015121,トリムセンター,北海道鹿追町東町4-2,,,要配慮者,43.09541346,142.9910693,
2489,E0163400016111,鹿美公民館,北海道鹿追町美蔓西15-19,1,,,43.06034869,143.0189174,
2490,E0163400017111,北鹿追公民館,北海道鹿追町北鹿追北10-4,1,,,43.13151009,143.0346363,
2491,E0163400018111,幌内公民館,北海道鹿追町幌内西25-28,1,,,43.102226925703,142.94700155071,
2492,E0163400019111,総合スポーツセンター,北海道鹿追町緑町4-2,,,,43.1072802364633,142.995616082001,
2493,E0134300002111,総合体育館,北海道鹿部町字宮浜265-1,1,,,42.04027726,140.8084334,
2494,E0134300003111,鹿部中学校,北海道鹿部町字宮浜281,1,,,42.03950813,140.8114171,
2495,E0134300004111,鹿部中央公民館,北海道鹿部町字宮浜311-2,1,,,42.0372801,140.8131502,
2496,E0134300006111,鹿部小学校,北海道鹿部町字宮浜314-1,1,,,42.0353484,140.8135183,
2497,E0134300008111,鹿部会館,北海道鹿部町字鹿部112-20,1,,,42.03227443,140.8224121,
2498,E0134300010111,大岩地域会館,北海道鹿部町字鹿部258-18,1,,,42.02393777,140.8362305,
2499,E0134300011111,渡島リハビリテーション体育館,北海道鹿部町字鹿部258-7,1,,,42.0228278,140.8351761,
2500,E0134300011121,渡島リハビリテーションセンター,北海道鹿部町字鹿部258-7,1,,要配慮者,42.0228278,140.8351761,
2501,E0134300013111,本別中央会館,北海道鹿部町字本別224-1,1,,,42.05344204,140.8055222,
2502,E0134300017111,出来澗会館,北海道鹿部町字本別540-7,1,,,42.07476025,140.7972047,
2503,E0133700003111,大沼岳陽学校屋内体育館,北海道七飯町字上軍川180-2,1,,,41.983960495047,140.69065329776,
2504,E0133700009111,上藤城会館,北海道七飯町字上藤城5-1,1,,,41.90914105,140.681708,
2505,E0133700010111,西大沼会館,北海道七飯町字西大沼340-2,1,,,41.994192,140.635761,
2506,E0133700013111,大沼多目的会館,北海道七飯町字大沼町502-1,1,,,41.97345942,140.6721718,
2507,E0133700013121,大沼多目的会館,北海道七飯町字大沼町502-1,1,,,41.97345942,140.6721718,
2508,E0133700017111,鶴野地域センター（屋内運動場）（旧鶴野小学校屋内体育館）,北海道七飯町字鶴野229-2,1,,,41.881098726993,140.68090936568,
2509,E0133700022111,東大沼会館,北海道七飯町字東大沼403,1,,,41.99997606,140.7303088,
2510,E0133700023111,藤城小学校屋内体育館,北海道七飯町字藤城268,1,,,41.91861232,140.6740476,
2511,E0133700027111,峠下小学校屋内体育館,北海道七飯町字峠下420-1,1,,,41.9293200220879,140.654071222683,
2512,E0133700028111,水防センター,北海道七飯町字飯田町167,1,,,41.8977127591602,140.674500064334,
2513,E0133700031121,大川コミニュティセンター,北海道七飯町大川1-2-17,1,,,41.85402506,140.7198636,
2514,E0133700031111,大川コミニュティセンター,北海道七飯町大川1-2-17,1,,,41.85402506,140.7198636,
2515,E0133700032111,松の木町内会館,北海道七飯町大川2-18-12,1,,,41.853089085849,140.72767087116,
2516,E0133700035111,東大川振興会館,北海道七飯町大川9-25-11,1,,,41.86013568,140.7291667,
2517,E0133700036111,大中山小学校屋内体育館,北海道七飯町大中山2-1-5,1,,,41.8656752804759,140.717128124408,
2518,E0133700036121,大中山多世代交流地域センター,北海道七飯町大中山2-1-5,1,,,41.864525843146,140.716408734459,
2519,E0133700038121,大中山コモン,北海道七飯町大中山3-275-2,1,,,41.87005185,140.718269,
2520,E0133700039111,大中山中学校屋内体育館,北海道七飯町大中山3-291-1,1,,,41.86971387,140.7211241,
2521,E0133700044111,本町振興会館,北海道七飯町本町3-17-62,1,,,41.88975705,140.6902574,
2522,E0133700050111,文化センター,北海道七飯町本町6-1-2,1,,,41.8968857,140.694435,
2523,E0133700050121,文化センター,北海道七飯町本町6-1-2,1,,,41.8968857,140.694435,
2524,E0133700051121,七飯町保健センター,北海道七飯町本町6-1-5,,,,41.8978931470342,140.693479403761,
2525,E0133700052111,七重小学校屋内体育館,北海道七飯町本町6-2-11,1,,,41.89751437,140.6929357,
2526,E0133700055111,鳴川振興会館,北海道七飯町鳴川3-12-1,1,,,41.88622481,140.6957981,
2527,E0120500002111,旭ヶ丘小学校,北海道室蘭市宮の森町1-5-5,,,,42.35594877,141.0228135,
2528,E0120500003111,室蘭工業高等学校体育館,北海道室蘭市宮の森町3-1-1,1,,,42.3562318,141.0294313,
2529,E0120500006111,室ガス文化センター,北海道室蘭市幸町6-23,,,,42.3158841372555,140.970367199148,
2530,E0120500007111,みなと小学校,北海道室蘭市港南町2-10-1,,,,42.33171568,140.9531454,
2531,E0120500008111,蘭北小学校,北海道室蘭市港北町4-13-1,,,,42.36499778,140.9960828,
2532,E0120500010111,市立室蘭看護専門学院,北海道室蘭市高砂町3-11-1,,,,42.36701718,141.0347273,
2533,E0120500012111,海星学院高等学校体育館,北海道室蘭市高砂町3-7-7,,,,42.36591504,141.0313397,
2534,E0123000181111,北海道室蘭東翔高等学校,北海道室蘭市高砂町4-35-1,1,,,42.369478,141.036908,
2535,E0120500016111,東明中学校,北海道室蘭市高砂町4-9-1,,,,42.37026423,141.0316422,
2536,E0120500019111,サンパワー宿泊研修所,北海道室蘭市神代町143,,,,42.40663877,140.9994141,
2537,E0123000180111,国立大学法人室蘭工業大学体育館,北海道室蘭市水元町34-1,1,,,42.377843,141.036036,
2538,E0123000179111,室蘭市立天神小学校,北海道室蘭市水元町5-1,1,,,42.374323,141.032497,
2539,E0120500021111,天神小学校体育館,北海道室蘭市水元町5-1,1,,,42.374283,141.032633,
2540,E0120500023111,喜門岱小学校,北海道室蘭市石川町282-36,1,,,42.39372533,140.9687258,
2541,E0120500024111,室蘭清水丘高等学校体育館,北海道室蘭市増市町2-6-16,1,,,42.32286804,140.9495431,
2542,E0120500031111,港北中学校,北海道室蘭市柏木町361-1,,,,42.36979707,140.9899575,
2543,E0120500033111,白蘭学園,北海道室蘭市白鳥台2-2-1,,,,42.374560004109,140.93445479761,
2544,E0120500037111,北海道大谷室蘭高等学校体育館,北海道室蘭市八丁平3-1-1,,,,42.37750578,141.0129163,
2545,E0120500039111,八丁平小学校,北海道室蘭市八丁平4-42-1,,,,42.37168569,141.0146565,
2546,E0120500041111,子ども発達支援センター,北海道室蘭市母恋南町2-22-3,,,,42.31327627,140.9995123,
2547,E0154500001111,大栄農村集落センター,北海道斜里町90,,,,43.8961520619548,144.57726333111,
2548,E0154500001121,大栄農村集落センター,北海道斜里町90,,,,43.896162692318,144.57722175687,
2549,E0154500002111,ウトロ漁村センター,北海道斜里町ウトロ香川1,1,,,44.06983136,144.9968195,
2550,E0154500002121,ウトロ漁村センター,北海道斜里町ウトロ香川1,1,,要配慮者,44.06983136,144.9968195,
2551,E0154500003121,知床ウトロ学校,北海道斜里町ウトロ高原20,1,,要配慮者,44.06504189,144.9928709,
2552,E0154500003111,知床ウトロ学校,北海道斜里町ウトロ高原20,1,,,44.06504189,144.9928709,
2553,E0154500008111,以久科農村集落センター,北海道斜里町以久科南23,,,,43.8858404407674,144.702251026122,
2554,E0154500045121,旧以久科小学校,北海道斜里町以久科南24,,,,43.88546639,144.7016592,
2555,E0154500009111,斜里町農業振興センター,北海道斜里町以久科北586,,,,43.892355,144.689137,
2556,E0154500009121,斜里町農業振興センター,北海道斜里町以久科北586,,,,43.892355,144.689137,
2557,E0154500010111,越川農村集落センター,北海道斜里町越川89,1,,,43.87097592,144.7496507,
2558,E0154500010121,越川農村集落センター,北海道斜里町越川89,1,,,43.87097592,144.7496507,
2559,E0154500013121,港西町コミュニティーセンター,北海道斜里町港西町10,1,,,43.91511456,144.6560098,
2560,E0154500013111,港西町コミュニティーセンター,北海道斜里町港西町10,1,,,43.91511456,144.6560098,
2561,E0154500016121,三井農村集落センター,北海道斜里町三井131,1,,,43.85120295,144.6864661,
2562,E0154500016111,三井農村集落センター,北海道斜里町三井131,1,,,43.85120295,144.6864661,
2563,E0154500019111,朱円コミュニティーセンター,北海道斜里町朱円51,,,,43.90447248,144.75445,
2564,E0154500019121,朱円コミュニティーセンター,北海道斜里町朱円51,,,,43.90447248,144.75445,
2565,E0154500025111,中斜里多目的研修施設,北海道斜里町中斜里38,1,,,43.87013052,144.6593397,
2566,E0154500025121,中斜里多目的研修施設,北海道斜里町中斜里38,1,,,43.87013052,144.6593397,
2567,E0154500026111,斜里町海洋センター,北海道斜里町朝日町20,1,,,43.90682407,144.6711747,
2568,E0154500026121,斜里町海洋センター,北海道斜里町朝日町20,1,,,43.90682407,144.6711747,
2569,E0154500029111,朝日小学校,北海道斜里町朝日町6,1,,,43.91029998,144.6772016,
2570,E0154500029121,朝日小学校,北海道斜里町朝日町6,1,,要配慮者,43.91029998,144.6772016,
2571,E0154500030111,拓栄会館,北海道斜里町美咲69,,,,43.89809214,144.5973577,
2572,E0154500030121,拓栄会館,北海道斜里町美咲69,,,,43.89809214,144.5973577,
2573,E0154500031121,美咲公民館,北海道斜里町美咲73,1,,,43.8975422,144.6179259,
2574,E0154500031111,美咲公民館,北海道斜里町美咲73,1,,,43.8975422,144.6179259,
2575,E0154500046121,富士コミュニティーセンター,北海道斜里町富士,,,,43.83790179,144.7331601,
2576,E0154500032111,富士コミュニティーセンター,北海道斜里町富士56,1,,,43.8379032127822,144.733117846224,
2577,E0154500033111,斜里小学校,北海道斜里町文光町29,1,,,43.90636352279,144.656937967247,
2578,E0154500033121,斜里小学校,北海道斜里町文光町29,1,,,43.906365565537,144.65699251535,
2579,E0154500034111,斜里高等学校,北海道斜里町文光町5,1,,,43.910150608407,144.65763344048,
2580,E0154500034121,斜里高等学校,北海道斜里町文光町5,1,,,43.910150608407,144.65763344048,
2581,E0154500035121,斜里中学校,北海道斜里町文光町51,1,,要配慮者,43.90736859,144.6649584,
2582,E0154500035111,斜里中学校,北海道斜里町文光町51,1,,,43.90736859,144.6649584,
2583,E0154500036111,社会福祉法人斜里福祉会日の出学園,北海道斜里町峰浜110,1,,,43.92638424,144.8046821,
2584,E0154500036121,峰浜自然休養村管理センター,北海道斜里町峰浜110,1,,,43.92674374,144.8072811,
2585,E0154500036122,社会福祉法人斜里福祉会日の出学園,北海道斜里町峰浜110,1,,,43.92638424,144.8046821,
2586,E0154500036112,峰浜自然休養村管理センター,北海道斜里町峰浜110,1,,,43.92674374,144.8072811,
2587,E0154500038121,役場,北海道斜里町本町12,,,,43.91148394,144.6708387,
2588,E0154500038111,役場,北海道斜里町本町12,,,,43.91148394,144.6708387,
2589,E0154500039122,消防署庁舎,北海道斜里町本町14,,,,43.91108557,144.6697563,
2590,E0154500039111,消防署庁舎,北海道斜里町本町14,,,,43.91108557,144.6697563,
2591,E0154500040122,斜里町産業会館,北海道斜里町本町29,,,,43.91148058,144.6668734,
2592,E0154500040111,斜里町産業会館,北海道斜里町本町29,,,,43.91148058,144.6668734,
2593,E0154500041111,道の駅しゃり,北海道斜里町本町37,1,,,43.91177354,144.6641289,
2594,E0154500041121,道の駅しゃり,北海道斜里町本町37,1,,,43.91177354,144.6641289,
2595,E0154500042122,ゆめホール知床,北海道斜里町本町4,1,,,43.91157177,144.6723529,
2596,E0154500042111,ゆめホール知床,北海道斜里町本町4,1,,,43.91157177,144.6723529,
2597,E0154500047121,来運農村集落センター,北海道斜里町来運,,,,43.840275274063,144.66114474154,
2598,E0154500044111,来運農村集落センター,北海道斜里町来運67,,,,43.840315720416,144.66114810879,
2599,E0139200001111,横澗会館,北海道寿都町字磯谷町横澗1,,,,42.84298314,140.3270064,
2600,E0139200002111,鮫取澗会館,北海道寿都町字磯谷町鮫取澗189,,,,42.83607054,140.318338,
2601,E0139200003111,磯谷会館,北海道寿都町字磯谷町島古丹1,,,,42.86148871,140.350489,
2602,E0139200004111,登順寺,北海道寿都町字磯谷町島古丹455,,,,42.85557972,140.3478186,
2603,E0139200005111,最尊寺,北海道寿都町字磯谷町島古丹456,,,,42.85577831,140.3486672,
2604,E0139200006111,磯谷地区簡易避難所,北海道寿都町字磯谷町島古丹512,,,,42.86098173,140.3516298,
2605,E0139200007111,潮路小学校,北海道寿都町字歌棄町歌棄155,1,,,42.77025321,140.3009234,
2606,E0139200008111,歌棄会館,北海道寿都町字歌棄町歌棄346-1,,,,42.77844197,140.3066955,
2607,E0139200009111,美谷会館,北海道寿都町字歌棄町美谷156-2,,,,42.82707882,140.3068738,
2608,E0139200010111,新豊寺,北海道寿都町字歌棄町美谷965,,,,42.82587599,140.3088774,
2609,E0139200011111,有戸・種前会館,北海道寿都町字歌棄町有戸170-1,,,,42.790482,140.308698,
2610,E0139200012111,六開岩会館,北海道寿都町字開進町173-2,,,,42.79075171,140.233697,
2611,E0139200013111,寿都町総合文化センター,北海道寿都町字開進町187-1,1,,,42.78936631,140.2319259,
2612,E0139200013112,寿都町こどもふれあいセンター,北海道寿都町字開進町187-1,1,,,42.79006226,140.2324393,
2613,E0139200013121,寿都町総合文化センター,北海道寿都町字開進町187-1,1,,,42.78936631,140.2319259,
2614,E0139200014111,寿都町総合体育館,北海道寿都町字開進町187-10,,,,42.788474129859,140.23346059342,
2615,E0139200015111,寿都高等学校,北海道寿都町字新栄町136,,,,42.79641862,140.2234383,
2616,E0139200016111,新栄会館・青少年研修会館,北海道寿都町字新栄町96-1,,,,42.79413894,140.2286019,
2617,E0139200017111,政泊会館,北海道寿都町字政泊町56,,,,42.8226564,140.1881274,
2618,E0139200018111,寿都町観光交流センター,北海道寿都町字大磯町29-1,,,,42.79541726,140.2316662,
2619,E0139200019111,大磯会館,北海道寿都町字大磯町81-1,,,,42.79369864,140.2328032,
2620,E0139200020111,樽岸会館,北海道寿都町字樽岸町樽岸152-1,,,,42.766578,140.248659,
2621,E0139200021111,樽岸生涯学習研修会館,北海道寿都町字樽岸町樽岸172,1,,,42.76574383,140.2497061,
2622,E0139200023111,渡島会館,北海道寿都町字渡島町140-2,,,,42.79163893,140.2281956,
2623,E0139200024111,湯別自然体験学習会館,北海道寿都町字湯別町下湯別319,1,,,42.75339511,140.2822701,
2624,E0139200025111,寿都町農村活性化センター,北海道寿都町字湯別町下湯別461-1,,,,42.74563245,140.2776639,
2625,E0139200026111,寿都温泉ゆべつのゆ,北海道寿都町字湯別町下湯別462,,,,42.75171041,140.2747783,
2626,E0139200027111,湯別会館,北海道寿都町字湯別町上湯別103,,,,42.75005418,140.2827228,
2627,E0139200029111,寿都小学校,北海道寿都町字矢追町801-1,,,,42.79790313,140.2222573,
2628,E0139200030111,矢追会館,北海道寿都町字矢追町91,,,,42.80319121,140.2262469,
2629,E0139200032111,寿都中学校,北海道寿都町字六条町290-1,,,,42.78553192,140.2332795,
2630,E0148500001111,旧第２栄生活改善センター,北海道初山別村字栄142-1,1,,,44.48126125,141.7641585,
2631,E0148500002111,第１栄部落会館,北海道初山別村字栄878,1,,,44.45242456,141.7873643,
2632,E0148500003111,福祉の家共成館,北海道初山別村字共成109-1,1,,,44.6300454,141.8168174,
2633,E0148500004111,初山別村高齢者生活福祉センター,北海道初山別村字初山別149,1,,,44.53366924,141.7691927,
2634,E0148500004121,初山別村高齢者生活福祉センター,北海道初山別村字初山別149,1,,要配慮者,44.53366924,141.7691927,
2635,E0148500005111,ふじみへき地保育所,北海道初山別村字初山別153-1,1,,,44.53457934,141.7689869,
2636,E0148500006111,初山別村自然交流センター,北海道初山別村字初山別155-1,1,,,44.5355329,141.769162,
2637,E0148500007113,初山別村立初山別中学校校舎,北海道初山別村字初山別173-1,1,,,44.53256049,141.7716511,
2638,E0148500007116,初山別村立初山別小学校校舎,北海道初山別村字初山別173-1,1,,,44.53278413,141.7700325,
2639,E0148500007115,初山別村立初山別小学校屋内体育館,北海道初山別村字初山別173-1,1,,,44.53287563,141.7707562,
2640,E0148500007112,初山別村立初山別中学校屋内体育館,北海道初山別村字初山別173-1,1,,,44.5326596,141.7721859,
2641,E0148500008111,南千代田会館,北海道初山別村字千代田95-1,1,,,44.52101654,141.7884924,
2642,E0148500009112,岬センター・Ｃｏｓｍｉｃ－ｉｎｎ,北海道初山別村字豊岬153-1,1,,,44.56355962,141.7769776,
2643,E0148500010112,旧初山別村立豊岬小中学校屋内体育館,北海道初山別村字豊岬182-1,1,,,44.56783075,141.7854252,
2644,E0148500010113,旧初山別村立豊岬小中学校校舎,北海道初山別村字豊岬182-1,1,,,44.56770884,141.7859386,
2645,E0148500011112,ふれあいの里豊岬館,北海道初山別村字豊岬220-1,1,,,44.57130893,141.7848928,
2646,E0148500012111,北明里部落会館,北海道初山別村字明里1748-6,1,,,44.57081834,141.7931538,
2647,E0148500013111,南明里部落会館,北海道初山別村字明里227-7,1,,,44.55855696,141.7951182,
2648,E0148500014111,旧明里生活改善センター,北海道初山別村字明里881-2,1,,,44.55623225,141.785346,
2649,E0148500015112,旧初山別村立有明小学校屋内体育館,北海道初山別村字有明336-1,1,,,44.44215682,141.776016,
2650,E0148500015113,旧初山別村立有明小学校校舎,北海道初山別村字有明336-1,1,,,44.44256234,141.77592,
2651,E0148500016111,有明特別母と子の家,北海道初山別村字有明39-4,1,,,44.44772219,141.7587867,
2652,E0154700001111,小清水町立小清水中学校,北海道小清水町元町2-19-7,,,,43.8571635452885,144.453255850373,
2653,E0154700002111,特別養護老人ホーム愛寿苑,北海道小清水町字共和13-1,,,,43.8542950387252,144.458341974734,
2654,E0154700002121,特別養護老人ホーム愛寿苑,北海道小清水町字共和13-1,,,要配慮者,43.8542950387252,144.458341974734,
2655,E0154700004111,小清水町立小清水小学校,北海道小清水町南町1-22-5,,,,43.8527456978601,144.466716117075,
2656,E0154700005111,愛ホール（多目的研修集会施設）,北海道小清水町南町1-30-18,,,,43.8543840096365,144.471814710616,
2657,E0120300001111,いなきたコミュニティセンター,北海道小樽市稲穂5-10-1,1,,,43.20301806,140.9942332,
2658,E0120300002111,塩谷サービスセンター,北海道小樽市塩谷1-18-7,,,,43.2092796,140.9218667,
2659,E0120300003111,塩谷小学校,北海道小樽市塩谷2-18-1,1,,,43.2068729,140.9273072,
2660,E0120300004111,奥沢小学校,北海道小樽市奥沢2-5-1,1,,,43.17824541,141.0011313,
2661,E0120300005111,奥沢保育所,北海道小樽市奥沢3-22-1,,,,43.17445656,140.9974813,
2662,E0120300006111,公会堂,北海道小樽市花園5-2-1,,,,43.18942678,140.9917887,
2663,E0120300007111,総合体育館,北海道小樽市花園5-2-2,,,,43.1886532,140.9909538,
2664,E0120300008111,山の手小学校,北海道小樽市花園5-2-20,1,,,43.18531667,140.9896411,
2665,E0120300010111,市民会館,北海道小樽市花園5-3-1,,,,43.18956783,140.9928706,
2666,E0120300011111,花園小学校,北海道小樽市花園5-4-1,1,,,43.18758154,140.9959272,
2667,E0120300012111,菁園中学校,北海道小樽市花園5-4-2,1,,,43.18666489,140.9964412,
2668,E0120300013111,桂岡小学校,北海道小樽市桂岡町23-1,1,,,43.13653512,141.1407346,
2669,E0120300014111,銭函中学校,北海道小樽市見晴町2-12,1,,,43.13923173,141.1550736,
2670,E0120300015111,銭函サービスセンター,北海道小樽市見晴町3-26,,,,43.13971795,141.1564068,
2671,E0120300016111,銭函小学校,北海道小樽市見晴町5-2,1,,,43.13886145,141.1602183,
2672,E0120300017111,幸小学校,北海道小樽市幸4-21-1,1,,,43.22075571,140.9643071,
2673,E0120300018111,高島小学校,北海道小樽市高島5-6-1,1,,,43.22542768,141.0002587,
2674,E0120300019111,小樽明峰高等学校,北海道小樽市最上1-14-17,,,,43.18208522,140.9840738,
2675,E0120300020111,小樽未来創造高等学校,北海道小樽市最上1-29-1,1,,,43.18050176,140.9824961,
2676,E0120300021111,松ヶ枝中学校,北海道小樽市最上1-31-1,1,,,43.18096327,140.9802301,
2677,E0120300022111,北照高等学校,北海道小樽市最上2-5-1,,,,43.1814541,140.968363,
2678,E0120300023111,桜小学校,北海道小樽市桜1-16-1,1,,,43.17448258,141.0331199,
2679,E0120300024111,桜町中学校,北海道小樽市桜1-29-1,1,,,43.17336893,141.0273999,
2680,E0120300066111,東小樽会館,北海道小樽市桜1-4-16,,,,43.177892595532,141.03554721279,
2681,E0120300026111,小樽水産高等学校,北海道小樽市若竹町9-1,1,,,43.1787703,141.0247547,
2682,E0120300028111,双葉高等学校,北海道小樽市住ノ江1-3-17,,,,43.18614627,141.0064182,
2683,E0120300029111,双葉中学校,北海道小樽市住ノ江1-3-3,1,,,43.18675726,141.0062887,
2684,E0120300031111,張碓小学校,北海道小樽市春香町215,1,,,43.15187718,141.1186941,
2685,E0120300032111,市民センター（マリンホール）,北海道小樽市色内2-13-5,,,,43.19973284,140.9980287,
2686,E0120300033111,朝里小学校,北海道小樽市新光2-6-1,1,,,43.17366117,141.0576253,
2687,E0120300034111,朝里中学校,北海道小樽市新光3-7-1,1,,,43.17274728,141.0610602,
2688,E0120300035111,潮見台小学校,北海道小樽市新富町9-13,1,,,43.18217773,141.0140003,
2689,E0120300036111,北陵中学校,北海道小樽市清水町5-1,1,,,43.21269838,140.9891887,
2690,E0120300037111,赤岩保育所,北海道小樽市赤岩2-21-1,,,,43.22498143,140.9932586,
2691,E0120300038111,北海道高等聾学校,北海道小樽市銭函1-5-1,1,,,43.14775744,141.146781,
2692,E0120300039111,銭函保育所,北海道小樽市銭函2-23-13,,,,43.13999805,141.1604502,
2693,E0120300040111,銭函市民センター,北海道小樽市銭函2-28-10,,,,43.1389583,141.1654875,
2694,E0120300041111,北海道職業能力開発大学校,北海道小樽市銭函3-190,,,,43.14233274,141.1756389,
2695,E0120300043111,潮見台中学校,北海道小樽市潮見台1-17-1,1,,,43.17960373,141.018359,
2696,E0120300044111,小樽潮陵高等学校,北海道小樽市潮見台2-1-1,1,,,43.1785665,141.0104528,
2697,E0120300045111,小樽桜陽高等学校,北海道小樽市長橋3-19-1,1,,,43.21291583,140.9842436,
2698,E0120300046111,長橋中学校,北海道小樽市長橋4-16-1,1,,,43.21125899,140.964403,
2699,E0120300047111,長橋小学校,北海道小樽市長橋4-5-1,1,,,43.20855642,140.9744991,
2700,E0120300048111,向陽中学校,北海道小樽市天神1-7-11,1,,,43.16894799,140.989526,
2701,E0120300049111,市民消防防災研修センター,北海道小樽市天神2-18-17,1,,,43.1598823,140.985417,
2702,E0120300051111,桃内町内会館,北海道小樽市桃内1-167,1,,,43.20782933,140.897725,
2703,E0120300052111,北しりべし広域クリーンセンター,北海道小樽市桃内2-111-2,,,,43.1872729,140.9046188,
2704,E0120300053111,入船六三町会会館,北海道小樽市入船2-23-16,,,,43.18155415,140.9995201,
2705,E0120300054111,忍路中央小学校・忍路中学校,北海道小樽市忍路1-171,1,,,43.20108319,140.8668968,
2706,E0120300055111,手宮保育所,北海道小樽市梅ケ枝町3-23,,,,43.21101045,140.9941391,
2707,E0120300056111,稲穂小学校,北海道小樽市富岡1-5-1,1,,,43.19365542,140.9947601,
2708,E0120300057111,西陵中学校,北海道小樽市富岡2-26-1,,,,43.1961044,140.9875705,
2709,E0120300058111,望洋台小学校,北海道小樽市望洋台1-8-25,1,,,43.16635648,141.0401732,
2710,E0120300059111,望洋台中学校,北海道小樽市望洋台3-6-1,1,,,43.16184356,141.0307106,
2711,E0120300060111,手宮中央小学校,北海道小樽市末広町13-5,1,,,43.21305341,140.9973596,
2712,E0120300061111,忍路中学校旧校舎,北海道小樽市蘭島1-28-1,1,,,43.19966521,140.8631933,
2713,E0120300062111,勤労青少年ホーム,北海道小樽市緑1-9-4,,,,43.19063018,140.9901215,
2714,E0120300063111,小樽市教育委員会庁舎（※令和３年度に小樽商業高等学校の跡地に移転）,北海道小樽市緑3-4-1,,,,43.190405040968,140.98253345104,
2715,E0120300065112,小樽商科大学体育館,北海道小樽市緑4-4-14,,,,43.192396,140.979797,
2716,E0148200002111,臼谷福祉会館,北海道小平町字臼谷6-4,1,,,43.99697911,141.6533303,
2717,E0148200004111,小平町多目的防災交流施設群来る,北海道小平町字鬼鹿港町125-1,1,,,44.1538411,141.6569321,
2718,E0148200005111,鬼鹿厳島神社,北海道小平町字鬼鹿港町25-19,1,,,44.15256642,141.6586104,
2719,E0148200006111,おにしかこども園,北海道小平町字鬼鹿港町283,1,,,44.15552933,141.6602266,
2720,E0148200028111,天応寺,北海道小平町字鬼鹿田代20,1,,,44.157609,141.662563,
2721,E0148200007111,北海道小平高等養護学校,北海道小平町字鬼鹿田代577-2,1,,,44.15003805,141.6637011,
2722,E0148200008111,障害者支援施設おにしか更生園（体育館）,北海道小平町字鬼鹿田代584,1,,,44.147984801877,141.66523458567,
2723,E0148200009111,鬼鹿小学校,北海道小平町字鬼鹿田代64-1,1,,,44.155893029748,141.66385405028,
2724,E0148200011111,小平町健康福祉センター,北海道小平町字小平町216,1,,,44.01546386,141.6627716,
2725,E0148200012111,小平小学校,北海道小平町字小平町351-2,1,,,44.01993235,141.6655844,
2726,E0148200013111,小平町文化交流センター,北海道小平町字小平町356-2,1,,,44.01981699,141.6637602,
2727,E0148200014111,小平幼稚園,北海道小平町字小平町372-3,1,,,44.01882568,141.6682211,
2728,E0148200015111,小平中学校,北海道小平町字小平町401-7,1,,,44.01211675,141.6646574,
2729,E0148200018111,総合交流ターミナル施設ゆったりかん,北海道小平町字小平町458-25,1,,,44.02769535,141.6653845,
2730,E0148200019111,小平海洋センター,北海道小平町字小平町458-3,1,,,44.02651563,141.6646625,
2731,E0148200020111,やすらぎ滞在交流拠点施設ゆうゆうそう,北海道小平町字小平町469-3,1,,,44.02972008,141.6653353,
2732,E0148200020121,やすらぎ滞在交流拠点施設ゆうゆうそう,北海道小平町字小平町469-3,1,,要配慮者,44.02972008,141.6653353,
2733,E0148200022111,達布活性化センター,北海道小平町字達布374-4,1,,,44.04857369,141.8567989,
2734,E0148200025111,本郷地区集落センター,北海道小平町字本郷122-2,1,,,43.99710674,141.7138969,
2735,E0148200026111,報徳山観音寺,北海道小平町字本郷195-1,1,,,43.99890413,141.6962967,
2736,E0133100001111,館浜体験交流センター,北海道松前町字館浜322-1,1,,,41.448789,140.046781,
2737,E0133100004111,月島福祉の家,北海道松前町字月島227-5,,,,41.427646,140.11559,
2738,E0133100007111,松前高等学校体育館,北海道松前町字建石216,1,,,41.431267151792,140.07867202709,
2739,E0133100008111,建石コミュニティセンター,北海道松前町字建石53-6,1,,,41.424012,140.086095,
2740,E0133100009111,原口老人憩いの家,北海道松前町字原口396-2,,,,41.600179,139.986138,
2741,E0133100010111,松前町交流の里づくり館,北海道松前町字原口413,1,,,41.599695,139.985022,
2742,E0133100011111,松前町パートナーシップランド,北海道松前町字江良425-1,1,,,41.547412,139.993119,
2743,E0133100012111,大島小学校体育館,北海道松前町字江良813-2,1,,,41.548920197501,139.99632212446,
2744,E0133100013111,荒谷寿の家,北海道松前町字荒谷151,,,,41.418423,140.164178,
2745,E0133100017111,札前生活改善センター,北海道松前町字札前356-2,,,,41.462898295059,140.02861837592,
2746,E0133100021111,阿吽寺,北海道松前町字松城371,1,,,41.431818,140.109773,
2747,E0133100023111,松前町民体育館,北海道松前町字神明30,1,,,41.435504,140.112358,
2748,E0133100025111,清部生活改善センター,北海道松前町字清部460-2,1,,,41.524692,140.005278,
2749,E0133100026111,静浦町内会館,北海道松前町字静浦314-9,,,,41.488790612145,140.02007088938,
2750,E0133100027111,小島地区基幹集落センター,北海道松前町字赤神126,,,,41.480164,140.027248,
2751,E0133100029111,小島小学校体育館,北海道松前町字赤神403,1,,,41.482048119643,140.0280557479,
2752,E0133100034111,大沢老人憩いの家,北海道松前町字大沢310-1,,,,41.429596,140.14606,
2753,E0133100038111,朝日寿の家,北海道松前町字朝日372-1,,,,41.434863526766,140.12712668585,
2754,E0133100040111,松城小学校体育館,北海道松前町字唐津113-1,1,,,41.428864,140.105473,
2755,E0133100041111,北前船記念公園総合管理施設（道の駅北前船松前）,北海道松前町字唐津379,,,,41.426556,140.10727,
2756,E0133100042111,松前町ふれあい交流センター,北海道松前町字唐津51-1,,,,41.426957,140.10706,
2757,E0133100043111,松前中学校体育館,北海道松前町字博多265,1,,,41.429041373849,140.09783543658,
2758,E0133100044111,法徳寺,北海道松前町字白神822,1,,,41.4107727623,140.17650866323,
2759,E0133100046111,白神寿の家,北海道松前町字白神958,1,,,41.412879,140.173686,
2760,E0133100047111,松前町漁民センター,北海道松前町字弁天34-5,,,,41.422164,140.090525,
2761,E0133100048111,正行寺,北海道松前町字豊岡256,1,,,41.429764044132,140.11407459642,
2762,E0133100049111,法華寺,北海道松前町字豊岡258,1,,,41.429187506136,140.11322880517,
2763,E0133100053111,豊福町内会館,北海道松前町字豊岡89,,,,41.428762,140.114843,
2764,E0133100050111,茂草町内会館,北海道松前町字茂草618-2,,,,41.495628,140.016075,
2765,E0143800001121,特別養護老人ホーム旭寿園,北海道沼田町旭町3-5-25,,,高齢者等,43.8063345911763,141.943826234796,
2766,E0143800002121,養護老人ホーム和風園,北海道沼田町旭町3-5-40,,,高齢者等,43.8072332406688,141.945829753304,
2767,E0143800005111,共成地区コミュニティセンター,北海道沼田町字共成193,,,,43.81760025,142.0008478,
2768,E0143800006111,共成地区活性化センター,北海道沼田町字共成95-1,,,,43.81713504,142.0007877,
2769,E0143800007111,恵比島地区活性化センター,北海道沼田町字恵比島425-1,1,,,43.84815687,141.8836979,
2770,E0143800008111,更新会館,北海道沼田町字更新1,,,,43.82582286,141.984086,
2771,E0143800009111,高穂地区コミュニティセンター,北海道沼田町字高穂102-197,,,,43.81437015,141.9732591,
2772,E0143800011111,中央地区コミュニティセンター,北海道沼田町字沼田113-13,,,,43.82509365,141.9084361,
2773,E0143800012111,東予地区コミュニティセンター,北海道沼田町字東予1060-2,,,,43.82572305,142.0226096,
2774,E0143800013111,北竜地区活性化センター,北海道沼田町字北竜400-1,,,,43.78687464,141.9096125,
2775,E0143800016111,沼田中学校,北海道沼田町西町1-9,1,,,43.80803111,141.9247615,
2776,E0143800018121,沼田町暮らしの安心センター,北海道沼田町南一条1-8-25,,,妊産婦、乳児、幼児,43.8066501151825,141.937965212328,
2777,E0143800018111,沼田町暮らしの安心センター,北海道沼田町南一条1-8-25,,,,43.8066459861001,141.937933402454,
2778,E0143800019111,健康福祉総合センター（ふれあい）,北海道沼田町南一条3-6-53,,,,43.80673328,141.9339181,
2779,E0143800020111,生涯学習総合センター（ゆめっくる）,北海道沼田町南一条4-6-5,,,,43.8068806,141.9323533,
2780,E0143800021111,沼田小学校,北海道沼田町本通6-3-26,,,,43.80872905,141.9276093,
2781,E0136200002111,宮越地区農業担い手センター,北海道上ノ国町字宮越155-4,1,,,41.757681616933,140.18600552513,
2782,E0136200004111,桂岡生活改善センター,北海道上ノ国町字桂岡194-4,1,,,41.77546991,140.164671,
2783,E0136200006111,日本海情報交流館「文珠」,北海道上ノ国町字原歌3,1,,,41.80851762,140.095218,
2784,E0136200008111,原歌生活改善センター,北海道上ノ国町字原歌72,1,,,41.80649117,140.0888983,
2785,E0136200009111,向浜生活改善センター,北海道上ノ国町字向浜208,1,,,41.80853148,140.1144228,
2786,E0136200011111,汐吹生活館,北海道上ノ国町字汐吹184-1,1,,,41.734135,140.049414,
2787,E0136200064121,特別養護老人ホーム　かみのくに荘,北海道上ノ国町字勝山24-1,,,,41.79701859,140.1173,
2788,E0136200019111,上ノ国中学校,北海道上ノ国町字勝山39,1,,,41.79822476,140.1219362,
2789,E0136200024111,旧小砂子小学校,北海道上ノ国町字小砂子163-2,1,,,41.64839257,140.0003626,
2790,E0136200025111,小森生活改善センター,北海道上ノ国町字小森246-4,1,,,41.77354049,140.1471907,
2791,E0136200026111,上ノ国町高齢者能力活用センター,北海道上ノ国町字上ノ国274-7,1,,,41.80228164,140.109174,
2792,E0136200027111,ハンノキ地区コミュニティ施設,北海道上ノ国町字新村375,1,,,41.79832558,140.1330566,
2793,E0136200067111,石崎住宅児童公園,北海道上ノ国町字石崎,,,,41.705138,140.029515,
2794,E0136200029111,旧早川小学校,北海道上ノ国町字石崎331-1,1,,,41.703886,140.02814,
2795,E0136200030111,石崎地区集会施設,北海道上ノ国町字石崎334-2,1,,,41.70535009,140.0316698,
2796,E0136200037111,扇石地区多目的集会施設,北海道上ノ国町字扇石84,1,,,41.7428976,140.0561411,
2797,E0136200038111,早瀬生活改善センター,北海道上ノ国町字早瀬71-1,1,,,41.76633243,140.1760054,
2798,E0136200041111,大崎生活改善センター,北海道上ノ国町字大崎186-1,1,,,41.80297029,140.0724522,
2799,E0136200047111,上ノ国町総合福祉センター,北海道上ノ国町字大留100,1,,,41.80111553,140.119815,
2800,E0136200042111,上ノ国町スポーツセンター,北海道上ノ国町字大留109-2,1,,,41.8004707002465,140.122161111045,
2801,E0136200066111,大留地区複合施設,北海道上ノ国町字大留244-92,1,,,41.805366,140.124079,
2802,E0136200044111,上ノ国高等学校,北海道上ノ国町字大留351,1,,,41.80398398,140.1272908,
2803,E0136200046111,上ノ国小学校,北海道上ノ国町字大留70-1,1,,,41.80004464,140.1192293,
2804,E0136200048111,女性活動支援センター,北海道上ノ国町字中須田375-2,1,,,41.78616695,140.1445219,
2805,E0136200049111,河北小学校,北海道上ノ国町字中須田920-4,1,,,41.78152434,140.1517365,
2806,E0136200051111,湯ノ岱地区複合施設,北海道上ノ国町字湯ノ岱109-4,1,,,41.75037511,140.2434251,
2807,E0136200053111,神明地区集会施設,北海道上ノ国町字湯ノ岱355-2,1,,,41.737774272554,140.27502019022,
2808,E0136200055111,豊田生活改善センター,北海道上ノ国町字豊田126-4,1,,,41.79243263,140.1486261,
2809,E0136200056111,北村コミュニティセンター,北海道上ノ国町字北村134-1,1,,,41.81078341,140.1193299,
2810,E0136200057111,木ノ子児童館,北海道上ノ国町字木ノ子14-2,1,,,41.765753560545,140.07168834114,
2811,E0136200058111,旧滝沢小学校,北海道上ノ国町字木ノ子192,1,,,41.75401152,140.0634731,
2812,E0142500001111,下鶉生活館,北海道上砂川町下鶉南二条1-3-2,1,,,43.480327,141.952255,
2813,E0142500002111,上砂川勤労者体育センター,北海道上砂川町中央南一条5-2-1,1,,,43.482058,141.983541,
2814,E0142500002112,上砂川町民センター,北海道上砂川町中央南一条5-2-1,1,,,43.482321,141.983644,
2815,E0142500003111,産業活性化センター,北海道上砂川町中央北二条1-2-1,1,,,43.481011,141.990339,
2816,E0142500004111,朝駒集会所,北海道上砂川町朝駒三条1-1-1,1,,,43.474923,141.989254,
2817,E0142500005111,中央ふれあいセンター,北海道上砂川町東鶉南一条2-1-3,1,,,43.482905,141.978917,
2818,E0142500006112,上砂川町立中央小学校校舎,北海道上砂川町東鶉南一条4-1-1,1,,,43.481377,141.975902,
2819,E0142500006111,上砂川町立中央小学校屋内体育館,北海道上砂川町東鶉南一条4-1-1,1,,,43.481329,141.975391,
2820,E0142500007121,上砂川町デイサービスセンター,北海道上砂川町本町北2-1-2,1,,要介護者、身体障害者、 精神障害者,43.474875,141.994618,
2821,E0142500008111,緑が丘集会所,北海道上砂川町緑が丘四条2-1-9,1,,,43.478193,141.961089,
2822,E0142500009111,認定こども園ふたば,北海道上砂川町鶉一条1-1-2,1,,,43.48196,141.973592,
2823,E0142500010112,上砂川町立上砂川中学校校舎,北海道上砂川町鶉一条2-2-1,1,,,43.481484,141.970472,
2824,E0142500010111,上砂川町立上砂川中学校屋内体育館,北海道上砂川町鶉一条2-2-1,1,,,43.481487,141.971119,
2825,E0142500011111,鶉若葉生活館,北海道上砂川町鶉一条3-1-3,1,,,43.48137559,141.9681022,
2826,E0142500012111,鶉本町生活館,北海道上砂川町鶉本町北3-2-2,1,,,43.482629,141.961252,
2827,E0163300001111,糠平温泉文化ホール,北海道上士幌町字ぬかびら源泉郷北区44-3,1,,,43.36598339,143.190172,
2828,E0163300002111,東居辺コニュニティーセンター,北海道上士幌町字居辺東15-229,,,,43.2162943,143.3728283,
2829,E0163300003111,北門コミュニティーセンター,北海道上士幌町字居辺東15-291,1,,,43.26748065,143.3850105,
2830,E0163300004111,萩ヶ岡コミュニティーセンター,北海道上士幌町字居辺東6-300,1,,,43.28109741,143.3280994,
2831,E0163300005111,北居辺コミュニティーセンター,北海道上士幌町字居辺東9-235,1,,,43.22437256,143.3344882,
2832,E0163300006111,上音更コミュニティーセンター,北海道上士幌町字上音更東1-274,1,,,43.246084,143.249965,
2833,E0163300008111,北海道上士幌高等学校,北海道上士幌町字上士幌東1-227,1,,,43.22598617,143.2788927,
2834,E0163300009111,上士幌町立上士幌小学校,北海道上士幌町字上士幌東1-233,1,,,43.23107541,143.2797091,
2835,E0163300011111,山村開発センター,北海道上士幌町字上士幌東3-238,1,,,43.23251967,143.2967222,
2836,E0163300014111,スポーツセンター,北海道上士幌町字上士幌東4-237,1,,,43.23213523,143.2989255,
2837,E0163300016111,上士幌町立上士幌中学校,北海道上士幌町字上士幌東4-243,1,,,43.23805604,143.3005712,
2838,E0145700005111,上川町総合体育館,北海道上川町花園町3,1,,,43.85429984,142.7669983,
2839,E0145700007111,旧青少年野外活動センター,北海道上川町字菊水440,,,,43.83035773,142.7887094,
2840,E0145700011111,層雲峡写真ミュージアム,北海道上川町字層雲峡1-1,,,,43.72565517,142.9440212,
2841,E0145700012111,層雲峡ホテル朝陽亭,北海道上川町字層雲峡81,,,,43.72587241,142.9516721,
2842,E0145700013111,ホテル大雪,北海道上川町字層雲峡82,,,,43.72535057,142.9506203,
2843,E0145700014111,層雲峡観光総合コミュニティセンター,北海道上川町字層雲峡84,1,,,43.72601285,142.9466024,
2844,E0145700015112,層雲峡温泉朝陽リゾートホテル,北海道上川町字層雲峡87,,,,43.72899027,142.9428589,
2845,E0145700015111,層雲峡観光ホテル,北海道上川町字層雲峡87,,,,43.72836903,142.9447912,
2846,E0145700016111,層雲閣グランドホテル,北海道上川町字層雲峡92,,,,43.72668437,142.9533833,
2847,E0145700017111,旧東雲小学校,北海道上川町字東雲139-1,1,,,43.84272867,142.7118635,
2848,E0145700020111,上川小学校,北海道上川町新町379-1,1,,,43.84819536,142.7766503,
2849,E0145700023111,上川高等学校,北海道上川町東町148,1,,,43.84788019,142.7779017,
2850,E0145700027121,かみんぐホール,北海道上川町北町114-1,,,要配慮者,43.85119876,142.7720491,
2851,E0145700027111,かみんぐホール,北海道上川町北町114-1,,,,43.85119876,142.7720491,
2852,E0145700028111,上川中学校,北海道上川町北町45,1,,,43.85138955,142.7728352,
2853,E0145700029111,上川町保健福祉センター,北海道上川町本町2,,,,43.84847614,142.7723555,
2854,E0146000001111,上富良野中学校,北海道上富良野町旭町1-1-5,1,,,43.455298,142.475079,
2855,E0146000086111,上富良野町こどもセンター,北海道上富良野町旭町2-1-26,1,,,43.457726,142.475679,
2856,E0146000003111,わかば愛育園,北海道上富良野町旭町3-5-43,1,,,43.458072,142.477512,
2857,E0146000004111,ふらの農業協同組合上富良野支所,北海道上富良野町栄町2-2-45,1,,,43.46409,142.466204,
2858,E0146000005111,専誠寺,北海道上富良野町栄町3-2-27,1,,,43.464585,142.464399,
2859,E0146000006111,高田幼稚園,北海道上富良野町栄町3-2-30,1,,,43.464222,142.464535,
2860,E0146000059111,島津ふれあいセンター,北海道上富良野町基線北２３号,1,,,43.451365,142.459522,
2861,E0146000011111,上富良野小学校,北海道上富良野町宮町1-3-13,1,,,43.457884,142.471453,
2862,E0146000014113,十勝岳温泉凌雲閣,北海道上富良野町十勝岳,,,,43.413446,142.64305,
2863,E0146000062112,吹上温泉保養センター白銀荘,北海道上富良野町十勝岳温泉地区,1,,,43.431466,142.641648,
2864,E0146000062111,カミホロ荘,北海道上富良野町十勝岳温泉地区,1,,,43.415292,142.638556,
2865,E0146000015111,旭野公民館,北海道上富良野町十人牧場,1,,,43.458072,142.540357,
2866,E0146000063111,清富多世代交流センター,北海道上富良野町松井牧場,,,,43.502214,142.553659,
2867,E0146000016111,日新公民館,北海道上富良野町新井牧場,1,,,43.489049,142.498611,
2868,E0146000064111,里仁公民館,北海道上富良野町西１１線北３６号,1,,,43.529414,142.439187,
2869,E0146000065111,静修農業構造改善センター,北海道上富良野町西１２線北３２号,1,,,43.518374,142.421149,
2870,E0146000066111,ラベンダーハイツ,北海道上富良野町西１線北２４号,1,,,43.45957,142.454197,
2871,E0146000066121,ラベンダーハイツデイサービスセンター,北海道上富良野町西１線北２４号,1,,要配慮者,43.459645,142.453715,
2872,E0146000069111,富良野ホップスホテル,北海道上富良野町西２線北２５号,1,,,43.462881,142.454371,
2873,E0146000069112,土の博物館　土の館,北海道上富良野町西２線北２５号,1,,,43.462824,142.451668,
2874,E0146000070111,草分１会館,北海道上富良野町西２線北２９号,1,,,43.48072,142.471073,
2875,E0146000073111,草分防災センター,北海道上富良野町西３線北２８号,1,,,43.481845,142.462985,
2876,E0146000085111,江花公民館,北海道上富良野町西５線北２３号,,,,43.464332,142.429002,
2877,E0146000082111,江幌公民館,北海道上富良野町西９線北２９号,1,,,43.501901,142.427138,
2878,E0146000036111,明憲寺,北海道上富良野町西町1-1-1,1,,,43.461845,142.461382,
2879,E0146000078111,上富良野西小学校,北海道上富良野町扇町３丁目,1,,,43.471551,142.461299,
2880,E0146000038111,泉栄防災センター,北海道上富良野町泉町1-5-1,1,,,43.466532,142.463918,
2881,E0146000039111,上富良野町役場,北海道上富良野町大町2-2-11,1,,,43.455639,142.467084,
2882,E0146000040112,保健福祉総合センター,北海道上富良野町大町2-8-4,1,,,43.455133,142.468029,
2883,E0146000040121,デイサービスセンターかみん,北海道上富良野町大町2-8-4,1,,要配慮者,43.454851,142.468584,
2884,E0146000043111,セントラルプラザ,北海道上富良野町中町1-1-8,1,,,43.462099,142.468829,
2885,E0146000044111,大雄寺,北海道上富良野町中町3-4-43,1,,,43.463024,142.464395,
2886,E0146000080111,富原公民館,北海道上富良野町東３線北２３号,1,,,43.442527,142.476427,
2887,E0146000058111,東中公民館,北海道上富良野町東８線北１８号,1,,,43.408614,142.484589,
2888,E0146000058112,東中小学校,北海道上富良野町東８線北１８号,1,,,43.408699,142.488107,
2889,E0146000049111,上富良野高等学校,北海道上富良野町東町3-1-3,1,,,43.456384,142.48081,
2890,E0146000050111,東明会館,北海道上富良野町東町5-1-3,1,,,43.459546,142.482962,
2891,E0146000051111,上富良野公民館,北海道上富良野町富町1-3-25,1,,,43.458625,142.466261,
2892,E0146000053111,わかば中央保育園,北海道上富良野町富町1-4-90,1,,,43.459108,142.465033,
2893,E0146000054111,聞信寺,北海道上富良野町本町2-3-5,1,,,43.459789,142.470478,
2894,E0146000055111,日東会館,北海道上富良野町本町6,1,,,43.467234,142.473598,
2895,E0146000056111,社会教育総合センター,北海道上富良野町緑町1-9-4,1,,,43.452842,142.475178,
2896,E0146000057121,デイサポートかみふらの,北海道上富良野町緑町3-1-8,,,要配慮者,43.451477,142.474708,
2897,E0161000002111,三石中学校,北海道新ひだか町三石旭町96-1,1,,,42.251453,142.567314,
2898,E0161000022111,延出基幹集落センター,北海道新ひだか町三石富澤41-11,1,,,42.28051759,142.6075446,
2899,E0161000028111,本桐生活館,北海道新ひだか町三石本桐224-6,1,,,42.250496,142.6348819,
2900,E0161000032111,新ひだか町総合町民センター,北海道新ひだか町三石本町212,1,,,42.24837,142.559767,
2901,E0161000033111,三石小学校,北海道新ひだか町三石本町222-1,1,,,42.2494264,142.5615756,
2902,E0161000040111,高静小学校,北海道新ひだか町静内こうせい町2-9-1,1,,,42.34617814,142.3719291,
2903,E0161000046111,花園生活館,北海道新ひだか町静内花園1,1,,,42.34972742,142.3575682,
2904,E0161000054111,新ひだか町役場静内庁舎,北海道新ひだか町静内御幸町3-2-50,1,,,42.341259,142.368744,
2905,E0161000057111,静内中学校,北海道新ひだか町静内山手町1-9-1,1,,,42.34368222,142.362554,
2906,E0161000068111,静内第三中学校,北海道新ひだか町静内神森60,1,,,42.35657702,142.3826259,
2907,E0161000069111,清水丘生活センター,北海道新ひだか町静内清水丘5-1,1,,,42.3568973,142.3639077,
2908,E0161000105111,ふれあい生活館,北海道新ひだか町静内川合108-1,1,,,42.333619,142.491185,
2909,E0161000079111,旧桜丘小学校,北海道新ひだか町静内田原562-2,1,,,42.38701481,142.446367,
2910,E0161000080111,田原高台生活館,北海道新ひだか町静内田原565-2,1,,,42.38650789,142.4454685,
2911,E0161000081111,桔梗親和生活館,北海道新ひだか町静内田原635-2,1,,,42.39544731,142.4380589,
2912,E0161000107111,東西生活館,北海道新ひだか町静内東別45-2,1,,,42.28310124,142.5243456,
2913,E0161000087111,柏台会館,北海道新ひだか町静内柏台14-1,1,,,42.35046404,142.3538674,
2914,E0161000096111,静内小学校,北海道新ひだか町静内緑町3-5-1,1,,,42.338967,142.372564,
2915,E0161000098121,総合ケアセンター,北海道新ひだか町静内緑町4-5-1,1,,要配慮者,42.338628,142.374235,
2916,E0160400046121,社会福祉法人　ふくろう会　おうるの郷,北海道新冠町字共栄318-1,,,要配慮者,42.453129,142.296795,
2917,E0160400039111,共栄生活館,北海道新冠町字共栄319-4,,,,42.453058,142.295648,
2918,E0160400029111,古岸生活館,北海道新冠町字古岸105-3,,,,42.418419,142.398458,
2919,E0160400023111,高江農村環境改善センター,北海道新冠町字高江295-4,,,,42.378115,142.318676,
2920,E0160400024111,ポロシㇼ生活館,北海道新冠町字高江489-4,,,,42.367664,142.302616,
2921,E0160400035111,若園生活館,北海道新冠町字若園62-3,,,,42.483765,142.426926,
2922,E0160400032111,新栄生活センター,北海道新冠町字新栄162-1,,,,42.479005,142.427322,
2923,E0160400031111,新栄開拓婦人ホーム,北海道新冠町字新栄97-1,,,,42.466692,142.432148,
2924,E0160400043111,新和生活館,北海道新冠町字新和143-3,,,,42.542702,142.334501,
2925,E0160400021111,泊津生活館,北海道新冠町字西泊津16-2,,,,42.368184,142.336764,
2926,E0160400022111,新冠温泉「レ・コードの湯」,北海道新冠町字西泊津16-3,,,,42.354828,142.328871,
2927,E0160400003111,ホロシリ乗馬クラブ,北海道新冠町字西泊津26,,,,42.355571,142.334683,
2928,E0160400036111,節婦生活館,北海道新冠町字節婦町221-12,,,,42.380627,142.276755,
2929,E0160400037111,新冠町民節婦体育館,北海道新冠町字節婦町24-2,,,,42.385703,142.279255,
2930,E0160400007111,日高軽種馬共同育成公社,北海道新冠町字節婦町71-4,,,,42.378999,142.294985,
2931,E0160400034111,泉地区避難所（大森地先）,北海道新冠町字泉247-5,,,,42.501782,142.463088,
2932,E0160400033111,泉生活館,北海道新冠町字泉34-1,,,,42.487519,142.436899,
2933,E0160400044111,太陽開拓婦人ホーム,北海道新冠町字太陽204-16,,,,42.526329,142.412961,
2934,E0160400038111,大狩部生活館,北海道新冠町字大狩部36-2,,,,42.397407,142.260759,
2935,E0160400009111,大狩部生活センター,北海道新冠町字大狩部75-8,,,,42.400136,142.256616,
2936,E0160400027111,万世生活センター,北海道新冠町字大富161-1,,,,42.400746,142.399573,
2937,E0160400026111,大富生活館,北海道新冠町字大富75-2,,,,42.389146,142.375257,
2938,E0160400010112,新冠小学校体育館,北海道新冠町字中央町20-1,,,,42.364276,142.311916,
2939,E0160400010111,新冠小学校,北海道新冠町字中央町20-1,,,,42.364276,142.312418,
2940,E0160400025111,朝日農村環境改善センター,北海道新冠町字朝日166,,,,42.390006,142.349558,
2941,E0160400011111,朝日の森（旧朝日小学校）,北海道新冠町字朝日295-4,,,,42.39961376,142.375303,
2942,E0160400040111,東川生活センター,北海道新冠町字東川77-2,,,,42.46497,142.305497,
2943,E0160400020111,東町生活館,北海道新冠町字東町13-9,,,,42.358829,142.319462,
2944,E0160400042111,芽呂生活改善センター,北海道新冠町字美宇179-9,,,,42.502877,142.385141,
2945,E0160400041111,美宇生活センター,北海道新冠町字美宇299-2,,,,42.501371,142.350551,
2946,E0160400019111,北星生活館,北海道新冠町字北星町16-6,,,,42.364827,142.314595,
2947,E0160400018111,新冠中学校,北海道新冠町字北星町21-2,,,,42.367716,142.311898,
2948,E0160400014111,新冠町役場,北海道新冠町字北星町3-2,,,,42.362345,142.318461,
2949,E0160400017111,新冠町社会福祉協議会,北海道新冠町字本町42-4,,,,42.359923,142.310407,
2950,E0160400015111,本町多目的交流センター,北海道新冠町字本町44,,,,42.360114,142.311146,
2951,E0160400030111,明和生活センター,北海道新冠町字明和154-12,,,,42.430497,142.414678,
2952,E0160400045111,里平生活センター,北海道新冠町字里平20-3,,,,42.554436,142.398381,
2953,E0160400028111,緑丘生活センター,北海道新冠町字緑丘12-10,,,,42.407643,142.390789,
2954,E0130400001111,第５地区ふれあいセンター,北海道新篠津村第３９線北35,1,,,43.2402506950326,141.591946457739,
2955,E0130400002111,第４地区社会教育会館,北海道新篠津村第４０線南45,1,,,43.1722358381793,141.607615645458,
2956,E0130400003111,第３地区社会教育会館,北海道新篠津村第４２線南7,1,,,43.2063473157362,141.619734354126,
2957,E0130400004111,新篠津高等養護学校,北海道新篠津村第４５線北13,1,,,43.2242061395119,141.637094613046,
2958,E0130400005111,障がい者支援施設ふれあいの苑,北海道新篠津村第４５線北14,1,,,43.2243906255047,141.639250385061,
2959,E0130400006111,新篠津村立新篠津小学校,北海道新篠津村第４６線北10,1,,,43.2220148055996,141.647043291261,
2960,E0130400007111,新篠津村自治センター,北海道新篠津村第４６線北12,1,,,43.2234933229693,141.646929660486,
2961,E0130400007121,新篠津村自治センター,北海道新篠津村第４６線北12,1,,,43.2234933229693,141.646929660486,
2962,E0130400008111,新篠津村Ｂ＆Ｇ体育館,北海道新篠津村第４６線北15,1,,,43.2265148945626,141.643603721296,
2963,E0130400009111,コミュニティプラザ第１,北海道新篠津村第４７線北65,1,,,43.267717035742,141.64560191804,
2964,E0130400010111,新篠津村立新篠津中学校,北海道新篠津村第４７線北7,1,,,43.2205435693092,141.651579440595,
2965,E0143200001111,ぴあよしの花月サポートセンター,北海道新十津川町字花月243-2,,,,43.49752448,141.8600528,
2966,E0143200003111,新十津川アートの森彫刻体験促進施設,北海道新十津川町字吉野100-4,,,,43.59662083,141.7313938,
2967,E0143200006111,新十津川物語記念館,北海道新十津川町字総進188-6,,,,43.533342,141.843318,
2968,E0143200007111,文化伝習館,北海道新十津川町字総進191-4,,,,43.529659,141.843656,
2969,E0143200012111,新十津川農業高等学校,北海道新十津川町字中央13,,,,43.54633542,141.8794179,
2970,E0143200028111,新十津川中学校,北海道新十津川町字中央25-1,,,,43.54982815,141.866239,
2971,E0143200015111,農村環境改善センター,北海道新十津川町字中央306-3,,,,43.55091894,141.8764453,
2972,E0143200016121,総合健康福祉センター（福祉避難所）,北海道新十津川町字中央307-1,,,,43.55035008,141.877406,
2973,E0143200016111,総合健康福祉センター,北海道新十津川町字中央307-1,,,,43.55035008,141.877406,
2974,E0143200018111,新十津川小学校,北海道新十津川町字中央520-1,,,,43.544758,141.871277,
2975,E0143200021111,新十津川町図書館,北海道新十津川町字中央535-1,,,,43.545579,141.869041,
2976,E0143200024111,新十津川保育園,北海道新十津川町字中央72-48,,,,43.55930622,141.8766472,
2977,E0163500005121,社会福祉法人厚生協会屈足わかふじ園,北海道新得町屈足旭町1-46-3,,,要配慮者,43.09996968,142.9073681,
2978,E0163500006121,社会福祉法人新得町社会福祉協議会小規模多機能センターらら,北海道新得町屈足旭町2-85-1,,,要配慮者,43.0995219,142.9063239,
2979,E0163500007111,屈足保育園,北海道新得町屈足旭町東1-7-7,,,,43.10101734,142.9080739,
2980,E0163500010111,屈足南小学校,北海道新得町屈足柏町2-63,1,,,43.10411806,142.9047085,
2981,E0163500011111,屈足総合会館,北海道新得町屈足柏町3,,,,43.1040561,142.9037313,
2982,E0163500013111,屈足中学校,北海道新得町屈足緑町西4-5,1,,,43.10570933,142.8971481,
2983,E0163500015111,新得幼稚園,北海道新得町元町98,,,,43.08474064,142.8363329,
2984,E0163500002111,保健福祉センター,北海道新得町三条南3-5,,,,43.08042637,142.8374694,
2985,E0163500003111,町公民館,北海道新得町四条南4-9,,,,43.0799504,142.8395864,
2986,E0163500017111,富村牛小中学校,北海道新得町字屈足トムラウシ257,,,,43.33392743,142.946785,
2987,E0163500018111,屈足農村環境改善センター,北海道新得町字屈足基線39,1,,,43.12325655,142.8977916,
2988,E0163500019111,佐幌農業会館,北海道新得町字上佐幌基線25,1,,,43.08597212,142.8701655,
2989,E0163500020111,レディースファームスクール,北海道新得町字上佐幌基線84,,,,43.13240551,142.861548,
2990,E0163500023111,北新得農業会館,北海道新得町字新得基線167,,,,43.10242902,142.8343878,
2991,E0163500024111,新得はなや葬祭ホール,北海道新得町字新得西１線35,,,,43.071249,142.831635,
2992,E0163500025111,畜産試験場,北海道新得町字新得西５線39-1,,,,43.068745,142.805971,
2993,E0163500030121,社会福祉法人厚生協会わかふじ寮,北海道新得町西三条北1-5-3,,,要配慮者,43.08065152,142.8228667,
2994,E0163500031111,新得中学校,北海道新得町西四条南1-1,1,,,43.07985017,142.8220041,
2995,E0163500027121,社会福祉法人輔心会特別養護老人ホームひろね,北海道新得町西二条南5-5-1,,,要配慮者,43.075559,142.829253,
2996,E0163500028111,新得高等支援学校,北海道新得町西二条南7-2,1,,,43.07262485,142.8335837,
2997,E0163500029111,新得小学校,北海道新得町西二条北1-1,1,,,43.08186795,142.8268243,
2998,E0134500005111,森町漁村センター,北海道森町字港町185-3,1,,,42.106873526925,140.5927996308,
2999,E0134500007111,さわら幼稚園,北海道森町字砂原1-27-2,1,,,42.122387635652,140.6655606801,
3000,E0134500008111,森町砂原公民館,北海道森町字砂原1-31-3,1,,,42.12584276645,140.6623241161,
3001,E0134500009111,さわら小学校,北海道森町字砂原1-41-1,1,,,42.121493360676,140.6634114482,
3002,E0134500010111,砂原中学校,北海道森町字砂原2-188-14,1,,,42.122199922165,140.66739331213,
3003,E0134500002122,シャリテさわら・シャリテの森,北海道森町字砂原2-188-19,,,,42.121513816891,140.66912506781,
3004,E0134500012111,森町ふれあいの森,北海道森町字砂原3-242,1,,,42.12181703,140.6804898,
3005,E0134500013111,砂原特別母と子の家,北海道森町字砂原3-35,1,,,42.12382726,140.6793077,
3006,E0134500014111,森町郷土館,北海道森町字砂原4-147,1,,,42.123228907874,140.69116733102,
3007,E0134500015111,彦澗集落センター,北海道森町字砂原5-140,1,,,42.12876735721,140.69988286902,
3008,E0134500016111,掛澗生活館,北海道森町字砂原西1-225-1,1,,,42.120188361047,140.63620020239,
3009,E0134500017111,砂原婦人会館,北海道森町字砂原西3-47-33,1,,,42.122550231474,140.64424984525,
3010,E0134500018111,森町公民館（さわやかセンター・砂原）,北海道森町字砂原西4-234-4,1,,,42.122429466157,140.64853714292,
3011,E0134500019111,開拓会館,北海道森町字砂原東4-1-106,1,,,42.107599259951,140.74870490235,
3012,E0134500020111,森中学校,北海道森町字上台町326-1,1,,,42.096775083307,140.56942508431,
3013,E0134500021111,森町上台地区活性化支援センター,北海道森町字上台町326-18,1,,,42.102921038971,140.56960547318,
3014,E0134500059111,森高等学校,北海道森町字上台町326-48,1,,,42.094453,140.566358,
3015,E0134500049122,豊生園,北海道森町字上台町326-8,,,,42.097715,140.561138,
3016,E0134500049121,豊生園,北海道森町字上台町326-8,,,,42.097715,140.561138,(管理担当連絡先：☎ 7-1085（保健福祉課）)
3017,E0134500022111,みどりヶ丘会館,北海道森町字上台町330,1,,,42.103082024271,140.56427744859,
3018,E0134500047121,あんず,北海道森町字上台町90-1,,,,42.105928,140.568774,
3019,E0134500023111,常盤福祉会館,北海道森町字常盤町97-2,1,,,42.103773582163,140.58709950761,
3020,E0134500024111,森川・姫川生活改善センター,北海道森町字森川町208,1,,,42.100064747125,140.58183075714,
3021,E0134500057112,森町基幹集落センター,北海道森町字森川町278,1,,,42.097144,140.578077,
3022,E0134500057111,もり保育所,北海道森町字森川町278,1,,,42.096031,140.576706,
3023,E0134500001122,さくらの園,北海道森町字森川町278-2,1,,,42.097839746522,140.57593659573,
3024,E0134500058111,緑の家,北海道森町字清澄町22-4,1,,,42.102895,140.574045,
3025,E0134500025111,森町民体育館,北海道森町字清澄町24-2,1,,,42.101315228359,140.57134409371,
3026,E0134500026111,サンビレッジ森,北海道森町字清澄町25-6,1,,,42.100534673675,140.57200832802,
3027,E0134500027111,森小学校,北海道森町字清澄町27-1,1,,,42.099781245543,140.57359838022,
3028,E0134500029111,石倉小学校,北海道森町字石倉町283,1,,,42.154121146116,140.4798378847,
3029,E0134500031111,グリーンピア大沼,北海道森町字赤井川299,1,,,42.00130343656,140.60172803307,
3030,E0134500032111,濁川小学校,北海道森町字濁川201,1,,,42.123227515358,140.44551524654,
3031,E0134500034111,濁川活性化センター,北海道森町字濁川231,1,,,42.120765715836,140.44430475845,
3032,E0134500035111,鷲ノ木小学校,北海道森町字鳥崎町195,1,,,42.10755149108,140.55818883414,
3033,E0134500037111,森町農業集落センター,北海道森町字白川38,1,,,42.089028041028,140.60158481741,
3034,E0134500038111,尾白内南部生活改善センター,北海道森町字尾白内町1046,1,,,42.103409664298,140.61249450216,
3035,E0134500041111,富士見生活館（旧鷲ノ木生活館）,北海道森町字富士見町109,1,,,42.112614,140.547092,
3036,E0134500042111,駅前ふれあいセンター,北海道森町字本町6-22,1,,,42.10901951076,140.57238390046,
3037,E0134500043111,鷲ノ木生活館（旧鷲ノ木史跡公園会館）,北海道森町字鷲ノ木町168-1,1,,,42.117738888316,140.53864798432,
3038,E0134500044111,石谷小学校,北海道森町字蛯谷町153,1,,,42.129204006635,140.51178312232,
3039,E0122800001111,経済センター,北海道深川市1-9-19,1,,,43.72110806,142.0425326,
3040,E0122800002121,ケアハウスアニスティ深川,北海道深川市2-4-3,,,要援護者(高齢者・障がい者等),43.7180177997898,142.035253236771,
3041,E0122800003111,総合福祉センター,北海道深川市3-18-36,1,,,43.72321655,142.0548385,
3042,E0122800004121,ケアハウスえんれい草,北海道深川市4-12-6,,,要援護者(高齢者・障がい者等),43.7202821062657,142.04787229633,
3043,E0122800005121,グループホーム忘れな草,北海道深川市4-12-7,,,要援護者(高齢者・障がい者等),43.7200130809869,142.048194819122,
3044,E0122800006111,文化交流ホール　み・らい,北海道深川市5-7-20,1,,,43.71743628,142.0415522,
3045,E0122800007111,総合体育館,北海道深川市6-21-1,1,,,43.72229781,142.0615648,
3046,E0122800008111,深川東高等学校,北海道深川市8-5-10,1,,,43.71397473,142.040958,
3047,E0122800059111,深川市健康福祉センター「デ・アイ」,北海道深川市２条17-3,,,,43.723417,142.053158,
3048,E0122800058112,深川市立高等看護学院,北海道深川市６条8-6,,,,43.717134,142.043057,
3049,E0122800009111,あけぼのコミュニティセンター,北海道深川市あけぼの町9-22,1,,,43.74445858,142.0357847,
3050,E0122800010111,拓殖大学北海道短期大学,北海道深川市メム4558,1,,,43.71663315,142.0214683,
3051,E0122800011111,北新小学校,北海道深川市一已町字一已2041-1,1,,,43.742648971831,142.02736079986,
3052,E0122800049111,新岩山会館,北海道深川市一已町字一已2529-85,1,,,43.74355475,142.0656648,
3053,E0122800050111,入志別コミュニティセンター,北海道深川市一已町字一已3078,1,,,43.72735597,142.0872044,
3054,E0122800051111,拓殖大学北海道研修所,北海道深川市一已町字一已633-1,1,,,43.74094325,142.0442261,
3055,E0122800015111,一已公民館,北海道深川市稲穂町1-5-6,,,,43.7265693,142.0493895,
3056,E0122800016111,一已中学校,北海道深川市稲穂町1-8-3,1,,,43.72635377,142.0520801,
3057,E0122800017111,一已小学校,北海道深川市稲穂町2-1-9,1,,,43.72697282,142.0475254,
3058,E0122800018121,介護付有料老人ホームこんにちわ金さん銀さん,北海道深川市音江町1-3-13,,,要援護者(高齢者・障がい者等),43.6954030401125,142.070881033399,
3059,E0122800019111,音江小学校,北海道深川市音江町2-4-1,1,,,43.69432694,142.074951,
3060,E0122800020111,音江公民館,北海道深川市音江町2-6-50,1,,,43.69434009,142.0773715,
3061,E0122800021111,稲田コミュニティセンター,北海道深川市音江町字稲田1764-2,1,,,43.66091974,141.9912842,
3062,E0122800023111,吉住・更進コミュニティセンター,北海道深川市音江町字吉住15-2,1,,,43.68249567,142.1699243,
3063,E0122800024111,ほっと館ふぁーむ,北海道深川市音江町字向陽100-1,1,,,43.67086923,142.0162861,
3064,E0122800025111,豊泉コミュニティセンター,北海道深川市音江町字広里1079,1,,,43.68114253,142.0379866,
3065,E0122800026111,音江広里交流館エフパシオ,北海道深川市音江町字広里246-1,1,,,43.70309524,142.0634412,
3066,E0122800027111,内園コミュニティセンター,北海道深川市音江町字内園641,1,,,43.71019617,142.136156,
3067,E0122800028111,菊丘コミュニティセンター,北海道深川市字菊丘344,,,,43.6499247699407,142.176502282397,
3068,E0122800029111,三和コミュニティセンター,北海道深川市新光町3-4-1,1,,,43.7210191,142.0309369,
3069,E0122800030111,菊水コミュニティセンター,北海道深川市深川町字メム67-3,1,,,43.70563781,142.0014676,
3070,E0122800031121,特別養護老人ホーム永福園,北海道深川市西町1-13,,,要援護者(高齢者・障がい者等),43.7161739279632,142.030146783394,
3071,E0122800032111,深川小学校,北海道深川市西町23-18,1,,,43.71148265,142.0316124,
3072,E0122800033111,生きがい文化センター,北海道深川市西町3-15,1,,,43.71618586,142.0290088,
3073,E0122800034111,深川西高等学校,北海道深川市西町7-31,1,,,43.71414612,142.0255794,
3074,E0122800035111,多度志小学校,北海道深川市多度志1160,1,,,43.81125737,142.0264367,
3075,E0122800036121,しらゆりの里,北海道深川市多度志1188,,,要援護者(高齢者・障がい者等),43.8101133864743,142.028388888889,
3076,E0122800037111,リフレッシュプラザ鷹泊,北海道深川市鷹泊530,1,,,43.88852413,142.1039385,
3077,E0122800038111,納内小学校,北海道深川市納内町2-13-11,1,,,43.72707216,142.1311094,
3078,E0122800039111,納内時計台プラザ,北海道深川市納内町3-1-1,,,,43.73237866,142.1309766,
3079,E0122800040121,障がい者支援施設あかとき学園,北海道深川市納内町3-9-10,,,要援護者(高齢者・障がい者等),43.727183919351,142.132598065475,
3080,E0122800041121,特別養護老人ホーム清祥園,北海道深川市納内町北3-97,,,要援護者(高齢者・障がい者等),43.7346992211237,142.129441259257,
3081,E0122800042111,深川中学校,北海道深川市文光町13-3,1,,,43.71042148,142.0230042,
3082,E0122800043111,文西コミュニティセンター,北海道深川市文光町16-37,,,,43.71169104,142.0258422,
3083,E0122800044121,軽費老人ホームひいらぎ荘,北海道深川市北光町2-10-18,,,要援護者(高齢者・障がい者等),43.7265767272041,142.039993681208,
3084,E0122800045121,介護老人保健施設エーデルワイス,北海道深川市北光町2-10-22,,,要援護者(高齢者・障がい者等),43.7270679013745,142.040079599868,
3085,E0122800046111,幌成コミュニティセンター,北海道深川市幌内160,1,,,43.84997563,142.1023666,
3086,E0139600001111,旧御保内小学校,北海道真狩村字加野46,1,,,42.70908584,140.7880628,
3087,E0139600002111,真狩中学校,北海道真狩村字見晴48,1,,,42.75757992,140.8016111,
3088,E0139600003111,真狩村公民館,北海道真狩村字光4,1,,,42.7638386,140.8083939,
3089,E0139600004111,真狩高等学校,北海道真狩村字光6,1,,,42.76430551,140.8080823,
3090,E0139600005111,克雪管理センター,北海道真狩村字桜川160,,,,42.75471748,140.7606981,
3091,E0139600008121,真狩村保健福祉センター,北海道真狩村字真狩17,,,要配慮者,42.76701752,140.8041508,
3092,E0139600011111,真狩小学校,北海道真狩村字真狩56,1,,,42.76453071,140.8037166,
3093,E0139600013111,富里地区研修センター,北海道真狩村字富里318,,,,42.78093747,140.7607186,
3094,E0140400001111,日本郷土玩具館,北海道神恵内村大字珊内村256,1,,,43.19754415,140.3483852,
3095,E0140400002111,珊内集会所,北海道神恵内村大字珊内村57-27,1,,,43.19706895,140.3483637,
3096,E0140400004111,川白ふれあいセンター,北海道神恵内村大字珊内村字川白,1,,,43.22023176,140.3266521,
3097,E0140400005111,神恵内村生涯学習館,北海道神恵内村大字珊内村字川白250-1,1,,,43.22038764,140.327686,
3098,E0140400007111,神恵内村漁村センター,北海道神恵内村大字神恵内村65-4,1,,,43.14460829,140.4354396,
3099,E0140400010111,神恵内村商工観光センター,北海道神恵内村大字神恵内村字ヘルカイシ59-3,1,,,43.13821624,140.4309186,
3100,E0140400011111,神恵内中学校,北海道神恵内村大字神恵内村字横澗11-7,1,,,43.14460991,140.425131,
3101,E0140400013111,神恵内小学校,北海道神恵内村大字神恵内村字横澗154,1,,,43.14497736,140.4259837,
3102,E0140400014111,神恵内保育所,北海道神恵内村大字神恵内村字横澗20-4,1,,,43.14372787,140.4354194,
3103,E0140400016111,赤石集会所,北海道神恵内村大字赤石村23-1,1,,,43.15855103,140.4019942,
3104,E0140400018111,道の駅　オスコイ！かもえない,北海道神恵内村大字赤石村字大森292-1,1,,,43.165346,140.385629,
3105,E0140700001121,銀山中学校,北海道仁木町銀山2-113,1,,,43.04192300481,140.72591139092,
3106,E0140700002111,銀山小学校,北海道仁木町銀山2-446,1,,,43.039543103925,140.73217323726,
3107,E0140700003111,銀山児童館,北海道仁木町銀山2-459,,,,43.040291777239,140.73308126539,
3108,E0140700004111,仁木町銀山老人憩いの家,北海道仁木町銀山2-470,,,,43.04254222537,140.73207811922,
3109,E0140700004112,仁木町銀山生活改善センター,北海道仁木町銀山2-470,,,,43.042452052207,140.73223636955,
3110,E0140700005111,仁木町保健センター,北海道仁木町西町1-36-1,,,,43.151725967384,140.76611436977,
3111,E0140700005122,仁木町民センター,北海道仁木町西町1-36-1,,,,43.151540071811,140.76640673055,
3112,E0140700005112,仁木町民センター,北海道仁木町西町1-36-1,,,,43.151540071811,140.76640673055,
3113,E0140700005121,仁木町保健センター,北海道仁木町西町1-36-1,,,,43.151725967384,140.76611436977,
3114,E0140700006111,仁木町山村開発センター,北海道仁木町西町1-52,,,,43.15166524119,140.7650039258,
3115,E0140700006122,仁木小学校,北海道仁木町西町1-52,,,,43.152350115414,140.76417780543,
3116,E0140700006121,仁木町山村開発センター,北海道仁木町西町1-52,,,,43.15166524119,140.7650039258,
3117,E0140700006112,仁木小学校,北海道仁木町西町1-52,,,,43.152350115414,140.76417780543,
3118,E0140700009111,然別生活館,北海道仁木町然別91-2,,,,43.126027957739,140.73570141469,
3119,E0140700011111,仁木町大江コミュニティセンター,北海道仁木町大江1-345-1,,,,43.097433837543,140.71921116044,
3120,E0140700011112,大江へき地保育所,北海道仁木町大江1-345-1,,,,43.097559183331,140.71924334693,
3121,E0140700011121,仁木町大江コミュニティセンター,北海道仁木町大江1-345-1,,,,43.097433837543,140.71921116044,
3122,E0140700011122,大江へき地保育所,北海道仁木町大江1-345-1,,,,43.097559183331,140.71924334693,
3123,E0140700013111,長沢会館,北海道仁木町長沢南464-2,1,,,43.038014885238,140.76206771158,
3124,E0140700013121,長沢会館,北海道仁木町長沢南464-2,1,,,43.038014885238,140.76206771158,
3125,E0140700014111,砥の川会館,北海道仁木町砥の川303,1,,,43.145500977598,140.73934294387,
3126,E0140700014121,砥の川会館,北海道仁木町砥の川303,1,,,43.145500977598,140.73934294387,
3127,E0140700015121,緑会館,北海道仁木町東町15-66,,,,43.141226874648,140.79016312619,
3128,E0140700015111,緑会館,北海道仁木町東町15-66,,,,43.141226874648,140.79016312619,
3129,E0140700016111,農村公園フルーツパークにき,北海道仁木町東町16-121,1,,,43.151171427343,140.79107634357,
3130,E0140700017121,尾根内会館,北海道仁木町尾根内221-4,1,,,43.037540380866,140.78657136338,
3131,E0140700017111,尾根内会館,北海道仁木町尾根内221-4,1,,,43.037540380866,140.78657136338,
3132,E0140700018111,いきいき８８,北海道仁木町北町1-88-1,1,,,43.15511234936,140.76809505621,
3133,E0140700019111,仁木中学校,北海道仁木町北町4-52,1,,,43.159335672494,140.76411014955,
3134,E0140700019121,仁木中学校,北海道仁木町北町4-52,1,,,43.159335672494,140.76411014955,
3135,E0140700020111,仁木町観光管理センター,北海道仁木町北町8-17,,,,43.161801211992,140.77291930316,
3136,E0163600001111,御影公民館,北海道清水町御影東一条5-1-1,1,,,42.94563905,142.9423404,
3137,E0163600003111,御影小学校,北海道清水町御影東二条3-2,1,,,42.94324368,142.9402858,
3138,E0163600004111,剣の郷創造館,北海道清水町字旭山31,1,,,42.90258788,142.9152009,
3139,E0163600005111,少年自然の家,北海道清水町字羽帯南１０線94,1,,,42.92750859,142.8758114,
3140,E0163600006111,羽帯福祉館,北海道清水町字羽帯南２線97,1,,,42.96085617,142.9087867,
3141,E0163600007111,下佐幌福祉館,北海道清水町字下佐幌基線97-4,,,,43.0458855124783,142.892635225858,
3142,E0163600008111,旧下佐幌小学校（さくらさくら）,北海道清水町字下佐幌基線98,1,,,43.04570458,142.8909732,
3143,E0163600009111,旧松沢小学校（松沢の郷）,北海道清水町字熊牛11,1,,,42.97682866,142.9784055,
3144,E0163600010111,きたくま文化蔵,北海道清水町字熊牛125,1,,,43.06863407,142.9356871,
3145,E0163600011111,熊牛福祉館,北海道清水町字熊牛68,1,,,43.013904542367,142.95239087533,
3146,E0163600012111,御影中学校,北海道清水町字御影南２線73,1,,,42.94969468,142.9297266,
3147,E0163600013112,旧下人舞小学校,北海道清水町字人舞169,1,,,43.01299318,142.9277099,
3148,E0163600013111,下人舞福祉館,北海道清水町字人舞169,1,,,43.013232967971,142.928362715615,
3149,E0163600014111,人舞福祉館,北海道清水町字人舞289,1,,,43.06599528,142.9135705,
3150,E0163600015111,清水小学校,北海道清水町字清水第２線71,1,,,43.01898152,142.8740898,
3151,E0163600016111,上清水福祉館,北海道清水町字清水第３線32,1,,,42.98975641,142.8967292,
3152,E0163600017111,農業研修会館,北海道清水町字清水第４線59,1,,,43.00542877,142.8728453,
3153,E0163600018111,美蔓福祉館,北海道清水町字美蔓西２３線85,1,,,43.03771341,142.9727771,
3154,E0163600022121,特別養護老人ホームせせらぎ荘,北海道清水町南三条1-1,,,要配慮者,43.0109781,142.882613,
3155,E0163600023111,文化センター,北海道清水町南三条3-1,1,,,43.01205037,142.8856139,
3156,E0163600020111,老人福祉センター,北海道清水町南二条7-1,1,,,43.0158531,142.8882926,
3157,E0163600027111,清水高等学校,北海道清水町北二条西2-2,1,,,43.01405977,142.8740126,
3158,E0163600028111,清水中学校,北海道清水町本通11-2,1,,,43.02168068,142.8887123,
3159,E0154600001111,町民会館,北海道清里町羽衣町14,1,,,43.83519392,144.5952271,
3160,E0154600002111,清里トレーニングセンター,北海道清里町羽衣町31,1,,,43.83412932,144.5986144,
3161,E0154600004111,清里小学校,北海道清里町羽衣町33,1,,,43.83185556,144.5986584,
3162,E0154600005121,介護老人保健施設きよさと,北海道清里町羽衣町35,1,,,43.8303985123048,144.593204244041,
3163,E0154600005111,介護老人保健施設きよさと,北海道清里町羽衣町35,1,,,43.8303617486496,144.593204244041,
3164,E0154600005112,生涯学習総合センター,北海道清里町羽衣町35,1,,,43.83132592,144.5947472,
3165,E0154600008111,清里中学校,北海道清里町羽衣町58,1,,,43.8289021,144.5886424,
3166,E0154600009111,きよ～る,北海道清里町羽衣町62,1,,,43.82848998,144.5858194,
3167,E0154600012111,札弦センター,北海道清里町札弦25,1,,,43.78590791,144.5345963,
3168,E0154600013111,札弦トレーニングセンター,北海道清里町札弦28,1,,,43.78536143,144.5342897,
3169,E0154600015111,江南総合研修センター,北海道清里町字江南263,,,,43.79777741,144.5989719,
3170,E0154600016112,町民活動施設,北海道清里町字神威1071-4,,,,43.79075038,144.534583,
3171,E0154600016111,パパスランドさっつる,北海道清里町字神威1071-4,,,,43.79037978,144.5340304,
3172,E0154600017111,神威地区研修集会施設,北海道清里町字神威787,,,,43.80327203,144.5465987,
3173,E0154600022111,清里町コミュニティセンター,北海道清里町水元町12,1,,,43.83896996,144.5964931,
3174,E0154600023111,新町自治会館,北海道清里町水元町35,1,,,43.839586,144.588441,
3175,E0154600024111,特別養護老人ホーム清楽園,北海道清里町水元町38,,,,43.8399249073366,144.586233280049,
3176,E0154600024121,特別養護老人ホーム清楽園,北海道清里町水元町38,,,,43.8399268419527,144.586276195393,
3177,E0154600026111,緑の湯,北海道清里町緑町26,1,,,43.71985102,144.5056728,
3178,E0154600027111,緑センター,北海道清里町緑町9,1,,,43.7183146,144.5083166,
3179,E0156200001111,旧上興部小学校,北海道西興部村字上興部112,1,,,44.33759156,142.8783382,
3180,E0156200002121,障害者支援施設清流の里,北海道西興部村字上興部246,,,高齢者や障害者、要配慮者,44.33844405,142.8718,
3181,E0156200002111,障害者支援施設清流の里,北海道西興部村字上興部246,,,,44.33844405,142.8718,
3182,E0156200003121,生活介護事業所清流の里「緑里」,北海道西興部村字上興部246-1,,,高齢者や障害者、要配慮者,44.33821201,142.8705736,
3183,E0156200003111,生活介護事業所清流の里「緑里」,北海道西興部村字上興部246-1,,,,44.33821201,142.8705736,
3184,E0156200004111,上興部ファミリー交流館,北海道西興部村字上興部351,,,,44.33741982,142.8734813,
3185,E0156200005111,道の駅にしおこっぺ花夢,北海道西興部村字上興部37,,,,44.33596289,142.867953,
3186,E0156200006111,老人憩いの家,北海道西興部村字上興部61,,,,44.33609793,142.8766116,
3187,E0156200007111,上興部住民センター,北海道西興部村字上興部70,,,,44.33649685,142.8758415,
3188,E0156200008111,上藻地区集落センター,北海道西興部村字上藻416-3,,,,44.27981419,142.9764861,
3189,E0156200009111,西興部生活改善センター,北海道西興部村字西興部100,,,,44.32847887,142.9445149,
3190,E0156200011111,西興部小学校,北海道西興部村字西興部240,1,,,44.32943408,142.9515039,
3191,E0156200012121,ケアハウス「せせらぎ」,北海道西興部村字西興部282-1,,,高齢者や障害者、要配慮者,44.33063294,142.9456842,
3192,E0156200012111,ケアハウス「せせらぎ」,北海道西興部村字西興部282-1,,,,44.33063294,142.9456842,
3193,E0156200013121,特別養護老人ホーム「興楽園」,北海道西興部村字西興部289-1,,,高齢者や障害者、要配慮者,44.33214177,142.9469702,
3194,E0156200013111,特別養護老人ホーム「興楽園」,北海道西興部村字西興部289-1,,,,44.33214177,142.9469702,
3195,E0156200014111,西興部中学校,北海道西興部村字西興部374,1,,,44.33649963,142.9548251,
3196,E0156200015111,西興部屋内多目的運動場,北海道西興部村字西興部485,,,,44.33047094,142.9443161,
3197,E0156200016111,つくし保育所,北海道西興部村字西興部488,,,,44.33047474,142.9466182,
3198,E0156200017111,ホテル森夢（公民館）,北海道西興部村字西興部492,,,,44.33048079,142.947836,
3199,E0156200018111,奥興部会館,北海道西興部村字西興部奥興部423-1,,,,44.33626207,142.8543094,
3200,E0156200019111,中藻地区集落センター,北海道西興部村字中藻181,,,,44.344216,142.9924759,
3201,E0156200020111,六興地区集落センター,北海道西興部村字六興161,,,,44.3565009,142.9662294,
3202,E0123500001111,旧石狩小学校,北海道石狩市横町39,1,,,43.243859436803,141.34824648731,
3203,E0123500002111,石狩翔陽高等学校,北海道石狩市花川東128-31,1,,,43.170454116167,141.34174005056,
3204,E0123500010111,花川南中学校,北海道石狩市花川南九条4-94,1,,,43.136773514997,141.28498405076,
3205,E0123500003111,南線小学校,北海道石狩市花川南三条1-18,1,,,43.15421311045,141.29248829101,
3206,E0123500009111,石狩南高等学校,北海道石狩市花川南八条5-1,1,,,43.13819977676,141.29010566804,
3207,E0123500005111,花川南小学校,北海道石狩市花川南六条5-1,1,,,43.142223012738,141.29560583963,
3208,E0123500006111,花川南コミュニティセンター,北海道石狩市花川南六条5-27-2,1,,,43.140612821714,141.29379753414,
3209,E0123500063121,石狩市総合保健福祉センター,北海道石狩市花川北６条1-1-1,,,,43.171022,141.317555,
3210,E0123500011111,紅南小学校,北海道石狩市花川北一条6-1,1,,,43.15057709228,141.31311243913,
3211,E0123500014111,花川北コミュニティセンター,北海道石狩市花川北三条2-198-1,1,,,43.1644748,141.3090472,
3212,E0123500015111,学び交流センター星置養護学校石狩紅葉山校舎,北海道石狩市花川北三条3-1,1,,,43.159614513317,141.30868643015,
3213,E0123500016111,花川北中学校,北海道石狩市花川北三条4-130,1,,,43.159628461894,141.31323806068,
3214,E0123500017111,花川中学校,北海道石狩市花川北四条1-2-1,1,,,43.168350310633,141.31192266592,
3215,E0123500018111,双葉小学校,北海道石狩市花川北四条3-1,1,,,43.163784387263,141.31299365079,
3216,E0123500020111,花川小学校,北海道石狩市花畔一条1-7,1,,,43.174295650506,141.31770937841,
3217,E0123500022111,厚田学園,北海道石狩市厚田区厚田171-1,1,,,43.402630552244,141.43198335701,
3218,E0123500023111,発足会館,北海道石狩市厚田区厚田292-25,1,,,43.424836665833,141.49652188257,
3219,E0123500025111,株式会社新厚商事,北海道石狩市厚田区小谷194-2,1,,,43.364990233561,141.4278569472,
3220,E0123500027111,聚富会館,北海道石狩市厚田区聚富126-11,1,,,43.276329998709,141.40694515895,
3221,E0123500028111,石狩中学校,北海道石狩市志美293-30,1,,,43.2186641,141.3367296,
3222,E0123500032111,生振小学校,北海道石狩市生振375-1,1,,,43.190975032631,141.36121038802,
3223,E0123500065121,ふれあいの杜子ども館,北海道石狩市樽川４条1-6000-1,,,,43.152735,141.287102,
3224,E0123500034111,樽川中学校,北海道石狩市樽川六条3-600,1,,,43.152614734198,141.28041296963,
3225,E0123500035111,八幡コミュニティセンター,北海道石狩市八幡2-332-12,1,,,43.245139876217,141.37113198449,
3226,E0123500036111,石狩八幡小学校,北海道石狩市八幡4-167,1,,,43.243734314958,141.37715261708,
3227,E0123500037111,高岡ふれあい研修センター,北海道石狩市八幡町高岡28-5,1,,,43.254212170311,141.42122389196,
3228,E0123500038111,公民館美登位分館,北海道石狩市美登位694-1,1,,,43.201770784235,141.40383295203,
3229,E0123500064121,高齢者生活福祉センター,北海道石狩市浜益2-4,,,,43.600414,141.386329,
3230,E0123500039111,浜益スポーツセンター,北海道石狩市浜益区群別1-41,1,,,43.62445635175,141.37126741586,
3231,E0123500041111,実田会館,北海道石狩市浜益区実田129-2,1,,,43.584576993171,141.43996548891,
3232,E0123500042111,石狩市浜益保養センター（浜益温泉）,北海道石狩市浜益区実田254-4,1,,,43.585821606899,141.42413723214,
3233,E0123500046111,旧浜益中学校,北海道石狩市浜益区川下162-2,1,,,43.591613356782,141.39002367478,
3234,E0123500048111,送毛会館,北海道石狩市浜益区送毛37-3,1,,,43.510044448059,141.37049490196,
3235,E0123500049111,浜益小学校,北海道石狩市浜益区柏木1-17,1,,,43.578024455654,141.38804028722,
3236,E0123500050111,摺鉢山会館,北海道石狩市浜益区柏木279-1,1,,,43.577849,141.420338,
3237,E0123500052111,毘砂別会館,北海道石狩市浜益区毘砂別35-4,1,,,43.56077785966,141.37835222794,
3238,E0123500053111,浜益支所,北海道石狩市浜益区浜益2-3,1,,,43.600612172079,141.386963143,
3239,E0123500054111,浜益中学校,北海道石狩市浜益区浜益50-22,1,,,43.604114869642,141.38481880455,
3240,E0123500055111,浜益コミュニティセンターきらり,北海道石狩市浜益区浜益630-1,1,,,43.600860210467,141.3828889217,
3241,E0123500057111,幌会館,北海道石狩市浜益区幌21-2,1,,,43.650370888485,141.35301773154,
3242,E0123500058111,北生振ふれあい研修センター,北海道石狩市北生振200-2,1,,,43.233480417522,141.37792774123,
3243,E0123500061111,緑苑台小学校,北海道石狩市緑苑台中央3-603,1,,,43.15886422317,141.3401701967,
3244,E0140500002121,積丹町立国民健康保険診療所,北海道積丹町大字美国町字小泊52,,,要配慮者,43.294788,140.603889,
3245,E0140500003111,積丹町総合文化センター,北海道積丹町大字美国町字船澗48-12,1,,,43.29870135,140.597785,
3246,E0140500004121,地域密着型特別養護老人ホームゆうるり,北海道積丹町大字美国町字大沢326-1,,,要配慮者,43.294391,140.59768,
3247,E0140500005111,岬の湯（Ｍｉｓａｋｉ　ｎｏ　Ｙｏｕ）しゃこたん,北海道積丹町大字野塚町字ウエント川の上212-1,1,,,43.33875245,140.4543424,
3248,E0140900001111,赤井川村山村活性化支援センター,北海道赤井川村字常盤443-1,1,,,43.09099149,140.9522869,
3249,E0140900002111,健康支援センター（赤井川村高齢者・女性等活動支援センター）,北海道赤井川村字赤井川318-1,1,,,43.08738633,140.8114513,
3250,E0140900002121,健康支援センター（赤井川村高齢者・女性等活動支援センター）,北海道赤井川村字赤井川318-1,1,,要配慮者,43.087383943676,140.81140524221,
3251,E0140900003111,赤井川村立赤井川中学校体育館,北海道赤井川村字赤井川67,1,,,43.08322946,140.808836,
3252,E0140900003112,赤井川村立赤井川中学校校舎,北海道赤井川村字赤井川67,1,,,43.08326331,140.8095526,
3253,E0140900004111,赤井川村体育館,北海道赤井川村字赤井川71-2,1,,,43.08115298,140.8118215,
3254,E0140900005111,赤井川村立赤井川小学校体育館,北海道赤井川村字赤井川72,1,,,43.0833983,140.8107889,
3255,E0140900005112,赤井川村立赤井川小学校校舎,北海道赤井川村字赤井川72,1,,,43.08325248,140.8112952,
3256,E0140900007112,赤井川村立都小学校校舎,北海道赤井川村字都113,1,,,43.04995577,140.8360949,
3257,E0140900007111,赤井川村立都小学校体育館,北海道赤井川村字都113,1,,,43.05000527,140.8356849,
3258,E0140900008111,赤井川村都住民センター,北海道赤井川村字都127-15,1,,,43.05110986,140.8327206,
3259,E0140900009111,道の駅あかいがわ（施設部分）,北海道赤井川村字都190-16,1,,,43.05139793,140.8443907,
3260,E0121800002111,豊里ふるさと会館,北海道赤平市宮下町3-6,,,,43.5598585995776,142.031649893392,
3261,E0121800003111,共和地区集会所,北海道赤平市共和町273,,,,43.5806854805768,142.016374612299,
3262,E0121800005111,赤間小学校体育館,北海道赤平市字豊里32,1,,,43.560896292894,142.050271036197,
3263,E0121800006111,赤間生活館,北海道赤平市字豊里68,,,,43.5602316185507,142.057845803023,
3264,E0121800008111,コミュニティセンター住吉獅子会館,北海道赤平市住吉町363,,,,43.5627953075937,141.993750152422,
3265,E0121800010111,交流センターみらい,北海道赤平市泉町1-1-33,,,,43.5551969830583,142.048674695029,
3266,E0121800011111,コミュニティセンター別館,北海道赤平市泉町2-2,,,,43.5578139012191,142.045665190784,
3267,E0121800014112,総合体育館,北海道赤平市東大町3-4,,,,43.5527003235954,142.057279928229,
3268,E0121800014111,ふれあいホール,北海道赤平市東大町3-4,,,,43.5524864934869,142.05787001421,
3269,E0121800017111,文京生活館,北海道赤平市東文京町4-4,,,,43.5646151334569,142.045963385699,
3270,E0121800019111,光生舎フーレビラ,北海道赤平市百戸町東4-13,,,,43.5431373795428,142.08510307837,
3271,E0121800020111,平岸生活館,北海道赤平市平岸曙町2-18,,,,43.5397445084739,142.118245614126,
3272,E0121800022111,平岸コミュニティセンター,北海道赤平市平岸仲町2-3-5,1,,,43.5426303718485,142.121554193733,
3273,E0121800024111,平岸東町会館,北海道赤平市平岸東町2-5,,,,43.5423328830138,142.129914980683,
3274,E0121800025111,豊里児童センター,北海道赤平市豊栄町1-11,,,,43.5637326959081,142.036034833518,
3275,E0121800027111,豊里小学校体育館,北海道赤平市豊栄町5-18,1,,,43.5629416179001,142.034059962169,
3276,E0121800029111,豊丘地区集会所,北海道赤平市豊丘町2-3,,,,43.5649238056773,142.050600416872,
3277,E0121800030111,赤平中学校,北海道赤平市北文京町1-2,1,,,43.5658512009382,142.044584730273,
3278,E0121800031111,赤平幼稚園体育館,北海道赤平市幌岡町113-1,1,,,43.5824158410042,142.024243062189,
3279,E0121800033111,エルムの里ほろおか交流センター,北海道赤平市幌岡町165-6,,,,43.5830811251857,142.039092963111,
3280,E0121800036111,茂尻生活館,北海道赤平市茂尻元町北1-22,,,,43.5395741225497,142.082422460332,
3281,E0121800037111,寿の家茂尻新町老人クラブ,北海道赤平市茂尻新町4-40,,,,43.5342784207863,142.082539369931,
3282,E0121800039111,茂尻小学校体育館,北海道赤平市茂尻本町1-4,,,,43.539145256968,142.091254906339,
3283,E0122400002111,富丘中学校,北海道千歳市あずさ1-2-1,1,,,42.84233866,141.6491946,
3284,E0122400003111,千歳市総合武道館,北海道千歳市あずさ1-3-1,1,,,42.84413738,141.6503543,
3285,E0122400154111,みどり台小学校,北海道千歳市みどり台北5-3-1,1,,,42.861728,141.621349,
3286,E0122400015111,千歳中学校,北海道千歳市栄町4-35,1,,,42.82719431,141.6465882,
3287,E0122400018111,花園コミュニティセンター,北海道千歳市花園4-2-5,,,,42.83382929,141.6554165,
3288,E0122400019111,千歳市子育て総合支援センター,北海道千歳市花園4-3-1,,,,42.83473951,141.6549848,
3289,E0122400022111,北コミュニティセンター,北海道千歳市釜加362,,,,42.88836574,141.640153,
3290,E0122400024111,駒里小中学校,北海道千歳市駒里945,1,,,42.81166197,141.7423465,
3291,E0122400026111,桂木町内会館,北海道千歳市桂木4-6-2,1,,,42.81821253,141.6193983,
3292,E0122400033111,休暇村支笏湖,北海道千歳市支笏湖温泉,,,,42.76893119,141.4049691,
3293,E0122400034111,支笏湖小学校,北海道千歳市支笏湖温泉2,1,,,42.77316401,141.4082203,
3294,E0122400037111,桜木小学校,北海道千歳市自由ケ丘7-1-1,1,,,42.8350099,141.6136862,
3295,E0122400040111,向陽台小学校,北海道千歳市若草5-1,1,,,42.79265021,141.5979334,
3296,E0122400042111,向陽台中学校,北海道千歳市若草5-5,1,,,42.78948913,141.5968826,
3297,E0122400052111,信濃小学校,北海道千歳市信濃2-34-12,1,,,42.83614148,141.6298487,
3298,E0122400054111,千歳市蘭越生活館,北海道千歳市新星1-3-7,1,,,42.81521745,141.6068128,
3299,E0122400055121,千歳市在宅福祉総合センター,北海道千歳市新富1-3-5,,,,42.8304614567037,141.639867819775,
3300,E0122400057111,北新コミュニティセンター,北海道千歳市新富2-1-21,,,,42.83227045,141.6408095,
3301,E0122400059111,新富北町内会館,北海道千歳市新富3-14,1,,,42.83652587,141.6383135,
3302,E0122400060121,北海道千歳高等支援学校,北海道千歳市真々地2-3-1,1,,学校通学者等,42.81299229,141.6433239,
3303,E0122400060111,北海道千歳高等支援学校,北海道千歳市真々地2-3-1,1,,,42.81299229,141.6433239,
3304,E0122400061111,千歳市スポーツセンター,北海道千歳市真町176-2,,,,42.8187534,141.6391359,
3305,E0122400064111,千歳第二小学校,北海道千歳市清流1-4-1,1,,,42.84565573,141.6678623,
3306,E0122400072111,鉄東コミュニティセンター,北海道千歳市青葉5-8-2,1,,,42.82789602,141.6637318,
3307,E0122400076111,千歳公民館泉郷分館,北海道千歳市泉郷289-17,1,,,42.90662522,141.7214585,
3308,E0122400080111,中央コミュニティセンター,北海道千歳市中央539,1,,,42.86998469,141.7126877,
3309,E0122400090121,千歳市総合福祉センター,北海道千歳市東雲町2-34,,,,42.82101083,141.6496267,
3310,E0122400090111,千歳市総合福祉センター,北海道千歳市東雲町2-34,,,,42.82101083,141.6496267,
3311,E0122400092111,東小学校,北海道千歳市東丘824-30,1,,,42.91456691,141.8021078,
3312,E0122400095111,日の出小学校,北海道千歳市日の出2-3-20,1,,,42.82966101,141.671523,
3313,E0122400098111,祝梅小学校,北海道千歳市梅ケ丘3-2-1,1,,,42.83148355,141.6777943,
3314,E0122400100111,泉沢小学校,北海道千歳市柏陽2-9,1,,,42.78006148,141.5953762,
3315,E0122400103111,高台小学校,北海道千歳市富丘1-19-4,1,,,42.83536888,141.6469477,
3316,E0122400105111,末広小学校,北海道千歳市富丘2-6-2,1,,,42.83966104,141.6513345,
3317,E0122400108111,富丘コミュニティセンター,北海道千歳市富丘4-12-16,,,,42.83877818,141.6451274,
3318,E0122400115111,青葉中学校,北海道千歳市豊里4-1-1,1,,,42.83322441,141.6698166,
3319,E0122400117111,北栄小学校,北海道千歳市北栄1-10-2,1,,,42.82637677,141.6408704,
3320,E0122400118121,北進小中学校,北海道千歳市北栄1-2-6,1,,学校通学者等,42.8274104117005,141.642136474431,
3321,E0122400119111,北海道千歳高等学校,北海道千歳市北栄1-4-1,1,,,42.82838974,141.6439203,
3322,E0122400122111,千歳市民文化センター,北海道千歳市北栄2-2-11,,,,42.82959877,141.6460645,
3323,E0122400126111,北信濃コミュニティセンター,北海道千歳市北信濃864-5,,,,42.84194026,141.6240874,
3324,E0122400129111,北斗中学校,北海道千歳市北斗5-1-1,1,,,42.83183786,141.624937,
3325,E0122400130111,北桜コミュニティセンター,北海道千歳市北斗5-6-12,,,,42.83252862,141.6232673,
3326,E0122400131111,北海道千歳北陽高等学校,北海道千歳市北陽2-10-53,1,,,42.84776085,141.6401905,
3327,E0122400132111,北陽小学校,北海道千歳市北陽3-9-1,1,,,42.84856084,141.6342477,
3328,E0122400134111,東千歳中学校,北海道千歳市幌加731,1,,,42.91191913,141.8004808,
3329,E0122400135111,千歳小学校,北海道千歳市本町3-4-1,1,,,42.8184955,141.6459129,
3330,E0122400139111,千歳市末広会館,北海道千歳市末広8-6-5,,,,42.83179021,141.6516886,
3331,E0122400142111,祝梅コミュニティセンター,北海道千歳市弥生2-7-10,1,,,42.83372556,141.6809254,
3332,E0122400144111,勇舞中学校,北海道千歳市勇舞3-4-2,1,,,42.85407804,141.6347296,
3333,E0122400148111,泉沢向陽台コミュニティセンター,北海道千歳市里美2-9-2,1,,,42.7852625,141.599219,
3334,E0122400152121,千歳市祝梅在宅福祉センター,北海道千歳市流通3-3-16,,,,42.8299244914115,141.687998793994,
3335,E0122400153111,緑小学校,北海道千歳市緑町4-4-1,1,,,42.82389876,141.636536,
3336,E0146300001111,トマムコミュニティセンター,北海道占冠村字上トマム,1,,,43.0414224,142.6555762,
3337,E0146300001112,トマム学校,北海道占冠村字上トマム,1,,,43.04283378,142.6556891,
3338,E0146300002111,占冠地域交流館,北海道占冠村字占冠,1,,,43.00534884,142.4076671,
3339,E0146300003111,双珠別住民センター,北海道占冠村字双珠別,1,,,42.95212496,142.4377411,
3340,E0146300003112,双民館,北海道占冠村字双珠別,1,,,42.94781923,142.4421382,
3341,E0146300004111,美園地区集会所,北海道占冠村字中央,1,,,42.99008257,142.4002259,
3342,E0146300004121,占冠村保健福祉センター「ノンノ」,北海道占冠村字中央,1,,要配慮者,42.9790899406464,142.394182212957,
3343,E0146300004112,占冠村コミュニティプラザ,北海道占冠村字中央,1,,,42.97832008,142.397754,
3344,E0146300004113,占冠中学校,北海道占冠村字中央,1,,,42.98031543,142.4023472,
3345,E0146300004114,占冠村総合センター,北海道占冠村字中央,1,,,42.97987204,142.3985265,
3346,E0157500002111,壮瞥高等学校体育館,北海道壮瞥町字滝之町235-13,1,,,42.55513496,140.8832197,
3347,E0157500003111,壮瞥町遊学館,北海道壮瞥町字滝之町242,1,,,42.55668843,140.8846742,
3348,E0157500004111,壮瞥町保健センター,北海道壮瞥町字滝之町284-2,1,,,42.55229253,140.8849938,
3349,E0157500007111,ゆーあいの家,北海道壮瞥町字滝之町290-44,1,,,42.5485047,140.878188,
3350,E0157500010111,そうべつ子どもセンター,北海道壮瞥町字滝之町432-9,1,,,42.56099123,140.8946274,
3351,E0157500024111,壮瞥中学校体育館,北海道壮瞥町字滝之町434-15,1,,,42.560414,140.895839,
3352,E0157500024112,壮瞥中学校体育館,北海道壮瞥町字滝之町434-15,1,,,42.560383,140.89592,
3353,E0157500011111,壮瞥小学校体育館,北海道壮瞥町字滝之町435,1,,,42.56075632,140.8955244,
3354,E0157500012111,仲洞爺公民館,北海道壮瞥町字仲洞爺22-5,1,,,42.6169051,140.9147796,
3355,E0157500013111,来夢人の家,北海道壮瞥町字仲洞爺30-10,1,,,42.61314287,140.9164728,
3356,E0157500014111,壮瞥町青少年会館,北海道壮瞥町字南久保内14-22,1,,,42.5761817,140.9572676,
3357,E0157500015111,久保内小学校体育館,北海道壮瞥町字南久保内142-4,1,,,42.57445911,140.9595614,
3358,E0157500016111,壮瞥町農村環境改善センター,北海道壮瞥町字南久保内145-8,1,,,42.57724978,140.9611741,
3359,E0157500017111,オロフレほっとピアザ,北海道壮瞥町字弁景204-7,1,,,42.55783235,140.9856413,
3360,E0157500018111,旧立香ふれあいセンター,北海道壮瞥町字立香142,1,,,42.55158301,140.9124788,
3361,E0157500019121,蟠岳荘,北海道壮瞥町字蟠渓18,1,,,42.587113,141.025212,
3362,E0157500019111,蟠岳荘,北海道壮瞥町字蟠渓18,1,,,42.587113,141.025212,
3363,E0157500020111,旧蟠渓ふれあいセンター,北海道壮瞥町字蟠渓26-1,1,,,42.5906182,141.0268862,
3364,E0157500021111,湯人家,北海道壮瞥町字蟠渓8-10,1,,,42.582606,141.024633,
3365,E0157500021121,湯人家,北海道壮瞥町字蟠渓8-10,1,,,42.582606,141.024633,
3366,E0148100001111,旧阿分小学校,北海道増毛町阿分116,1,,,43.8940226976183,141.605062943671,
3367,E0148100002111,元阿分福祉会館,北海道増毛町阿分226-10,,,,43.8776105635825,141.590796948663,
3368,E0148100004111,岩尾へき地保健福祉館,北海道増毛町岩老171,,,,43.7734126758039,141.368942177382,
3369,E0148100007111,笹沼会館,北海道増毛町舎熊1029-68,,,,43.8440576401778,141.595152301095,
3370,E0148100008111,旧舎熊小学校,北海道増毛町舎熊203-1,1,,,43.8744290257916,141.585315885844,
3371,E0148100010111,信砂生活改善センター,北海道増毛町信砂581-11,,,,43.8583147180704,141.602208667617,
3372,E0148100012111,増毛中学校,北海道増毛町南暑寒町5-330,1,,,43.850275393884,141.51780681348,
3373,E0148100013111,文化センター,北海道増毛町南畠中町2-25,,,,43.8529904211261,141.52267949075,
3374,E0148100014111,箸別生活館,北海道増毛町箸別133-8,,,,43.8598229839003,141.549734968928,
3375,E0148100017111,小樽間内会館,北海道増毛町別苅149-4,1,,,43.8402138311031,141.5000370777,
3376,E0148100018111,海音寺,北海道増毛町別苅205,,,,43.8334440626739,141.495444380929,
3377,E0148100019111,オーベルジュましけ,北海道増毛町別苅217-1,1,,,43.853243153746,141.51008763293,
3378,E0148100020111,大別苅自治会館,北海道増毛町別苅96,,,,43.8335418342121,141.479100032091,
3379,E0148100021111,旧雄冬自然体験館,北海道増毛町雄冬218,1,,,43.738836980709,141.341598625473,
3380,E0164700001111,相和生活改善センター,北海道足寄町愛冠14-16,1,,,43.290217,143.562365,
3381,E0164700002121,旭町ふれあいプラザ,北海道足寄町旭町1-38,1,,要配慮者,43.2409784403161,143.557975070434,
3382,E0164700002111,生涯学習館,北海道足寄町旭町1-38,1,,,43.2412181171126,143.558387134091,
3383,E0164700003111,旭町母と子の家,北海道足寄町旭町3-3,1,,,43.2436419708219,143.557849171299,
3384,E0164700004111,稲牛集落センター,北海道足寄町稲牛172-40,1,,,43.2596048830756,143.690762034515,
3385,E0164700005111,緑栄コミュニティセンター,北海道足寄町栄町2-135-4,,,,43.235209514165,143.554530265009,
3386,E0164700007111,下愛冠コミュニティセンター,北海道足寄町下愛冠3-1-11,,,,43.2605125157183,143.545161811045,
3387,E0164700009111,上芽登集落センター,北海道足寄町芽登1896,1,,,43.317067211262,143.388507251973,
3388,E0164700010111,芽登集落センター,北海道足寄町芽登本町241-1,1,,,43.2764751976282,143.42641273578,
3389,E0164700011121,芽登寿の家,北海道足寄町芽登本町245,,,要配慮者,43.2758542602161,143.426535208321,
3390,E0164700012111,喜登牛集落センター,北海道足寄町喜登牛663,1,,,43.3537099900936,143.399627381621,
3391,E0164700013111,下水道終末処理施設,北海道足寄町共栄町120-12,1,,,43.2332295656811,143.55913456316,
3392,E0164700014111,郊南コミュニティセンター,北海道足寄町郊南1-15-5,1,,,43.2227987191525,143.55035967758,
3393,E0164700015111,足寄動物化石博物館,北海道足寄町郊南1-29-25,1,,,43.231146359301,143.543400477844,
3394,E0164700016111,下足寄太会館,北海道足寄町郊南2-30-5,1,,,43.2013924697699,143.574208057511,
3395,E0164700017111,上足寄集落センター,北海道足寄町上足寄本町7-10,1,,,43.3569661201574,143.786607263226,
3396,E0164700018111,上螺湾集会所,北海道足寄町上螺湾126-7,1,,,43.3194228565496,143.802787842797,
3397,E0164700019111,塩幌会館,北海道足寄町上利別123-10,1,,,43.3280040536159,143.580565726174,
3398,E0164700020111,上利別基幹集落センター,北海道足寄町上利別本町65,1,,,43.3541109940099,143.604970121023,
3399,E0164700020121,上利別寿の家,北海道足寄町上利別本町65,1,,要配慮者,43.3542617629376,143.60463302909,
3400,E0164700021111,青少年体験活動支援施設ネイパル足寄,北海道足寄町常盤3,,,,43.2436628990749,143.538906880951,
3401,E0164700023111,ケアハウス銀河の里あしょろ,北海道足寄町新町2-10,1,,,43.256598476517,143.56881606315,
3402,E0164700024111,足寄神社社務所,北海道足寄町西町2-4-13,1,,,43.2407067202363,143.544226943048,
3403,E0164700028111,特養・デイサービスセンター,北海道足寄町西町9-2-31,,,,43.253331690462,143.542126510249,
3404,E0164700029111,上大誉地集落センター,北海道足寄町大誉地324-4,1,,,43.435384256558,143.651045077038,
3405,E0164700030111,中大誉地会館,北海道足寄町大誉地664-2,1,,,43.3985806035668,143.693165342687,
3406,E0164700031121,大誉地寿の家,北海道足寄町大誉地本町14-5,,,要配慮者,43.3893726644064,143.679052581671,
3407,E0164700031111,大誉地集落センター,北海道足寄町大誉地本町14-5,,,,43.3895342091087,143.678890030744,
3408,E0164700033111,中足寄集落センター,北海道足寄町中足寄58-5,1,,,43.2862619,143.6365978,
3409,E0164700034111,中矢会館,北海道足寄町中矢46,1,,,43.2319048741783,143.512357612219,
3410,E0164700035111,紅葉橋地区多目的集会施設,北海道足寄町中矢673-1,1,,,43.252582894835,143.480380110444,
3411,E0164700036111,町民センター,北海道足寄町南一条5-3,1,,,43.2430451974534,143.554155892531,
3412,E0164700040111,南区コミュニティセンター,北海道足寄町南五条2-8,1,,,43.2387125666875,143.547600308185,
3413,E0164700041111,中島コミュニティセンター,北海道足寄町南五条5-14,,,,43.2389739653781,143.552705912696,
3414,E0164700038121,老人憩の家,北海道足寄町南三条3-2,,,要配慮者,43.2416506200812,143.548881855816,
3415,E0164700043111,足寄小学校,北海道足寄町南六条3-1,1,,,43.2382361132411,143.548929848872,
3416,E0164700045111,白糸集落センター,北海道足寄町白糸71,1,,,43.3550670865692,143.558983398798,
3417,E0164700046111,平和生活改善センター,北海道足寄町平和124-4,1,,,43.2491364165617,143.587663501644,
3418,E0164700047111,あしょろ銀河ホール２１,北海道足寄町北一条1-3-1,1,,,43.2443247386515,143.546482627964,
3419,E0164700049121,足寄町役場,北海道足寄町北一条4-48-1,,,要配慮者,43.2448658126752,143.554035994731,
3420,E0164700051111,子どもセンター,北海道足寄町北三条1-5-1,1,,,43.2481010280653,143.548315610441,
3421,E0164700050121,地域共同作業所,北海道足寄町北二条4-76,,,要配慮者,43.2455567016338,143.553168762896,
3422,E0164700053111,茂喜登牛集落センター,北海道足寄町茂喜登牛1371-2,1,,,43.3514843,143.4738852,
3423,E0164700054111,柏倉集落センター,北海道足寄町茂喜登牛1530-1,1,,,43.362823965058,143.458920831362,
3424,E0164700055111,茂足寄集落センター,北海道足寄町茂足寄96-4,1,,,43.3822387354526,143.897623597887,
3425,E0164700056121,螺湾寿の家,北海道足寄町螺湾本町18,,,要配慮者,43.3076746267082,143.704984354485,
3426,E0164700057111,らわん蕗の里,北海道足寄町螺湾本町7-17,1,,,43.3094296726185,143.703683984778,
3427,E0164700058111,足寄中学校体育館,北海道足寄町里見が丘4-4,1,,,43.2338064919672,143.542904931874,
3428,E0164700059111,足寄町総合体育館,北海道足寄町里見が丘7-1,1,,,43.2390641364459,143.543554587301,
3429,E0164700060111,鷲府集会所,北海道足寄町鷲府144-5,1,,,43.2962139437274,143.552585717704,
3430,E0164700061111,上鷲府会館,北海道足寄町鷲府315-5,1,,,43.3036319082478,143.5589342652,
3431,E0120700001111,愛国小学校,北海道帯広市愛国町基線23,1,,,42.85127743,143.2025613,
3432,E0120700003111,以平農業センター,北海道帯広市以平町西８線12-6,1,,,42.76023381,143.2323138,
3433,E0120700110121,介護老人保健施設かけはし,北海道帯広市稲田町基線2-1,1,,,42.885701,143.192775,
3434,E0120700005111,帯広北高校,北海道帯広市稲田町基線8-2,1,,,42.87908836,143.1919979,
3435,E0120700006111,帯広農業高校,北海道帯広市稲田町西１線9,1,,,42.87743192,143.1820125,
3436,E0120700087121,帯広慈恩の里,北海道帯広市空港南町303-1,,,,42.87638676,143.1629566,
3437,E0120700002121,帯広信楽苑,北海道帯広市空港南町345-2,,,,42.87740445,143.1621671,
3438,E0120700007111,帯広の森コミュニティセンター,北海道帯広市空港南町南１１線43,1,,,42.88080873,143.1556774,
3439,E0120700008111,花園小学校,北海道帯広市公園東町2-3,1,,,42.90671631,143.196136,
3440,E0120700010111,幸福農業センター,北海道帯広市幸福町東１線163-4,1,,,42.74418713,143.1641623,
3441,E0120700012111,広野小学校,北海道帯広市広野町西１線149,1,,,42.75200409,143.014451,
3442,E0120700093121,グループホーム広野の家,北海道帯広市広野町西３線152,,,,42.75809287,143.0025901,
3443,E0120700014111,桜木農業センター,北海道帯広市桜木町東２線102-6,1,,,42.79148945,143.2083984,
3444,E0120700015111,戸蔦林業センター,北海道帯広市上清川町西１線183-21,1,,,42.70019054,143.0589254,
3445,E0120700017111,上帯広農業センター,北海道帯広市上帯広町西１線73-157,1,,,42.80043803,143.0693175,
3446,E0120700095121,光り園,北海道帯広市上帯広町西１線76-2,,,,42.80091845,143.0672101,
3447,E0120700018111,清川中学校,北海道帯広市清川町西２線126,1,,,42.7468187,143.0819977,
3448,E0120700020111,豊成小学校,北海道帯広市清流西1-1-1,1,,,42.88057922,143.1958408,
3449,E0120700057111,第四中学校,北海道帯広市西五条南25-1,1,,,42.90285074,143.1983568,
3450,E0120700105122,小規模多機能居宅介護事業所　光輪,北海道帯広市西五条南30-10,,,,42.89743506,143.2015435,
3451,E0120700105121,地域密着型介護老人福祉施設　光輪,北海道帯広市西五条南30-10,,,,42.89737676,143.201548,
3452,E0120700088121,帯広至心寮,北海道帯広市西五条南30-14,,,,42.89691009,143.2013099,
3453,E0120700086121,帯広けいせい苑　多機能ホームいなほ,北海道帯広市西五条南37-1-7,,,,42.888734,143.202152,
3454,E0120700055111,明星小学校,北海道帯広市西四条南23-1,1,,,42.90522996,143.2004663,
3455,E0120700106121,デイサービスセンター　帯広至心療,北海道帯広市西四条南35-4,,,,42.89089973,143.2030928,
3456,E0120700059111,北栄小学校,北海道帯広市西七条南1-2,1,,,42.93021822,143.1923961,
3457,E0120700039111,広陽小学校,北海道帯広市西十九条南3-20-3,1,,,42.91560493,143.1568667,
3458,E0120700040111,明和小学校,北海道帯広市西十九条南4-24,1,,,42.91022483,143.154988,
3459,E0120700026111,稲田小学校,北海道帯広市西十五条南39-1-1,1,,,42.88492725,143.1847632,
3460,E0120700022111,第一中学校,北海道帯広市西十三条北7-1,1,,,42.9401424,143.1816126,
3461,E0120700023111,緑丘小学校,北海道帯広市西十四条南17-2,1,,,42.91115581,143.1834783,
3462,E0120700024111,啓北小学校,北海道帯広市西十四条北7-3,1,,,42.93921739,143.1795667,
3463,E0120700004122,特別養護老人ホーム愛仁園,北海道帯広市西十七条南28-1-1,,,,42.89805894,143.1785877,
3464,E0120700004121,養護老人ホーム普仁園,北海道帯広市西十七条南28-1-1,,,,42.89814811,143.1785792,
3465,E0120700103121,ケアステーションアンダンテ,北海道帯広市西十七条南3-24-24,,,,42.91802662,143.1690944,
3466,E0120700033111,南町中学校,北海道帯広市西十七条南35-1-1,1,,,42.88939271,143.1794207,
3467,E0120700034112,第八中学校,北海道帯広市西十七条南6-1,1,,,42.90366876,143.1706965,
3468,E0120700034111,若葉小学校,北海道帯広市西十七条南6-1,1,,,42.90390646,143.1694318,
3469,E0120700036111,栄小学校,北海道帯広市西十七条北1-44-29,1,,,42.93304509,143.1658496,
3470,E0120700037111,西陵中学校,北海道帯広市西十八条南2-2,1,,,42.92223515,143.1606327,
3471,E0120700089121,デイサービスセンター愛仁園,北海道帯広市西十六条南28-2-1,,,,42.89891818,143.180444,
3472,E0120700030111,第五中学校,北海道帯広市西十六条南4-29-42,1,,,42.91094692,143.175962,
3473,E0120700021121,アメニティ帯広,北海道帯広市西十六条北1-27,,,,42.93066333,143.1757026,
3474,E0120700025121,りんどう,北海道帯広市西十六条北1-27-144,,,,42.931980659865,143.17559048521,
3475,E0120700042111,帯広南商業高校,北海道帯広市西二十一条南5-36,1,,,42.90685288,143.1425205,
3476,E0120700032121,北海道帯広養護学校,北海道帯広市西二十五条南2-7-3,,,,42.919302,143.116257,
3477,E0120700109121,北海道帯広聾学校,北海道帯広市西二十五条南2-7-8,,,,42.917354,143.112609,
3478,E0120700108121,北海道帯広盲学校,北海道帯広市西二十五条南2-9-1,,,,42.917228,143.111708,
3479,E0120700096121,つつじヶ丘学園,北海道帯広市西二十五条南4-10,,,,42.90980322,143.1123601,
3480,E0120700048111,帯広三条高校,北海道帯広市西二十三条南2-2-12,1,,,42.91809595,143.1276982,
3481,E0120700085121,あいじえん西帯広,北海道帯広市西二十四条南1-33-17,,,,42.921421,143.12057,
3482,E0120700049111,第二中学校,北海道帯広市西二十四条南1-7,1,,,42.92517246,143.1219055,
3483,E0120700050111,つつじが丘小学校,北海道帯広市西二十四条南3-39,1,,,42.91295042,143.1226684,
3484,E0120700111121,にれの木,北海道帯広市西二十二条南1-11-13,,,,42.922312,143.133241,
3485,E0120700104121,ヴィラかいせい,北海道帯広市西二十二条南2-2,,,,42.91943063,143.1313802,
3486,E0120700100121,つばさ保育所,北海道帯広市西二十二条南3-13-1,,,,42.91477055,143.1357419,
3487,E0120700043111,開西小学校,北海道帯広市西二十二条南3-3,1,,,42.91587319,143.1370527,
3488,E0120700044111,緑園中学校,北海道帯広市西二十二条南4-2,1,,,42.91043167,143.1377098,
3489,E0120700045111,森の里小学校,北海道帯広市西二十二条南4-3,1,,,42.90849366,143.1381284,
3490,E0120700060111,帯広小学校,北海道帯広市西八条南5-1,1,,,42.92567757,143.1916629,
3491,E0120700092121,帯広生活支援センター,北海道帯広市西六条南6-3,,,,42.92457225,143.1951006,
3492,E0120700090121,帯広けいせい苑,北海道帯広市川西町西１線47,,,,42.85512163,143.1784753,
3493,E0120700091121,帯広ケアセンター,北海道帯広市川西町西１線47-2,,,,42.85547145,143.1775693,
3494,E0120700061111,川西中学校,北海道帯広市川西町西３線60,1,,,42.85206704,143.1634986,
3495,E0120700063111,太平農業センター,北海道帯広市太平町西７線164-4,1,,,42.73207067,143.0336351,
3496,E0120700064111,大空学園義務教育学校,北海道帯広市大空町11-4,1,,,42.87978991,143.147948,
3497,E0120700011121,杜のそら,北海道帯広市大空町3-15-2,,,,42.87655163,143.1515065,
3498,E0120700099121,帯広マイトリー,北海道帯広市大正町443-26,,,,42.78998202,143.164395,
3499,E0120700067111,第七中学校,北海道帯広市大正町444-2,1,,,42.78934111,143.168223,
3500,E0120700019121,救護施設東明寮,北海道帯広市大正町基線100-34,,,,42.79405007,143.1616204,
3501,E0120700009121,特別養護老人ホーム太陽園,北海道帯広市大正町西１線96-1,,,,42.79836175,143.1575843,
3502,E0120700009122,グループホーム太陽の家,北海道帯広市大正町西１線96-1,,,,42.7978415,143.1573241,
3503,E0120700097121,帯広慈光学園,北海道帯広市大正町東１線102,,,,42.789388211164,143.16592001894,
3504,E0120700016121,帯広はちす園,北海道帯広市大正町東１線102-1,,,,42.78965493,143.1651632,
3505,E0120700098121,帯広やわらぎ園,北海道帯広市大正本町276-1,,,,42.790317340284,143.16465514478,
3506,E0120700068111,大正農業者トレーニングセンター,北海道帯広市大正本町西一条1-1,1,,,42.7951065,143.1634347,
3507,E0120700070111,よつ葉アリーナ十勝（総合体育館）,北海道帯広市大通北1-1,1,,,42.93338767,143.2029522,
3508,E0120700071111,中戸蔦会館,北海道帯広市中島町東５線,1,,,42.73473336,143.1308428,
3509,E0120700028121,コムニの里おびひろ,北海道帯広市東九条南13-2-4,,,,42.91854385,143.2214161,
3510,E0120700013121,十勝学園,北海道帯広市東九条南21-1-9,,,,42.90887127,143.2219276,
3511,E0120700073111,光南小学校,北海道帯広市東五条南20-1,1,,,42.90952453,143.2153675,
3512,E0120700075111,東小学校,北海道帯広市東七条南2-1,1,,,42.93123047,143.2156253,
3513,E0120700072111,市民活動プラザ六中,北海道帯広市東十一条南9-1,1,,,42.9242193,143.2246932,
3514,E0120700076111,柏小学校,北海道帯広市東八条南11-1,1,,,42.92070019,143.218197,
3515,E0120700074111,翔陽中学校,北海道帯広市東六条南12-2,1,,,42.91965546,143.2162008,
3516,E0120700077111,帯広の森体育館,北海道帯広市南町南７線56,1,,,42.89195006,143.1415564,
3517,E0120700079111,啓西小学校,北海道帯広市柏林台中町4-1,1,,,42.92227273,143.1705587,
3518,E0120700102121,ケアセンター白樺,北海道帯広市白樺十六条西2-7,,,,42.91811113,143.1738097,
3519,E0120700083111,富士農業センター,北海道帯広市富士町西３線53-12,1,,,42.80003433,143.1210146,
3520,E0120700029121,コムニの里みどりヶ丘,北海道帯広市緑ヶ丘8-1-32,,,,42.9050295,143.1829416,
3521,E0156400005111,北海道大空高等学校女満別キャンパス,北海道大空町女満別昭和104-1,1,,,43.9185998691757,144.190972794321,
3522,E0156400007111,メルヘンカルチャーセンター,北海道大空町女満別昭和96-1,1,,,43.917578,144.188009,
3523,E0156400014111,女満別Ｂ＆Ｇ海洋センター,北海道大空町女満別西五条5-3-3,1,,,43.9066880680973,144.172264705022,
3524,E0156400008111,女満別ゲートボールセンター,北海道大空町女満別西三条3-1-4,1,,,43.911994758703,144.17147407272,
3525,E0156400008112,女満別研修会館,北海道大空町女満別西三条3-1-4,1,,,43.9115998784297,144.170787689167,
3526,E0156400010111,大空町教育文化会館,北海道大空町女満別西三条4-1-11,,,,43.9109466415822,144.172590950062,
3527,E0156400011111,特別養護老人ホーム女満別ドリーム苑,北海道大空町女満別西四条5-4-10,,,,43.9079652129128,144.172877707344,
3528,E0156400011121,特別養護老人ホーム女満別ドリーム苑,北海道大空町女満別西四条5-4-10,,,要配慮者,43.9079948078742,144.172896216265,
3529,E0156400012111,女満別老人福祉センター,北海道大空町女満別西四条5-4-13,,,,43.9075059233828,144.172553434192,
3530,E0156400013111,女満別農業構造改善センター,北海道大空町女満別西四条5-4-2,,,,43.9072587041416,144.173347974205,
3531,E0156400020111,女満別中学校,北海道大空町女満別東陽3-2-1,1,,,43.9167688075732,144.183441424284,
3532,E0156400025111,女満別地域振興会館,北海道大空町女満別本通3-2-7,,,,43.9149876881565,144.173145940812,
3533,E0156400026111,女満別小学校,北海道大空町女満別夕陽台1-1-1,1,,,43.9113612325209,144.182217519188,
3534,E0156400027111,大空町地域振興施設,北海道大空町東藻琴100,1,,,43.8451204355916,144.294735542668,
3535,E0156400029111,東藻琴小学校,北海道大空町東藻琴268,1,,,43.8417766024663,144.298704676586,
3536,E0156400030111,東藻琴農村環境改善センター,北海道大空町東藻琴360-1,,,,43.8415460851845,144.294471456358,
3537,E0156400032111,東藻琴Ｂ＆Ｇ海洋センター,北海道大空町東藻琴387-1,,,,43.8408340437801,144.292702140215,
3538,E0156400031111,特別養護老人ホーム東藻琴福寿苑,北海道大空町東藻琴387-8,,,,43.8404847880859,144.290852859081,
3539,E0156400031121,特別養護老人ホーム東藻琴福寿苑,北海道大空町東藻琴387-8,,,要配慮者,43.8404480306857,144.290868952335,
3540,E0156400033111,ふれあいセンターフロックス,北海道大空町東藻琴387-9,,,,43.8407928642327,144.291411249351,
3541,E0156400035111,東藻琴中学校,北海道大空町東藻琴57,1,,,43.8461771371374,144.28865438491,
3542,E0156400038111,北海道大空高等学校東藻琴キャンパス,北海道大空町東藻琴79-4,1,,,43.8459115423721,144.291355808216,
3543,E0164100001111,福祉センター,北海道大樹町栄通29,,,,42.48884101,143.2775764,
3544,E0164100002111,大樹中学校,北海道大樹町鏡町1,,,,42.48222229,143.2783226,
3545,E0164100003111,大樹町老人と母子の家,北海道大樹町鏡町33-13,,,,42.48441891,143.2728032,
3546,E0164100004121,特別養護老人ホーム,北海道大樹町暁町6-1,,,要配慮者,42.4889436882405,143.280101861106,
3547,E0164100005121,高齢者保健福祉推進センター,北海道大樹町暁町8-1,,,要配慮者,42.48981483,143.2801236,
3548,E0164100006111,旭行政区会館,北海道大樹町字旭浜96-7,,,,42.421482,143.390781,
3549,E0164100007111,歴舟地域コミュニティセンター,北海道大樹町字芽武183,1,,,42.477128,143.368412,
3550,E0164100008111,芽武行政区会館,北海道大樹町字芽武344-4,,,,42.485663,143.341219,
3551,E0164100009111,更生老人憩いの家,北海道大樹町字芽武84-3,,,,42.46629928,143.3976427,
3552,E0164100010111,開進福祉ホーム,北海道大樹町字開進134-4,,,,42.46025624,143.2632652,
3553,E0164100011111,振別福祉ホーム,北海道大樹町字振別173-3,,,,42.48685562,143.2538126,
3554,E0164100012111,生花行政区会館,北海道大樹町字生花539,,,,42.59861694,143.4518948,
3555,E0164100013111,上中島福祉ホーム,北海道大樹町字石坂105-3,,,,42.44652999,143.3271281,
3556,E0164100014111,石坂行政区会館,北海道大樹町字石坂619,,,,42.45293571,143.2928798,
3557,E0164100015111,相川福祉ホーム,北海道大樹町字相川142,,,,42.53601762,143.1511203,
3558,E0164100018111,北大樹会館,北海道大樹町字大樹1-2,,,,42.4995809,143.2704146,
3559,E0164100017121,社会福祉法人　光寿会,北海道大樹町字大樹10-8,,,要配慮者,42.5022211889041,143.267015673277,
3560,E0164100016111,東和福祉ホーム,北海道大樹町字大樹107-4,,,,42.5320117,143.275284,
3561,E0164100019111,中大樹行政区会館,北海道大樹町字大樹161-2,,,,42.50669731,143.2602508,
3562,E0164100020111,上大樹行政区会館,北海道大樹町字大樹311-2,,,,42.51370567,143.2495671,
3563,E0164100021111,大和行政区会館,北海道大樹町字大樹417,,,,42.52058617,143.2394717,
3564,E0164100022111,大光福祉ホーム,北海道大樹町字大全117,,,,42.52304349,143.1882765,
3565,E0164100023111,拓進福祉ホーム,北海道大樹町字拓進118,,,,42.56559162,143.1333084,
3566,E0164100024111,中島地域コミュニティセンター,北海道大樹町字中島172,1,,,42.43426341,143.3626016,
3567,E0164100025111,日方福祉ホーム,北海道大樹町字日方172,,,,42.46846382,143.320281,
3568,E0164100026111,南町会館,北海道大樹町字日方401,,,,42.47895376,143.2753315,
3569,E0164300001112,晩成行政区会館（大樹町）※津波時,北海道大樹町字晩成209,1,,,42.5434923726122,143.44047992552,
3570,E0164100027111,晩成行政区会館,北海道大樹町字晩成209,,,,42.54348514,143.4404419,
3571,E0164100028111,豊里福祉ホーム,北海道大樹町字尾田138,,,,42.54337332,143.217492,
3572,E0164100029111,拓北福祉ホーム,北海道大樹町字尾田358,,,,42.56125537,143.2003196,
3573,E0164100030111,尾田地域コミュニティセンター,北海道大樹町字尾田798,,,,42.54034239,143.1861955,
3574,E0164100031111,美成福祉ホーム,北海道大樹町字美成227,,,,42.49988048,143.4098379,
3575,E0164100032111,浜大樹行政区会館,北海道大樹町字浜大樹189,,,,42.47373742,143.4281807,
3576,E0164100033111,萠和行政区会館,北海道大樹町字萠和342-2,,,,42.51821257,143.3150255,
3577,E0164100034111,松山・下大樹行政区会館,北海道大樹町松山町14-4,,,,42.49838194,143.2877345,
3578,E0164100035111,中央運動公園センターハウス,北海道大樹町振別137,,,,42.49665745,143.2645006,
3579,E0164100036112,Ｂ＆Ｇ海洋センター,北海道大樹町西本通73,,,,42.48742946,143.2726216,
3580,E0164100036111,武道館,北海道大樹町西本通73,,,,42.48724542,143.2730435,
3581,E0164100037111,道の駅コスモール大樹,北海道大樹町西本通98,,,,42.4898575124498,143.273387955917,
3582,E0164100038111,生涯学習センター,北海道大樹町双葉町6,,,,42.49689483,143.2829281,
3583,E0164100039111,大樹小学校,北海道大樹町東本通54,,,,42.496992,143.280033,
3584,E0164100040111,大樹高等学校,北海道大樹町緑町1,,,,42.49340484,143.2709003,
3585,E0145200002111,法城寺,北海道鷹栖町１２線16,,,,43.8750223575128,142.379086888229,
3586,E0145200003111,北野小学校,北海道鷹栖町１２線3,1,,,43.8309048377136,142.320274344637,
3587,E0145200004111,彰圓寺,北海道鷹栖町１４線15,,,,43.8820199182516,142.36783652135,
3588,E0145200005111,北斗地区住民センター,北海道鷹栖町１４線16,,,,43.8808097933181,142.371535120394,
3589,E0145200006111,柏の里デイセンター,北海道鷹栖町１７線12,,,,43.8785779492682,142.33559162364,
3590,E0145200006112,中央地区住民センター,北海道鷹栖町１７線12,,,,43.8787712544237,142.334620686851,
3591,E0145200007111,北成地区住民センター,北海道鷹栖町２２線15,1,,,43.907555,142.332379,
3592,E0145200009111,鷹栖町サンホールはぴねす,北海道鷹栖町南一条3-2-1,,,,43.8439407672657,142.356558819873,
3593,E0145200012111,鷹栖町総合体育館,北海道鷹栖町南二条4,1,,,43.8395007614072,142.356137415205,
3594,E0145200013111,鷹栖小学校,北海道鷹栖町北一条1-4-1,1,,,43.8497162885647,142.358521736038,
3595,E0145200015111,鷹栖地区住民センター,北海道鷹栖町北一条3-2-5,,,,43.8444360007455,142.353823325551,
3596,E0145200022121,サポートステーションすばる,北海道鷹栖町北野西３条1-1-12,,,要配慮者,43.820518,142.334752,
3597,E0145200017111,鷹栖養護学校,北海道鷹栖町北野西三条2-1-1,1,,,43.8193805896523,142.332916698972,
3598,E0145200020111,北野地区住民センター,北海道鷹栖町北野東三条2-3-20,,,,43.8236597578284,142.336751100054,
3599,E0156000001111,滝上町商工会館,北海道滝上町旭町,1,,,44.1929671,143.0790252,
3600,E0156000002111,一区農業構造改善センター,北海道滝上町一区,1,,,44.17639308,143.0593081,
3601,E0156000003111,文化センター,北海道滝上町栄町,1,,,44.19378717,143.0707914,
3602,E0156000004112,スポーツセンター,北海道滝上町幸町,1,,,44.19528523,143.0597304,
3603,E0156000004121,スポーツセンター,北海道滝上町幸町,1,左記の内、利用希望者は役場保健福祉課福祉係に電話等で連絡し調整を行った者,福祉施設や医療機関に入所又は入院するに至らない在宅の要援護者で、一般の避難所生活において何らかの特別な配慮が必要とする者,44.19528523,143.0597304,
3604,E0156000004111,滝上中学校（体育館）,北海道滝上町幸町,1,,,44.19575547,143.0615843,
3605,E0156000006111,滝西公民館（大ホール）,北海道滝上町滝西,1,,,44.115462,143.008738,
3606,E0156000007111,滝上小学校（体育館）,北海道滝上町滝美町,1,,,44.18892793,143.0816268,
3607,E0156000008111,基幹集落センター,北海道滝上町濁川中央,1,,,44.19165954,143.1112648,
3608,E0156000009111,札久留公民館（大ホール）,北海道滝上町北札久留,1,,,44.2108798,143.0144571,
3609,E0156000010111,雄鎮内農業研修センター,北海道滝上町雄鎮内,1,,,44.19798824,143.1387485,
3610,E0133300004111,元町町内会館,北海道知内町字元町198,1,,,41.59673395,140.4151058,
3611,E0133300005111,前浜町内会館,北海道知内町字元町22-5,,,,41.59080887,140.4277481,
3612,E0133300008121,しりうち認定こども園,北海道知内町字元町340-1,1,,,41.596614,140.410855,
3613,E0133300010111,涌元谷地町内会館,北海道知内町字元町99-3,1,,,41.57956632,140.4180164,
3614,E0133300013111,中央公民館,北海道知内町字重内21-1,,,,41.59834134,140.4197787,２階以上
3615,E0133300013112,スポーツセンター,北海道知内町字重内21-1,,,,41.59787479,140.4204825,２階以上
3616,E0133300040111,知内中学校,北海道知内町字重内22-1,,,,41.598965,140.41736,２階以上
3617,E0133300041111,青少年交流センター,北海道知内町字重内31-105,,,,41.60224063,140.4216825,
3618,E0133300017111,転作定着化指導センター,北海道知内町字重内33-139,1,,,41.60778281,140.4045753,
3619,E0133300038111,知内高等学校,北海道知内町字重内984,,,,41.597491,140.424478,２階以上
3620,E0133300020111,矢越山荘,北海道知内町字小谷石514,1,,,41.53216772,140.4142221,
3621,E0133300022111,上雷生活改善センター,北海道知内町字上雷61-4,,,,41.598877,140.376082,
3622,E0133300024111,あすなろ中の川センター,北海道知内町字森越103-50,,,,41.631579,140.429815,２階以上
3623,E0133300033111,尾刺コミュニティセンター,北海道知内町字湯ノ里13-11,1,,,41.60812974,140.3433555,
3624,E0133300034111,旧湯の里小学校,北海道知内町字湯ノ里156-61,1,,,41.60109906,140.3201903,
3625,E0133300037111,旧涌元小学校,北海道知内町字涌元247,1,,,41.56221813,140.4258154,２階以上
3626,E0164400014111,近牛地区コミュニティセンター,北海道池田町字近牛20,1,,,43.00539796,143.4550025,
3627,E0164400015111,旧高島小学校,北海道池田町字高島141,1,,,43.02241032,143.4411374,
3628,E0164400016121,北部地域コミュニティセンター,北海道池田町字高島40,1,,要配慮者,43.02836969,143.4585585,
3629,E0164400016111,北部地域コミュニティセンター,北海道池田町字高島40,1,,,43.02836969,143.4585585,
3630,E0164400018111,昭栄地区コミュニティセンター,北海道池田町字昭栄112,1,,,42.88845419,143.4725948,
3631,E0164400022112,農業技術研究所,北海道池田町字清見83,1,,,42.921455451105,143.45867231957,
3632,E0164400022111,ワイン城,北海道池田町字清見83,1,,,42.91899392,143.4578274,
3633,E0164400025121,池田高校,北海道池田町字清見ケ丘13,,,要配慮者,42.92921818,143.4595138,
3634,E0164400025111,池田高校,北海道池田町字清見ケ丘13,,,,42.92921818,143.4595138,
3635,E0164400026121,総合体育館・図書館,北海道池田町字西一条１地先,1,,要配慮者,42.92098763,143.4489362,
3636,E0164400026111,総合体育館・図書館,北海道池田町字西一条１地先,1,,,42.92098763,143.4489362,
3637,E0164400026112,田園ホール,北海道池田町字西一条１地先,1,,,42.92006274,143.4494868,
3638,E0164400026122,田園ホール,北海道池田町字西一条１地先,1,,要配慮者,42.92006274,143.4494868,
3639,E0164400031121,池田町保健センター,北海道池田町字西三条5-2,,,要配慮者,42.92585292,143.4458522,
3640,E0164400032111,池田小学校,北海道池田町字西三条7-3,1,,,42.92886404,143.4455258,
3641,E0164400033111,池田中学校,北海道池田町字西三条9-1,1,,,42.93283536,143.4439902,
3642,E0164400029121,特別養護老人ホーム池田光寿苑,北海道池田町字西二条10-2-20,,,要配慮者,42.93582531,143.443625,
3643,E0164400029122,池田町デイサービスセンター,北海道池田町字西二条10-2-20,,,要配慮者,42.93629142,143.4433909,
3644,E0164400034111,青山地区コミュニティセンター,北海道池田町字青山302,1,,,42.98929366,143.4363224,
3645,E0164400035111,千代田地区コミュニティセンター,北海道池田町字千代田574,1,,,42.94461326,143.3872761,
3646,E0164400036111,川合地区コミュニティセンター,北海道池田町字川合212,1,,,42.89151139,143.4478519,
3647,E0164400039111,東台自治会館,北海道池田町字東台586,1,,,42.94720731,143.519975,
3648,E0164400040111,富岡地区コミュニティセンター,北海道池田町字富岡102,1,,,43.01166702,143.5510428,
3649,E0164400042111,旧利別小学校,北海道池田町字利別西町20,1,,,42.93071006,143.4266917,
3650,E0164400045111,西部地域コミュニティセンター,北海道池田町字利別東町12,1,,,42.92794476,143.4341344,
3651,E0164400045121,西部地域コミュニティセンター,北海道池田町字利別東町12,1,,要配慮者,42.92794476,143.4341344,
3652,E0164400046121,生活介護事業所こんぱす,北海道池田町字利別南町6-6,,,要配慮者,42.925738518911,143.42704922735,
3653,E0121400002111,稚内高等学校,北海道稚内市栄1-4-1,1,,,45.390574438683,141.69734990917,
3654,E0121400005111,港ふれあいセンター,北海道稚内市港3-5-47,1,,,45.402631955915,141.67614370616,
3655,E0121400007111,稚内港小学校,北海道稚内市港4-94,1,,,45.398801766984,141.67356722061,
3656,E0121400008111,潮見が丘中学校,北海道稚内市若葉台1-2290,1,,,45.383565658121,141.71589941967,
3657,E0121400009111,育英館大学,北海道稚内市若葉台1-2290-28,1,,,45.38281723,141.7186671,
3658,E0121400010111,大岬小学校体育館,北海道稚内市宗谷岬,1,,,45.514158293247,141.95443125589,
3659,E0121400013121,北海道稚内養護学校,北海道稚内市声問5-23-7,,,要配慮者,45.399894761675,141.75574384289,
3660,E0121400014121,緑ヶ丘学園,北海道稚内市声問5-44-11,,,要配慮者,45.397796619198,141.76088650648,
3661,E0121400015111,声問小学校,北海道稚内市声問5-7-21,1,,,45.401928557895,141.75719682721,
3662,E0121400022111,稚内市立図書館,北海道稚内市大黒4-1-1,1,,,45.395209028423,141.69021227259,
3663,E0121400029111,旧樺岡小中学校,北海道稚内市大字声問村字樺岡,1,,,45.29803245,141.8155469,
3664,E0121400031111,増幌小中学校,北海道稚内市大字声問村字恵北,1,,,45.372727514778,141.81487088985,
3665,E0121400033111,旧曙小学校,北海道稚内市大字声問村字曙,1,,,45.22837299,141.8037974,
3666,E0121400034111,天北小中学校,北海道稚内市大字声問村字沼川,1,,,45.252072039469,141.85353501471,
3667,E0121400035111,稚内市自然体験施設,北海道稚内市大字声問村字上声問,1,,,45.28578768,141.8577882,
3668,E0121400037111,旧下勇知小中学校,北海道稚内市大字抜海村字ユーチ,1,,,45.25253712,141.6340696,
3669,E0121400041111,宗谷経済センター,北海道稚内市中央2-4-8,1,,,45.41900201,141.6730897,
3670,E0121400044111,東地区活動拠点センター,北海道稚内市潮見3-1-1,1,,,45.392766100849,141.7017860045,
3671,E0121400045121,稚内市デイサービスセンター潮見園,北海道稚内市潮見3-1-14,,,要配慮者,45.392969004796,141.70269051514,
3672,E0121400046111,稚内東中学校,北海道稚内市潮見5-1-29,1,,,45.393070762266,141.70865997457,
3673,E0121400047111,稚内東小学校,北海道稚内市潮見5-1-5,1,,,45.39345123853,141.7072705903,
3674,E0121400048111,稚内大谷高等学校,北海道稚内市富岡1-1-1,1,,,45.39034159,141.7137241,
3675,E0121400049111,潮見が丘小学校,北海道稚内市富岡4-3-3,1,,,45.388919075837,141.7185111128,
3676,E0121400050111,富岡・はまなす地区活動拠点センター,北海道稚内市富岡5-1-1,1,,,45.389904969256,141.7216876905,
3677,E0121400054122,稚内市特別養護老人ホーム富士見園（従来型）,北海道稚内市富士見5-1178-1,,,要配慮者,45.413894614045,141.63685473753,
3678,E0121400054121,稚内市特別養護老人ホーム富士見園（ユニット型）,北海道稚内市富士見5-1178-1,,,要配慮者,45.413390005832,141.63764330698,
3679,E0121400061111,稚内市緑体育館,北海道稚内市緑2-4,1,,,45.392581809863,141.68459622489,
3680,E0121400062111,南地区活動拠点センター,北海道稚内市緑2-4-27,1,,,45.39291538983,141.68398355538,
3681,E0121400063111,稚内市みどりスポーツパーク,北海道稚内市緑3-14-1,1,,,45.389941190532,141.68217899869,
3682,E0155000001111,安住中里会館,北海道置戸町字安住63-2,1,,,43.64946319,143.5290504,
3683,E0155000002111,境野公民館,北海道置戸町字境野438-4,1,,,43.71467,143.661438,
3684,E0155000003111,旧秋田小学校,北海道置戸町字秋田264,1,,,43.73759221,143.6167821,
3685,E0155000004111,秋田地区住民センター,北海道置戸町字秋田279-4,1,,,43.73711431,143.6183763,
3686,E0155000005111,勝山公民館,北海道置戸町字勝山247-1,1,,,43.63582413932,143.50866196613,
3687,E0155000006111,常盤会館,北海道置戸町字常盤431-12,1,,,43.66613078,143.6528684,
3688,E0155000007111,川南会館,北海道置戸町字川南203-4,1,,,43.69831397,143.6656026,
3689,E0155000008111,拓殖住民センター,北海道置戸町字拓殖16-2,1,,,43.66923513,143.571337,
3690,E0155000009111,拓実会館,北海道置戸町字拓殖387-1,1,,,43.631618,143.561482,
3691,E0155000010111,置戸中学校,北海道置戸町字拓殖47-1,1,,,43.668716,143.56734,
3692,E0155000023111,置戸町役場,北海道置戸町字置戸181,,,,43.67633,143.586543,
3693,E0155000011111,置戸老人いこいの家,北海道置戸町字置戸188,1,,,43.67605945,143.5857614,
3694,E0155000022111,置戸町中央公民館,北海道置戸町字置戸245-1,1,,,43.67634041,143.5908326,
3695,E0155000012111,置戸町地域福祉センター,北海道置戸町字置戸246-3,1,,,43.67800651,143.5937383,
3696,E0155000012121,置戸町地域福祉センター,北海道置戸町字置戸246-3,1,,要配慮者,43.67800651,143.5937383,
3697,E0155000014111,川向住民センター,北海道置戸町字置戸255-1,1,,,43.68006282,143.5993883,
3698,E0155000015111,置戸高等学校,北海道置戸町字置戸256-8,1,,,43.68112353,143.6040479,
3699,E0155000016111,置戸小学校,北海道置戸町字置戸258-1,1,,,43.6819695,143.6009596,
3700,E0155000018111,置戸町ファミリースポーツセンター,北海道置戸町字置戸398-14,1,,,43.67566111,143.5900824,
3701,E0155000020111,コミュニティーホール,北海道置戸町字置戸456-1,1,,,43.67682721,143.5893617,
3702,E0155000021111,旧境野小学校,北海道置戸町字豊住102-1,1,,,43.70904212,143.6447748,
3703,E0143400001111,南コミュニティ会館,北海道秩父別町一条5,,,,43.76013175,141.9370069,
3704,E0143400008111,東栄コミュニティ会館,北海道秩父別町五条1,1,,,43.7813779,141.9627356,
3705,E0143400010111,日の出コミュニティ会館,北海道秩父別町南一条東1,,,,43.75705888,141.975545,
3706,E0143400002111,秩父別温泉ゆう＆ゆ,北海道秩父別町二条1,1,,,43.76515098,141.9665712,
3707,E0143400002112,ファミリースポーツセンター,北海道秩父別町二条1,1,,,43.76497477,141.9637237,
3708,E0143400002113,交流会館,北海道秩父別町二条1,1,,,43.76572171,141.9669273,
3709,E0143400002114,筑紫コミュニティ会館,北海道秩父別町二条1,1,,,43.76655681,141.9656142,
3710,E0143400002115,キッズスクエアちっくる,北海道秩父別町二条1,1,,,43.765329,141.963085,
3711,E0143400003113,秩父別中学校,北海道秩父別町二条2,1,,,43.7689462,141.9600794,
3712,E0143400003115,秩父別町役場庁舎,北海道秩父別町二条2,1,,,43.76698,141.957947,
3713,E0143400003111,生涯学習センター生き活き館,北海道秩父別町二条2,1,,,43.76514197,141.9548481,
3714,E0143400003112,老人福祉センター,北海道秩父別町二条2,1,,,43.76697857,141.9585293,
3715,E0143400003121,老人福祉センター,北海道秩父別町二条2,1,,全町民,43.76697857,141.9585293,
3716,E0143400003114,秩父別小学校,北海道秩父別町二条2,1,,,43.7645532,141.9564867,
3717,E0143400004111,屯田コミュニティ会館,北海道秩父別町二条4,1,,,43.764992,141.9433401,
3718,E0143400005111,西栄コミュニティ会館,北海道秩父別町二条8,1,,,43.761752,141.913142,
3719,E0143400009111,北新コミュニティ会館,北海道秩父別町六条3,,,,43.78555859,141.9470535,
3720,E0163800001111,上札内交流館,北海道中札内村上札内133,1,,,42.63717132,143.095288,
3721,E0163800002111,上札内小学校,北海道中札内村上札内134,1,,,42.63904489,143.0955132,
3722,E0163800003111,中札内村老人保健福祉センター,北海道中札内村西二条南2-2,1,,,42.69866519,143.1292639,
3723,E0163800003121,中札内村老人保健福祉センター,北海道中札内村西二条南2-2,1,,要配慮者,42.69866519,143.1292639,
3724,E0163800005111,道の駅なかさつない,北海道中札内村大通7-14,1,,,42.692178,143.126803,
3725,E0163800007111,中札内村商工会館,北海道中札内村大通南2-24,1,,,42.69781963,143.1314443,
3726,E0163800008111,中札内村民体育館,北海道中札内村東一条南2-18,1,,,42.69765009,143.1329951,
3727,E0163800009111,中札内中学校,北海道中札内村東一条南5-24,1,,,42.69338616,143.1312765,
3728,E0163800011111,中札内小学校,北海道中札内村東一条南7-2,1,,,42.69096523,143.1289022,
3729,E0163800019111,中島農業センター,北海道中札内村東戸蔦東５線165-1,1,,,42.69958128,143.1034488,
3730,E0163800014111,中札内文化創造センター,北海道中札内村東四条南6-1-3,1,,,42.69224902,143.1328361,
3731,E0163800016111,中札内交流の杜,北海道中札内村東四条北1-1,1,,,42.69669731,143.1386743,
3732,E0163800012111,中札内村児童館,北海道中札内村東二条南1-2,1,,,42.69767626,143.135269,
3733,E0147100001111,中川町エコミュージアムセンター,北海道中川町字安川28-9,1,,,44.74478,142.035178,
3734,E0147100002111,中川町立中川中学校,北海道中川町字中川224-22,1,,,44.816292,142.079032,
3735,E0147100003121,中川町総合保健福祉センター,北海道中川町字中川337,,,要配慮者,44.8118826885843,142.071484251319,
3736,E0147100005111,ポンピラアクアリズイング,北海道中川町字中川439-1,,,,44.8012140000941,142.075765053251,
3737,E0151300001111,旭台コミュニティセンター,北海道中頓別町字旭台266-1,,,,44.9785576122192,142.294049185181,
3738,E0151300002111,寿会館,北海道中頓別町字寿88-4,,,,44.9849209306903,142.290829493046,
3739,E0151300003111,小頓別多目的集会施設,北海道中頓別町字小頓別604-4,1,,,44.8283799278315,142.30384899713,
3740,E0151300004111,松音知会館,北海道中頓別町字松音知48-47,,,,44.9375891383181,142.220804694123,
3741,E0151300005111,上頓別会館,北海道中頓別町字上頓別210-1,,,,44.8522564794095,142.275715599701,
3742,E0151300019111,中頓別町役場,北海道中頓別町字中頓別172-6,,,,44.9697755883355,142.2866771166558,
3743,E0151300022121,中頓別町保健センター,北海道中頓別町字中頓別175-14,,,,44.970392,142.284957,
3744,E0151300020111,中頓別青少年柔剣道場,北海道中頓別町字中頓別18-2,,,,44.973764,142.288833,
3745,E0151300018111,町民体育館,北海道中頓別町字中頓別182-6,1,,,44.969062,142.290409,
3746,E0151300018112,中頓別町民センター,北海道中頓別町字中頓別182-6,1,,,44.969645,142.290697,
3747,E0151300023111,宮下会館,北海道中頓別町字中頓別236,,,,44.969225,142.299637,
3748,E0151300021111,中頓別中学校,北海道中頓別町字中頓別305-1,1,,,44.976798,142.293532,
3749,E0151300024111,中頓別小学校,北海道中頓別町字中頓別998-1,1,,,44.969158,142.291911,
3750,E0151300013111,藤井会館,北海道中頓別町字藤井30-3,,,,44.961324654747,142.289943019025,
3751,E0151300014111,敏音知コミュニティーセンター,北海道中頓別町字敏音知130,,,,44.8774274987874,142.211801790672,
3752,E0151300015111,道の駅ピンネシリ,北海道中頓別町字敏音知72-7,,,,44.8773918208286,142.213500115734,
3753,E0151300016111,兵安会館,北海道中頓別町字兵安186-3,,,,44.9113739803522,142.311962150674,
3754,E0151300017111,豊泉会館,北海道中頓別町字豊泉103-1,,,,44.9580500668689,142.307341882356,
3755,E0169200001111,中標津町武道館,北海道中標津町丸山1-6,1,,,43.553176606373,144.96375909615,
3756,E0169200002111,中標津中学校,北海道中標津町丸山2-1,1,,,43.555086422572,144.96533605121,
3757,E0169200003111,中標津町総合体育館,北海道中標津町丸山2-1-18,1,,,43.555016444664,144.96949347517,
3758,E0169200004111,中標津町役場,北海道中標津町丸山2-22,1,,,43.555198213794,144.97147483225,
3759,E0169200005111,丸山小学校,北海道中標津町丸山2-4-1,1,,,43.555564602772,144.96362480185,
3760,E0169200035111,中標津町交流センター,北海道中標津町計根別南１条東2-1-1,1,,,43.488677323713,144.81329296275,
3761,E0169200007111,中標津町老人福祉センター,北海道中標津町計根別本通東6-17,1,,,43.49095447,144.8197811,
3762,E0169200008111,計根別学園,北海道中標津町計根別本通東8-1-2,1,,,43.4933457,144.822069,
3763,E0169200009111,開陽へき地保健福祉館,北海道中標津町字開陽264-5,1,,,43.59826165403,144.91244086248,
3764,E0169200011111,上標津へき地集会所,北海道中標津町字上標津364-1,1,,,43.500448125895,144.76617390256,
3765,E0169200012111,岩谷学園ひがし北海道日本語学校,北海道中標津町字西竹1285-3,1,,,43.53207185,144.7913184,
3766,E0169200013111,俵橋生活館,北海道中標津町字俵橋1506-5,1,,,43.5852067744634,145.040132270824,
3767,E0169200015111,上武佐集会所,北海道中標津町字武佐南９線西1-3,1,,,43.618237880323,144.99718854434,
3768,E0169200016111,武佐へき地保健福祉館,北海道中標津町字武佐北通り東10,1,,,43.626078128466,144.95853158099,
3769,E0169200017111,豊岡地区会館,北海道中標津町字豊岡519-1,1,,,43.484181146225,144.94690639016,
3770,E0169200018111,拓友館,北海道中標津町字俣落1915-1,1,,,43.583522796538,144.79614526576,
3771,E0169200019111,俣落会館,北海道中標津町字俣落405-1,1,,,43.556436621807,144.89357885623,
3772,E0169200020111,養老牛開拓婦人ホーム,北海道中標津町字養老牛512-3,1,,,43.563829188337,144.75062840236,
3773,E0169200021111,養老牛へき地保健福祉館,北海道中標津町字養老牛68-2,1,,,43.543411171708,144.72038182839,
3774,E0169200037111,中標津高等学校,北海道中標津町西６条南5-1,1,,,43.541545416153,144.97136043921,
3775,E0169200038111,中標津小学校,北海道中標津町西９条北1-2,1,,,43.54403275162,144.96435388896,
3776,E0169200039111,西児童館,北海道中標津町西９条北7-9,1,,,43.547086833665,144.95990458583,
3777,E0169200022111,中標津町総合福祉センター,北海道中標津町西十条南9-1-4,,,,43.53706545075,144.9715287141,
3778,E0169200022121,中標津町総合福祉センター,北海道中標津町西十条南9-1-4,,,,43.53706545075,144.9715287141,
3779,E0169200044111,なかよし児童館（東中地区多目的集会所）,北海道中標津町東１４条北4-4,,,,43.557954521582,144.98227951364,
3780,E0169200041111,シルバースポーツセンター,北海道中標津町東２０条北7-3,1,,,43.565412578974,144.9834516868,
3781,E0169200042111,中標津町総合文化会館,北海道中標津町東２条南3-1-1,1,,,43.548826966004,144.97846278212,
3782,E0169200043111,中標津東小学校,北海道中標津町東７条南7-15,1,,,43.548490654151,144.98436765618,
3783,E0169200031111,当幌研修館,北海道中標津町東当幌20-17,1,,,43.509601634025,144.91237076323,
3784,E0169200032111,南中標津会館,北海道中標津町南中16,1,,,43.517530659487,144.95756590968,
3785,E0146100001111,弘照寺,北海道中富良野町丘町2-24,,,,43.406480333254,142.41892452627,収容想定人数算定基準　２㎡／人
3786,E0146100002111,祥雲寺,北海道中富良野町丘町4-19,1,,,43.404574277516,142.41703897815,収容想定人数算定基準　２㎡／人
3787,E0146100003111,富良野土地改良区,北海道中富良野町丘町7-18,1,,,43.397530514885,142.41101209197,収容想定人数算定基準　２㎡／人
3788,E0146100004111,北星ハウス,北海道中富良野町宮町1-41,,,,43.410117722693,142.4225484716,収容想定人数算定基準　２㎡／人
3789,E0146100006111,中富良野神社,北海道中富良野町宮町2-13,1,,,43.413670632996,142.42233071756,収容想定人数算定基準　２㎡／人
3790,E0146100018111,鈴和会館,北海道中富良野町字中富良野,,,,43.420883683456,142.40196923336,収容想定人数算定基準　２㎡／人
3791,E0146100011111,渋毛牛会館,北海道中富良野町字中富良野,,,,43.40683504027,142.39640450786,収容想定人数算定基準　２㎡／人
3792,E0146100012111,吉井会館,北海道中富良野町字中富良野,,,,43.385141428713,142.37747578621,収容想定人数算定基準　２㎡／人
3793,E0146100007111,本幸地区集会施設,北海道中富良野町字中富良野ベベルイ,1,,,43.383801327604,142.52437126526,収容想定人数算定基準　２㎡／人
3794,E0146100007112,中富良野町本幸ラボ（旧本幸小学校）,北海道中富良野町字中富良野ベベルイ,1,,,43.38441287385,142.52512953641,収容想定人数算定基準　２㎡／人
3795,E0146100008111,中富良野町公民館南中分館（旧南中小学校）,北海道中富良野町字中富良野鹿討農場,1,,,43.392761858225,142.3947556831,収容想定人数算定基準　２㎡／人
3796,E0146100008112,南中地区集会施設,北海道中富良野町字中富良野鹿討農場,1,,,43.391963,142.394534,収容想定人数算定基準　２㎡／人
3797,E0146100009111,新田中地区集会施設,北海道中富良野町字中富良野新田中農場,1,,,43.440912520989,142.41110312148,収容想定人数算定基準　２㎡／人
3798,E0146100010111,富良野リゾートオリカ,北海道中富良野町字中富良野西２線北17,1,,,43.432420691219,142.42293956507,収容想定人数算定基準　２㎡／人
3799,E0146100013111,教覚寺,北海道中富良野町字中富良野町東１線北20,,,,43.43488180129,142.45357354772,収容想定人数算定基準　２㎡／人
3800,E0146100014111,宇文地区集会施設,北海道中富良野町字中富良野町東４線北7,,,,43.375127487707,142.42507306058,収容想定人数算定基準　２㎡／人
3801,E0146100014112,中富良野町公民館宇文分館（旧宇文小学校）,北海道中富良野町字中富良野町東４線北7,,,,43.374782319738,142.42356390307,収容想定人数算定基準　２㎡／人
3802,E0146100015111,報徳会館,北海道中富良野町字中富良野町東５線北14,,,,43.398052942023,142.45230250358,収容想定人数算定基準　２㎡／人
3803,E0146100016112,中富良野町公民館旭中分館（旧旭中小学校）,北海道中富良野町字中富良野町東９線北12,,,,43.377834882735,142.46847370404,収容想定人数算定基準　２㎡／人
3804,E0146100016111,旭中地区集会施設,北海道中富良野町字中富良野町東９線北12,,,,43.379042195798,142.46926307492,収容想定人数算定基準　２㎡／人
3805,E0146100017111,道隆寺,北海道中富良野町字中富良野町東９線北13,,,,43.385740300362,142.4755224171,収容想定人数算定基準　２㎡／人
3806,E0146100019111,中富良野町総合スポーツセンター,北海道中富良野町字中富良野東１線北11,1,,,43.397580715731,142.42328587099,収容想定人数算定基準　２㎡／人
3807,E0146100020112,パーラーダイエー中富良野店,北海道中富良野町字中富良野東１線北18,1,,,43.42622570253,142.44452189348,収容想定人数算定基準　２㎡／人
3808,E0146100020111,スパ＆ホテルリゾートふらのラ・テール,北海道中富良野町字中富良野東１線北18,1,,,43.425164817661,142.44570646879,収容想定人数算定基準　２㎡／人
3809,E0146100020114,中富良野町公民館西中分館（旧西中小学校）,北海道中富良野町字中富良野東１線北18,1,,,43.427870696374,142.44518035635,収容想定人数算定基準　２㎡／人
3810,E0146100020113,西中地区集会施設,北海道中富良野町字中富良野東１線北18,1,,,43.426941284804,142.44525356762,収容想定人数算定基準　２㎡／人
3811,E0146100025111,奈江地区集会施設,北海道中富良野町字中富良野奈江,1,,,43.430862182663,142.380833447,収容想定人数算定基準　２㎡／人
3812,E0146100039111,福原会館,北海道中富良野町字中富良野福原農場,1,,,43.400051,142.403004,収容想定人数算定基準　２㎡／人
3813,E0146100026111,中善寺,北海道中富良野町新町4-1,1,,,43.402843090774,142.42062016466,収容想定人数算定基準　２㎡／人
3814,E0146100027111,寿コミュニティセンター,北海道中富良野町新町6-1,1,,,43.402138788408,142.42237552221,収容想定人数算定基準　２㎡／人
3815,E0146100028111,弘南コミュニティハウス,北海道中富良野町西町2-5,,,,43.406209728573,142.41974369274,収容想定人数算定基準　２㎡／人
3816,E0146100029111,ネ古辰コミュニティハウス,北海道中富良野町西町4-28,1,,,43.410555245288,142.42375850585,収容想定人数算定基準　２㎡／人
3817,E0146100043111,中央コミュニティハウス,北海道中富良野町東町4-10,1,,,43.405971,142.429326,想定人数算定基準２㎡／人
3818,E0146100030111,中富良野町郷土館,北海道中富良野町南町10-1,1,,,43.404967650198,142.42361685337,収容想定人数算定基準　２㎡／人
3819,E0146100031111,ふれあいセンターなかまーる,北海道中富良野町南町10-10,1,,,43.405216784855,142.42402968795,収容想定人数算定基準　２㎡／人
3820,E0146100031121,ふれあいセンターなかまーる,北海道中富良野町南町10-10,1,,要配慮者,43.405216784855,142.42402968795,収容想定人数算定基準　２㎡／人
3821,E0146100032111,農村環境改善センター,北海道中富良野町南町10-11,1,,,43.405172132793,142.42470412895,収容想定人数算定基準　２㎡／人
3822,E0146100034111,ふらの農業協同組合北エリア中富良野事務所,北海道中富良野町南町4-31,,,,43.405045989805,142.42191148557,収容想定人数算定基準　２㎡／人
3823,E0146100035111,中富良野中学校,北海道中富良野町南町9-19,1,,,43.404112352801,142.42365545012,収容想定人数算定基準　２㎡／人
3824,E0146100036111,中富良野町公民館北町分館（旧中富良野小学校）,北海道中富良野町北町8-8,1,,,43.409152338578,142.42756080515,収容想定人数算定基準　２㎡／人
3825,E0146100037111,法栄寺,北海道中富良野町本町8-1,,,,43.407952479529,142.4255268751,収容想定人数算定基準　２㎡／人
3826,E0142800001111,長沼高等学校,北海道長沼町旭町南2-11-1,1,,,43.00147961,141.7031632,
3827,E0142800002111,長沼小学校,北海道長沼町銀座北1-3-1,1,,,43.01003236,141.6967447,
3828,E0142800005111,長沼中学校,北海道長沼町中央南2-3-1,1,,,43.00717635,141.6917772,
3829,E0142800014111,道の駅「マオイの丘公園」センターハウス,北海道長沼町東１０線南7,1,,,42.949642,141.716917,
3830,E0142800007111,旧北長沼中学校,北海道長沼町東２線北15,1,,,43.05944563,141.7308434,
3831,E0142800007112,まおい学びのさと小学校（旧北長沼小学校）,北海道長沼町東２線北15,1,,,43.05852372,141.7327044,
3832,E0142800010111,旧長沼舞鶴小学校,北海道長沼町東５線南12,1,,,42.93820006,141.6704241,
3833,E0142800013111,キャメルファクトリー長沼（旧南長沼小学校体育館）,北海道長沼町東５南7,,,,42.960105,141.683207,
3834,E0142800013112,キャメルファクトリー長沼（旧南長沼中学校体育館）,北海道長沼町東５南7,,,,42.959226,141.6837,
3835,E0142800012111,総合保健福祉センターりふれ,北海道長沼町南町2-3-1,1,,,43.00506988,141.6881479,
3836,E0142800012121,総合保健福祉センターりふれ,北海道長沼町南町2-3-1,1,,要配慮者,43.00506988,141.6881479,
3837,E0134700001111,旭浜生活館,北海道長万部町字旭浜83-2,,,,42.51876695,140.383849,
3838,E0134700004111,国縫振興会館,北海道長万部町字国縫37-1,,,,42.436341,140.319737,
3839,E0134700005111,旧国縫小学校,北海道長万部町字国縫37-6,,,,42.4358891,140.3202896,
3840,E0134700006111,静狩小学校,北海道長万部町字静狩166,,,,42.58898151,140.4684343,
3841,E0134700007111,静狩振興会館,北海道長万部町字静狩41-5,1,,,42.58646985,140.4654704,
3842,E0134700008111,双葉振興会館,北海道長万部町字双葉394-3,1,,,42.57584313,140.3203328,
3843,E0134700010111,大浜振興会館,北海道長万部町字大浜75-13,1,,,42.50285604,140.3687667,
3844,E0134700012111,中の沢振興会館,北海道長万部町字中ノ沢41-5,,,,42.47681467,140.3488494,
3845,E0134700013111,陣屋生活館,北海道長万部町字長万部326-4,,,,42.52198983,140.375203,
3846,E0134700016111,高砂振興会館,北海道長万部町字長万部411-27,,,,42.5142353,140.3726245,
3847,E0134700017113,福祉センター,北海道長万部町字長万部413,,,,42.51620188,140.3724002,
3848,E0134700017111,青少年会館,北海道長万部町字長万部413,,,,42.51685097,140.373443,
3849,E0134700017112,スポーツセンター,北海道長万部町字長万部413,,,,42.51676162,140.3727317,
3850,E0134700018121,ふれあいハイムおしゃまんべ,北海道長万部町字長万部422-26,,,,42.51350281,140.3705467,
3851,E0134700031111,ふれあい会館,北海道長万部町字長万部434-117,1,,,42.503334,140.363846,
3852,E0134700022111,特別母と子の家,北海道長万部町字長万部450-10,,,,42.51083041,140.377487,
3853,E0134700023111,長万部振興会館,北海道長万部町字長万部452-1,,,,42.51494528,140.3799538,
3854,E0134700025111,富野振興会館,北海道長万部町字富野115,1,,,42.51363353,140.3615326,
3855,E0134700029112,老人福祉センター,北海道長万部町字平里91-11,,,,42.49437813,140.3536955,
3856,E0134700029121,特別養護老人ホーム長万部慈恵園,北海道長万部町字平里91-11,,,,42.49394701,140.3536135,
3857,E0134700030111,旧蕨岱小学校,北海道長万部町字蕨岱139,,,,42.62149251,140.3225523,
3858,E0154400025111,活汲地域農業研修センター,北海道津別町字活汲265-1,,,,43.74492,144.052911,
3859,E0154400002111,道立津別高等学校,北海道津別町字共和32-2,1,,,43.6983654091901,144.021974192778,
3860,E0154400005111,津別小学校,北海道津別町字幸町69-1,,,,43.7056335821861,144.028072159386,
3861,E0154400014111,農業者トレーニングセンター,北海道津別町字豊永6-1,1,,,43.7062469197089,144.031898491065,
3862,E0154400016111,津別中学校,北海道津別町字豊永6-2,,,,43.705810146507,144.031007283391,
3863,E0154400021111,旧本岐小学校体育館,北海道津別町本岐105,,,,43.645303,143.990023,
3864,E0166700001111,中久著呂コミュニティセンター,北海道鶴居村字クチョロ原野北３４線東14-3,,,,43.32194121,144.3648928,
3865,E0166700002111,下久著呂コミュニティセンター,北海道鶴居村字久著呂原野168-1,,,,43.21978266,144.4290433,
3866,E0166700003111,茂雪裡コミュニティセンター,北海道鶴居村字雪裡原野北２０線西67-2,,,,43.27621457,144.2621216,
3867,E0166700004111,支雪裡コミュニティセンター,北海道鶴居村字雪裡原野北２９線西50-3,,,,43.31159489,144.2985422,
3868,E0166700005111,下雪裡コミュニティセンター,北海道鶴居村字雪裡原野北５線20-2,,,,43.17905659,144.3229453,
3869,E0166700006111,下幌呂小学校,北海道鶴居村字幌呂原野455-2,,,,43.136289,144.326266,
3870,E0166700007111,上幌呂コミュニティセンター,北海道鶴居村字幌呂原野第１基線50,,,,43.254918,144.230559,
3871,E0166700008111,下幌呂コミュニティセンター,北海道鶴居村字幌呂原野南３線40-1,,,,43.13583483,144.3276016,
3872,E0166700009112,役場庁舎２階,北海道鶴居村鶴居西1-1,1,,,43.230518,144.321442,
3873,E0166700009111,鶴居村総合センター,北海道鶴居村鶴居西1-1,1,,,43.23020798,144.3213045,
3874,E0166700010111,鶴居小学校,北海道鶴居村鶴居西2-27,1,,,43.23368665,144.3221069,
3875,E0166700015111,村民スポーツ・健康増進施設ファミスポ・アップ,北海道鶴居村鶴居西6-1-1,,,,43.232556,144.320724,
3876,E0166700017121,村民福祉センターあすぽっと,北海道鶴居村鶴居東1-1-2,,,一般の避難所では生活することが困難な障がい者等の要配慮者,43.230422,144.322892,
3877,E0166700016121,ほのぼのセンター,北海道鶴居村鶴居東1-12,,,一般の避難所では生活することが困難な障がい者等の要配慮者,43.229156,144.323844,
3878,E0166700012111,鶴居中学校,北海道鶴居村鶴居東2-31,1,,,43.23142861,144.3246999,
3879,E0166700013112,幌呂中学校,北海道鶴居村幌呂東2-21,1,,,43.19485011,144.2637381,
3880,E0166700013111,幌呂農村環境改善センター,北海道鶴居村幌呂東2-21,1,,,43.19319422,144.2638826,
3881,E0166700014111,幌呂小学校,北海道鶴居村幌呂東4-14,1,,,43.19947593,144.2633608,
3882,E0166500001111,弟子屈高等学校,北海道弟子屈町高栄3-3-20,1,,,43.484485,144.450733,
3883,E0166500002111,鐺別温泉桜町会館,北海道弟子屈町桜丘2-1-3,,,,43.480935,144.45101,
3884,E0166500003111,旧弟子屈町林業多目的センター,北海道弟子屈町字サワンチサップ3-5,,,,43.64347324,144.3904186,
3885,E0166500005111,御卒別集会所,北海道弟子屈町字奥オソベツ原野108-5,,,,43.40448828,144.415011,
3886,E0166500006111,屈斜路研修センター,北海道弟子屈町字屈斜路222-5,1,,,43.55812393,144.3210708,
3887,E0166500007111,和琴小学校,北海道弟子屈町字屈斜路260,,,,43.56873838,144.3053998,
3888,E0166500008111,旧昭栄小学校,北海道弟子屈町字熊牛原野２７線東1,,,,43.42870578,144.517335,
3889,E0166500009111,札友内寿の家,北海道弟子屈町字札友内67-3,,,,43.52390759,144.4116545,
3890,E0166500010112,仁多交流センター,北海道弟子屈町字弟子屈原野４０線東32-2,,,,43.497468,144.502893,
3891,E0166500012111,美留和会館,北海道弟子屈町字美留和79,1,,,43.55806,144.436369,
3892,E0166500011111,美留和小学校,北海道弟子屈町字美留和５５線82,1,,,43.560372,144.436679,
3893,E0166500034111,奥春別交流センター,北海道弟子屈町字鐺別272-6,,,,43.4703155,144.4004658,
3894,E0166500013111,旧奥春別小学校,北海道弟子屈町字鐺別274-1,,,,43.4709088,144.3996469,
3895,E0166500014111,川湯駅前交流センター,北海道弟子屈町川湯駅前2-3-10,,,,43.61767185,144.4560403,
3896,E0166500016111,川湯ふるさと館,北海道弟子屈町川湯温泉2-3-40,1,,,43.63724467,144.4350055,
3897,E0166500017111,川湯小学校,北海道弟子屈町川湯温泉4-15-10,1,,,43.641873,144.444882,
3898,E0166500018111,川湯農村センター,北海道弟子屈町川湯温泉4-15-4,1,,,43.64088987,144.4431548,
3899,E0166500032122,川湯保育園,北海道弟子屈町川湯温泉4-15-8,,,妊婦、乳幼児等,43.640823,144.4438,"妊婦、乳幼児等
"
3900,E0166500019111,川湯中学校,北海道弟子屈町川湯温泉7-3-11,1,,,43.63854,144.453395,
3901,E0166500020111,泉ふれあいセンター,北海道弟子屈町泉2-3-9,1,,,43.47964838,144.4649607,
3902,E0166500033121,地域交流ホールてしかが,北海道弟子屈町泉２丁目3‐7‐1,,,高齢者、障害者等,43.481056,144.463895,高齢者障害者等
3903,E0166500022111,弟子屈小学校,北海道弟子屈町中央2-1-1,1,,,43.484948,144.45722,
3904,E0166500021111,社会老人福祉センター,北海道弟子屈町中央2-10-25,1,,,43.48407167,144.4604699,
3905,E0166500023111,弟子屈町役場庁舎,北海道弟子屈町中央2-3-1,,,,43.48530904,144.4592508,
3906,E0166500024111,弟子屈町公民館,北海道弟子屈町中央2-3-2,1,,,43.48572287,144.4589259,
3907,E0166500025111,摩周観光交流館（道の駅）,北海道弟子屈町湯の島3-5-5,1,,,43.49237711,144.4476649,暴風雪時の緊急避難所
3908,E0166500026111,弟子屈中学校,北海道弟子屈町美里1-3-1,1,,,43.48716856,144.4486605,
3909,E0166500027111,弟子屈消防署,北海道弟子屈町美里3-8-1,1,,,43.4807626214991,144.436799568567,
3910,E0166500028111,摩周観光文化センター,北海道弟子屈町摩周3-3-1,1,,,43.50720748,144.4510754,
3911,E0148700012111,雄信内生活改善センター,北海道天塩町字オヌプナイ3762-13,1,,,44.89827105,141.9180334,
3912,E0148700013121,雄信内老人憩の家,北海道天塩町字オヌプナイ7000-2,1,,要配慮者,44.89714925,141.9215094,
3913,E0148700019123,天塩町立特別養護老人ホーム恵愛荘,北海道天塩町字サラキシ5710,,,要配慮者,44.877531429893,141.75190868916,
3914,E0148700019121,天塩町ケアハウスかがやき,北海道天塩町字サラキシ5710,,,要配慮者,44.8778260318854,141.752911835331,
3915,E0148700019122,天塩町在宅老人デイサービスセンター,北海道天塩町字サラキシ5710,,,要配慮者,44.8776150588456,141.752257376332,
3916,E0148700027111,天塩高等学校,北海道天塩町字川口1464-4,1,,,44.89363723,141.7430559,
3917,E0148700031121,天塩町保健ふれあいセンター,北海道天塩町字川口5699-1,1,,要配慮者,44.88538554,141.7492072,
3918,E0148700041112,天塩中学校,北海道天塩町字川口5705-1,1,,,44.883212,141.750394,
3919,E0148700036111,天塩小学校,北海道天塩町新栄通4-1158-1,1,,,44.88400017,141.7468885,
3920,E0148700038111,天塩町役場,北海道天塩町新栄通8-1466-113,1,,,44.88817375,141.7453775,
3921,E0123000004111,カルルス会館,北海道登別市カルルス町27-7,,,,42.520584,141.107263899118,
3922,E0123000006111,共和園,北海道登別市栄町1-10-12,,,,42.367389,141.058592,
3923,E0123000008111,富浜児童館,北海道登別市栄町2-18-4,,,,42.371739,141.065204,
3924,E0123000009111,栄会館,北海道登別市栄町2-7-5,,,,42.367912,141.061555,
3925,E0123000010111,栄楽園,北海道登別市栄町4-24-3,,,,42.378138,141.071877,
3926,E0123000011111,すずらんの家,北海道登別市幸町5-27-4,,,,42.435161,141.140502,
3927,E0123000012111,ネイチャーセンター（ふぉれすと鉱山）,北海道登別市鉱山町8-3,1,,,42.468507,141.037177,
3928,E0123000014111,桜木の家,北海道登別市桜木町2-15-16,,,,42.404972,141.090544,
3929,E0123000015111,桜木会館,北海道登別市桜木町2-15-17,,,,42.405109,141.090301,
3930,E0123000017111,桜木集会所,北海道登別市桜木町4-1-1,1,,,42.405024,141.086783,
3931,E0123000019111,札内偕楽園,北海道登別市札内町73-1,,,,42.4578591546659,141.117971640139,
3932,E0123000020111,総合体育館,北海道登別市若山町2-26-1,1,,,42.3922365557851,141.079802400155,
3933,E0123000022111,若山の家,北海道登別市若山町2-43-128,,,,42.3889972706912,141.076903370321,
3934,E0123000023111,あかしやの家,北海道登別市若山町2-9-2,,,,42.3886000918941,141.080058116039,
3935,E0123000025111,若汐の家,北海道登別市若山町4-6-6,,,,42.3815376716614,141.072571437947,
3936,E0123000026111,若草小学校,北海道登別市若草町1-1-2,1,,,42.3653729902571,141.051454783449,
3937,E0123000030111,若草会館,北海道登別市若草町2-2-7,,,,42.3688324090303,141.055275715785,
3938,E0123000034111,若草つどいセンター,北海道登別市若草町4-21-1,,,,42.3719123312115,141.057108665788,
3939,E0123000037111,優和園,北海道登別市若草町5-32-7,,,,42.3704388192405,141.050328035508,
3940,E0123000040111,桜美園,北海道登別市上鷲別町117-26,,,,42.3757127905726,141.039586134458,
3941,E0123000043111,常盤会館,北海道登別市常盤町2-35-5,,,,42.4171669579445,141.105543598894,
3942,E0123000044111,常盤の家,北海道登別市常盤町3-26-3,,,,42.4187210655659,141.107617775468,
3943,E0123000046111,新生虹の家,北海道登別市新生町1-13-21,,,,42.3740077660517,141.06449676887,
3944,E0123000049111,新生集会所,北海道登別市新生町2-18-4,,,,42.3792675489046,141.069714039815,
3945,E0123000050111,千代の台集会所,北海道登別市新生町3-13-1,,,,42.3758315877803,141.061094068549,
3946,E0123000054111,希望の家,北海道登別市新生町5-23-21,,,,42.3767076580198,141.058198056658,
3947,E0123000056111,ねむの木の家,北海道登別市新川町3-6-2,,,,42.4079937512381,141.094965649645,
3948,E0123000059111,新川会館,北海道登別市新川町4-15-11,,,,42.412424,141.091069,
3949,E0123000064111,青葉小学校,北海道登別市青葉町3-3,1,,,42.4017929859988,141.084152875275,
3950,E0123000066111,千歳福寿園,北海道登別市千歳町101-1,,,,42.4264529937233,141.115863028419,
3951,E0123000071111,幌別中学校,北海道登別市千歳町3-1-3,1,,,42.4191547905954,141.108984890129,
3952,E0123000080111,和幸園,北海道登別市大和町2-27-17,,,,42.385070894893,141.078485935617,
3953,E0123000085111,三寿園,北海道登別市中央町3-10-3,,,,42.4074079856996,141.103254303253,
3954,E0123000088111,静和園,北海道登別市中央町5-13-7,,,,42.4130149649212,141.104463139837,
3955,E0123000090111,青少年会館,北海道登別市中央町5-21-12,,,,42.4140687041677,141.10368786952,
3956,E0123000091111,幌別小学校,北海道登別市中央町6-19-1,1,,,42.4137047696686,141.107109679854,
3957,E0123000093111,白樺の家,北海道登別市中登別町152-3,,,,42.4727750165797,141.161028003332,
3958,E0123000186111,泉和園,北海道登別市登別温泉町20-3,,,,42.491209,141.143878,
3959,E0123000184111,観光交流センター（ヌプㇽ）,北海道登別市登別港町1-4-9,,,,42.452662,141.181237,
3960,E0123000099111,明和園,北海道登別市登別東町2-21-1,,,,42.4525272989749,141.177029127316,
3961,E0123000103111,登別児童館,北海道登別市登別東町4-19-2,,,,42.4532784281295,141.174533537972,
3962,E0123000105111,汐見の家,北海道登別市登別東町4-38-47,,,,42.4569869720278,141.176128151428,
3963,E0123000106111,翠の家,北海道登別市登別東町5-13-6,,,,42.4543044630453,141.171800670629,
3964,E0123000107111,登別中学校,北海道登別市登別本町1-1-1,1,,,42.4511902369269,141.173972933647,
3965,E0123000109111,芙蓉の家,北海道登別市登別本町1-18-5,,,,42.4499283138971,141.173412486617,
3966,E0123000111111,登別小学校,北海道登別市登別本町3-25-2,1,,,42.4492390483668,141.167161182788,
3967,E0123000113111,柏木集会所,北海道登別市柏木町1-28-1,1,,,42.4180576855295,141.101685437803,
3968,E0123000116111,こぶしの家,北海道登別市柏木町4-24-42,,,,42.4211835613195,141.097040659272,
3969,E0123000118111,柏木の家,北海道登別市柏木町4-31-2,,,,42.4192008355575,141.099238302616,
3970,E0123000123111,みその園,北海道登別市美園町2-6-1,,,,42.3621581866263,141.046108291251,
3971,E0123000127111,旭ヶ丘三恵園,北海道登別市美園町4-8-8,,,,42.3643702271163,141.045723048067,
3972,E0123000133111,美園児童センター,北海道登別市美園町5-36-4,,,,42.3686357541167,141.038753941368,
3973,E0123000124111,光和園,北海道登別市美園町３－無,,,,42.3641495720136,141.042846217014,
3974,E0123000134111,富浦会館,北海道登別市富浦町1-46-4,,,,42.4437879412665,141.159302429637,
3975,E0123000138111,緑陽中学校,北海道登別市富岸町1-11-1,1,,,42.3890300175043,141.070686903033,
3976,E0123000140111,富久寿園,北海道登別市富岸町1-3-2,,,,42.388077513557,141.069399890516,
3977,E0123000141111,富岸小学校,北海道登別市富岸町2-17-4,1,,,42.384040403726,141.067766798775,
3978,E0123000144111,亀田記念公園管理棟,北海道登別市富岸町3-8,1,,,42.3862858466731,141.062316867764,
3979,E0123000147111,相生の家,北海道登別市富士町1-1-4,,,,42.4121337090778,141.102744824647,
3980,E0123000149111,老人福祉センター,北海道登別市富士町7-11-1,,,,42.4135820855734,141.096702638475,
3981,E0123000151111,富士会館,北海道登別市富士町7-2-1,,,,42.4147064116111,141.098407661985,
3982,E0123000151112,富士保育所,北海道登別市富士町7-2-1,,,,42.4144529420069,141.097817576004,
3983,E0123000153111,市民会館,北海道登別市富士町7-33-1,1,,,42.414783,141.093857,
3984,E0123000156111,梅の木の家,北海道登別市片倉町3-14-19,,,,42.413634434428,141.089450430975,
3985,E0123000157111,西陵中学校,北海道登別市片倉町5-12-1,1,,,42.4148180941085,141.087358965057,
3986,E0123000158111,幌別西小学校,北海道登別市片倉町5-13,1,,,42.4145293154483,141.086549403844,
3987,E0123000159111,総合福祉センター（しんた２１）,北海道登別市片倉町6-9-1,1,,,42.4187932994654,141.084845899232,
3988,E0123000159121,総合福祉センター（しんた２１）,北海道登別市片倉町6-9-1,1,,要配慮者,42.4187932994654,141.084845899232,
3989,E0123000161111,鉄南ふれあいセンター,北海道登別市幌別町3-17-1,1,,,42.4116320402128,141.110724433857,
3990,E0123000162111,永和園,北海道登別市幌別町3-17-8,,,,42.4118102691507,141.110552772481,
3991,E0123000164111,幌別東集会所,北海道登別市幌別町8-12,,,,42.4182007821919,141.121632247811,
3992,E0123000167111,緑寿の家,北海道登別市緑町1-2-4,,,,42.3992854065492,141.092036196091,
3993,E0123000168111,双和園,北海道登別市鷲別町1-26-2,,,,42.3546884731507,141.048993315973,
3994,E0123000172111,鷲別コミュニティセンター,北海道登別市鷲別町3-3-4,,,,42.361028,141.048503,
3995,E0123000175111,鷲別小学校,北海道登別市鷲別町4-36-21,1,,,42.3609227632624,141.053088384741,
3996,E0123000176111,恵和園,北海道登別市鷲別町4-36-37,,,,42.3618338842814,141.051087300614,
3997,E0123000177111,鷲別中学校,北海道登別市鷲別町4-36-6,1,,,42.3606003694421,141.052078086443,
3998,E0123000177112,鷲別児童館,北海道登別市鷲別町4-36-6,1,,,42.3541736488823,141.049665623396,
3999,E0123000178111,鷲六園,北海道登別市鷲別町6-14-10,,,,42.3572208417577,141.0512020104,
4000,E0139100002111,本目ふれあい交流センター「おあしす」,北海道島牧村字253-1,,,,42.74403718,140.1302213,
4001,E0139100006111,栄磯いこいの家,北海道島牧村字栄磯63-5,,,,42.73520538,140.102568,
4002,E0139100008111,栄浜福祉館,北海道島牧村字栄浜355,1,,,42.67392769,139.889016,
4003,E0139100013111,生活改善センター,北海道島牧村字永豊町41,,,,42.70658438,140.0666728,
4004,E0139100016111,歌島児童館,北海道島牧村字歌島374,,,,42.775273,140.150764,
4005,E0139100022111,漁村センター,北海道島牧村字元町165,,,,42.68530142,140.0013767,
4006,E0139100025111,島牧小学校体育館,北海道島牧村字元町84,1,,,42.69116754,139.9910486,
4007,E0139100026111,原歌生活館,北海道島牧村字原歌128,,,,42.68843226,139.9809429,
4008,E0139100031111,島牧村若者総合スポーツセンター,北海道島牧村字江ノ島245,1,,,42.68792582,140.0157888,
4009,E0139100033111,島牧中学校体育館,北海道島牧村字小川118,1,,,42.74172173,140.1312116,
4010,E0139100035111,道の駅「よってけ！島牧」,北海道島牧村字千走11-1,1,,,42.68656116,140.0129346,
4011,E0139100038111,旧高齢者生きがい創造センター,北海道島牧村字泊412-2,,,,42.67380469,140.082249,
4012,E0139100039122,島牧慈光園,北海道島牧村字泊416,1,,,42.6724459,140.0828659,
4013,E0139100042121,島牧柏光園,北海道島牧村字冨浦285,1,,,42.78002149,140.1566939,
4014,E0139100045111,豊浜会館,北海道島牧村字豊浜34,1,,,42.73227459,140.0892401,
4015,E0139100046111,村立島牧保育所,北海道島牧村字豊平11,1,,,42.698239,140.054782,津波救命艇×１隻
4016,E0145300002111,忠栄地区公民館,北海道東神楽町１９号南2,,,,43.69199039,142.4984303,
4017,E0145300003111,旧忠栄小学校（東神楽大学）,北海道東神楽町１９号南5,,,,43.68931485,142.5000941,
4018,E0145300004111,子ども発達支援センター,北海道東神楽町１９号北区画外1,,,,43.69271228,142.4978955,
4019,E0145300007111,東聖小学校,北海道東神楽町ひじり野南一条2-1-1,,,,43.71908624,142.4138403,
4020,E0145300010111,ふれあい交流館,北海道東神楽町ひじり野北一条1-1-6,,,,43.71941692,142.4172866,
4021,E0145300012111,健康回復センター（森のゆ花神楽）,北海道東神楽町基線27-29,,,,43.67101954,142.5432847,
4022,E0145300013111,志比内小学校,北海道東神楽町字志比内73,1,,,43.64476152,142.5816729,
4023,E0145300014111,志比内地区交流センター,北海道東神楽町字志比内75,,,,43.6444342180846,142.582781238418,
4024,E0145300016111,八千代地区交流センター,北海道東神楽町字八千代ケ岡２線北8-418,,,,43.66633759,142.4997041,
4025,E0145300017111,聖台地区公民館,北海道東神楽町東１線8,1,,,43.69142251,142.4159566,
4026,E0145300019111,稲荷地区公民館,北海道東神楽町東４線17,1,,,43.67326533,142.4739353,
4027,E0145300020111,東神楽町図書館,北海道東神楽町南一条西1-3-10,1,,,43.69671303,142.4505325,
4028,E0145300022111,総合体育館・地域世代交流センター,北海道東神楽町南一条西1-4-1,1,,,43.69735145,142.4502762,
4029,E0145300024111,東神楽町中学校,北海道東神楽町南一条西3-6-1,1,,,43.70018032,142.444256,
4030,E0145300028111,東神楽小学校,北海道東神楽町南三条東1-2-1,1,,,43.69266664,142.4509504,
4031,E0145300027121,交流プラザつつじ館,北海道東神楽町南二条1-1-6,,,要配慮者,43.69626096,142.4485949,
4032,E0145300027111,交流プラザつつじ館,北海道東神楽町南二条1-1-6,,,,43.69626096,142.4485949,
4033,E0145300030111,コミュニティセンター,北海道東神楽町北一条西1-1-13,,,,43.69835929,142.4526561,
4034,E0145800044111,㈱大雪水資源保全センター,北海道東川町ノカナン１０４６－４１,,,,43.631246869196,142.685019916,
4035,E0145800003113,北海道東川養護学校校舎,北海道東川町新栄南1-2-5,1,,,43.738360790871,142.5006114871,
4036,E0145800003112,北海道東川養護学校屋内体育館,北海道東川町新栄南1-2-5,1,,,43.737911,142.501169,
4037,E0145800003111,北海道東川養護学校グラウンド,北海道東川町新栄南1-2-5,1,,,43.737456,142.500764,
4038,E0145800004121,ふれあいの郷,北海道東川町進化台,1,,要配慮者,43.700533,142.54435,
4039,E0145800005113,東川町立東川第１小学校屋内体育館,北海道東川町西１０号北24,1,,,43.730868554377,142.49107510351,
4040,E0145800005112,東川町立東川第１小学校グラウンド,北海道東川町西１０号北24,1,,,43.730908,142.491772,
4041,E0145800005111,第一地区コミュニティセンター,北海道東川町西１０号北24,1,,,43.730356,142.490864,
4042,E0145800005114,東川町立東川第１小学校校舎,北海道東川町西１０号北24,1,,,43.730575902409,142.49156676851,
4043,E0145800007111,第二地区コミュニティセンター,北海道東川町西４号北30,,,,43.716839,142.528936,
4044,E0145800008112,東川町立東川第２小学校屋内体育館,北海道東川町西４号北32,1,,,43.717653,142.529308,
4045,E0145800008111,東川町立東川第２小学校グラウンド,北海道東川町西４号北32,1,,,43.717897,142.529983,
4046,E0145800008113,東川町立東川第２小学校校舎,北海道東川町西４号北32,1,,,43.717456011181,142.52977766935,
4047,E0145800010114,東川町幼児センターグラウンド,北海道東川町西４号北8,1,,,43.700594,142.514594,
4048,E0145800010116,東川町幼児センター,北海道東川町西４号北8,1,,,43.701033,142.513936,
4049,E0145800010115,東川町幼児センター駐車場,北海道東川町西４号北8,1,,,43.701351635253,142.5130925582,
4050,E0145800010113,東川町立東川小学校校舎,北海道東川町西４号北8,1,,,43.702125,142.514381,
4051,E0145800010111,東川町立東川小学校グラウンド,北海道東川町西４号北8,1,,,43.700886809924,142.51658736807,
4052,E0145800010112,東川町立東川小学校体育館,北海道東川町西４号北8,1,,,43.701358600752,142.51572864418,
4053,E0145800041111,キトウシの森きとろん,北海道東川町西四号北46,,,,43.727076,142.539783,
4054,E0145800014121,老人保健施設ひだまりの里,北海道東川町西町8-29-1,,,要配慮者,43.700747,142.477131,
4055,E0145800015121,特別養護老人ホーム羽衣園,北海道東川町西町8-29-3,,,要配慮者,43.700786,142.478242,
4056,E0145800017111,西部地区コミュニティセンター,北海道東川町西町8-5-1,,,,43.7077,142.485636,
4057,E0145800018113,東川町立東川第３小学校屋内体育館,北海道東川町東８号南1,1,,,43.667964,142.559806,
4058,E0145800018111,第三地区コミュニティセンター,北海道東川町東８号南1,1,,,43.668951009609,142.56266711309,
4059,E0145800018112,東川町立東川第３小学校グラウンド,北海道東川町東８号南1,1,,,43.667472,142.559781,
4060,E0145800018114,東川町立東川第３小学校校舎,北海道東川町東８号南1,1,,,43.667738952961,142.56015816309,
4061,E0145800019113,東川町インフォメーションセンター道草館,北海道東川町東町1-1-15,,,,43.697313,142.508821,
4062,E0145800020121,シニアセンター,北海道東川町東町1-15-1,,,要配慮者,43.6994359655395,142.512041146399,
4063,E0145800042111,文化交流館,北海道東川町東町1-15-2,,,,43.699981,142.512669,
4064,E0145800021112,東川町農村環境改善センター,北海道東川町東町1-15-3,1,,,43.699560135484,142.51317680449,
4065,E0145800021111,東川町開拓記念羽衣公園,北海道東川町東町1-15-3,1,,,43.698906,142.513636,
4066,E0145800022111,東川町文化ギャラリー,北海道東川町東町1-19-1,,,,43.700328516511,142.51176737512,
4067,E0145800023111,東町会館,北海道東川町東町1-7-1,,,,43.698490200288,142.50926089712,
4068,E0145800024121,東川町共生サロンここりん,北海道東川町東町1-7-10,,,要配慮者,43.698359828186,142.50954106902,
4069,E0145800025121,東川町ふるさと交流センター,北海道東川町東町1-7-14,,,要配慮者,43.698152148918,142.50984799305,
4070,E0145800025111,東川町ふるさと交流センター,北海道東川町東町1-7-14,,,,43.6981310796951,142.509828808869,
4071,E0145800043111,東川町共生プラザそらいろ,北海道東川町東町2-12-10,,,,43.697514,142.514373,
4072,E0145800026121,地域活動支援センターかたくり,北海道東川町東町4-15-12,,,,43.695844312892,142.52171072874,
4073,E0145800026111,地域活動支援センターかたくり,北海道東川町東町4-15-12,,,,43.6958412967172,142.521715284718,
4074,E0145800031113,せんとぴゅあⅠ（旧東川町立東川小学校校舎）,北海道東川町北町1-1-1,1,,,43.698914,142.507694,
4075,E0145800031111,せんとぴゅあⅠ（旧東川町立東川小学校グラウンド）,北海道東川町北町1-1-1,1,,,43.698345544063,142.5074048368,
4076,E0145800031112,せんとぴゅあⅠ（旧東川町立東川小学校屋内体育館）,北海道東川町北町1-1-1,1,,,43.699175205585,142.50791067096,
4077,E0145800032111,錬成館,北海道東川町北町1-1-3,,,,43.699003245139,142.50834365074,
4078,E0145800033111,東川町立東川中学校グラウンド,北海道東川町北町1-5-1,1,,,43.700486108969,142.50870109077,
4079,E0145800033113,東川町立東川中学校校舎,北海道東川町北町1-5-1,1,,,43.69989485152,142.50844820484,
4080,E0145800033112,東川町立東川中学校屋内体育館,北海道東川町北町1-5-1,1,,,43.700225,142.507669,
4081,E0145800034111,東川町海洋センター,北海道東川町北町1-7-1,,,,43.701817,142.508739,
4082,E0145800035113,北海道東川高等学校校舎,北海道東川町北町2-12-1,1,,,43.701145176463,142.50581893518,
4083,E0145800035112,北海道東川高等学校屋内体育館,北海道東川町北町2-12-1,1,,,43.700833,142.506969,
4084,E0145800035111,北海道東川高等学校グラウンド,北海道東川町北町2-12-1,1,,,43.70171203638,142.50596762418,
4085,E0145800038111,グループホームほのぼのファミリー,北海道東川町北町5-4-10,,,,43.7054094150259,142.494505745379,
4086,E0130300003111,スウェーデンヒルズゴルフ倶楽部,北海道当別町スウェーデンヒルズ2788,1,,,43.22296664,141.4503652,
4087,E0130300006111,とうべつ学園,北海道当別町下川町125,1,,,43.21348445,141.5107193,
4088,E0130300008111,当別赤れんが６号,北海道当別町錦町294,1,,,43.22165602,141.5139102,
4089,E0130300009111,北海道医療大学,北海道当別町金沢1757,1,,,43.23203016,141.5489803,
4090,E0130300011111,旧当別小学校,北海道当別町元町102,1,,,43.22124495,141.5193282,
4091,E0130300015111,高岡会館,北海道当別町高岡2046-2,1,,,43.23313743,141.4278359,
4092,E0130300016111,獅子内会館,北海道当別町獅子内2353-4,1,,,43.20419396,141.4454143,
4093,E0130300056111,西当別中学校,北海道当別町獅子内5134-1,,,,43.19986197,141.4490061,
4094,E0130300058111,中小屋会館,北海道当別町字中小屋2254,,,,43.292345,141.597894,
4095,E0130300019111,当別高校,北海道当別町春日町84-4,1,,,43.22766953,141.5224193,
4096,E0130300022121,当別町総合保健福祉センター,北海道当別町西町32,,,,43.22267877,141.5107913,
4097,E0130300023111,青山会館,北海道当別町青山85-3,1,,,43.30261142,141.5510812,
4098,E0130300024111,川下会館,北海道当別町川下754,1,,,43.176946,141.4913663,
4099,E0130300027111,西当別小学校,北海道当別町太美町1481,1,,,43.19177951,141.4460599,
4100,E0130300028111,ふとみ銘泉万葉の湯,北海道当別町太美町1695,1,,,43.18828808,141.4449061,
4101,E0130300029111,西当別コミュニテイーセンター,北海道当別町太美町22-7,1,,,43.19255875,141.4428133,
4102,E0130300032111,旧中小屋小学校,北海道当別町中小屋213,1,,,43.29614175,141.5991493,
4103,E0130300033111,中小屋温泉,北海道当別町中小屋482,1,,,43.28294957,141.581977,
4104,E0130300034111,東裏地域会館,北海道当別町東裏2254,1,,,43.21029104,141.5499944,
4105,E0130300036111,当別太会館,北海道当別町当別太1078-7,1,,,43.18320811,141.4473382,
4106,E0130300037111,北欧の風道の駅とうべつ,北海道当別町当別太774-11,1,,,43.17686397,141.4487123,
4107,E0130300040111,当別町総合体育館,北海道当別町白樺町2792,1,,,43.22311218,141.5134041,
4108,E0130300041111,当別町白樺コミュニテイーセンター,北海道当別町白樺町2792-1,1,,,43.22365515,141.5132757,
4109,E0130300045111,旧弁華別中学校,北海道当別町弁華別429,1,,,43.26374214,141.5327487,
4110,E0130300055111,石狩平原カントリークラブ,北海道当別町弁華別4647,,,,43.257854,141.508643,
4111,E0130300051111,ハッピーバレーゴルフクラブ札幌,北海道当別町茂平沢3382,1,,,43.24256826,141.543536,
4112,E0130300053111,南部地域会館,北海道当別町蕨岱1860-6,1,,,43.18130726,141.5333533,
4113,E0130300054111,東蕨岱会館,北海道当別町蕨岱2746-12,1,,,43.18199181,141.5605889,
4114,E0145400013111,伊香牛地区体育館,北海道当麻町伊香牛2,1,,,43.8746526,142.5201837,
4115,E0145400023111,伊香牛公民分館,北海道当麻町伊香牛二区,,,,43.876913,142.525165,
4116,E0145400014111,宇園別小学校,北海道当麻町宇園別2,1,,,43.83654676,142.4835756,
4117,E0145400021111,宇園別公民分館,北海道当麻町宇園別二区,,,,43.835955,142.482833,
4118,E0145400015111,開明地区体育館,北海道当麻町開明2,1,,,43.82811564,142.580561,
4119,E0145400025111,開明公民分館,北海道当麻町開明二区,,,,43.827197,142.579906,
4120,E0145400008111,当麻中学校,北海道当麻町五条西4-5-1,1,,,43.82958947,142.5255657,
4121,E0145400001111,当麻町公民館,北海道当麻町三条東2-11-3,,,,43.82826908,142.508227,
4122,E0145400002111,当麻小学校,北海道当麻町三条東3-13-1,1,,,43.82374203,142.5124934,
4123,E0145400003111,当麻幼稚園,北海道当麻町四条西3-3-1,1,,,43.82859434,142.5118141,
4124,E0145400004111,子育て総合センター,北海道当麻町四条西3-3-2,,,,43.82894438,142.5114152,
4125,E0145400005111,スポーツセンター,北海道当麻町四条東2-16-2,,,,43.82955632,142.5100444,
4126,E0145400006111,農村環境改善センター,北海道当麻町四条東2-16-3,,,,43.82852487,142.510499,
4127,E0145400007121,当麻柏寿園,北海道当麻町四条東3-4-35,,,要配慮者,43.8276340377219,142.516671253967,
4128,E0145400016111,東地域集会所,北海道当麻町東1,,,,43.80461888,142.5576633,
4129,E0145400017111,北星地区体育館,北海道当麻町北星1,1,,,43.84887614,142.5249168,
4130,E0145400024111,北星公民分館,北海道当麻町北星一区,,,,43.848155,142.52631,
4131,E0145400018111,緑郷公民分館,北海道当麻町緑郷3,,,,43.87233419,142.5772706,
4132,E0145400009121,保健福祉センター,北海道当麻町六条西4-2-8,,,要配慮者,43.83305664,142.5309317,
4133,E0145400009112,健康福祉施設,北海道当麻町六条西4-2-8,,,,43.83335239,142.5305573,
4134,E0145400010111,くるみなの木遊館,北海道当麻町六条西4-3-1,,,,43.829885186443,142.527684118489,
4135,E0145400012121,当麻柏陽園,北海道当麻町六条東4-6-1,,,要配慮者,43.8306867937723,142.530908856477,
4136,E0121300003112,苫小牧南高等学校,北海道苫小牧市のぞみ町2-1-2,1,,,42.61394903,141.4988796,
4137,E0121300004111,緑陵中学校,北海道苫小牧市のぞみ町3-10-1,1,,,42.61810186,141.4983145,
4138,E0121300005111,啓明中学校,北海道苫小牧市はまなす町2-2-2,1,,,42.62755249,141.5148169,
4139,E0121300001112,ウトナイ中学校,北海道苫小牧市ウトナイ北2-5-1,1,,,42.684665425132,141.69576099593,
4140,E0121300002112,ウトナイ小学校,北海道苫小牧市ウトナイ北3-2-1,1,,,42.68152729,141.6933155,
4141,E0121300006112,苫小牧東中学校,北海道苫小牧市旭町1-7-10,1,,,42.63238149,141.607732,
4142,E0121300006114,苫小牧東小学校,北海道苫小牧市旭町1-7-10,1,,,42.631318051271,141.60847446513,
4143,E0121300008111,錦岡小学校,北海道苫小牧市宮前町2-30-2,1,,,42.60469115,141.4886951,
4144,E0121300009112,北洋大学,北海道苫小牧市錦西町3-2-1,1,,,42.600461366859,141.46783875693,
4145,E0121300010111,啓北中学校,北海道苫小牧市啓北町2-12-11,1,,,42.63411091,141.5634204,
4146,E0121300011111,光洋中学校,北海道苫小牧市光洋町2-5-2,1,,,42.62378802,141.563424,
4147,E0121300012112,苫小牧中央高等学校,北海道苫小牧市光洋町3-13-2,1,,,42.62569672,141.5623514,
4148,E0121300013111,北星小学校,北海道苫小牧市桜木町3-8-6,1,,,42.62873914,141.5506423,
4149,E0121300014112,緑小学校,北海道苫小牧市三光町2-6-5,1,,,42.65060049,141.6172766,
4150,E0121300015112,苫小牧工業高等専門学校,北海道苫小牧市字錦岡443,1,,,42.62345473,141.4949743,
4151,E0121300016112,苫小牧工業高等学校,北海道苫小牧市字高丘6-22,1,,,42.66226773,141.6089574,
4152,E0121300017112,植苗小中学校,北海道苫小牧市字植苗50,1,,,42.7209218,141.7187437,
4153,E0121300019112,勇払中学校,北海道苫小牧市字勇払132,1,,,42.63138538,141.730175,
4154,E0121300020112,勇払小学校,北海道苫小牧市字勇払149,1,,,42.63324629,141.7286673,
4155,E0121300021112,若草小学校,北海道苫小牧市若草町1-4-5,1,,,42.63907978,141.6085473,
4156,E0121300022112,苫小牧総合経済高等学校,北海道苫小牧市新開町4-7-2,1,,,42.66341959,141.6399208,
4157,E0121300023111,澄川小学校,北海道苫小牧市澄川町2-4-6,1,,,42.62024427,141.5145562,
4158,E0121300024111,清水小学校,北海道苫小牧市清水町2-10-16,1,,,42.65062552,141.5971213,
4159,E0121300025112,苫小牧東高等学校,北海道苫小牧市清水町2-12-20,1,,,42.65300095,141.5984919,
4160,E0121300026111,開成中学校,北海道苫小牧市清水町2-9-2,1,,,42.64912566,141.596288,
4161,E0121300027111,凌雲中学校,北海道苫小牧市青雲町2-15-3,1,,,42.60860564,141.4912723,
4162,E0121300028112,苫小牧西高等学校,北海道苫小牧市青葉町1-1-1,1,,,42.63008201,141.5755429,
4163,E0121300029111,泉野小学校,北海道苫小牧市川沿町4-5-1,1,,,42.61896209,141.5247564,
4164,E0121300030112,和光中学校,北海道苫小牧市双葉町1-11-3,1,,,42.65028908,141.6124125,
4165,E0121300031111,大成小学校,北海道苫小牧市大成町2-3-2,1,,,42.625779,141.569044,
4166,E0121300032112,拓進小学校,北海道苫小牧市拓勇西町3-8-1,1,,,42.66786444,141.6694696,
4167,E0121300033112,拓勇小学校,北海道苫小牧市拓勇東町4-8-1,1,,,42.67329023,141.6810936,
4168,E0121300034112,青翔中学校,北海道苫小牧市拓勇東町6-15-1,1,,,42.67404655,141.6731263,
4169,E0121300035112,沼ノ端小学校,北海道苫小牧市東開町6-1-1,1,,,42.66846895,141.698705,
4170,E0121300036112,沼ノ端中学校,北海道苫小牧市東開町6-1-2,1,,,42.6661496,141.6996866,
4171,E0121300037111,糸井小学校,北海道苫小牧市日吉町4-12-6,1,,,42.6238254,141.5531049,
4172,E0121300038111,日新小学校,北海道苫小牧市日新町3-1-7,1,,,42.62755494,141.5359422,
4173,E0121300039111,明倫中学校,北海道苫小牧市日新町3-5-13,1,,,42.62836476,141.5358339,
4174,E0121300040112,駒澤大学附属苫小牧高等学校,北海道苫小牧市美園町1-9-3,1,,,42.66149455,141.6188065,
4175,E0121300041111,美園小学校,北海道苫小牧市美園町4-26-2,1,,,42.66358861,141.6144787,
4176,E0121300042111,豊川小学校,北海道苫小牧市豊川町4-7-14,1,,,42.63490312,141.5487381,
4177,E0121300043111,北光小学校,北海道苫小牧市北光町3-8-2,1,,,42.63717598,141.5741058,
4178,E0121300044111,北海道苫小牧支援学校,北海道苫小牧市明徳町3-10-3,1,,,42.611196639294,141.48102930702,
4179,E0121300045112,明野中学校,北海道苫小牧市明野新町3-13-1,1,,,42.6574474,141.6281185,
4180,E0121300046112,明野小学校,北海道苫小牧市明野新町6-3-1,1,,,42.65865601,141.6255534,
4181,E0121300047111,苫小牧西小学校,北海道苫小牧市矢代町3-7-16,1,,,42.62735171,141.5855923,
4182,E0121300048111,旧啓北中学校山なみ分校,北海道苫小牧市有珠の沢町3-9-7,1,,,42.63866685,141.5524913,
4183,E0148300001111,苫前中学校,北海道苫前町字旭18-2,1,,,44.30432349,141.6524809,
4184,E0148300002111,旭克雪管理センター,北海道苫前町字旭332-3,1,,,44.304656726234,141.677186602836,
4185,E0148300002112,旭ふれあいセンター,北海道苫前町字旭332-3,1,,,44.30477075,141.6774221,
4186,E0148300003111,苫前地区コミュニティセンター,北海道苫前町字旭37-1,1,,,44.30576869,141.6526001,
4187,E0148300004111,栄浜生活改善センター,北海道苫前町字栄浜233,1,,,44.31433527,141.6624063,
4188,E0148300005111,岩見ふれあいホール,北海道苫前町字岩見104-3,1,,,44.25714097,141.7496131,
4189,E0148300006111,九重地区コミュニティセンター,北海道苫前町字九重1123,1,,,44.23500905,141.727855,
4190,E0148300007111,苫前町公民館,北海道苫前町字古丹別187-15,1,,,44.26205,141.7112347,
4191,E0148300008111,古丹別中学校,北海道苫前町字古丹別237-4,1,,,44.25789143,141.7134113,
4192,E0148300011111,古丹別小学校,北海道苫前町字古丹別430-3,1,,,44.26328423,141.7222149,
4193,E0148300013111,香川転作研修センター,北海道苫前町字香川534-4,1,,,44.27302866,141.6745176,
4194,E0148300014111,三渓へき地保健福祉館,北海道苫前町字三渓64-1,1,,,44.18823313,141.7740946,
4195,E0148300016111,小川研修センター,北海道苫前町字小川177-5,1,,,44.26994457,141.7651995,
4196,E0148300018111,昭和住民センター,北海道苫前町字昭和95-13,1,,,44.31495387,141.6845397,
4197,E0148300021111,上平ふれあいセンター,北海道苫前町字上平78-4,1,,,44.26285468,141.6556548,
4198,E0148300022111,長島寿の家,北海道苫前町字長島179-17,1,,,44.28183617,141.6916622,
4199,E0148300023111,長島生活改善センター,北海道苫前町字長島40-2,1,,,44.27206827,141.684517,
4200,E0148300024111,東川町内会館,北海道苫前町字東川35-15,1,,,44.22980844,141.7909025,
4201,E0148300026111,とままえ温泉ふわっと,北海道苫前町字苫前119-1,1,,,44.31330302,141.6567746,
4202,E0148300028111,苫前町福祉センター,北海道苫前町字苫前172,1,,,44.30844166,141.6529278,
4203,E0148300031111,苫前小学校,北海道苫前町字苫前385-1,1,,,44.307027,141.6571978,
4204,E0148300033111,力昼生活館,北海道苫前町字力昼220-5,1,,,44.22848546,141.6585461,
4205,E0142400001111,北海道奈井江商業高等学校（体育館）,北海道奈井江町字チャシュナイ1007-3,1,,,43.41595287,141.8826657,
4206,E0142400008111,奈井江町立奈井江中学校（体育館）,北海道奈井江町字奈井江147,1,,,43.42559936,141.8797722,
4207,E0142400009111,奈井江町社会教育センター,北海道奈井江町字奈井江152-1,1,,,43.42751408,141.8798035,
4208,E0142400009121,奈井江町社会教育センター,北海道奈井江町字奈井江152-1,1,,要配慮者,43.42751408,141.8798035,
4209,E0142400010111,奈井江町立奈井江小学校（体育館）,北海道奈井江町字奈井江162-1,1,,,43.42923212,141.8808366,
4210,E0142400015111,奈井江町体育館,北海道奈井江町字奈井江748-118,1,,,43.4224344,141.8986645,
4211,E0142400020111,奈井江町文化ホール,北海道奈井江町字奈井江町243-24,1,,,43.42268871,141.8883019,
4212,E0142400021111,奈井江町交流プラザみなクル,北海道奈井江町字奈井江町74,1,,,43.42515487,141.888804,
4213,E0142300012111,夕張太ふれあい館,北海道南幌町稲穂1-9-1,,,,43.02836504,141.5977752,
4214,E0142300002111,南幌町生涯学習センター,北海道南幌町栄町3-3-1,,,,43.06461314,141.6506734,
4215,E0142300003111,南幌中学校,北海道南幌町栄町3-3-2,,,,43.06652766,141.648831,
4216,E0142300004111,南幌めぐみ学園,北海道南幌町元町1-6-1,,,,43.0719724224924,141.653440311167,
4217,E0142300004121,南幌めぐみ学園,北海道南幌町元町1-6-1,,,,43.07197234,141.6535022,
4218,E0142300006111,南幌町ふるさと物産館ビューロー,北海道南幌町中央1-2-22,,,,43.06044923,141.6539402,
4219,E0142300007111,南幌町農村環境改善センター,北海道南幌町中央2-3-2,,,,43.05947235,141.6517652,
4220,E0142300008111,南幌町スポーツセンター,北海道南幌町中央2-4-1,,,,43.05964848,141.6527454,
4221,E0142300009111,南幌町保健福祉総合センターあいくる,北海道南幌町中央3-4-26,,,,43.06064826,141.6505748,
4222,E0142300009121,南幌町保健福祉総合センターあいくる,北海道南幌町中央3-4-26,,,,43.06064826,141.6505748,
4223,E0142300014111,三重レークハウス,北海道南幌町南１３線西5,,,,43.08407,141.680465,
4224,E0142300010111,南幌小学校,北海道南幌町美園2-6-1,,,,43.05494168,141.6562814,
4225,E0142300013111,子ども室内遊戯施設　はれっぱ,北海道南幌町美園3,,,,43.05774,141.656673,
4226,E0142300011111,南幌養護学校,北海道南幌町緑町5-1-1,,,,43.06622505,141.6604903,
4227,E0160100001121,特別養護老人ホーム日高高寿園,北海道日高町栄町東1-303-12,,,,42.8789595568142,142.44019652942,
4228,E0160100002111,日高こもれびホール,北海道日高町宮下町1-411-1,1,,,42.8803958,142.4373703,
4229,E0160100003111,厚賀会館,北海道日高町厚賀町196-3,1,,,42.42793375,142.2300147,
4230,E0160100004111,賀張生活館,北海道日高町字賀張203-4,1,,,42.46605129,142.2171264,
4231,E0160100005111,幾千世生活館,北海道日高町字幾千世166-2,1,,,42.500126722551,142.11483729439,
4232,E0160100006111,庫富生活館,北海道日高町字庫富278-2,1,,,42.52678832,142.1522887,
4233,E0160100007111,庫富コミュニティーセンター,北海道日高町字庫富282,1,,,42.52885301,142.1524969,
4234,E0160100009112,厚賀中学校,北海道日高町字厚賀町216-1,1,,,42.428041,142.224582,
4235,E0160100011111,厚賀生活館,北海道日高町字厚賀町56-45,1,,,42.43136626,142.2128233,
4236,E0160100012111,美鈴生活館,北海道日高町字厚賀町98-2,1,,,42.42704441,142.2228505,
4237,E0160100013112,広富生活館,北海道日高町字広富96-1,1,,,42.57587202,142.215237,
4238,E0160100013111,広富山村研修センター,北海道日高町字広富96-1,1,,,42.57584832,142.2153174,
4239,E0160100014111,三和生活館,北海道日高町字三和82-173,1,,,42.59350146,142.3518277,
4240,E0160100015111,正和地域交流センター,北海道日高町字正和195-23,1,,,42.55048088,142.3295074,
4241,E0160100069111,清畠生活館,北海道日高町字清畠１１２先鉄道用地,1,,,42.455246,142.178219,
4242,E0160100068112,慶能舞生活館,北海道日高町字清畠３６９－１０　外,1,,,42.474696361797,142.19631267071,
4243,E0160100019111,千栄会館,北海道日高町字千栄107-1,1,,,42.8918846545655,142.531226223543,
4244,E0160100020111,千栄コミュニティーセンター,北海道日高町字千栄108-2,1,,,42.89160829,142.5322899,
4245,E0160100021111,北海道アウトドアアドベンチャーズ,北海道日高町字千栄132,,,,42.8900175653301,142.535058269183,
4246,E0160100023111,国立日高青少年自然の家,北海道日高町字富岡,1,,,42.8740810729463,142.451408218914,
4247,E0160100025121,養護老人ホーム門別長生園,北海道日高町字富浜223-143,,,,42.49622869696,142.05032511485,
4248,E0160100025122,特別養護老人ホーム門別得陽園,北海道日高町字富浜223-143,,,,42.496268249972,142.0502768351,
4249,E0160100026111,富浜生活館,北海道日高町字富浜42-2,1,,,42.49492014,142.02024287402,
4250,E0160100027111,平賀生活館,北海道日高町字平賀312-1,1,,,42.53038533,142.0460415,
4251,E0160100028111,豊郷生活館,北海道日高町字豊郷447-5,1,,,42.50740758,142.1790868,
4252,E0160100029111,豊美生活館,北海道日高町字豊田30-3,1,,,42.43542938,142.2559376,
4253,E0160100030111,緑ケ丘生活館,北海道日高町字緑町167-2,1,,,42.51074569,142.0873599,
4254,E0160100032111,若草生活館,北海道日高町字緑町41-1,1,,,42.487338405489,142.06610693028,
4255,E0160100033112,総合体育館・武道館,北海道日高町松風町1-116-2,1,,,42.87867321,142.4484546,
4256,E0160100033111,日高町民センター,北海道日高町松風町1-116-2,1,,,42.87804516,142.4481926,
4257,E0160100034111,日高高等学校（体育館）,北海道日高町松風町1-124-1,1,,,42.87941512,142.4492547,
4258,E0160100037111,富川生活館,北海道日高町富川西1-1-1,1,,,42.521498351071,142.02382993866,
4259,E0160100038121,社会福祉法人愛光会門別愛光園,北海道日高町富川西12-67-4,,,,42.5123040031823,141.997238193459,
4260,E0160100039111,北海道富川高等学校,北海道日高町富川西12-69-109,1,,,42.51123319,142.011672,
4261,E0160100042111,富川小学校,北海道日高町富川東1-1-1,1,,,42.51392162,142.0344065,
4262,E0160100044111,富川防災ステーション,北海道日高町富川東2-950-2,1,,,42.50500871,142.0425948,
4263,E0160100046111,佐留太生活館,北海道日高町富川東4-4-24,1,,,42.50838113,142.0353565,
4264,E0160100048111,門別総合町民センター,北海道日高町富川東6-3-1,1,,,42.49766532,142.0512911,
4265,E0160100053111,旭町生活館,北海道日高町富川南6-12-4,1,,,42.51245634,142.0144173,
4266,E0160100054111,新光町生活館,北海道日高町富川北2-10-2,1,,,42.52228958,142.0327472,
4267,E0160100070111,富川複合施設,北海道日高町富川北3-3-16,1,,,42.520927,142.028702,
4268,E0160100059111,富川中学校,北海道日高町富川北7-3-6,1,,,42.52558787,142.0374106,
4269,E0160100063111,門別ふれあいセンター,北海道日高町門別本町12-27,1,,,42.4806064,142.0676256,
4270,E0160100064111,門別公民館,北海道日高町門別本町210-1,1,,,42.480320831497,142.07342386969,
4271,E0160100065111,門別中学校,北海道日高町門別本町239-1,1,,,42.47400621,142.0825248,
4272,E0140300001111,泊村公民館,北海道泊村大字茅沼村172-7,1,,,43.05721719,140.4994476,
4273,E0140300002111,泊村総合福祉センター,北海道泊村大字茅沼村500-2,1,,,43.0563026,140.5103564,
4274,E0140300003111,とまり保育所,北海道泊村大字茅沼村6-2,1,,,43.05177729,140.5026639,
4275,E0140300004111,茅沼地区集会所,北海道泊村大字茅沼村672-2,1,,,43.05686562,140.5050269,
4276,E0140300005121,泊村養護老人ホームむつみ荘,北海道泊村大字茅沼村711-3,1,,,43.05625,140.513458,
4277,E0140300005112,泊村養護老人ホームむつみ荘,北海道泊村大字茅沼村711-3,1,,,43.05625,140.513458,
4278,E0140300005111,泊村特別養護老人ホームむつみ荘,北海道泊村大字茅沼村711-3,1,,,43.05650877,140.5128401,
4279,E0140300005122,泊村特別養護老人ホームむつみ荘,北海道泊村大字茅沼村711-3,1,,,43.05650877,140.5128401,
4280,E0140300006111,臼別地区集会所,北海道泊村大字茅沼村字臼別196-5,1,,,43.06253455,140.4962903,
4281,E0140300007111,泊中学校,北海道泊村大字茅沼村字南坂の上6-3,1,,,43.0524989,140.5024091,
4282,E0140300008111,盃地区集会所,北海道泊村大字興志内村1-6,1,,,43.10140819,140.4614601,
4283,E0140300020111,盃温泉　弁天の湯,北海道泊村大字興志内村字茂岩2-23,,,,43.113602,140.453762,
4284,E0140300012111,泊小学校,北海道泊村大字盃村134-1,1,,,43.09883143,140.4625295,
4285,E0140300013111,泊村アイスセンター,北海道泊村大字泊村1,1,,,43.06415292,140.4969519,
4286,E0140300014111,泊地区集会所,北海道泊村大字泊村47-4,1,,,43.06643681,140.4940517,
4287,E0140300015111,照岸・糸泊地区集会所,北海道泊村大字泊村81-7,1,,,43.07232912,140.4884474,
4288,E0140300017111,堀株地区集会所,北海道泊村大字堀株村35,1,,,43.03422007,140.5267006,
4289,E0140300018111,渋井地区集会所,北海道泊村大字堀株村字渋井132-15,1,,,43.0450844,140.5066366,
4290,E0166800003111,茶路小中学校,北海道白糠町マカヨ1-1,1,,,43.02491249,144.0230953,
4291,E0166800004111,刺牛集会所,北海道白糠町刺牛2-2-1,1,,,42.95782809,144.1010663,
4292,E0166800006111,庶路町民センター,北海道白糠町庶路1-5-18,1,,,42.98277504,144.1445543,
4293,E0166800008111,上庶路生活改善センター,北海道白糠町庶路基線184-29,1,,,43.10580922,144.0401827,
4294,E0166800009111,中庶路集会所,北海道白糠町庶路基線72-4,1,,,43.02870763,144.0976338,
4295,E0166800011111,宮下集会所,北海道白糠町庶路宮下2-5-19,1,,,42.98629298,144.1482411,
4296,E0166800014111,上茶路集会所,北海道白糠町上茶路68-11,1,,,43.09972119,143.9032994,
4297,E0166800072111,橋北中央集会所,北海道白糠町西４条北1-4-7,1,,,42.958193,144.061996,
4298,E0166800071111,橋北集会所,北海道白糠町西５条北1-2-2,1,,,42.95676,144.058535,
4299,E0166800017111,白糠消防庁舎,北海道白糠町西一条北4-2-1,,,,42.961228,144.072384,
4300,E0166800021111,白糠町武道館,北海道白糠町西五条北2-1-1,1,,,42.95895773,144.0590079,
4301,E0166800021112,白糠学園,北海道白糠町西五条北2-1-1,1,,,42.95881417,144.0583334,
4302,E0166800020111,白糠高校,北海道白糠町西四条北2-2-8,1,,,42.95883124,144.0609,
4303,E0166800023111,庶路学園,北海道白糠町西庶路学園通1-1,1,,,42.981515,144.120109,
4304,E0166800026111,西庶路信和集会所,北海道白糠町西庶路西二条北1-1-2,1,,,42.97697611,144.1251409,
4305,E0166800027111,西庶路コミュニティセンター,北海道白糠町西庶路東一条北1-4-22,1,,,42.98068986,144.129055,
4306,E0166800028111,西庶路寿の家,北海道白糠町西庶路東一条北4-1-3,1,,,42.983408,144.125971,
4307,E0166800031111,ふれあい児童館,北海道白糠町西庶路東二条北3-2-1,1,,,42.98317615,144.1295344,
4308,E0166800019111,旧白糠小学校,北海道白糠町西二条南3-1-1,1,,,42.95420896,144.0683363,
4309,E0166800033111,縫別自然の家,北海道白糠町茶路基線191-2,1,,,43.07783247,143.9680964,
4310,E0166800034111,酪農研修センター,北海道白糠町茶路基線20-1,1,,,42.9739764,144.0667309,
4311,E0166800064111,相互集会所,北海道白糠町茶路基線59-3,1,,,42.996251,144.039654,
4312,E0166800070111,鉄北集会所,北海道白糠町東１条北3-2-13,1,,,42.960293,144.075681,
4313,E0166800035111,白糠町振興センター,北海道白糠町東一条南2-1-24,1,,,42.95517737,144.0749794,
4314,E0166800037111,白糠生活館,北海道白糠町東一条南3-2-2,1,,,42.95321235,144.0753987,
4315,E0166800038111,やまびこ会館,北海道白糠町東一条北1-1-13,1,,,42.9578864,144.0753761,
4316,E0166800041111,日の出集会所,北海道白糠町東一条北7-5-2,1,,,42.96560797,144.0726549,
4317,E0166800044111,社会福祉センター,北海道白糠町東三条南1-1-18,1,,,42.95518234,144.0810978,
4318,E0166800042111,総合体育館,北海道白糠町東二条北3-1-1,1,,,42.9605125,144.0778447,
4319,E0166800050111,恋問集会所,北海道白糠町恋問1-4-11,1,,,42.98222062,144.155676,
4320,E0166800053111,大秋集会所,北海道白糠町和天別1165,1,,,42.96240932,143.9644226,
4321,E0166800063111,下和天別集会所,北海道白糠町和天別232-3,1,,,42.961452,144.02481,
4322,E0166800055111,馬主来集会所,北海道白糠町和天別287-4,1,,,42.93902722,144.017547,
4323,E0166800057111,和天別パイオニアセンター,北海道白糠町和天別846-1,1,,,42.98574865,143.9861655,
4324,E0157800004121,介護付き有料老人ホーム悠悠,北海道白老町高砂町3-1-6,1,,,42.5470411,141.3492164,
4325,E0157800007111,虎杖小学校,北海道白老町字虎杖浜174,,,,42.460124520007,141.20898030437,
4326,E0157800012111,㈱ナチュラルサイエンス体育館,北海道白老町字虎杖浜393-12,1,,,42.46434636,141.1987352,
4327,E0157800033121,介護老人福祉施設北海道リハビリテーションセンター特養部,北海道白老町字竹浦132,,,,42.47128019,141.230531,
4328,E0157800035121,障がい者支援施設北海道リハビリテーションセンター,北海道白老町字竹浦134-5,,,,42.47219665,141.231238,
4329,E0157800035122,介護老人保健施設そよ風の里,北海道白老町字竹浦134-5,,,,42.472551410908,141.23108260675,
4330,E0157800037111,竹浦コミュニティセンター（竹浦生活館含む）,北海道白老町字竹浦198-27,,,,42.49274325,141.2547798,
4331,E0157800038111,竹浦小学校,北海道白老町字竹浦198-8,,,,42.495615498496,141.26000756508,
4332,E0157800048111,白翔中学校,北海道白老町字萩野286,1,,,42.52277406504,141.30431155767,
4333,E0157800048112,萩野小学校,北海道白老町字萩野286,1,,,42.522095752608,141.3034444295,
4334,E0157800055111,萩野公民館,北海道白老町字萩野73,,,,42.51551221,141.3013931,
4335,E0157800056121,介護老人保健施設さくら,北海道白老町字萩野74,,,,42.51595271,141.3009463,
4336,E0157800063111,日本製紙体育館,北海道白老町字北吉原181,,,,42.519648,141.301501,
4337,E0157800079111,しらおい経済センター,北海道白老町大町2-3-4,,,,42.55397718,141.3593154,
4338,E0157800084121,白老高齢者複合施設,北海道白老町東町2-4-12,1,,,42.556772336442,141.36500308585,
4339,E0157800102111,リブマックスリゾートウポポイ白老温泉　２階以上,北海道白老町東町4-6-1,1,,,42.555496,141.366628,
4340,E0157800086111,総合保健福祉センター,北海道白老町東町4-6-7,,,,42.55501607,141.3682473,
4341,E0157800086121,総合保健福祉センター,北海道白老町東町4-6-7,,,,42.55501607,141.3682473,
4342,E0157800087121,介護老人福祉施設白老町立特別養護老人ホーム寿幸園,北海道白老町東町4-6-8,,,,42.55431181,141.3679391,
4343,E0157800088111,白老中学校,北海道白老町東町5-3-1,,,,42.552034177721,141.36621684603,
4344,E0157800089111,北海道白老東高等学校,北海道白老町日の出町5-17-2,1,,,42.561232897736,141.37640588598,
4345,E0157800092111,白老町中央公民館,北海道白老町本町1-1-1,1,,,42.55156736893,141.35393543743,
4346,E0157800093111,白老町総合体育館,北海道白老町本町1-1-2,,,,42.55226186,141.3533629,
4347,E0157800098111,白老小学校,北海道白老町緑丘3-1-1,1,,,42.56030467,141.3517307,
4348,E0157800101111,北海道栄高等学校,北海道白老町緑丘4-676,1,,,42.56595583,141.350863,
4349,E0120200004111,安浦会館,北海道函館市安浦町71-1,,,,41.91532707,140.9598389,
4350,E0120200005121,グループホームこん松濤,北海道函館市宇賀浦町16-20,,,,41.77155409,140.7468244,
4351,E0120200006111,臼尻会館,北海道函館市臼尻町234-1,,,,41.93340318,140.9432811,
4352,E0120200008111,南茅部スポーツセンター,北海道函館市臼尻町604-1,1,,,41.93190341,140.9397987,
4353,E0120200010121,つくし認定こども園,北海道函館市榎本町16-17,,,,41.78547606,140.7941024,
4354,E0120200013111,戸井学園,北海道函館市釜谷町227,1,,,41.73853293,140.9316869,
4355,E0120200014121,小規模多機能型居宅介護事業所　潮太郎,北海道函館市釜谷町605-1,,,,41.73678919,140.9385655,
4356,E0120200014122,特別養護老人ホーム潮寿荘,北海道函館市釜谷町605-1,,,,41.73686792,140.9384797,
4357,E0120200015121,亀田港児童館,北海道函館市亀田港町42-16,,,,41.8095683,140.7252108,
4358,E0120200016121,特別養護老人ホームあい亀田港,北海道函館市亀田港町56-12,,,,41.81180762,140.7215629,
4359,E0120200017111,公立はこだて未来大学,北海道函館市亀田中野町116-2,1,,,41.841757,140.7670832,
4360,E0120200019121,児童養護施設くるみ学園,北海道函館市亀田中野町38-11,,,,41.83188916,140.757478,
4361,E0120200021121,在宅複合型施設こうじゅ,北海道函館市亀田町7-1,,,,41.79225065,140.7343536,
4362,E0120200023121,特別養護老人ホーム函館はくあい園,北海道函館市吉川町3-16,,,,41.79240089,140.7285206,
4363,E0120200024111,万年橋小学校,北海道函館市吉川町6-22,1,,,41.79592562,140.7305217,
4364,E0120200026111,桔梗小学校,北海道函館市桔梗1-13-2,1,,,41.83127321,140.7280352,
4365,E0120200027121,特別養護老人ホーム桔梗みのりの里,北海道函館市桔梗1-3-8,,,,41.82972586,140.731032,
4366,E0120200028121,認定こども園函館桔梗保育園,北海道函館市桔梗3-1-29,,,,41.84334212,140.7304048,
4367,E0120200029121,桔梗福祉交流センター,北海道函館市桔梗4-1-18,,,,41.84839129,140.7289258,
4368,E0120200030111,中の沢小学校,北海道函館市桔梗5-25-5,1,,,41.84963259,140.7335119,
4369,E0120200032111,桔梗中学校,北海道函館市桔梗町429-4,1,,,41.84106078,140.7346446,
4370,E0120200031121,特別養護老人ホーム幸成園,北海道函館市桔梗町435-28,,,,41.846617,140.742435,
4371,E0120200035111,大森浜小学校,北海道函館市金堀町3-1,1,,,41.77650582,140.7561065,
4372,E0120200037111,駒場小学校,北海道函館市駒場町1-6,1,,,41.78283187,140.768142,
4373,E0120200036121,駒場認定こども園,北海道函館市駒場町10-22,,,,41.78391892,140.7737184,
4374,E0120200045111,函館西高等学校,北海道函館市元町7-17,1,,,41.76333386,140.710807,
4375,E0120200057111,函館工業高等専門学校,北海道函館市戸倉町14-1,1,,,41.78390681,140.8028584,
4376,E0120200058111,戸倉中学校,北海道函館市戸倉町26-1,1,,,41.78609187,140.8058916,
4377,E0120200067111,港小学校,北海道函館市港町1-22-1,1,,,41.80421481,140.72436,
4378,E0120200069111,港中学校,北海道函館市港町2-10-1,1,,,41.8084542,140.7188132,
4379,E0120200075121,救護施設高丘寮,北海道函館市高丘町3-1,,,,41.78847843,140.8008609,
4380,E0120200075123,養護老人ホーム永楽荘,北海道函館市高丘町3-1,,,,41.78811045,140.8004371,
4381,E0120200075122,特別養護老人ホーム函館百楽園,北海道函館市高丘町3-1,,,,41.78774846,140.8011011,
4382,E0120200076111,高丘小学校,北海道函館市高丘町3-2,1,,,41.7875553,140.8029292,
4383,E0120200079111,恵山クリーンセンター,北海道函館市高岱町428-1,1,,,41.8092542,141.1095492,
4384,E0120200080111,函館白百合学園中学高等学校,北海道函館市山の手2-6-3,,,,41.80264979,140.7760183,
4385,E0120200081121,山の手児童館,北海道函館市山の手3-4-7,,,,41.80487807,140.7786146,
4386,E0120200082111,北中学校,北海道函館市山の手3-58-1,1,,,41.80546412,140.7865006,
4387,E0120200085111,函館中部高等学校,北海道函館市時任町11-3,1,,,41.78305215,140.7522177,
4388,E0120200086121,短期入所施設こん,北海道函館市時任町35-24,,,,41.78372743,140.7574353,
4389,E0120200092111,総合福祉センター,北海道函館市若松町33-6,1,,,41.77718157,140.7307039,
4390,E0120200093121,母子生活支援施設函館市松陰母子ホーム,北海道函館市若松町35-16,,,,41.77595489,140.7323417,
4391,E0120200093122,認定こども園函館高砂保育園,北海道函館市若松町35-16,,,,41.776116,140.732344,
4392,E0120200094122,母子生活支援施設函館高砂母子ホーム,北海道函館市若松町36-25,,,,41.77611245,140.7324881,
4393,E0120200098121,戸井幼稚園,北海道函館市小安町523-7,1,,,41.73956105,140.9301347,
4394,E0120200099111,戸井西部総合センター,北海道函館市小安町525-1,1,,,41.7397053,140.9312483,
4395,E0120200102111,函館商業高等学校,北海道函館市昭和1-17-1,1,,,41.81392338,140.7423874,
4396,E0120200103111,昭和小学校,北海道函館市昭和1-5-5,1,,,41.81279063,140.7435751,
4397,E0120200104121,昭和児童館,北海道函館市昭和2-37-2,,,,41.81468756,140.7398344,
4398,E0120200105111,北昭和小学校,北海道函館市昭和4-38-1,1,,,41.82129194,140.7312138,
4399,E0120200106121,認定こども園函館市松陰保育園,北海道函館市松陰町30-5,,,,41.79119678,140.7627254,
4400,E0120200107111,柏野小学校,北海道函館市松陰町5-10,1,,,41.79131579,140.759501,
4401,E0120200113121,特別養護老人ホーム松濤,北海道函館市松風町18-15,,,,41.773143,140.7322246,
4402,E0120200114121,特別養護老人ホーム倶有,北海道函館市松風町19-18,,,,41.77321188,140.7316131,
4403,E0120200117111,上湯川小学校,北海道函館市上湯川町295,1,,,41.78379348,140.81598,
4404,E0120200119121,中央認定こども園,北海道函館市新川町1-5,,,,41.77355192,140.7341931,
4405,E0120200122111,中部小学校,北海道函館市新川町30-26,1,,,41.778072,140.736572,
4406,E0120200125111,椴法華小学校,北海道函館市新八幡町86-1,1,,,41.83004991,141.1438277,
4407,E0120200126111,椴法華中学校,北海道函館市新浜町151-1,1,,,41.83471826,141.1409934,
4408,E0120200128121,とどほっけ介護付有料老人ホームほのぼの,北海道函館市新浜町188-2,,,,41.8312575,141.1398108,
4409,E0120200129111,函館共働宿泊所救護部,北海道函館市新湊町261,1,,,41.76151715,140.8463218,
4410,E0120200130111,深堀小学校,北海道函館市深堀町14-2,1,,,41.78861888,140.7794955,
4411,E0120200131121,北海道立北海道函館聾学校,北海道函館市深堀町27-8,,,,41.78617271,140.7798566,
4412,E0120200132111,深堀中学校,北海道函館市深堀町28-1,1,,,41.78631527,140.7813733,
4413,E0120200134111,神山小学校,北海道函館市神山町233-1,1,,,41.82032002,140.7637788,
4414,E0120200135121,神山児童館,北海道函館市神山町241-70,,,,41.8213378,140.7639128,
4415,E0120200138121,介護老人保健施設響の杜,北海道函館市陣川町91-4,,,,41.82553071,140.7864588,
4416,E0120200143121,認定こども園旭岡保育園,北海道函館市西旭岡町1-29-10,,,,41.79322322,140.8219177,
4417,E0120200144111,旭岡小学校,北海道函館市西旭岡町1-33-1,1,,,41.79660565,140.8241379,
4418,E0120200146121,旭岡児童館,北海道函館市西旭岡町2-51-1,,,,41.8008663,140.8284422,
4419,E0120200147121,養護老人ホームまろにえ,北海道函館市西旭岡町3-239-2,,,,41.80524885,140.8335349,
4420,E0120200148111,旭岡中学校,北海道函館市西旭岡町3-5,1,,,41.80421375,140.832555,
4421,E0120200151121,障がい者支援施設侑ハウス,北海道函館市西桔梗町783-15,,,,41.83496776,140.7098723,
4422,E0120200152111,青柳中学校,北海道函館市青柳町10-7,1,,,41.75819367,140.7147994,
4423,E0120200153111,青柳小学校,北海道函館市青柳町22-13,1,,,41.75778864,140.7180577,
4424,E0120200157111,函館高等支援学校,北海道函館市石川町181-8,1,,,41.83894471,140.7416358,
4425,E0120200158121,多機能型事務所ワークショップはこだて,北海道函館市石川町41-4,,,,41.82776748,140.7397236,
4426,E0120200159121,障がい者支援施設函館青年寮,北海道函館市石川町42-2,,,,41.82670959,140.7407196,
4427,E0120200161121,赤川児童館,北海道函館市赤川1-30-35,,,,41.82722249,140.7555274,
4428,E0120200162111,赤川中学校,北海道函館市赤川町125,1,,,41.83031493,140.7616092,
4429,E0120200163121,赤川認定こども園,北海道函館市赤川町161-2,,,,41.83003911,140.7603914,
4430,E0120200164121,介護老人保健施設もも太郎,北海道函館市赤川町388-1,,,,41.83631067,140.7685349,
4431,E0120200165121,特別養護老人ホームももハウス,北海道函館市赤川町390-2,,,,41.83659844,140.7695434,
4432,E0120200167121,はまなす認定こども園,北海道函館市千歳町15-5,,,,41.7728652,140.7373739,
4433,E0120200170111,南茅部総合センター,北海道函館市川汲町1520-4,1,,,41.90607001,140.971311,
4434,E0120200171111,南茅部高等学校,北海道函館市川汲町1560,1,,,41.90509645,140.9688856,
4435,E0120200172121,南かやべ認定こども園,北海道函館市川汲町1601-1,,,,41.90719222,140.9688722,
4436,E0120200173111,南茅部中学校,北海道函館市川汲町1657,1,,,41.907627,140.963424,
4437,E0120200175121,特別養護老人ホームみなみかやべ荘,北海道函館市川汲町986-13,,,,41.90177092,140.9856676,
4438,E0120200176111,函館工業高等学校,北海道函館市川原町5-13,1,,,41.79237663,140.7680959,
4439,E0120200179111,銭亀沢小学校,北海道函館市銭亀町339,1,,,41.76135151,140.836493,
4440,E0120200180111,磯谷会館,北海道函館市双見町148-9,1,,,41.992844,140.894364,
4441,E0120200186111,あさひ小学校,北海道函館市大森町6-11,1,,,41.76670772,140.7326106,
4442,E0120200190111,大船会館,北海道函館市大船町241-2,,,,41.96586419,140.9183068,
4443,E0120200194111,北星小学校,北海道函館市大縄町24-26,1,,,41.78303817,140.7338352,
4444,E0120200195121,地域密着型特別養護老人ホーム谷地頭緑蔭園,北海道函館市谷地頭町23-5,,,,41.75481238,140.7152007,
4445,E0120200196111,青少年研修センター,北海道函館市谷地頭町5-14,1,,,41.75107315,140.7113393,
4446,E0120200197121,鍛治さくら認定こども園,北海道函館市鍛治1-11-21,,,,41.80303176,140.7589084,
4447,E0120200198111,鍛神小学校,北海道函館市鍛治2-46-4,1,,,41.81138744,140.7661529,
4448,E0120200199111,中島小学校,北海道函館市中島町30-5,1,,,41.784579,140.7433467,
4449,E0120200200121,ゆりかご認定こども園,北海道函館市中島町33-18,,,,41.78541853,140.7425059,
4450,E0120200201121,特別養護老人ホーム函館共愛会愛泉寮,北海道函館市中島町35-7,,,,41.7862007,140.741344,
4451,E0120200204111,えさん小学校,北海道函館市中浜町79,1,,,41.75766603,141.0772135,
4452,E0120200205121,特別養護老人ホームシンフォニー,北海道函館市中野町74-1,,,,41.76328213,140.8391456,
4453,E0120200209111,巴中学校,北海道函館市的場町12-7,1,,,41.77958167,140.7509439,
4454,E0120200210121,北海道立北海道函館盲学校,北海道函館市田家町19-12,,,,41.80027669,140.74432,
4455,E0120200212111,東山小学校,北海道函館市東山2-3-1,1,,,41.80556763,140.7734897,
4456,E0120200219111,函館市民会館,北海道函館市湯川町1-32-1,,,,41.78296266,140.7841277,
4457,E0120200220111,函館アリーナ,北海道函館市湯川町1-32-2,1,,,41.78227497,140.7831877,
4458,E0120200221121,函館視力障害センター,北海道函館市湯川町1-35-20,,,,41.78079346,140.7820349,
4459,E0120200224121,はこだて療育・自立支援センター,北海道函館市湯川町2-39-26,,,,41.78348473,140.7873904,
4460,E0120200225111,湯川中学校,北海道函館市湯川町2-41-1,1,,,41.78405806,140.7877783,
4461,E0120200226111,函館大学付属有斗高等学校,北海道函館市湯川町2-43-1,1,,,41.78622904,140.7865003,
4462,E0120200227121,介護老人保健施設ケンゆのかわ,北海道函館市湯川町3-29-15,,,,41.7835457,140.7912166,
4463,E0120200228111,湯川小学校,北海道函館市湯川町3-42-1,1,,,41.78030545,140.7965027,
4464,E0120200229111,恵山コミュニティセンター,北海道函館市日ノ浜町154,1,,,41.78503206,141.1055751,
4465,E0120200230121,認定こども園函館市つつじ保育園,北海道函館市日ノ浜町172-8,,,,41.79024983,141.1023522,
4466,E0120200233111,日吉が丘小学校,北海道函館市日吉町2-34-1,1,,,41.7942788,140.787401,
4467,E0120200234111,北日吉小学校,北海道函館市日吉町4-5-5,1,,,41.80033094,140.7925968,
4468,E0120200235121,ケアハウスベイアニエス,北海道函館市日吉町4-7-82,,,,41.80181644,140.7951679,
4469,E0120200237121,救護施設明和園,北海道函館市日乃出町21-17,,,,41.77596815,140.7537436,
4470,E0120200238121,介護付き有料老人ホーム白ゆり乃木,北海道函館市乃木町4-53,,,,41.78183695,140.7638281,
4471,E0120200239111,函館大学付属柏稜高等学校,北海道函館市柏木町1-34,,,,41.78596776,140.7642615,
4472,E0120200240121,恵山恵愛会デイサービスセンター,北海道函館市柏野町117,,,,41.79084567,141.1537772,
4473,E0120200240122,特別養護老人ホーム恵楽園,北海道函館市柏野町117,,,,41.79103465,141.1537638,
4474,E0120200242111,柏野会館,北海道函館市柏野町31-2,,,,41.78771164,141.1466499,
4475,E0120200243111,恵山中学校,北海道函館市柏野町9,1,,,41.78711641,141.1407557,
4476,E0120200247111,八幡小学校,北海道函館市八幡町15-30,1,,,41.7937054,140.7371119,
4477,E0120200249111,南茅部プール,北海道函館市尾札部町1608-1,1,,,41.89654292,140.9942935,
4478,E0120200250111,南茅部小学校,北海道函館市尾札部町1609-1,1,,,41.89611969,140.9949873,
4479,E0120200253111,尾札部会館,北海道函館市尾札部町573-1,,,,41.89303843,141.0099251,
4480,E0120200254111,亀田交流プラザ,北海道函館市美原1-26-12,1,,,41.81509595,140.752372,
4481,E0120200255111,中央小学校,北海道函館市美原2-28-1,1,,,41.81575721,140.760191,
4482,E0120200256121,高齢者介護複合施設白ゆり美原,北海道函館市美原2-50-2,,,,41.82245135,140.7596729,
4483,E0120200257111,亀田中学校,北海道函館市美原3-30-3,1,,,41.81873241,140.7467639,
4484,E0120200261121,高齢者介護複合施設白ゆり富岡,北海道函館市富岡1-23-12,,,,41.80635272,140.7434058,
4485,E0120200262111,亀田小学校,北海道函館市富岡町1-18-1,1,,,41.80139206,140.742887,
4486,E0120200263111,五稜郭中学校,北海道函館市富岡町1-18-2,1,,,41.8027148,140.741919,
4487,E0120200269111,銭亀沢中学校,北海道函館市豊原町140-30,1,,,41.7670044,140.8631773,
4488,E0120200277111,北美原小学校,北海道函館市北美原1-9-16,1,,,41.826045,140.7491818,
4489,E0120200279121,介護付有料老人ホームこん,北海道函館市本町29-7,,,,41.78698365,140.7543605,
4490,E0120200280111,本通小学校,北海道函館市本通1-47-2,1,,,41.7988003,140.7650409,
4491,E0120200281111,本通中学校,北海道函館市本通2-56-7,1,,,41.80396821,140.768761,
4492,E0120200282111,南本通小学校,北海道函館市本通3-10-1,1,,,41.79494207,140.7733652,
4493,E0120200283111,鱒川小・中学校,北海道函館市鱒川町91,1,,,41.8252761,140.8503698,
4494,E0120200290111,木直会館,北海道函館市木直町433-4,,,,41.88812744,141.0648266,
4495,E0120200307121,はこだて元町認定こども園,北海道函館市弥生町1-24,,,,41.766179116979,140.708668802,
4496,E0120200292111,弥生小学校,北海道函館市弥生町4-16,1,,,41.76855568,140.7082823,
4497,E0120200293111,函館高等学校,北海道函館市柳町11-5,1,,,41.79453259,140.7619342,
4498,E0120200294111,千代田小学校,北海道函館市梁川町23-4,1,,,41.79237192,140.7483974,
4499,E0134600001111,わらび野会館,北海道八雲町わらび野235,1,,,42.17576854,140.356171,
4500,E0134600003111,旭丘会館,北海道八雲町旭丘9,1,,,42.19599313,140.406667,
4501,E0134600004111,シルバープラザ,北海道八雲町栄町13-1,1,,,42.25632609,140.2587122,
4502,E0134600005111,栄浜会館,北海道八雲町栄浜113,1,,,42.176314,140.4529092,
4503,E0134600006111,鉛川会館,北海道八雲町鉛川24-1,1,,,42.27073906,140.1995248,
4504,E0134600007111,下の湯会館,北海道八雲町下の湯95-2,1,,,42.16868364,140.396218,
4505,E0134600008111,花浦山会館,北海道八雲町花浦221-1,1,,,42.29195626,140.253195,
4506,E0134600009111,花浦１区会館,北海道八雲町花浦387-6,1,,,42.28327368,140.2734341,
4507,E0134600015111,ふれあい交流センターくまいし館,北海道八雲町熊石雲石町135-2,1,,,42.12987734,139.980213,
4508,E0134600017111,熊石中学校（旧第一中学校）,北海道八雲町熊石雲石町600,1,,,42.13120402,139.9765126,
4509,E0134600018111,熊石小学校（旧雲石小学校）,北海道八雲町熊石雲石町743-1,1,,,42.13092411,139.9750833,
4510,E0134600019111,高明寺,北海道八雲町熊石関内町448,1,,,42.13590764,139.9237002,
4511,E0134600021111,旧関内小学校体育館,北海道八雲町熊石関内町83,1,,,42.135857,139.9336025,
4512,E0134600023111,熊石総合センター,北海道八雲町熊石館平町111,1,,,42.07970819,140.0592901,
4513,E0134600024111,蓮華寺,北海道八雲町熊石館平町22-1,1,,,42.07518152,140.0624852,
4514,E0134600033111,門昌庵,北海道八雲町熊石畳岩町553-1,1,,,42.12965841,139.9891962,
4515,E0134600034111,畳岩振興会館,北海道八雲町熊石畳岩町66-3,1,,,42.12749946,139.9928943,
4516,E0134600039111,旧熊石第二中学校,北海道八雲町熊石折戸町178-1,1,,,42.07099011,140.0734584,
4517,E0134600041111,無量寺,北海道八雲町熊石相沼町129-1,1,,,42.07487205,140.0632418,
4518,E0134600044111,泊川児童館,北海道八雲町熊石泊川町134,1,,,42.08575993,140.0547299,
4519,E0134600047111,旧泊川小学校（２階、屋上）,北海道八雲町熊石泊川町236-1,1,,,42.09143414,140.052501,
4520,E0134600051111,熊石歴史記念館,北海道八雲町熊石平町325-3,1,,,42.13237397,140.0034091,
4521,E0134600056111,善通寺,北海道八雲町黒岩295,1,,,42.35627614,140.2843706,
4522,E0134600058111,黒岩会館,北海道八雲町黒岩644-47,1,,,42.37028655,140.2888217,
4523,E0134600060111,赤笹会館,北海道八雲町桜野43-3,1,,,42.17386369,140.3345494,
4524,E0134600061111,三杉町会館,北海道八雲町三杉町25-21,1,,,42.2483742,140.2763455,
4525,E0134600062111,山越小学校,北海道八雲町山越474-2,1,,,42.23042967,140.3238787,
4526,E0134600063111,山崎２区会館,北海道八雲町山崎309,1,,,42.32238922,140.2543982,
4527,E0134600064111,山崎小学校,北海道八雲町山崎375,1,,,42.31756184,140.2721818,
4528,E0134600065111,八雲小学校,北海道八雲町住初町140,1,,,42.25664547,140.2649148,
4529,E0134600066111,八雲町民センター,北海道八雲町出雲町60-13,1,,,42.24942721,140.2702676,
4530,E0134600067111,春日会館,北海道八雲町春日429-3,1,,,42.23710569,140.241027,
4531,E0134600068111,上の湯会館,北海道八雲町上の湯173,1,,,42.1245572,140.3747986,
4532,E0134600069111,上八雲会館,北海道八雲町上八雲296-3,1,,,42.28783155,140.1561915,
4533,E0134600071111,大新会館,北海道八雲町大新143,1,,,42.23211392,140.2550218,
4534,E0134600072111,八雲中学校,北海道八雲町東雲町36,1,,,42.25439488,140.2788102,
4535,E0134600073111,東部生活館,北海道八雲町東町42-1,1,,,42.25648018,140.2725934,
4536,E0134600074111,東野小学校,北海道八雲町東野471,1,,,42.20919251,140.3901073,
4537,E0134600076111,熱田会館,北海道八雲町熱田254-2,1,,,42.22425121,140.2708412,
4538,E0134600077111,浜松小学校,北海道八雲町浜松239,1,,,42.2381116,140.3013121,
4539,E0134600079111,はぴあ八雲,北海道八雲町本町110-1,1,,,42.25518575,140.2712372,
4540,E0134600080111,野田生小学校,北海道八雲町野田生457-2,1,,,42.21495501,140.3765357,
4541,E0134600082111,落部中学校,北海道八雲町落部347,1,,,42.18739193,140.4270744,
4542,E0134600083111,落部町民センター,北海道八雲町落部879,1,,,42.18625902,140.4227928,
4543,E0134600084111,立岩会館,北海道八雲町立岩309-1,1,,,42.26630033,140.2563553,
4544,E0145500002112,比布中央学校（後期課程）,北海道比布町寿町4-1-1,1,,,43.880998,142.479259,
4545,E0145500002111,比布中央学校（前期課程）,北海道比布町寿町4-1-1,1,,,43.880658,142.479796,
4546,E0145500004111,比布町体育館・農村環境改善センター,北海道比布町南町3-3-1,,,,43.87299428,142.4786374,
4547,E0145500007111,良佳プラザ遊湯ぴっぷ,北海道比布町北７線6,,,,43.92965115,142.495108,
4548,E0145500009111,多目的室内運動場,北海道比布町北町2-3-3,,,,43.87660704,142.4789799,
4549,E0121500004111,美唄尚栄高等学校,北海道美唄市西一条南6-1-1,1,,,43.32460628,141.8562475,
4550,E0121500008111,美唄中学校,北海道美唄市西五条北3-3-1,1,,,43.33929493,141.8483811,
4551,E0121500006111,中央小学校,北海道美唄市西四条北1-3-2,1,,,43.33515299,141.8502108,
4552,E0121500021111,旧茶志内小学校,北海道美唄市茶志内町本町,,,,43.371482,141.868494,
4553,E0121500012111,美唄養護学校,北海道美唄市東七条南3-1-1,1,,,43.32726333,141.8800811,
4554,E0121500014111,東小学校,北海道美唄市東七条北1-3-1,1,,,43.33126719,141.881007,
4555,E0121500016111,東中学校,北海道美唄市東七条北2-1-1,1,,,43.33268956,141.8814141,
4556,E0121500010111,美唄聖華高等学校,北海道美唄市東六条北2-1-1,1,,,43.33224824,141.877321,
4557,E0145900002111,美瑛高等学校,北海道美瑛町旭町1-9-2,1,,,43.5955001044212,142.470426098556,
4558,E0145900004111,スポーツセンター,北海道美瑛町丸山1-1-9,1,,,43.5836537357889,142.474754880439,
4559,E0145900005111,美瑛東小学校,北海道美瑛町丸山2-8-15,1,,,43.5827096761377,142.478202104768,
4560,E0145900006111,地域人材育成研修交流センター,北海道美瑛町字旭第2,1,,,43.6601171122004,142.415110277345,
4561,E0145900009111,美瑛町農業担い手研修センター,北海道美瑛町字下宇莫別朝日,1,,,43.6101842942926,142.49187410466,
4562,E0145900010111,五稜会館,北海道美瑛町字五稜第5,1,,,43.597465147937,142.380805992994,
4563,E0145900017111,置杵牛農産物加工交流施設,北海道美瑛町字置杵牛中央,1,,,43.5651533952124,142.57330221232,
4564,E0145900018111,（旧）宇莫別小学校,北海道美瑛町字中宇莫別第2,1,,,43.5817726015065,142.598728669698,
4565,E0145900020111,二股行政区会館,北海道美瑛町字二股富美,1,,,43.5116647927305,142.391350910597,
4566,E0145900021111,大雪青少年交流の家,北海道美瑛町字白金,1,,,43.4724896895586,142.650407271271,
4567,E0145900022111,美瑛中学校,北海道美瑛町字美瑛原野４線,1,,,43.5896383370008,142.48106037874,
4568,E0145900024111,美沢小学校,北海道美瑛町字美沢中央,1,,,43.543985073152,142.530030270599,
4569,E0145900026111,（旧）俵真布小学校,北海道美瑛町字俵真布中央,1,,,43.5900197451131,142.635969979773,
4570,E0145900028111,北瑛行政区会館,北海道美瑛町字北瑛第2,1,,,43.6214065003281,142.448905340314,
4571,E0145900028112,北瑛小麦の丘体験交流施設,北海道美瑛町字北瑛第2,1,,,43.6238094033544,142.446275146626,
4572,E0145900029111,西美体験交流館,北海道美瑛町字瑠辺蘂第2,1,,,43.5584929175536,142.420211902954,
4573,E0145900030111,明徳小学校,北海道美瑛町字朗根内,1,,,43.630360654976,142.577948652025,
4574,E0145900031111,町民センター,北海道美瑛町寿町2-3-13,1,,,43.5871868966593,142.470612228063,
4575,E0145900032111,美瑛小学校,北海道美瑛町西町2-1-1,1,,,43.5873646151767,142.460131216448,
4576,E0145900036111,美瑛町農業協同組合,北海道美瑛町中町2-6-31,1,,,43.5911815852422,142.466303443604,
4577,E0145900037121,老人保健施設ほの香,北海道美瑛町東町3-1-1,,,要配慮者,43.589017655804,142.474928738435,
4578,E0145900038111,どんぐり保育園,北海道美瑛町東町3-1-2,1,,,43.589559104921,142.475683615293,
4579,E0145900039121,保健センター,北海道美瑛町南町1-2-43,,,要配慮者,43.5865138888889,142.466428759914,
4580,E0145900040121,特別養護老人ホーム美瑛慈光園,北海道美瑛町南町4-4,,,要配慮者,43.5832812847958,142.469286035707,
4581,E0145900041111,美馬牛小学校,北海道美瑛町美馬牛南2-2-58,1,,,43.5366106961698,142.456191793577,
4582,E0145900043111,美馬牛中学校,北海道美瑛町美馬牛北3-7-1,1,,,43.5409447208098,142.443257747565,
4583,E0145900044111,四季の情報館,北海道美瑛町本町1-2-14,1,,,43.591423082917,142.462817376813,
4584,E0145900045111,丘のまち交流館ｂｉ．ｙｅｌｌ,北海道美瑛町本町1-5-8,1,,,43.5908460095433,142.463732810968,
4585,E0146900003111,吉野農作業準備休憩施設,北海道美深町字吉野154-18,,,,44.50589773,142.349805,
4586,E0146900004111,仁宇布小中学校,北海道美深町字仁宇布525,,,,44.5508265970826,142.574434085316,
4587,E0146900006111,旧厚生小学校（体育館）,北海道美深町字西里101,,,,44.54258463,142.3226657,
4588,E0146900008111,玉川住民センター,北海道美深町字泉1,,,,44.47318567,142.2722428,
4589,E0146900009111,大手改善センター,北海道美深町字大手170-7,,,,44.57734812,142.3099958,
4590,E0146900012111,斑渓改善センター,北海道美深町字斑渓288-1,,,,44.5225073,142.35243,
4591,E0146900014111,東改善センター,北海道美深町字美深735-4,,,,44.4745002,142.3724514,
4592,E0146900015111,富岡改善センター,北海道美深町字富岡302-3,,,,44.51484521,142.3308181,
4593,E0146900016111,美深小学校,北海道美深町字敷島116-1,,,,44.48993683,142.3460108,
4594,E0146900017111,新生コミュニティセンター,北海道美深町字敷島283-12,,,,44.48601105,142.3551749,
4595,E0146900018111,美深中学校,北海道美深町西一条南7-45,,,,44.47576577,142.3481435,
4596,E0146900019111,町民体育館,北海道美深町西一条北1-4,,,,44.48234903,142.3437816,
4597,E0146900019121,町民体育館,北海道美深町西一条北1-4,,,要配慮者,44.48234903,142.3437816,
4598,E0154300002111,美幌中学校,北海道美幌町字稲美130,1,,,43.81995825,144.1246786,
4599,E0154300003111,あさひ体育センター,北海道美幌町字稲美137,1,,,43.81837027,144.1246572,
4600,E0154300004111,旭小学校,北海道美幌町字稲美140,1,,,43.81730692,144.1247606,
4601,E0154300006111,青稲地区ふれあい会館,北海道美幌町字稲美68,1,,,43.81825088,144.1161547,
4602,E0154300007111,東陽小学校,北海道美幌町字栄町3-6,1,,,43.83004052,144.1108043,
4603,E0154300016111,コミュニティセンター,北海道美幌町字新町1-37,1,,,43.83320154,144.1082566,
4604,E0154300017111,美幌保育園,北海道美幌町字西一条北2-4-52,1,,,43.82560072,144.1011245,
4605,E0154300018111,美幌小学校,北海道美幌町字西二条北4-1-1,1,,,43.82838452,144.102559,
4606,E0154300022111,スポーツセンター,北海道美幌町字大通南5-8,1,,,43.81811114,144.0985986,
4607,E0154300023111,美幌こども発達支援センター,北海道美幌町字仲町1-142,1,,,43.82959345,144.1012531,
4608,E0154300025111,北中学校,北海道美幌町字鳥里4-1,1,,,43.83723638,144.1003052,
4609,E0154300026111,田中地区農作業準備休憩施設,北海道美幌町字田中468,1,,,43.821947286253,144.18873275526,
4610,E0154300031111,美幌町健康福祉総合センター,北海道美幌町字東三条北2-1,1,,,43.82368452,144.1079715,
4611,E0154300030111,町民会館（びほーる）,北海道美幌町字東二条北4-9-9,1,,,43.82623933,144.1087558,
4612,E0154300036111,美幌博物館,北海道美幌町字美禽253-4,,,,43.83600043,144.0883566,
4613,E0154300044111,報徳地区農作業準備休憩施設,北海道美幌町字報徳317,1,,,43.850229648296,144.15880379965,
4614,E0154300045111,美幌高校,北海道美幌町字報徳94,1,,,43.83359182,144.1267939,
4615,E0154300047111,豊富地区農作業準備休憩施設,北海道美幌町字豊富192,1,,,43.75324522,144.1758193,
4616,E0166400001111,標茶町開発センター（中央公民館）,北海道標茶町旭2-6-1,1,,,43.300833,144.605263,
4617,E0166400002111,標茶町ふれあい交流センター,北海道標茶町開運4-2,,,,43.29996028,144.5984383,
4618,E0166400002121,標茶町ふれあい交流センター,北海道標茶町開運4-2,,,,43.29996028,144.5984383,
4619,E0166400003111,開運コミュニティーハウス,北海道標茶町開運7-13,1,,,43.29872338,144.5959423,
4620,E0166400004111,桜住民センター,北海道標茶町桜9-32,1,,,43.29366219,144.6033182,
4621,E0166400005111,久著呂農村環境改善センター,北海道標茶町字クチョロ原野256,1,,,43.28382197,144.37282,
4622,E0166400006111,上茶安別構造改善センター,北海道標茶町字チャンベツ原野基線13-10,1,,,43.26390579,144.637862,
4623,E0166400007111,沼幌小学校,北海道標茶町字ヌマオロ原野60-1,1,,,43.28210679,144.4897523,
4624,E0166400008111,沼幌地区世代交流センター,北海道標茶町字ヌマオロ原野60-10,1,,,43.28215963,144.4910728,
4625,E0166400009111,阿歴内公民館,北海道標茶町字阿歴内原野基線136-30,1,,,43.09366472,144.5737228,
4626,E0166400010111,磯分内酪農センター,北海道標茶町字熊牛原野１５線西1-1,1,,,43.37462377,144.5555307,
4627,E0166400011111,磯分内小学校,北海道標茶町字熊牛原野１５線西3,1,,,43.37491055,144.5534277,
4628,E0166400012111,上オソツベツへき地保健福祉館,北海道標茶町字上オソツベツ原野基線42-6,1,,,43.36617731,144.421443,
4629,E0166400013111,弥栄国際交流館,北海道標茶町字上多和原野基線44-19,1,,,43.37909925,144.6266233,
4630,E0166400014111,中オソツベツ集落改善センター,北海道標茶町字中オソツベツ575-8,1,,,43.32812065,144.4830234,
4631,E0166400015111,中茶安別小中学校,北海道標茶町字中チャンベツ原野基線35-2,1,,,43.21525218,144.6795393,
4632,E0166400016111,茶安別農村環境改善センター,北海道標茶町字中チャンベツ原野北１線38-4,1,,,43.21618264,144.6783377,
4633,E0166400017111,塘路住民センター,北海道標茶町字塘路147-2,1,,,43.14891906,144.4977797,
4634,E0166400018111,塘路小中学校,北海道標茶町字塘路8-1,1,,,43.14811553,144.4991341,
4635,E0166400019111,萩野集会所,北海道標茶町字虹別470-1,1,,,43.47312956,144.6160293,
4636,E0166400023111,中虹別コミュニティハウス,北海道標茶町字虹別原野704-4,1,,,43.4963602,144.6474519,
4637,E0166400024111,上虹別コミュニティハウス,北海道標茶町字虹別原野705,1,,,43.50290914,144.6987197,
4638,E0166400020111,虹別酪農センター,北海道標茶町字虹別原野６６線104-1,1,,,43.46650481,144.6825728,
4639,E0166400021111,虹別中学校,北海道標茶町字虹別原野６７線103-4,1,,,43.46574417,144.6805179,
4640,E0166400022111,虹別小学校,北海道標茶町字虹別原野６７線108-1,1,,,43.46778094,144.6777074,
4641,E0166400025111,常盤コミュニティーハウス,北海道標茶町常盤8-36,1,,,43.30663705,144.6029025,
4642,E0166400026111,標茶中学校,北海道標茶町常盤9-1,1,,,43.30528865,144.5989762,
4643,E0166400029111,標茶小学校,北海道標茶町川上1-24,1,,,43.30459379,144.6028742,
4644,E0166400027111,総合社会福祉センター,北海道標茶町川上10-1,1,,,43.30165923,144.5954067,
4645,E0166400028111,標茶町農業者トレーニングセンター,北海道標茶町川上10-47,1,,,43.30650701,144.5973542,
4646,E0166400030111,中央公民館分館,北海道標茶町富士4-24,1,,,43.29843586,144.6034695,
4647,E0166400031111,平和コミュニティーハウス,北海道標茶町平和8-70,1,,,43.29975254,144.6131056,
4648,E0166400032111,麻生会館,北海道標茶町麻生5-36,1,,,43.29085469,144.6068145,
4649,E0169300001111,伊茶仁生活館,北海道標津町字伊茶仁38-1,,,,43.685561480914,145.11892762086,
4650,E0169300005111,古多糠コミュニティセンター,北海道標津町字古多糠299-1,,,,43.748219,145.029463,
4651,E0169300007111,民宿万月堂,北海道標津町字崎無異180,,,,43.800563095952,145.04764820881,
4652,E0169300009111,北標津体育館,北海道標津町字川北2227-1,,,,43.702552217317,145.02125920628,
4653,E0169300010111,川北地域交流センター,北海道標津町字川北60-13,,,,43.656077490898,145.02481185977,
4654,E0169300011111,川北中学校,北海道標津町字川北93-3,,,,43.661402812946,145.02452031371,
4655,E0169300012111,川北生涯学習センター,北海道標津町字川北基線12-1,1,,,43.659097,145.024541,
4656,E0169300013111,川北体育館,北海道標津町字川北基線13-1,,,,43.6594158761,145.024656109,
4657,E0169300013112,川北小学校,北海道標津町字川北基線13-1,,,,43.660302433416,145.02367343582,
4658,E0169300040111,茶志骨生活館,北海道標津町字茶志骨36,,,,43.642503,145.152179,
4659,E0169300015111,東茶志骨町内会館,北海道標津町字茶志骨451-2,,,,43.61591636535,145.13159261995,
4660,E0169300018111,茶志骨生活改善センター,北海道標津町字茶志骨8-2,,,,43.613268385583,145.08706760234,
4661,E0169300017111,茶志骨コミュニティセンター,北海道標津町字茶志骨804-9,,,,43.609111680571,145.11073039823,
4662,E0169300020111,忠類生活館,北海道標津町字忠類50,,,,43.723263123308,145.09297114922,
4663,E0169300054111,標津町文化ホール,北海道標津町南１条西2-1-1-1,,,,43.659029906287,145.13031123182,
4664,E0169300053111,標津小学校,北海道標津町南１条西3-1-4-1,,,,43.658435759023,145.1291035651,
4665,E0169300052111,標津中学校,北海道標津町南１条西3-1-5,,,,43.658307686363,145.12770345199,
4666,E0169300050111,標津町生涯学習センター,北海道標津町南１条西5-5-3,,,,43.657886283887,145.12082288169,
4667,E0169300049111,標津町総合体育館,北海道標津町南２条西4-1-1-1,,,,43.655650469306,145.12660635794,
4668,E0169300044111,標津高等学校,北海道標津町南２条西5-2-2,1,,,43.654758024016,145.12527869531,
4669,E0169300048111,標津町鳩ヶ丘体育館,北海道標津町南３条西4-1-1,,,,43.65418,145.126239,
4670,E0169300051111,標津町保健福祉センター,北海道標津町北１条西5-6-1-2,,,,43.658885499904,145.11982744247,
4671,E0169300046121,老人デイサービスセンター標津はまなす苑,北海道標津町北１条西5-6-1-3,,,,43.659544231488,145.120587593598,
4672,E0169300043111,標津サーモン科学館,北海道標津町北１条西6-1-1-1,1,,,43.659889,145.116745,
4673,E0169300039121,標津サーモン科学館２階展示室,北海道標津町北１条西6-1-1-1-2,,,,43.659889,145.116745,
4674,E0169300047111,標津町役場,北海道標津町北２条西1-1-3,,,,43.661331,145.131313,
4675,E0166300002111,姉別農村環境改善センター,北海道浜中町姉別3-41-1,1,,,43.1986020192552,145.191341550365,
4676,E0166300005111,農業者トレーニングセンター,北海道浜中町茶内橋北東33,1,,,43.1349066579574,145.021264194288,
4677,E0166300006111,茶内コニュニティセンター,北海道浜中町茶内若葉1-10,1,,,43.1344427470035,145.029439542392,
4678,E0166300010111,ふれあい交流・保養センター（ゆうゆ）,北海道浜中町湯沸432,1,,,43.0768387589267,145.133730975368,
4679,E0166300011111,浜中町役場本庁舎,北海道浜中町湯沸445,1,,,43.075916,145.131159,
4680,E0166300020111,浜中農村環境改善センター,北海道浜中町浜中桜東36,1,,,43.1566787635319,145.104132169808,
4681,E0166300021111,中山間活性化施設ＭＯ－ＴＴＯかぜて,北海道浜中町浜中東６線60,1,,,43.149133949705,145.10395759189,
4682,E0151200001111,浜頓別町青少年会館,北海道浜頓別町クッチャロ湖畔19,,,,45.1231644294683,142.350127841354,
4683,E0151200003121,特別養護老人ホームぬくもりの舎,北海道浜頓別町クッチャロ湖畔51,,,,45.1247097383048,142.353373272165,
4684,E0151200006111,浜頓別小学校,北海道浜頓別町旭ケ丘3-15,1,,,45.1167935538896,142.367544668023,
4685,E0151200007121,特別養護老人ホーム清風苑,北海道浜頓別町旭ケ丘3-8,,,,45.1179236221304,142.367489093555,
4686,E0151200008111,仁達内コミュニティセンター,北海道浜頓別町字ニタチナイ4381-13,,,,45.1126329816134,142.316651463728,
4687,E0151200009111,斜内コミュニティセンター,北海道浜頓別町字ブタウス2372-3,,,,45.0712331177731,142.467662384099,
4688,E0151200011111,開明コミュニティセンター,北海道浜頓別町字ヤシベツ383-52,,,,45.1583015830431,142.25005965823,
4689,E0151200013111,頓別コミュニティセンター,北海道浜頓別町字頓別3187-11,,,,45.1265992331036,142.391568792495,
4690,E0151200014111,宇曽丹コミュニティセンター,北海道浜頓別町字頓別原野100-20,1,,,45.0677897940027,142.344214882596,
4691,E0151200016111,旧下頓別小学校,北海道浜頓別町字頓別原野2261-1,1,,,45.0398002203432,142.31214026202,
4692,E0151200017111,豊寒別コミュニティセンター,北海道浜頓別町字頓別原野2414-5,,,,45.0912011651886,142.422691047972,
4693,E0151200018111,下頓別健康増進センター,北海道浜頓別町字頓別原野2931-1,,,,45.0489454679066,142.311085242138,
4694,E0151200018112,下頓別生活改善センター,北海道浜頓別町字頓別原野2931-1,,,,45.0491235964355,142.311133521904,
4695,E0151200019111,旧頓別小学校,北海道浜頓別町字頓別原野865,1,,,45.1270344864019,142.394138348724,
4696,E0151200021111,浜頓別町多目的アリーナ,北海道浜頓別町中央北2,,,,45.1248866028693,142.358598257427,
4697,E0151200026111,浜頓別町交流館,北海道浜頓別町中央北21-1,,,,45.125291,142.36066,
4698,E0151200027111,浄覚寺,北海道浜頓別町北４条3-1,,,,45.128257,142.364337,
4699,E0151200022111,浜頓別町認定こども園,北海道浜頓別町北一条5-1,,,,45.1268494559486,142.368528468633,
4700,E0151200023111,浜頓別中学校,北海道浜頓別町北四条1-1,1,,,45.1291371928008,142.361251335166,
4701,E0151200024111,母と子の家,北海道浜頓別町緑ケ丘1-50,,,,45.1227943293795,142.356635123034,
4702,E0151200025111,浜頓別高等学校,北海道浜頓別町緑ケ丘5-15,1,,,45.1176918328698,142.360285315225,
4703,E0122900002111,富良野市立富良野西中学校,北海道富良野市桂木町1-1,,,,43.34845277,142.3838255,
4704,E0122900006111,富良野市立山部小学校,北海道富良野市山部東町8-64,,,,43.2450555,142.3839831,
4705,E0122900045111,生涯学習センター,北海道富良野市字山部東２１線12,,,,43.232701,142.378625,
4706,E0122900021111,富良野市立鳥沼小学校,北海道富良野市字東鳥沼の1,,,,43.34392504,142.438611,
4707,E0122900043111,富良野市立麓郷小中学校,北海道富良野市字南麓郷,,,,43.30238,142.53178,
4708,E0122900027111,富良野市立樹海学校,北海道富良野市字老節布5007-1,,,,43.23609849,142.4726068,
4709,E0122900029111,富良野市立富良野小学校,北海道富良野市若松町10-1,,,,43.34474006,142.3835477,
4710,E0122900030121,ふれあいセンター,北海道富良野市春日町12-5,,,要配慮者,43.34197996,142.3981166,
4711,E0122900030111,ふれあいセンター,北海道富良野市春日町12-5,,,,43.34197996,142.3981166,
4712,E0122900031111,富良野市立富良野東中学校,北海道富良野市瑞穂町1-30,,,,43.34438859,142.3968737,
4713,E0122900033111,北海道富良野高等学校,北海道富良野市西町1-1,,,,43.35314687,142.3798258,
4714,E0121600094111,島ノ下会館,北海道富良野市島ノ下,,,,43.37467875,142.3499547,
4715,E0122900037111,富良野市立東小学校,北海道富良野市北麻町8-1,,,,43.34578177,142.4023167,
4716,E0122900038111,北海道旧富良野高等学校,北海道富良野市末広町1-1,,,,43.3395456,142.388042,
4717,E0122900042111,富良野市立扇山小学校,北海道富良野市緑町8-20,,,,43.33615906,142.394859,
4718,E0133200003111,浦和町内会館,北海道福島町字浦和286,1,,,41.4907679744417,140.2920312924,
4719,E0133200032121,吉岡総合センター,北海道福島町字吉岡204-1,1,,要配慮者(災害時要援護者),41.447079,140.222656,
4720,E0133200032111,吉岡総合センター,北海道福島町字吉岡204-1,1,,,41.447079,140.222656,
4721,E0133200009111,吉岡小学校,北海道福島町字吉岡252,1,,,41.4449838217644,140.231894459,
4722,E0133200038111,福島中学校,北海道福島町字月崎322,1,,,41.484924285187,140.2590221479,
4723,E0133200015111,福島小学校,北海道福島町字月崎357,1,,,41.4854319673899,140.258260381015,
4724,E0133200036111,福島町総合体育館,北海道福島町字三岳25-5,1,,,41.48682067968,140.25618465267,
4725,E0133200037111,福島町福祉センター,北海道福島町字三岳32-3,1,,,41.485969115565,140.25510299362,
4726,E0133200023111,福島町活性化センター,北海道福島町字千軒288-1,1,,,41.5595909035175,140.272254782264,
4727,E0133200028121,福島町健康づくりセンター,北海道福島町字福島820,1,,要配慮者(災害時要援護者),41.4838276675304,140.251347872087,
4728,E0133200028111,福島町健康づくりセンター,北海道福島町字福島820,1,,,41.4838276675304,140.251347872087,
4729,E0160200001111,紫雲古津生活館,北海道平取町紫雲古津34-1,,,,42.550875698573,142.07099702231,
4730,E0160200002111,旭生活館,北海道平取町字旭67-3,1,,,42.645161384437,142.37308030153,
4731,E0160200003111,荷菜多目的研修センター,北海道平取町字荷菜73-9,,,,42.574805,142.112238,
4732,E0160200004111,ペナコリ生活館,北海道平取町字荷負33-1,1,,,42.664749020432,142.18396688972,
4733,E0160200005111,荷負生活館,北海道平取町字荷負54-2,,,,42.679480275106,142.19731800447,
4734,E0160200007111,芽生生活改善センター,北海道平取町字芽生39-1,1,,,42.67228834489,142.35600859096,
4735,E0160200008111,貫気別町民センター,北海道平取町字貫気別129,,,,42.670817611821,142.26112112775,
4736,E0160200010111,貫気別福祉センター,北海道平取町字貫気別135-9,,,,42.673691693024,142.26429971656,
4737,E0160200011111,本村生活館,北海道平取町字貫気別20-2,1,,,42.66522728371,142.23622829174,
4738,E0160200013111,貫気別小学校,北海道平取町字貫気別91-6,,,,42.675989447711,142.26463703202,
4739,E0160200014111,岩知志ふれあい館,北海道平取町字岩知志55-9,1,,,42.733794960115,142.34784765517,
4740,E0160200015111,去場生活館,北海道平取町字去場66-4,,,,42.5601,142.09532,
4741,E0160200017111,小平生活館,北海道平取町字小平3-6,1,,,42.598280430777,142.14890001587,
4742,E0160200019111,長知内ふれあいセンター,北海道平取町字長知内38-5,1,,,42.7031278761578,142.229529372342,
4743,E0160200021111,二風谷小学校,北海道平取町字二風谷28-1,,,,42.631748511137,142.15389029801,
4744,E0160200023111,豊糠体験宿泊施設「とよぬか山荘」,北海道平取町字豊糠24-3,1,,,42.705859834376,142.40533026168,
4745,E0160200024111,幌毛志生活改善センター,北海道平取町字幌毛志49-1,1,,,42.7179714950827,142.262370534717,
4746,E0160200037111,振内中学校,北海道平取町振内町101-1,,,,42.722469268121,142.30080677834,
4747,E0160200025111,振内青少年会館,北海道平取町振内町28-11,1,,,42.725719698875,142.30214952575,
4748,E0160200025112,振内町民センター,北海道平取町振内町28-11,1,,,42.726044810365,142.30203955518,
4749,E0160200026111,振内小学校,北海道平取町振内町30-2,,,,42.725179626265,142.30364058967,
4750,E0160200027111,振内１４町内集会所,北海道平取町振内町49-10,,,,42.73260106306,142.29687326448,
4751,E0160200028111,池売生活センター,北海道平取町振内町90-8,1,,,42.723128367925,142.29707813706,
4752,E0160200029111,川向生活館,北海道平取町川向61-3,,,,42.541983382945,142.10914509688,
4753,E0160200031111,みどりが丘住民センター,北海道平取町本町114-5,,,,42.587032669914,142.1303394652,
4754,E0160200032111,平取中学校,北海道平取町本町116-3,,,,42.589292648291,142.12132715489,
4755,E0160200033111,平取生活館,北海道平取町本町19,,,,42.5843957726104,142.126813963195,
4756,E0160200034111,ふれあいセンターびらとり,北海道平取町本町35-1,1,,,42.58560602555,142.13443478496,
4757,E0160200034121,ふれあいセンターびらとり,北海道平取町本町35-1,1,,高齢者、障がい者、妊産婦、乳幼児、病弱者等,42.58560602555,142.13443478496,
4758,E0160200035111,本町生活館,北海道平取町本町44-4,,,,42.5867221567888,142.137092495367,
4759,E0160200036111,中央公民館,北海道平取町本町88-1,,,,42.58908936277,142.1370495804,
4760,E0169100004111,床丹地域防災センター,北海道別海町床丹4-46,1,,,43.46701489,145.2557654,
4761,E0169100005111,上春別小学校,北海道別海町上春別123-12,,,,43.4321443664165,144.894510598548,
4762,E0169100006111,上春別中学校,北海道別海町上春別旭町30,,,,43.4314976963813,144.900805743118,
4763,E0169100007111,上春別地域センター,北海道別海町上春別栄町44,1,,,43.43062446,144.895857,
4764,E0169100008111,上風連地域センター,北海道別海町上風連174-17,1,,,43.26802703,145.0964718,
4765,E0169100009111,上風連小学校,北海道別海町上風連181-4,,,,43.2664505165646,145.097523202531,
4766,E0169100010111,上風連中学校,北海道別海町上風連182-3,,,,43.2662903608881,145.10217951738,
4767,E0169100012111,上西春別中学校,北海道別海町西春別75-4,,,,43.4173943819089,144.761855999243,
4768,E0169100013111,西春別体育館,北海道別海町西春別95-53,,,,43.4093913414227,144.772122736172,
4769,E0169100014111,西春別ふれあいセンター,北海道別海町西春別駅前栄町28,1,,,43.41432068,144.7664849,
4770,E0169100015111,上西春別小学校,北海道別海町西春別駅前西町2,,,,43.4168254856952,144.760868946327,
4771,E0169100017111,西春別地域センターみらい館,北海道別海町西春別宮園町73,1,,,43.39455137,144.8047582,
4772,E0169100019111,走古丹地域防災センター,北海道別海町走古丹1-44,1,,,43.32367954,145.3315943,
4773,E0169100020111,中春別小学校,北海道別海町中春別西町34,,,,43.476381772799,145.056251197653,
4774,E0169100021111,中春別ふれあいセンター,北海道別海町中春別東町50,1,,,43.47888061,145.0600929,
4775,E0169100022111,中春別中学校,北海道別海町中春別南町17,,,,43.4724889142334,145.05943766196,
4776,E0169100024111,中西別ふれあいセンター,北海道別海町中西別光町38-1,1,,,43.36529782,144.9877591,
4777,E0169100027111,野付中学校,北海道別海町尾岱沼潮見町203,,,,43.5598278004164,145.220384994698,
4778,E0169100028111,尾岱沼地域センター,北海道別海町尾岱沼潮見町213-1,1,,,43.55587599,145.2186373,
4779,E0169100029111,野付小学校,北海道別海町尾岱沼潮見町217,,,,43.5559869728182,145.221286216922,
4780,E0169100030111,別海町東公民館,北海道別海町尾岱沼潮見町72,1,,,43.56956822,145.217021,
4781,E0169100031111,別海町民体育館,北海道別海町別海141-10,1,,,43.38379255,145.1133217,
4782,E0169100032121,柏の実学園,北海道別海町別海97-9,,,要配慮者,43.4037614114388,145.131112960761,
4783,E0169100041111,別海町生涯学習センターみなくる,北海道別海町別海旭町149-1,1,,,43.394095,145.126407,
4784,E0169100033111,別海中央小学校,北海道別海町別海旭町431-1,,,,43.3947508020084,145.133651510991,
4785,E0169100035111,別海町役場本庁舎,北海道別海町別海常盤町280,1,,,43.39404449,145.1173807,
4786,E0169100036121,老人保健施設すこやか,北海道別海町別海西本町103-3,,,要配慮者,43.3909453776574,145.123087791389,
4787,E0169100036122,デイサービスセンターひだまり,北海道別海町別海西本町103-3,,,要配慮者,43.3915223133504,145.122465518896,
4788,E0169100037121,特別養護老人ホーム清翠園,北海道別海町別海西本町52,,,要配慮者,43.3909297847241,145.122143653815,
4789,E0169100038111,別海中央中学校,北海道別海町別海緑町116-4,,,,43.3833462775728,145.125141020229,
4790,E0169100039111,別海高等学校,北海道別海町別海緑町70-1,,,,43.3845587678127,145.126766438893,
4791,E0169100040111,本別海地域防災センター,北海道別海町本別海2-155,1,,,43.38539379,145.2855192,
4792,E0157100001111,旭町そよかぜ団地,北海道豊浦町字旭町44-107,,,,42.5806145345129,140.71680726951,
4793,E0157100002111,海岸町福祉の家,北海道豊浦町字海岸町51-1,,,,42.57917604,140.7127004,
4794,E0157100003111,豊浦町社会館,北海道豊浦町字幸町86-2,,,,42.58484107,140.7087958,
4795,E0157100004111,桜集会所,北海道豊浦町字桜206-3,,,,42.60879827,140.7286334,
4796,E0157100005111,山梨集会所,北海道豊浦町字山梨217-2,,,,42.69096486,140.7272388,
4797,E0157100006111,上泉集会所,北海道豊浦町字上泉572-1,,,,42.66448593,140.6554193,
4798,E0157100007111,新山梨集会所,北海道豊浦町字新山梨394-3,,,,42.64125623,140.6650823,
4799,E0157100008111,新富保健福祉会館,北海道豊浦町字新富228,,,,42.66906223,140.5864916,
4800,E0157100009111,豊浦中学校,北海道豊浦町字船見町123-2,,,,42.58632437,140.7153913,
4801,E0157100010111,ファミリースポーツセンター,北海道豊浦町字船見町95-2,,,,42.581538,140.712791,
4802,E0157100011111,豊浦小学校,北海道豊浦町字船見町95-3,,,,42.5852939,140.7156841,
4803,E0157100014111,大岸福祉の家,北海道豊浦町字大岸166-11,,,,42.5875693,140.6386012,
4804,E0157100015111,大岸小学校,北海道豊浦町字大岸91-1,1,,,42.59558995,140.6443682,
4805,E0157100016111,大岸いきいきセンター,北海道豊浦町字大岸97-60,,,,42.59340913,140.6436011,
4806,E0157100017111,大和多目的集会所,北海道豊浦町字大和138-3,,,,42.64415479,140.7333592,
4807,E0157100018111,旧大和小学校,北海道豊浦町字大和151,,,,42.64791051,140.733742,
4808,E0157100019122,総合保健福祉施設やまびこ,北海道豊浦町字東雲町16-1,,,,42.58314548,140.7159216,
4809,E0157100019111,高齢者コミュニティセンター,北海道豊浦町字東雲町16-1,,,,42.5832033406984,140.715886728509,
4810,E0157100019112,総合保健福祉施設やまびこ,北海道豊浦町字東雲町16-1,,,,42.58314548,140.7159216,
4811,E0157100019121,高齢者コミュニティセンター,北海道豊浦町字東雲町16-1,,,,42.5831799186877,140.71585909657,
4812,E0157100020111,いずみの学校,北海道豊浦町字東雲町83-2,,,,42.58505376,140.7244301,
4813,E0157100021111,美和集会所,北海道豊浦町字美和117-2,,,,42.65465119,140.7150094,
4814,E0157100023111,ふるさとドーム,北海道豊浦町字浜町17-17,,,,42.58716942,140.701991,
4815,E0157100024111,礼文華生活館,北海道豊浦町字礼文華156-1,,,,42.57785098,140.5963908,
4816,E0157100025112,礼文華小学校,北海道豊浦町字礼文華169,1,,,42.58078838,140.5923605,
4817,E0157100025111,旧礼文華中学校,北海道豊浦町字礼文華169,1,,,42.58163105,140.5903213,
4818,E0164500001111,牛首別農作業管理休養施設,北海道豊頃町牛首別50-3,,,,42.78748691,143.4936107,
4819,E0164500002111,十弗農業センター,北海道豊頃町十弗宝町107-2,,,,42.85653184,143.5008961,
4820,E0164500003111,大津小学校,北海道豊頃町大津幸町101,,,,42.68887509,143.6496646,
4821,E0164500004111,大津地域コミュニティセンター,北海道豊頃町大津幸町13-1,,,,42.68706388,143.649007,
4822,E0164500007111,豊頃小学校,北海道豊頃町中央若葉町21,,,,42.81466722,143.5204943,
4823,E0164500034111,豊頃中学校,北海道豊頃町中央若葉町22,,,,42.81313529,143.5178862,
4824,E0164500008111,中央区コミュニティセンター,北海道豊頃町中央新町41-1,,,,42.81245815,143.5223634,
4825,E0164500010111,長節酪農センター,北海道豊頃町長節529,,,,42.67534787,143.5822734,
4826,E0164500012111,統内生活センター,北海道豊頃町統内1561,,,,42.84342625,143.4539506,
4827,E0164500013111,平和近隣センター,北海道豊頃町統内608,,,,42.85859685,143.4154011,
4828,E0164500014111,二宮東区農作業管理休養施設,北海道豊頃町二宮1150-2,,,,42.767124,143.455224,
4829,E0164500015111,二宮報徳館,北海道豊頃町二宮2460,,,,42.7545786,143.4272981,
4830,E0164500016111,二宮西区農作業管理休養施設,北海道豊頃町二宮3803-2,,,,42.73916746,143.4142276,
4831,E0164500017111,二宮構造改善センター,北海道豊頃町二宮830,,,,42.76907604,143.4416614,
4832,E0164500018111,農野牛老人憩の家,北海道豊頃町農野牛1028,,,,42.805617,143.410163,
4833,E0164500019111,豊頃農作業管理休養施設,北海道豊頃町豊頃623-3,,,,42.8150841,143.5564043,
4834,E0164500020111,豊頃地域コミュニティーセンター,北海道豊頃町豊頃旭町1,,,,42.81756873,143.5380418,
4835,E0164500021111,十弗西区農作業管理休養施設,北海道豊頃町北栄444-1,,,,42.847271,143.497893,
4836,E0164500022111,下幌岡農作業管理休養施設,北海道豊頃町幌岡703-5,,,,42.77241863,143.5700683,
4837,E0164500023111,上幌岡農作業管理休養施設,北海道豊頃町幌岡74,,,,42.80081924,143.5379426,
4838,E0164500024121,特別養護老人ホームとよころ荘,北海道豊頃町茂岩49-78,,,要配慮者,42.80171913,143.4979143,
4839,E0164500025111,こどもプラザとよころ,北海道豊頃町茂岩栄町4,,,,42.79693942,143.5092004,
4840,E0164500026121,地域密着型介護老人福祉施設はるにれＴｏｙｏｋｏｒｏ,北海道豊頃町茂岩栄町5-2,,,要配慮者,42.79661135,143.5107065,
4841,E0164500027111,アメニティホール,北海道豊頃町茂岩新和町129,,,,42.805756,143.500564,
4842,E0164500028111,豊頃町える夢館,北海道豊頃町茂岩本町166,,,,42.80002253,143.5048789,
4843,E0164500029111,豊頃町総合体育館,北海道豊頃町茂岩本町167,,,,42.7992823,143.5047308,
4844,E0164500030111,湧洞酪農センター,北海道豊頃町湧洞651,,,,42.66381359,143.4868888,
4845,E0164500031111,旅来酪農センター,北海道豊頃町旅来282,,,,42.72626251,143.5886969,
4846,E0164500032111,礼作別研修センター,北海道豊頃町礼作別425,,,,42.82020967,143.4582424,
4847,E0164500033111,礼文内地域コミュ二ティセンター,北海道豊頃町礼文内112,,,,42.85345427,143.5081474,
4848,E0151600001121,グループホーム和ごころ（はまなす）,北海道豊富町字温泉,1,,要配慮者,45.0723881674468,141.835743794314,
4849,E0151600001112,農業集落センター（温泉）,北海道豊富町字温泉,1,,,45.07345569,141.8368753,
4850,E0151600002113,兜沼小中学校,北海道豊富町字兜沼,1,,,45.22690627,141.6961145,
4851,E0151600002121,豊富町在宅老人デイサービスセンター,北海道豊富町字兜沼,1,,要配慮者,45.2215112,141.6996476,
4852,E0151600002112,兜沼農村環境改善センター,北海道豊富町字兜沼,1,,,45.22154833,141.6991913,
4853,E0151600003111,豊富高等学校,北海道豊富町字上サロベツ475,1,,,45.09765431,141.7870176,
4854,E0151600004114,豊富町民センター,北海道豊富町字西豊富,1,,,45.10446504,141.7686713,
4855,E0151600004113,豊富町スポーツセンター,北海道豊富町字西豊富,1,,,45.10554711,141.7686677,
4856,E0151600004112,豊富中学校,北海道豊富町字西豊富,1,,,45.10837421,141.7650011,
4857,E0151600004121,特別養護老人ホーム　温心園,北海道豊富町字西豊富,1,,要配慮者,45.107940753179,141.766729854827,
4858,E0151600005112,稚咲内生活館,北海道豊富町字稚咲内,1,,,45.084362,141.640161,
4859,E0151600006111,旧庄内小中学校,北海道豊富町字豊栄,1,,,45.15870751,141.6590196,
4860,E0151600009121,サロベツマイハート,北海道豊富町字豊富西4-5,,,要配慮者,45.101947,141.769729,
4861,E0151600010111,豊富小学校,北海道豊富町字豊富大通1,,,,45.09660418,141.7812013,
4862,E0151600008111,北宗谷農業協同組合本所,北海道豊富町字豊富停車場通8,,,,45.10580501,141.7748018,
4863,E0151600012112,豊富町定住支援センター,北海道豊富町字豊富東1-6,,,,45.1030912608672,141.778947554228,
4864,E0151600012121,豊富町定住支援センター（保健センター）,北海道豊富町字豊富東1-6,,,要配慮者,45.1031376,141.7786843,
4865,E0151600017111,豊富町共同福祉施設,北海道豊富町字豊富東4-3,,,,45.10072426,141.7864208,
4866,E0120800174121,特別養護老人ホームくつろぎユニット,北海道北見市とん田東町381-16,,,市が特定した者,43.798409,143.878951,
4867,E0120800173121,特別養護老人ホームくつろぎ,北海道北見市とん田東町444-1,,,市が特定した者,43.797983,143.878832,
4868,E0120800001111,西小学校,北海道北見市とん田東町688-1,1,,,43.79159155,143.884522,
4869,E0120800180121,多機能ホームゆうゆうぼたん園,北海道北見市花月町5-3,,,市が特定した者,43.815079,143.880523,
4870,E0120800004111,開成ふるさと工芸館,北海道北見市開成384,1,,,43.74031857,143.8822523,
4871,E0120800005111,北光児童センター,北海道北見市錦町181-1,1,,,43.78525,143.87727,
4872,E0120800006111,北光小学校,北海道北見市錦町181-3,1,,,43.78517287,143.8786038,
4873,E0120800007111,光西中学校,北海道北見市光西町183-1,1,,,43.79682427,143.8689428,
4874,E0120800008111,市民スケートリンク,北海道北見市光葉町4-1,1,,,43.78682251,143.8967018,
4875,E0120800010111,東児童センター,北海道北見市公園町14-2,1,,,43.81966022,143.9023165,
4876,E0120800011111,北見工業大学,北海道北見市公園町165,1,,,43.82356404,143.9050129,
4877,E0120800179121,ケアホーム幸（ｓａｔｉ）,北海道北見市幸町1-1-2,,,市が特定した者,43.808436,143.890216,
4878,E0120800179122,就労継続支援事業所さち,北海道北見市幸町1-1-2,,,市が特定した者,43.808436,143.89019,
4879,E0120800187121,リビングケアシーズン幸,北海道北見市幸町2-2-20,,,市が特定した者,43.809187,143.887223,
4880,E0120800013111,上常呂中学校,北海道北見市広郷195,1,,,43.76100788,143.8352387,
4881,E0120800016111,高栄中学校,北海道北見市高栄西町10-12-1,1,,,43.80973174,143.8573497,
4882,E0120800017111,高栄児童センター,北海道北見市高栄西町10-12-2,1,,,43.81130144,143.8575963,
4883,E0120800188121,グループホームことぶき,北海道北見市高栄西町7-2-2,,,市が特定した者,43.815563,143.860573,
4884,E0120800020111,高栄小学校,北海道北見市高栄西町9-3-2,1,,,43.81408215,143.8607597,
4885,E0120800181121,スマイルハウスあゆみ,北海道北見市高栄東町3-25-6,,,市が特定した者,43.815706,143.871538,
4886,E0120800022111,北地区市民トレーニングセンター,北海道北見市高栄東町4-14-18,1,,,43.81859739,143.8695214,
4887,E0120800023111,三楽児童センター,北海道北見市三楽町198-2,1,,,43.81634168,143.8930164,
4888,E0120800024111,北見藤高等学校,北海道北見市三楽町213,1,,,43.815339078166,143.89090529268,
4889,E0120800025111,若松小学校,北海道北見市若松155-5,1,,,43.77778577,143.9239377,
4890,E0120800026111,北見市総合福祉会館,北海道北見市寿町3-4-1,1,,,43.81377788,143.8816665,
4891,E0120800027111,北小学校,北海道北見市寿町6-1-20,1,,,43.81167797,143.8770381,
4892,E0120800028111,北地区公民館,北海道北見市寿町6-5-14,1,,,43.81402817,143.8763473,
4893,E0120800029111,小泉地区市民トレーニングセンター,北海道北見市春光町2-205-1,1,,,43.82779115,143.9211182,
4894,E0120800030111,サンハウス（小泉児童センター・東地区公民館）,北海道北見市春光町6-1-22,1,,,43.82289785,143.9210819,
4895,E0120800031111,小泉小学校,北海道北見市春光町6-4-51,1,,,43.82279947,143.9226783,
4896,E0120800032111,日赤北海道看護大学,北海道北見市曙町664-1,1,,,43.82936706,143.9076448,
4897,E0120800182121,住宅型有料老人ホーム　ノレーヴ,北海道北見市小泉466-37,,,市が特定した者,43.834221,143.920605,
4898,E0120800035111,上常呂小学校,北海道北見市上ところ28-1,1,,,43.76027733,143.8436693,
4899,E0120800036111,上ところコミュニティプラザ,北海道北見市上ところ682-1,1,,,43.75799504,143.8376414,
4900,E0120800039111,北見市民会館,北海道北見市常盤町2-1-10,1,,,43.79833846,143.8899203,
4901,E0120800041111,とん田児童センター,北海道北見市常盤町5-13-1,1,,,43.7926079,143.8877611,
4902,E0120800043111,栄浦地区多目的集会施設,北海道北見市常呂町字栄浦116,1,,,44.13078973,143.9742741,
4903,E0120800045111,岐阜地区集落センター,北海道北見市常呂町字岐阜310-3,1,,,44.1114728,144.0145354,
4904,E0120800046111,錦水小学校,北海道北見市常呂町字岐阜329,1,,,44.11418072,144.0092346,
4905,E0120800047111,共立会館,北海道北見市常呂町字共立115-3,1,,,44.08249542,144.0347223,
4906,E0120800050111,常呂漁協漁村センター,北海道北見市常呂町字常呂25,1,,,44.12619051,144.0879978,
4907,E0120800052111,常呂図書館,北海道北見市常呂町字常呂323,1,,,44.1203564,144.0709592,
4908,E0120800053111,常呂小学校,北海道北見市常呂町字常呂503,1,,,44.11877615,144.0670677,
4909,E0120800166121,特別養護老人ホームところ,北海道北見市常呂町字常呂561-26,,,市が特定した者,44.117339,144.06633,
4910,E0120800054111,常呂高等学校,北海道北見市常呂町字常呂574,1,,,44.11898011,144.0637563,
4911,E0120800056111,旧かもめ保育所,北海道北見市常呂町字常呂86-1,1,,,44.119788612763,144.0806821454,
4912,E0120800193111,常呂町公民館,北海道北見市常呂町字土佐2,1,,,44.12119658,144.0580917,
4913,E0120800058111,常呂カーリングホール,北海道北見市常呂町字土佐2-2,1,,,44.12157932,144.056509,
4914,E0120800059111,常呂中学校,北海道北見市常呂町字土佐40-1,1,,,44.11627133,144.0630111,
4915,E0120800061111,東浜地区多目的集会施設,北海道北見市常呂町字東浜27-1,1,,,44.12058949,144.101291,
4916,E0120800064111,日吉会館,北海道北見市常呂町字日吉219-1,1,,,43.980824,143.945462,
4917,E0120800066112,富丘地区高齢者コミュニティセンター,北海道北見市常呂町字富丘287-2,1,,,44.06959328,143.995247,
4918,E0120800066111,旧富丘小学校体育館,北海道北見市常呂町字富丘287-2,1,,,44.06992,143.99393,
4919,E0120800067111,福山地区高齢者コミュニティセンター,北海道北見市常呂町字福山138-3,1,,,44.02273356,143.9988653,
4920,E0120800068111,川沿小学校,北海道北見市常呂町字豊川63,1,,,44.0632644,144.0279426,
4921,E0120800069111,豊川地域農村環境改善センター,北海道北見市常呂町字豊川64-4,1,,,44.0638201,144.0292771,
4922,E0120800071111,仁頃住民センター,北海道北見市仁頃町242-2,1,,,43.89849599,143.8982693,
4923,E0120800072111,北見田園空間情報センター「にっころ」,北海道北見市仁頃町291-1,1,,,43.906666,143.908968,
4924,E0120800073111,西相内多目的地域会館,北海道北見市西相内207-14,1,,,43.790959,143.678555,
4925,E0120800164111,西地区公民館,北海道北見市西富町1-2-22,1,,,43.800029,143.87028,
4926,E0120800074111,川東の里,北海道北見市川東226-2,1,,,43.81797641,143.9389832,
4927,E0120800074122,川東学園,北海道北見市川東226-2,1,,市が特定した者,43.817963,143.939095,
4928,E0120800074123,きたみ学園,北海道北見市川東226-2,1,,市が特定した者,43.81797641,143.9389832,
4929,E0120800074124,風楽里,北海道北見市川東226-2,1,,市が特定した者,43.818365,143.940032,
4930,E0120800074125,友楽里,北海道北見市川東226-2,1,,市が特定した者,43.818357,143.940064,
4931,E0120800167121,特別養護老人ホーム北寿園,北海道北見市川東354-7,,,市が特定した者,43.797538,143.917331,
4932,E0120800168121,養護老人ホーム北見老人ホーム,北海道北見市川東362,,,市が特定した者,43.798219,143.91626,
4933,E0120800076111,北見芸術文化ホール,北海道北見市泉町1-3-22,1,,,43.80535642,143.8990489,
4934,E0120800080111,相内中学校,北海道北見市相内町15-1,1,,,43.79451117,143.7609061,
4935,E0120800081111,相内小学校,北海道北見市相内町287,1,,,43.79767182,143.7491923,
4936,E0120800082111,北見緑陵高等学校,北海道北見市大正255,1,,,43.81468745,143.8384442,
4937,E0120800083111,大正小学校,北海道北見市大正64-2,1,,,43.81046601,143.839678,
4938,E0120800084111,東小学校,北海道北見市大町159-1,1,,,43.81359757,143.902214,
4939,E0120800184121,デイなのはな,北海道北見市大町47-1,,,市が特定した者,43.814222,143.905826,
4940,E0120800183121,ｍｏｔｔｏたくま宿,北海道北見市大町56-8,,,市が特定した者,43.814796,143.906378,
4941,E0120800086111,一区生活センター,北海道北見市端野町一区107-1,1,,,43.88584796,143.9689845,
4942,E0120800087111,協和文化センター,北海道北見市端野町協和239-1,1,,,43.8537612,143.9775301,
4943,E0120800088111,端野町農業者レクリエーションセンター,北海道北見市端野町協和341-1,1,,,43.85323278,143.9770147,
4944,E0120800089111,端野小学校,北海道北見市端野町三区1033-3,1,,,43.85372,143.93745,
4945,E0120800090111,屯田農村生活センター,北海道北見市端野町三区104-1,1,,,43.84776697,143.9304487,
4946,E0120800091111,端野中学校,北海道北見市端野町三区1045-3,1,,,43.85302578,143.9366869,
4947,E0120800092111,端野太陽っ子児童館,北海道北見市端野町三区454-7,1,,,43.84633279,143.939329,
4948,E0120800093111,北見商業高等学校,北海道北見市端野町三区583-1,1,,,43.84354522,143.9258535,
4949,E0120800094111,川向文化センター,北海道北見市端野町川向167,1,,,43.83087541,143.952817,
4950,E0120800095111,北見市端野町高齢者コミュニティセンター,北海道北見市端野町端野147-1,1,,,43.85419556,143.9465064,
4951,E0120800096111,端野町サンドーム’９４,北海道北見市端野町端野233-2,1,,,43.84934751,143.9408822,
4952,E0120800097111,端野町公民館,北海道北見市端野町二区471-11,1,,,43.86129592,143.9429511,
4953,E0120800098111,端野中央保育園,北海道北見市端野町二区471-12,1,,,43.86117656,143.9419274,
4954,E0120800099111,二区生活センター,北海道北見市端野町二区471-3,1,,,43.86463271,143.945246,
4955,E0120800100111,端野町農業者トレーニングセンター,北海道北見市端野町二区471-6,1,,,43.86227315,143.9462243,
4956,E0120800103111,緋牛内農村生活センター,北海道北見市端野町緋牛内325-1,1,,,43.88228535,144.0011464,
4957,E0120800104111,豊北農村生活センター,北海道北見市端野町豊実259-1,1,,,43.91936484,143.9204683,
4958,E0120800105111,三輪小学校,北海道北見市中央三輪8-14-1,1,,,43.79380846,143.8475291,
4959,E0120800106111,中央小学校,北海道北見市中央町3-51,1,,,43.81090146,143.8891766,
4960,E0120800107111,小泉中学校,北海道北見市田端町32-26,1,,,43.81799226,143.9149669,
4961,E0120800109111,三輪児童センター,北海道北見市東三輪1-31-1,1,,,43.79961261,143.8600216,
4962,E0120800110111,北見中高年齢労働者福祉センター（サンライフ北見）,北海道北見市東三輪5-1-16,1,,,43.79294008,143.8631355,
4963,E0120800175121,介護老人保健施設いきいき,北海道北見市東相内172-80,,,市が特定した者,43.80079,143.819657,
4964,E0120800111111,東相内小学校,北海道北見市東相内町178-10,1,,,43.80145504,143.8087622,
4965,E0120800112111,東相内中学校,北海道北見市東相内町25-8,1,,,43.80288481,143.8224648,
4966,E0120800113111,北見工業高等学校,北海道北見市東相内町602,1,,,43.80176216,143.8052643,
4967,E0120800169122,光の苑デイサービスセンター憩い,北海道北見市東陵町116-1,,,市が特定した者,43.826512,143.898461,
4968,E0120800169125,光の苑グループホームくるみ,北海道北見市東陵町116-1,,,市が特定した者,43.825895,143.899076,
4969,E0120800169123,短期入所施設光の苑,北海道北見市東陵町116-1,,,市が特定した者,43.826826,143.898821,
4970,E0120800169121,特別養護老人ホーム光の苑,北海道北見市東陵町116-1,,,市が特定した者,43.826857,143.8989,
4971,E0120800171122,光の苑小規模多機能ホームゆり,北海道北見市東陵町118-68,,,市が特定した者,43.826505,143.897657,
4972,E0120800172122,有料老人ホーム光の苑風車の家,北海道北見市東陵町118-70,,,市が特定した者,43.826799,143.898027,
4973,E0120800114111,東陵中学校,北海道北見市東陵町173-1,1,,,43.82126984,143.8909969,
4974,E0120800115111,北見市武道館,北海道北見市東陵町27,1,,,43.81902335,143.8966457,
4975,E0120800115112,道立・市立体育センター,北海道北見市東陵町27,1,,,43.81844663,143.8965759,
4976,E0120800116111,南仲町児童センター,北海道北見市南仲町2-3-31,1,,,43.80109969,143.8978721,
4977,E0120800117111,南地区市民トレーニングセンター,北海道北見市南仲町3-2-21,1,,,43.8005182,143.9018212,
4978,E0120800118111,南小学校,北海道北見市南仲町3-2-40,1,,,43.80088251,143.9001942,
4979,E0120800119111,南中学校,北海道北見市南町1-2-64,1,,,43.79924095,143.9040963,
4980,E0120800200111,北見柏陽高等学校,北海道北見市柏陽町567,1,,,43.82398141,143.9134818,
4981,E0120800121111,北中学校,北海道北見市美山町南10-31-1,1,,,43.81964302,143.8767634,
4982,E0120800122111,美山児童センター,北海道北見市美山町南9-36-179,1,,,43.82423156,143.8776622,
4983,E0120800123111,美山小学校,北海道北見市美山町南9-36-8,1,,,43.82414216,143.8786647,
4984,E0120800126111,美芳児童センター,北海道北見市美芳町4-1-37,1,,,43.80795188,143.8795085,
4985,E0120800127111,工房とみさと,北海道北見市富里223-1,1,,,43.8490725,143.7867277,
4986,E0120800177121,工房とみさと・セキレイの里,北海道北見市冨里223-1,,,市が特定した者,43.848982,143.786293,
4987,E0120800128111,豊地小学校,北海道北見市豊地285-1,1,,,43.78825653,143.8329227,
4988,E0120800130111,豊田住民センター,北海道北見市豊田535-1,1,,,43.79571035,143.7314429,
4989,E0120800134111,北光中学校,北海道北見市北光328-12,1,,,43.78243383,143.8691402,
4990,E0120800135111,北見北斗高等学校,北海道北見市北斗町1-1-11,1,,,43.81169129,143.8865636,
4991,E0120800137111,北海道立北見高等技術専門学院,北海道北見市末広町356-1,1,,,43.78483291,143.8711871,
4992,E0120800208111,留辺蘂西区住民センター,北海道北見市留辺蘂町旭一区171-3,1,,,43.78027065,143.5998007,
4993,E0120800141111,留辺蘂町体育館,北海道北見市留辺蘂町旭公園88,1,,,43.77578014,143.6098327,
4994,E0120800142111,留辺蘂中学校,北海道北見市留辺蘂町旭西193,1,,,43.78464236,143.6022362,
4995,E0120800143111,留辺蘂住民交流センター,北海道北見市留辺蘂町旭中央24-12,1,,,43.780547,143.6232685,
4996,E0120800145111,留辺蘂小学校,北海道北見市留辺蘂町栄町18-1,1,,,43.7852198,143.6086891,
4997,E0120800146111,温根湯温泉福祉センター,北海道北見市留辺蘂町温根湯温泉111-2,1,,,43.75583189,143.5056154,
4998,E0120800147111,おんねゆ学園,北海道北見市留辺蘂町温根湯温泉228-2,1,,,43.75796154,143.5130178,
4999,E0120800150111,温根湯温泉多目的センター,北海道北見市留辺蘂町温根湯温泉75-1,1,,,43.753067,143.510842,
5000,E0120800158111,留辺蘂町公民館,北海道北見市留辺蘂町上町61,1,,,43.78851206,143.6154141,
5001,E0120800159111,瑞穂地区農村環境改善センター,北海道北見市留辺蘂町瑞穂163-2,1,,,43.8938789,143.6369584,
5002,E0120800186121,介護老人保健施設緑風,北海道北見市緑ケ丘3-29-8,,,市が特定した者,43.82412,143.870071,
5003,E0120800162111,緑小学校,北海道北見市緑町2-1-1,1,,,43.8052821,143.8479484,
5004,E0120800163111,緑児童センター,北海道北見市緑町3-3-9,1,,,43.80546747,143.8439033,
5005,E0123400003111,稲穂保育園,北海道北広島市稲穂町東1-6-1,1,,,42.9843816143793,141.570603698748,
5006,E0123400011125,グループホームきらっと,北海道北広島市輝美町2-3,,,要配慮者,42.9782838736247,141.554293735146,
5007,E0123400011124,グループホームほこしあ,北海道北広島市輝美町2-3,,,要配慮者,42.9781818495858,141.554420208995,
5008,E0123400013121,指定障害福祉サービス事業所ホホエム,北海道北広島市共栄21-1,,,要配慮者,42.9993075945963,141.560167304773,
5009,E0123400014121,特別養護老人ホーム東部緑の苑,北海道北広島市共栄276-20,,,要配慮者,42.9923133071012,141.54490011901,
5010,E0123400148121,障がい者福祉施設北広島コラボ,北海道北広島市共栄276-46,,,要配慮者,42.9905474937439,141.5450881962707,
5011,E0123400015111,北広島高校,北海道北広島市共栄305-3,1,,,42.9869220074955,141.553947995638,
5012,E0123400016111,総合体育館,北海道北広島市共栄315-2,1,,,42.9882352222569,141.557286298628,
5013,E0123400024111,北の台小学校,北海道北広島市共栄町4-6-1,1,,,42.9937919681397,141.559223245927,
5014,E0123400026111,すみれ保育園,北海道北広島市広葉町2-4-1,1,,,42.9770773634224,141.558055547224,
5015,E0123400028111,広葉交流センターいこ～よ,北海道北広島市広葉町3-1,1,,,42.975403723232,141.554232066404,
5016,E0123400030111,広葉中学校,北海道北広島市広葉町5-1,1,,,42.9744887017917,141.557379596073,
5017,E0123400032111,緑ヶ丘小学校,北海道北広島市高台町2-1,1,,,42.9633164667501,141.544872922101,
5018,E0123400034111,すずらん保育園,北海道北広島市高台町7-4,1,,,42.9619006572971,141.550796583397,
5019,E0123400039111,双葉小学校,北海道北広島市若葉町3-12,1,,,42.9692255310834,141.559226344244,
5020,E0123400046121,特別養護老人ホーム聖芳園,北海道北広島市西の里347-4,,,要配慮者,43.0119954201049,141.515876080003,
5021,E0123400047111,西の里小学校,北海道北広島市西の里401,1,,,43.0097688678897,141.504971964503,
5022,E0123400048121,障害福祉サービス事業所リハビリー・クリーナース,北海道北広島市西の里506,,,要配慮者,43.0141766055549,141.498072502645,
5023,E0123400049121,障害者支援施設リハビリー・エイト,北海道北広島市西の里507,,,要配慮者,43.0143404929247,141.49525198808,
5024,E0123400050111,西の里中学校,北海道北広島市西の里790-1,1,,,43.0100327724669,141.524787920085,
5025,E0123400053111,北広島西高校,北海道北広島市西の里東3-3-3,1,,,43.0159897721369,141.507834255884,
5026,E0123400056111,西の里会館,北海道北広島市西の里南1-2-2,1,,,43.0137914403796,141.500634459161,
5027,E0123400057111,西の里ファミリー体育館,北海道北広島市西の里南1-2-3,1,,,43.0136257581594,141.500357642875,
5028,E0123400062111,北広島団地住民センター,北海道北広島市泉町1-1,1,,,42.9642970008168,141.55111098329,
5029,E0123400064111,ふれあい学習センター（夢プラザ）,北海道北広島市大曲370-2,1,,,42.9788472460335,141.489155428141,
5030,E0123400066111,大曲東小学校,北海道北広島市大曲光2-8,1,,,42.9817621605115,141.487025137252,
5031,E0123400068111,大曲ふれあいプラザ,北海道北広島市大曲工業団地7-3-1,1,,,42.9594902843249,141.474327356316,
5032,E0123400074111,大曲中学校,北海道北広島市大曲中央2-4-1,1,,,42.9716773508875,141.478833766814,
5033,E0123400075111,大曲ファミリー体育館,北海道北広島市大曲中央2-4-3,1,,,42.9713166871986,141.479971845987,
5034,E0123400076111,大曲会館,北海道北広島市大曲中央2-4-5,1,,,42.9715575753856,141.480620080339,
5035,E0123400082111,大曲小学校,北海道北広島市大曲柏葉2-14-6,1,,,42.9705842302757,141.486087364178,
5036,E0123400102111,東部小学校,北海道北広島市中央4-4,1,,,42.9844282481663,141.563679950799,
5037,E0123400147121,グループホームかすみ,北海道北広島市朝日町4-1-1,,,要配慮者,42.9857781625625,141.5697997265354,
5038,E0123400106111,中央公民館,北海道北広島市朝日町5-1-1,1,,,42.9870677978604,141.57315414826,
5039,E0123400107111,北広島東記念館,北海道北広島市朝日町5-1-2,1,,,42.987496112089,141.573055110339,
5040,E0123400113121,地域サポートセンターみなみ,北海道北広島市南町4-1-1,,,要配慮者,42.9676573274178,141.55503796408,
5041,E0123400145111,札幌日大高校,北海道北広島市虹ヶ丘5-7-1,1,,,43.0195585614546,141.490888025996,
5042,E0123400118121,北広島団地地域交流ホームふれて,北海道北広島市白樺町1-8-2,,,要配慮者,42.9645764388837,141.552526578365,
5043,E0123400120111,東部中学校,北海道北広島市美咲き野1-12-1,1,,,42.9932270988632,141.571193606019,
5044,E0123400128121,北広島リハビリセンター特養部四恩園,北海道北広島市富ヶ岡509-31,,,要配慮者,42.9553351298661,141.533808701315,
5045,E0123400128122,北広島リハビリセンター,北海道北広島市富ヶ岡509-31,,,要配慮者,42.9539531138458,141.534194939409,
5046,E0123400136121,北広島団地地域サポートセンターともに,北海道北広島市緑陽町1-2,1,,要配慮者,42.9668278011815,141.54518121089,
5047,E0123400136112,北広島団地地域サポートセンターともに体育館,北海道北広島市緑陽町1-2,1,,,42.9668278011808,141.545159753219,
5048,E0123400137111,緑陽中学校,北海道北広島市緑陽町3-4,1,,,42.9641921929363,141.5422540529,
5049,E0123400139111,西部小学校,北海道北広島市輪厚508-3,1,,,42.9450791350977,141.50565817561,
5050,E0123400140121,ケアハウスきたひろしま,北海道北広島市輪厚512-4,,,要配慮者,42.9494302262141,141.506681329895,
5051,E0123400141111,西部中学校,北海道北広島市輪厚中央1-12,1,,,42.9458680410526,141.50296665145,
5052,E0123400146111,農民研修センター,北海道北広島市輪厚中央4-12-17,1,,,42.9406955328466,141.5068083221859,
5053,E0123400142111,輪厚児童体育館,北海道北広島市輪厚中央4-12-19,1,,,42.940861873888,141.50728423056,
5054,E0123600006111,林業協業センター,北海道北斗市押上1-3-2,1,,,41.82391288,140.6396181,
5055,E0123600006112,高齢者センター,北海道北斗市押上1-3-2,1,,,41.82370047,140.6392211,
5056,E0123600007121,グループホームゆうしん,北海道北斗市開発225-8,,,災害対策基本法に定める「要配慮者」等及びその家族,41.8592494528912,140.668900421291,
5057,E0123600011111,久根別体育センター,北海道北斗市久根別1-18-1,1,,,41.82515381,140.6784011,
5058,E0123600012111,久根別住民センター,北海道北斗市久根別1-29-1,1,,,41.82589185,140.6749563,
5059,E0123600014121,障害者支援施設ふじの学園,北海道北斗市向野169,,,災害対策基本法に定める「要配慮者」等及びその家族,41.8807925673364,140.616996969562,
5060,E0123600015121,特別養護老人ホーム美ヶ丘敬楽荘,北海道北斗市向野2-19-18,,,災害対策基本法に定める「要配慮者」等及びその家族,41.8871735006837,140.634557793967,
5061,E0123600019111,茂辺地市の渡農村センター,北海道北斗市市の渡84-1,1,,,41.77583276,140.5852233,
5062,E0123600022121,介護付有料老人ホームあんじゅう七重浜,北海道北斗市七重浜1-4-17,,,災害対策基本法に定める「要配慮者」等及びその家族,41.8118956442169,140.70986008002,
5063,E0123600023113,函館水産高校（体育館）,北海道北斗市七重浜2-15-3,1,,,41.81598108,140.7112189,
5064,E0123600028111,七重浜ファミリーセンター,北海道北斗市七重浜8-3-18,1,,,41.82110283,140.6923893,
5065,E0123600031121,多機能型自立訓練センター　デイサービスセンター　いちほ,北海道北斗市清水川1-1,,,災害対策基本法に定める「要配慮者」等及びその家族,41.872997141589,140.6529725308,
5066,E0123600031124,介護老人保健施設いなほ,北海道北斗市清水川1-1,,,災害対策基本法に定める「要配慮者」等及びその家族,41.8724944424296,140.653614921294,
5067,E0123600031123,地域密着型介護老人福祉施設ほあかり,北海道北斗市清水川1-1,,,災害対策基本法に定める「要配慮者」等及びその家族,41.8729266298961,140.652861090946,
5068,E0123600031122,サービス付き高齢者向け住宅花木槿,北海道北斗市清水川1-1,,,災害対策基本法に定める「要配慮者」等及びその家族,41.8731612036819,140.652765583992,
5069,E0123600036111,谷好住民センター,北海道北斗市谷好3-12-41,1,,,41.81314555,140.6264293,
5070,E0123600043111,総合文化センター,北海道北斗市中野通2-13-1,1,,,41.82504672,140.6512001,
5071,E0123600044111,保健センター,北海道北斗市中野通2-18-1,1,,,41.82449127,140.6489364,
5072,E0123600042112,上磯小学校（体育館）,北海道北斗市中野通200,1,,,41.82818252,140.6500511,
5073,E0123600042111,上磯小学校（校舎）,北海道北斗市中野通200,1,,,41.82773083,140.6504535,
5074,E0123600046112,上磯高校（体育館）,北海道北斗市中野通3-6-1,1,,,41.82441514,140.6464314,
5075,E0123600046111,上磯高校（校舎）,北海道北斗市中野通3-6-1,1,,,41.82500677,140.6471395,
5076,E0123600049112,追分福祉センター,北海道北斗市追分5-14-1,1,,,41.83105299,140.6959419,
5077,E0123600098121,グループホームやわらぎ,北海道北斗市追分5-3-1,,,災害対策基本法に定める「要配慮者」等及びその家族,41.829609,140.696994,
5078,E0123600097121,介護老人保健施設やわらぎ苑上磯,北海道北斗市追分5-3-13,,,災害対策基本法に定める「要配慮者」等及びその家族,41.829833,140.695994,
5079,E0123600099121,グループホーム第２やわらぎ,北海道北斗市追分5-3-3,,,災害対策基本法に定める「要配慮者」等及びその家族,41.829469,140.696807,
5080,E0123600050121,地域密着型特別い養護老人ホーム　つれづれの郷,北海道北斗市追分7-11-21,,,災害対策基本法に定める「要配慮者」等及びその家族,41.8385594853723,140.698574584127,
5081,E0123600050122,特別養護老人ホーム　つれづれの郷,北海道北斗市追分7-11-21,,,災害対策基本法に定める「要配慮者」等及びその家族,41.8386516985871,140.698070427895,
5082,E0123600053121,特別養護老人ホーム清華園,北海道北斗市添山472-1,,,災害対策基本法に定める「要配慮者」等及びその家族,41.8245883055515,140.632874963612,
5083,E0123600054121,グループホーム北陽,北海道北斗市東前74-1,,,災害対策基本法に定める「要配慮者」等及びその家族,41.8543860694475,140.676549553574,
5084,E0123600056112,久根別小学校（体育館）,北海道北斗市東浜1-11-1,1,,,41.82311022,140.6763548,
5085,E0123600056111,久根別小学校（校舎）,北海道北斗市東浜1-11-1,1,,,41.82278575,140.675733,
5086,E0123600060111,石別住民センター,北海道北斗市当別3-1-44,1,,,41.738119,140.582431,
5087,E0123600061127,星が丘寮（Ｂ棟）,北海道北斗市当別697,1,,災害対策基本法に定める「要配慮者」等及びその家族,41.7474405613951,140.582360448413,
5088,E0123600061129,侑愛荘（新棟）,北海道北斗市当別697,1,,災害対策基本法に定める「要配慮者」等及びその家族,41.749752,140.582175,
5089,E0123600061124,まるやま荘Ｂ棟,北海道北斗市当別697,1,,災害対策基本法に定める「要配慮者」等及びその家族,41.7517473563642,140.577091605144,
5090,E0123600061123,まるやま荘Ａ棟,北海道北斗市当別697,1,,災害対策基本法に定める「要配慮者」等及びその家族,41.7512607963148,140.576662667974,
5091,E0123600061125,新生園Ａ棟,北海道北斗市当別697,1,,災害対策基本法に定める「要配慮者」等及びその家族,41.7524841961414,140.575977932527,
5092,E0123600061126,新生園Ｂ・Ｃ棟,北海道北斗市当別697,1,,災害対策基本法に定める「要配慮者」等及びその家族,41.7524444869966,140.575085296292,
5093,E0123600061121,ねお・はろう西棟,北海道北斗市当別697,1,,災害対策基本法に定める「要配慮者」等及びその家族,41.7526425117528,140.582015855503,
5094,E0123600061128,明生園,北海道北斗市当別697,1,,災害対策基本法に定める「要配慮者」等及びその家族,41.7516602979237,140.576184517347,
5095,E0123600061122,ねお・はろう東棟,北海道北斗市当別697,1,,災害対策基本法に定める「要配慮者」等及びその家族,41.7524743335402,140.582320841588,
5096,E0123600076112,谷川小学校（体育館）,北海道北斗市富川2-2-1,1,,,41.81016307,140.6224339,
5097,E0123600076111,谷川小学校（校舎）,北海道北斗市富川2-2-1,1,,,41.81038298,140.6233512,
5098,E0123600077111,富川会館,北海道北斗市富川2-6-6,1,,,41.80627412,140.620939,
5099,E0123600083121,地域密着型介護老人福祉施設入所者生活介護美ヶ丘敬楽荘せせらぎの家ゆとり,北海道北斗市本町4-3-37,,,災害対策基本法に定める「要配慮者」等及びその家族,41.8803569366491,140.640850056553,
5100,E0123600087111,茂辺地住民センター,北海道北斗市茂辺地2-5-56,1,,,41.76506972,140.6035436,
5101,E0123600089111,茂辺地体育センター,北海道北斗市茂辺地3-3-16,1,,,41.76878925,140.6025478,
5102,E0123600090111,茂辺地小中学校（校舎）,北海道北斗市茂辺地3-4-12,1,,,41.7700885,140.6005219,
5103,E0123600090112,茂辺地小中学校（体育館）,北海道北斗市茂辺地3-4-12,1,,,41.77035256,140.6001517,
5104,E0123600092123,ケアハウスはまなすの里,北海道北斗市野崎199-1,,,災害対策基本法に定める「要配慮者」等及びその家族,41.8548078542951,140.613413081667,
5105,E0123600092121,デイサービスセンターはまなすの里・清川,北海道北斗市野崎199-1,,,災害対策基本法に定める「要配慮者」等及びその家族,41.8547197774741,140.612773953963,
5106,E0123600092122,デイサービスセンターはまなすの里,北海道北斗市野崎199-1,,,災害対策基本法に定める「要配慮者」等及びその家族,41.8549914068933,140.612939757919,
5107,E0123600092124,地域密着型特別養護老人ホームはまなすの里,北海道北斗市野崎199-1,,,災害対策基本法に定める「要配慮者」等及びその家族,41.8544769150058,140.613926994377,
5108,E0143700001111,三谷地域コミュニティセンター,北海道北竜町字三谷64-5,1,,,43.725375274523,141.84931147633,
5109,E0143700002111,北竜町立北竜中学校,北海道北竜町字板谷150,1,,,43.742846170728,141.87532988369,
5110,E0143700003111,美葉牛地域農業研修センター,北海道北竜町字美葉牛88-1,1,,,43.80332824528,141.83635357069,
5111,E0143700004111,碧水いきがいセンター,北海道北竜町字碧水20-1,1,,,43.770031635629,141.87544206574,
5112,E0143700005112,農業農村改善センター,北海道北竜町字和10-1,1,,,43.730326588664,141.87815488247,
5113,E0143700005113,北竜町立真竜小学校,北海道北竜町字和10-1,1,,,43.731222015534,141.87769890693,
5114,E0143700006121,老人福祉センター,北海道北竜町字和19-6,1,,,43.727457038694,141.88186822403,
5115,E0143700006111,老人福祉センター,北海道北竜町字和19-6,1,,,43.727457038694,141.88186822403,
5116,E0152000001111,幌延町総合体育館,北海道幌延町栄町5-1,1,,,45.01903339,141.8489767,
5117,E0152000026121,幌延町認定こども園,北海道幌延町栄町7-2,,,,45.018745,141.848693,
5118,E0152000002121,幌延町生涯学習センター,北海道幌延町宮園町1-3,1,,要配慮者,45.01751308,141.8469504,
5119,E0152000002111,幌延町生涯学習センター,北海道幌延町宮園町1-3,1,,,45.01751308,141.8469504,
5120,E0152000003111,幌延町深地層研究センター国際交流施設,北海道幌延町宮園町1-8,1,,,45.01787476,141.8468457,
5121,E0152000017111,問寒別小中学校,北海道幌延町字問寒別130,1,,,44.91655339,142.0218251,
5122,E0152000018121,問寒別生涯学習センター,北海道幌延町字問寒別135-4,1,,要配慮者,44.91621936,142.0197158,
5123,E0152000018111,問寒別生涯学習センター,北海道幌延町字問寒別135-4,1,,,44.91621936,142.0197158,
5124,E0152000025111,幌延小学校,北海道幌延町東町25,1,,,45.01441075,141.8547755,
5125,E0147200002113,ふれあいの家まどか,北海道幌加内町字朱鞠内,1,,,44.29496174,142.1655422,
5126,E0147200002112,レークハウス,北海道幌加内町字朱鞠内,1,,,44.30571234,142.1801891,
5127,E0147200002111,朱鞠内コミュニティセンター,北海道幌加内町字朱鞠内,1,,,44.28061037,142.1618819,
5128,E0147200007111,幌加内診療所,北海道幌加内町字親和,1,,体の不自由な方、高齢者、病人及び家族など,44.00834903,142.1523929,
5129,E0147200010111,政和コミュニティセンター,北海道幌加内町字政和第二,1,,,44.133841,142.152368,
5130,E0147200012111,添牛内コミュニティセンター,北海道幌加内町字添牛内,1,,,44.21783458,142.1495996,
5131,E0147200014111,北海道幌加内高等学校,北海道幌加内町字平和,1,,,44.00522053,142.1495093,
5132,E0147200015111,母子里コミュニティセンター,北海道幌加内町字母子里,1,,,44.36395564,142.2628814,
5133,E0147200016112,幌加内町役場別館,北海道幌加内町字幌加内,1,,,44.010169,142.154036,
5134,E0147200016113,幌加内町民研修センター,北海道幌加内町字幌加内,1,,,44.00980688,142.1538377,
5135,E0147200016114,幌加内町農業活性化センター,北海道幌加内町字幌加内,1,,,44.01014022,142.1573019,
5136,E0147200016115,幌加内町立幌加内中学校,北海道幌加内町字幌加内,1,,,44.00655031,142.1505042,
5137,E0147200016116,幌加内町立幌加内小学校,北海道幌加内町字幌加内,1,,,44.01650324,142.1555846,
5138,E0147200016121,地域密着型特別養護老人ホーム　テルケア,北海道幌加内町字幌加内,1,,福祉施設や医療機関に入所又は入院に至らない在宅の要配慮者及び家族,44.008182,142.155034,
5139,E0164600003111,栄町児童館,北海道本別町栄町70-2,1,,,43.13612193,143.608016,
5140,E0164600004111,押帯地区集会場,北海道本別町押帯182-4,,,,43.11503327,143.4448136,
5141,E0164600005111,上押帯地区農作業準備休憩施設,北海道本別町押帯426-18,,,,43.159544404549,143.39719622513,
5142,E0164600007111,共栄集会場,北海道本別町共栄9-34,,,,43.10963164,143.5989895,
5143,E0164600008111,ふれあい交流館,北海道本別町向陽町23-1,1,,,43.12052585,143.6161457,
5144,E0164600009111,銀河アリーナ,北海道本別町山手町5-87,1,,,43.12771806,143.6146211,
5145,E0164600010111,上本別生活館,北海道本別町上本別22-5,1,,,43.14719752,143.6054921,
5146,E0164600013111,新町集会場,北海道本別町新町19-4,,,,43.1325837,143.5972284,
5147,E0164600014111,農業大学校,北海道本別町西仙美里25-1,,,,43.16800744,143.5697661,
5148,E0164600015111,新明台地区集会場,北海道本別町西仙美里328-2,,,,43.22890304,143.5208352,
5149,E0164600016111,美里別中地区集会場,北海道本別町西美里別262-2,,,,43.15326331,143.5359997,
5150,E0164600017111,美里別西上地区農作業準備休憩施設,北海道本別町西美里別494-3,,,,43.17831313,143.4857496,
5151,E0164600018121,総合ケアセンター,北海道本別町西美里別6-15,,,要配慮者,43.12195426,143.5912864,
5152,E0164600019121,アメニティ本別,北海道本別町西美里別6-18,,,要配慮者,43.12178492,143.5902677,
5153,E0164600020111,西美里別地区農作業準備休憩施設,北海道本別町西美里別86-5,,,,43.12862353,143.5566076,
5154,E0164600021121,陽だまりの里,北海道本別町仙美里元町149-2,,,要配慮者,43.17939532,143.5885749,
5155,E0164600022111,旧仙美里中学校,北海道本別町仙美里元町151,,,,43.18214995,143.5873221,
5156,E0164600023111,仙美里地区公民館,北海道本別町仙美里元町166-19,,,,43.1784668,143.5911142,
5157,E0164600023121,仙美里地区公民館,北海道本別町仙美里元町166-19,,,要配慮者,43.1784668,143.5911142,
5158,E0164600025111,義経の館,北海道本別町東町51-2,,,,43.12712616,143.6237049,
5159,E0164600028111,南地区集会場,北海道本別町南2-5-1,,,,43.12039696,143.6103936,
5160,E0164600030111,こども園ほんべつ,北海道本別町南3-16-4,,,,43.1190543838475,143.606450790999,
5161,E0164600031111,世代交流館,北海道本別町南4-1,1,,,43.116155,143.60479,
5162,E0164600033111,本別生活館,北海道本別町柏木町66-1,1,,,43.11824718,143.6110863,
5163,E0164600034111,美帯地区農作業準備休憩施設,北海道本別町美蘭別273-14,,,,43.160106,143.3975,
5164,E0164600035111,美里別地区公民館,北海道本別町美里別440-8,,,,43.18778806,143.4897191,
5165,E0164600036111,中央公民館,北海道本別町北1-4-27,,,,43.12352442,143.6091655,
5166,E0164600036121,老人福祉センター,北海道本別町北1-4-27,,,要配慮者,43.123386283429,143.60919607116,
5167,E0164600038111,本別町体育館,北海道本別町北2-4-2,,,,43.12444968,143.6098149,
5168,E0164600039111,道の駅（多目的ホール）,北海道本別町北3-1-1,,,,43.12578996,143.6132947,
5169,E0164600042111,児童発達支援センター,北海道本別町北5-10-8,,,,43.12847404,143.6084267,
5170,E0164600043121,健康管理センター,北海道本別町北6-11-4,,,要配慮者,43.12989376,143.6094567,
5171,E0164600043111,健康管理センター,北海道本別町北6-11-4,,,,43.12989376,143.6094567,
5172,E0164600044121,清流の里,北海道本別町北6-12-20,,,要配慮者,43.13035355,143.6095562,
5173,E0164600044122,あいの里交流センター,北海道本別町北6-12-20,,,要配慮者,43.13032592,143.6097764,
5174,E0164600046111,北地区交流センター,北海道本別町北8-3-2,,,,43.13217914,143.6123571,
5175,E0164600047111,本別中央小学校,北海道本別町弥生町22-1,,,,43.12447941,143.5996242,
5176,E0164600048111,柔剣道場,北海道本別町弥生町29,,,,43.12755586,143.6017832,
5177,E0164600049111,本別中学校,北海道本別町弥生町30,,,,43.12796435,143.6007174,
5178,E0164600051111,本別高等学校,北海道本別町弥生町49-2,,,,43.12665807,143.5964046,
5179,E0164600052111,勇足中学校,北海道本別町勇足133-1,,,,43.09338086,143.5190516,
5180,E0164600053111,勇足小学校,北海道本別町勇足150-1,1,,,43.08651098,143.5196856,
5181,E0164600054111,勇足地区公民館,北海道本別町勇足元町21-1,,,,43.09121045,143.5195579,
5182,E0164600054121,勇足地区公民館,北海道本別町勇足元町21-1,,,要配慮者,43.09121045,143.5195579,
5183,E0164600055111,勇足保育所,北海道本別町勇足元町6,,,,43.09250014,143.5209231,
5184,E0164600056122,勇足生きがい館,北海道本別町勇足元町6-1,,,要配慮者,43.09193706,143.5219659,
5185,E0164600056121,ゆうあいの里,北海道本別町勇足元町6-1,,,要配慮者,43.0919823,143.5218867,
5186,E0164600058121,共生きらり,北海道本別町緑町47-1,,,要配慮者,43.1170216225444,143.610099962298,
5187,E0143300001111,小藤地区コミュニティセンター,北海道妹背牛町字チクシベツ527-4,1,,,43.724106,141.924011,
5188,E0143300002111,大鳳地区コミュニティセンター,北海道妹背牛町字大鳳1823,,,,43.7079007664785,141.930537993421,
5189,E0143300003111,妹背牛中学校,北海道妹背牛町字妹背牛252-3,1,,,43.698757,141.963669,
5190,E0143300004111,新千代地区コミュニティセンター,北海道妹背牛町字妹背牛3-357,1,,,43.7265757499,141.963767054,
5191,E0143300005111,妹背牛小学校,北海道妹背牛町字妹背牛431-1,1,,,43.692341,141.96028,
5192,E0143300006111,認定子ども園妹背牛保育所,北海道妹背牛町字妹背牛4313-12,,,,43.6892668286088,141.965453518881,
5193,E0143300007111,カーリングホール,北海道妹背牛町字妹背牛5181-2,,,,43.7018167162768,141.959939851062,
5194,E0143300008111,保健センター,北海道妹背牛町字妹背牛5200,1,,,43.7004306504756,141.962009270733,
5195,E0143300008112,老人福祉センター,北海道妹背牛町字妹背牛5200,1,,,43.6999717201651,141.962245305122,
5196,E0143300008113,妹背牛町役場,北海道妹背牛町字妹背牛5200,1,,,43.700082,141.961648,
5197,E0143300009111,妹背牛温泉ペペル,北海道妹背牛町字妹背牛5208-1,,,,43.6996827094927,141.959333671816,
5198,E0143300009112,総合体育館,北海道妹背牛町字妹背牛5208-1,,,,43.7000792662483,141.960122241269,
5199,E0164300002121,幕別北コミュニティセンター,北海道幕別町旭町18-7,1,,要配慮者,42.91537854,143.3649577,
5200,E0164300002111,幕別北コミュニティセンター,北海道幕別町旭町18-7,1,,,42.91537854,143.3649577,
5201,E0164300003111,農業者トレーニングセンター,北海道幕別町錦町98,1,,,42.90708998,143.3538377,
5202,E0164300005111,あかしや近隣センター,北海道幕別町札内あかしや町59-2,1,,,42.9093667727921,143.252921137169,
5203,E0164300006111,あかしや南近隣センター,北海道幕別町札内あかしや町61-73,,,,42.90663464,143.2534066,
5204,E0164300007111,あかしや南１近隣センター,北海道幕別町札内みずほ町143-23,,,,42.90499418,143.2514951,
5205,E0164300009111,文京・みずほ近隣センター,北海道幕別町札内みずほ町160-3,,,,42.90473261,143.2482608,
5206,E0164300013121,暁町近隣センター,北海道幕別町札内暁町252-179,,,要配慮者,42.91870701,143.2613779,
5207,E0164300013111,暁町近隣センター,北海道幕別町札内暁町252-179,,,,42.91870701,143.2613779,
5208,E0164300015111,札内スポーツセンター,北海道幕別町札内暁町287,1,,,42.9200857,143.2681767,
5209,E0164300018111,桂町近隣センター,北海道幕別町札内桂町571-88,,,,42.91074618,143.2451662,
5210,E0164300020111,札内北コミュニティセンター,北海道幕別町札内桜町132-1,,,,42.92370573,143.2453371,
5211,E0164300021111,桜町近隣センター,北海道幕別町札内桜町59-1,,,,42.92439951,143.239528,
5212,E0164300022111,若草町近隣センター,北海道幕別町札内若草町551-3,,,,42.91358898,143.2494977,
5213,E0164300024111,春日町近隣センター,北海道幕別町札内春日町294-35,,,,42.91017316,143.2679675,
5214,E0164300026111,札内北保育所,北海道幕別町札内新北町75-1,,,,42.92012894,143.2501943,
5215,E0164300027111,新北町近隣センター,北海道幕別町札内新北町75-2,,,,42.91952667,143.2504968,
5216,E0164300031111,青葉町近隣センター,北海道幕別町札内青葉町14-2,,,,42.91357771,143.2672158,
5217,E0164300106112,札内東中学校,北海道幕別町札内青葉町185,1,,,42.91265425,143.2688768,
5218,E0164300106111,白人小学校,北海道幕別町札内青葉町185,1,,,42.91406869,143.2685539,
5219,E0164300033111,幕別町子育て支援センターあおば,北海道幕別町札内青葉町185-12,,,,42.91482309,143.2697774,
5220,E0164300035111,札内コミュニティプラザ,北海道幕別町札内青葉町311-11,1,,,42.9128559361668,143.262274213971,
5221,E0164300035121,札内コミュニティプラザ,北海道幕別町札内青葉町311-11,1,,要配慮者,42.912877,143.262287,
5222,E0164300036111,泉町近隣センター,北海道幕別町札内泉町68-36,,,,42.90819487,143.2572085,
5223,E0164300040111,札内中央近隣センター,北海道幕別町札内中央町395-1,1,,,42.91525771,143.2543437,
5224,E0164300041121,札内南コミュニティセンター,北海道幕別町札内文京町28-8,1,,要配慮者,42.90880942,143.2430838,
5225,E0164300041111,札内南コミュニティセンター,北海道幕別町札内文京町28-8,1,,,42.90880942,143.2430838,
5226,E0164300042112,札内南小学校,北海道幕別町札内文京町29,1,,,42.90640561,143.2450256,
5227,E0164300042111,札内中学校,北海道幕別町札内文京町29,1,,,42.90920161,143.2448749,
5228,E0164300045111,札内さかえ保育所,北海道幕別町札内北栄町23-1,,,,42.9176982,143.2359142,
5229,E0164300046111,北栄町近隣センター,北海道幕別町札内北栄町23-2,,,,42.91706658,143.2362384,
5230,E0164300046121,北栄町近隣センター,北海道幕別町札内北栄町23-2,,,要配慮者,42.91706658,143.2362384,
5231,E0164300048111,札内北小学校,北海道幕別町札内北町117-1,1,,,42.92452449,143.2468096,
5232,E0164300052111,依田近隣センター,北海道幕別町字依田203,1,,,42.90110973,143.2418445,
5233,E0164300053111,幕別町老人福祉センター,北海道幕別町字依田381-1,,,,42.89729344,143.2543723,
5234,E0164300054111,猿別近隣センター,北海道幕別町字猿別106-1,1,,,42.90036626,143.3380415,
5235,E0164300055111,西猿別近隣センター,北海道幕別町字猿別270,1,,,42.87311551,143.3341323,
5236,E0164300056111,駒畠保育所,北海道幕別町字駒畠514-71,,,,42.67380191,143.3102713,
5237,E0164300057111,集団研修施設こまはた,北海道幕別町字駒畠549,1,,,42.67459544,143.3117064,
5238,E0164300058111,軍岡集落センター,北海道幕別町字軍岡537-3,1,,,42.88122799,143.3476971,
5239,E0164300059112,旧古舞小学校,北海道幕別町字古舞693-2,1,,,42.80825086,143.243546,
5240,E0164300059111,古舞近隣センター,北海道幕別町字古舞693-2,1,,,42.80882812,143.2424801,
5241,E0164300061111,糠内コミュニティセンター,北海道幕別町字糠内251-1,,,,42.78411455,143.3260212,
5242,E0164300062111,糠内保育所,北海道幕別町字糠内252-4,,,,42.78369445,143.3259466,
5243,E0164300063111,糠内中学校,北海道幕別町字糠内262,,,,42.78112963,143.324229,
5244,E0164300064111,糠内小学校,北海道幕別町字糠内272,1,,,42.78331316,143.3228779,
5245,E0164300065111,新川近隣センター,北海道幕別町字新川64-4,1,,,42.88495115,143.4103578,
5246,E0164300066112,新和近隣センター,北海道幕別町字新和162-128,1,,,42.82406679,143.305174,
5247,E0164300066111,幕別町農業担い手センター,北海道幕別町字新和162-128,1,,,42.82436314,143.3054354,
5248,E0164300068121,千住西ふれあい交流館,北海道幕別町字千住161-13,1,,要配慮者,42.92052858,143.2809069,
5249,E0164300068111,千住西ふれあい交流館,北海道幕別町字千住161-13,1,,,42.92052858,143.2809069,
5250,E0164300107111,幕別町百年記念ホール,北海道幕別町字千住180,,,,42.92056017,143.2709733,
5251,E0164300071111,稲志別近隣センター,北海道幕別町字千住488-2,1,,,42.90416674,143.2934658,
5252,E0164300071121,稲志別近隣センター,北海道幕別町字千住488-2,1,,要配慮者,42.90416674,143.2934658,
5253,E0164300072111,相川北近隣センター,北海道幕別町字相川313,1,,,42.92658924,143.3409314,
5254,E0164300073111,相川西近隣センター,北海道幕別町字相川403-1,1,,,42.91960179,143.3156226,
5255,E0164300074111,相川農業担い手会館,北海道幕別町字相川720-1,1,,,42.9099289,143.3185959,
5256,E0164300075111,相川南近隣センター,北海道幕別町字相川784-3,1,,,42.91154716,143.3429995,
5257,E0164300076111,大豊近隣センター,北海道幕別町字大豊230-1,1,,,42.86891916,143.3773398,
5258,E0164300077111,まなびや中里,北海道幕別町字中里155,1,,,42.731176,143.311055,
5259,E0164300078111,中里近隣センター,北海道幕別町字中里159,,,,42.73052635,143.3104811,
5260,E0164300108111,途別小学校,北海道幕別町字途別222,1,,,42.86336894,143.2344572,
5261,E0164300080111,途別ふれあい交流館,北海道幕別町字途別226-9,,,,42.86241364,143.2343103,
5262,E0164300080121,途別ふれあい交流館,北海道幕別町字途別226-9,,,要配慮者,42.86241364,143.2343103,
5263,E0164300081111,途別保育所,北海道幕別町字途別231-2,1,,,42.86318569,143.2329799,
5264,E0164300082111,南勢近隣センター,北海道幕別町字南勢226-1,1,,,42.83072633,143.3566343,
5265,E0164300083111,日新近隣センター,北海道幕別町字日新1-38,1,,,42.86565691,143.2559501,
5266,E0164300084111,美川農業担い手会館,北海道幕別町字美川203,1,,,42.74602193,143.2839444,
5267,E0164300086111,明野近隣センター,北海道幕別町字明野210-3,1,,,42.91226206,143.3770781,
5268,E0164300086121,明野近隣センター,北海道幕別町字明野210-3,1,,要配慮者,42.91226206,143.3770781,
5269,E0164300087112,明倫小学校,北海道幕別町字明倫38-13,,,,42.7837955,143.2801935,
5270,E0164300087111,明倫近隣センター,北海道幕別町字明倫38-13,,,,42.7837955,143.2793319,
5271,E0164300088111,寿町近隣センター,北海道幕別町寿町122,,,,42.90254062,143.3524408,
5272,E0164300089111,幕別町保健福祉センター,北海道幕別町新町122-1,,,,42.90387062,143.3604853,
5273,E0164300089121,幕別町保健福祉センター,北海道幕別町新町122-1,,,要配慮者,42.90387062,143.3604853,
5274,E0164300090111,幕別南コミュニティセンター,北海道幕別町新町139-3,,,,42.90378505,143.3616346,
5275,E0164300090121,幕別南コミュニティセンター,北海道幕別町新町139-3,,,要配慮者,42.90378505,143.3616346,
5276,E0164300091111,緑町近隣センター,北海道幕別町新町140-4,,,,42.90349882,143.3620795,
5277,E0164300092111,忠類中学校,北海道幕別町忠類栄町297-1,1,,,42.56025541,143.2985154,
5278,E0164300093111,上当近隣センター,北海道幕別町忠類協徳246-2,1,,,42.554430098699,143.29018501917,
5279,E0164300094111,忠類コミュニティセンター,北海道幕別町忠類錦町439-1,1,,,42.56741759,143.3110129,
5280,E0164300095121,忠類ふれあいセンター福寿,北海道幕別町忠類白銀町384-10,,,要配慮者,42.56088514,143.3014032,
5281,E0164300095111,忠類ふれあいセンター福寿,北海道幕別町忠類白銀町384-10,,,,42.56088514,143.3014032,
5282,E0164300097111,忠類小学校,北海道幕別町忠類白銀町426,1,,,42.56405881,143.3058455,
5283,E0164300098111,中札内高等養護学校幕別分校,北海道幕別町南町81-1,1,,,42.90079256,143.3546729,
5284,E0164300099122,鉄南ふれあい交流館,北海道幕別町宝町154,,,要配慮者,42.90325343,143.356099,
5285,E0164300099111,鉄南ふれあい交流館,北海道幕別町宝町154,,,,42.90325343,143.356099,
5286,E0164300101111,本町近隣センター,北海道幕別町本町106-2,,,,42.90989742,143.3573395,
5287,E0164300102111,幕別町民会館,北海道幕別町本町144,1,,,42.90805617,143.3555133,
5288,E0164300104111,幕別中学校,北海道幕別町緑町20,1,,,42.90214539,143.3629472,
5289,E0164300109111,幕別小学校,北海道幕別町緑町26,1,,,42.90198882,143.3609992,
5290,E0122100003111,名寄高等学校,北海道名寄市字徳田204,1,,,44.329998326193,142.4635459372,
5291,E0122100007111,サンピラー交流館,北海道名寄市字日進147-2,1,,,44.3736719586326,142.474116690725,
5292,E0122100009111,なよろ健康の森管理棟,北海道名寄市字日進267,1,,,44.377718691238,142.47328428096,
5293,E0122100012111,弥生会館,北海道名寄市字弥生241-1,1,,,44.3358999957217,142.380132086857,
5294,E0122100057121,介護老人保健施設　そよかぜ館,北海道名寄市字緑丘11-15,,,特定の対象者,44.343348,142.479132,市の要請に基づく特定の対象者のみ受け入れ可能
5295,E0122100014111,北国博物館,北海道名寄市字緑丘222,1,,,44.341712378944,142.46733903187,
5296,E0122100015111,上川北部人材開発センター,北海道名寄市字緑丘30,1,,,44.339282006713,142.47600907356,
5297,E0122100017111,高見区町内会福祉会館,北海道名寄市字緑丘5,1,,,44.346201322382,142.47700972509,
5298,E0122100024121,名寄市総合福祉センター,北海道名寄市西一条南12-1-2,1,,要配慮者,44.3430688368868,142.461384149467,
5299,E0122100060121,名寄市特別養護老人ホーム　清峰園,北海道名寄市東８条南8-117,,,特定の対象者のみ,44.348579,142.477188,市の要請に基づく特定の対象者のみ受け入れ
5300,E0122100038111,駅前交流プラザよろーな,北海道名寄市東一条南7-1-10,1,,,44.349069364749,142.46429442026,
5301,E0122100039111,名寄東小学校,北海道名寄市東三条南3-11,1,,,44.353230882575,142.4692010998,
5302,E0122100040111,風連旭コミュニティセンター,北海道名寄市風連町字旭2216,1,,,44.272077,142.465068,
5303,E0122100042111,西風連コミュニティセンター,北海道名寄市風連町字西風連2500,1,,,44.294668931971,142.35857596064,
5304,E0122100056111,道の駅　もち米の里☆なよろ,北海道名寄市風連町字中央,,,,44.287532,142.413845,
5305,E0122100043111,東風連子供と老人福祉館,北海道名寄市風連町字東風連3395,1,,,44.304453411524,142.46473840024,
5306,E0122100045111,風連日進コミュニティセンター,北海道名寄市風連町字日進3076,1,,,44.249584865343,142.51539297432,
5307,E0122100047111,風連中学校,北海道名寄市風連町新生町167-1,1,,,44.291522,142.427881,
5308,E0122100048111,風連農村環境改善センター,北海道名寄市風連町新生町187-11,1,,,44.293361099123,142.42532319647,
5309,E0122100050111,風連中央小学校,北海道名寄市風連町西町201-1,1,,,44.29065274,142.4143464,
5310,E0122100059121,名寄市風連特別養護老人ホーム　しらかばハイツ,北海道名寄市風連町北栄町51-1,,,特定の対象者のみ,44.297961,142.418998,市の要請に基づく特定の対象者のみ受け入れ
5311,E0122100052111,ふうれん地域交流センター,北海道名寄市風連町本町63,1,,,44.292971872799,142.41961873337,
5312,E0121100003111,南コミュニティセンター,北海道網走市つくしケ丘4-8-5,1,,,43.99320819,144.2865242,
5313,E0121100006111,つくし児童センター,北海道網走市つくしケ丘5-9-17,1,,,43.99268022,144.2906676,
5314,E0121100008111,総合体育館,北海道網走市駒場南1-8-1,1,,,44.00575883,144.2687316,
5315,E0121100015111,網走地方教育研修センター,北海道網走市駒場北4-2-1,1,,,44.00429212,144.2808082,
5316,E0121100016111,ひまわり保育園,北海道網走市駒場北4-2-18,1,,,44.00439348,144.2814012,
5317,E0121100119111,駒場住民センター,北海道網走市駒場北4-37-118,1,,,44.00407009,144.2818561,
5318,E0121100021111,網走小学校,北海道網走市桂町1-1-1,1,,,44.0161125,144.2689284,
5319,E0121100022112,勤労青少年ホーム,北海道網走市桂町2-1-3,1,,,44.01754799,144.270854,
5320,E0121100022111,ソレイユ網走,北海道網走市桂町2-1-3,1,,,44.0176044,144.2710982,
5321,E0121100027111,向陽ヶ丘住民センター,北海道網走市向陽ケ丘4-1-11,1,,,44.03110022,144.2545649,
5322,E0121100028111,中央小学校,北海道網走市向陽ケ丘4-67-1,1,,,44.03071307,144.2529401,
5323,E0121100030111,第二中学校,北海道網走市向陽ケ丘6-1-1,1,,,44.02704266,144.250527,
5324,E0121100032111,北海道網走桂陽高等学校,北海道網走市向陽ケ丘6-2-1,,,,44.0278352355757,144.248489533903,
5325,E0121100034111,西が丘小学校,北海道網走市字卯原内182-1,1,,,44.0103638,144.1089982,
5326,E0121100035111,第五中学校,北海道網走市字卯原内41,1,,,44.0102072,144.1113566,
5327,E0121100036111,西網走コミュニティセンター,北海道網走市字卯原内5-56,1,,,44.01105851,144.1187347,
5328,E0121100039111,浦士別地区集落センター,北海道網走市字浦士別461-1,1,,,43.88665985,144.411586,
5329,E0121100041111,音根内地区福祉会館,北海道網走市字音根内185-8,1,,,43.90475098,144.3667503,
5330,E0121100042111,農業総合管理センター,北海道網走市字音根内59-8,1,,,43.91738757,144.3876886,
5331,E0121100043111,旧嘉多山小学校,北海道網走市字嘉多山416,1,,,43.97015745,144.1325226,
5332,E0121100044111,嘉多山地区総合研修センター,北海道網走市字嘉多山474,1,,,43.96911164,144.1313469,
5333,E0121100045111,呼人コミュニティセンター,北海道網走市字呼人334-1,1,,,43.96304478,144.2101406,
5334,E0121100046111,呼人小中学校,北海道網走市字呼人339-3,1,,,43.96145629,144.2119833,
5335,E0121100048111,中央地区総合研修センター,北海道網走市字藻琴213-3,1,,,43.96472601,144.3204836,
5336,E0121100049111,東小学校,北海道網走市字藻琴225-60,1,,,43.96091872,144.3175099,
5337,E0121100050111,第四中学校,北海道網走市字藻琴35,1,,,43.96746733,144.3245977,
5338,E0121100051111,第三中学校,北海道網走市字潮見188,1,,,43.9960592,144.2773455,
5339,E0121100053111,二見ヶ岡会館（旧二見ヶ岡小学校）,北海道網走市字二見ケ岡68,1,,,44.01677359,144.1718172,
5340,E0121100054111,能取地区福祉会館,北海道網走市字能取244-16,1,,,44.09369066,144.1184415,
5341,E0121100055111,旧能取小学校,北海道網走市字能取249,1,,,44.09612041,144.1233665,
5342,E0121100122111,東京農業大学,北海道網走市字八坂196,,,,43.967981,144.234336,
5343,E0121100057111,平和会館,北海道網走市字平和16-37,1,,,44.03891247,144.0972738,
5344,E0121100060111,白鳥台小学校,北海道網走市字北浜201-13,1,,,43.95335352,144.3536385,
5345,E0121100062111,農村環境改善センター,北海道網走市字北浜262,1,,,43.95478587,144.3463273,
5346,E0121100063111,西小学校,北海道網走市新町1-8-10,1,,,44.0195554,144.2456172,
5347,E0121100064112,西児童館,北海道網走市新町1-9-13,1,,,44.01832,144.24421,
5348,E0121100065111,第一中学校,北海道網走市台町1-13-1,1,,,44.01459597,144.2767897,
5349,E0121100066111,北海道網走南ヶ丘高等学校,北海道網走市台町2-13-1,1,,,44.01410992,144.2787039,
5350,E0121100073111,西コミュニティセンター,北海道網走市大曲2-5-6,1,,,44.01076841,144.2271641,
5351,E0121100080111,潮見小学校,北海道網走市潮見4-111,1,,,44.00020643,144.2707834,
5352,E0121100081111,潮見コミュニティセンター,北海道網走市潮見4-113-1,1,,,44.0014682,144.2716821,
5353,E0121100088111,潮見児童センター,北海道網走市潮見8-4-6,1,,,43.99867151,144.2637838,
5354,E0121100106111,市民会館,北海道網走市南６条西2-1,1,,,44.01922572,144.2666024,
5355,E0121100108111,総合福祉センター,北海道網走市北１１条東1-10-1,1,,,44.02923324,144.2619306,
5356,E0121100109111,オホーツク・文化交流センター,北海道網走市北２条西3-3,1,,,44.02382651,144.2631549,
5357,E0121100121111,こども発達支援センター,北海道網走市北３条西4-1,1,,,44.023665,144.261327,
5358,E0121100115111,北コミュニティセンター,北海道網走市北４条西4-6-1,1,,,44.0238264,144.2604727,
5359,E0121100100111,南小学校,北海道網走市鱒浦1-11-1,1,,,43.98932786,144.2931305,
5360,E0133400001111,釜谷地域活性化施設,北海道木古内町字釜谷202,1,,,41.71156957,140.5351998,
5361,E0133400004111,札苅みらい館,北海道木古内町字札苅297-1,1,,,41.69902428,140.4728179,
5362,E0133400005111,札苅地域活性化施設,北海道木古内町字札苅342,1,,,41.69901505,140.4714662,
5363,E0133400007111,泉沢地域活性化施設,北海道木古内町字泉沢170-2,1,,,41.700636,140.509906,
5364,E0133400008111,泉沢生活改善センター,北海道木古内町字泉沢442,1,,,41.700838,140.508064,
5365,E0133400011111,鶴岡多目的集会施設,北海道木古内町字鶴岡73-2,1,,,41.67147109,140.4119562,
5366,E0133400012111,木古内町郷土資料館,北海道木古内町字鶴岡74-1,1,,,41.67136341,140.4129425,
5367,E0133400014111,木古内小学校,北海道木古内町字本町496-1,1,,,41.67893298,140.4372187,
5368,E0133400016111,木古内町ファミリースポーツセンター,北海道木古内町字木古内179-1,1,,,41.68067627,140.4348529,
5369,E0133400016112,木古内町中央公民館,北海道木古内町字木古内179-1,1,,,41.68093456,140.4354518,
5370,E0133400017111,木古内中学校,北海道木古内町字木古内194-5,1,,,41.67777241,140.4309828,
5371,E0133400017121,木古内中学校,北海道木古内町字木古内194-5,1,,,41.67777241,140.4309828,
5372,E0133400018111,新栄町福祉の家,北海道木古内町字木古内207-94,1,,,41.6769167,140.4281444,
5373,E0121900088121,保健センター,北海道紋別市幸町6-28-1,,,要配慮者,44.350284,143.3512,
5374,E0121900043114,紋別中学校,北海道紋別市南が丘町2-1-53,1,,,44.343498,143.352966,
5375,E0121900057122,落石高齢者ふれあいセンター,北海道紋別市落石町3-38-31,,,要配慮者,44.362334,143.341746,
5376,E0121900059121,緑高齢者ふれあいセンター,北海道紋別市緑町5-2-22,,,要配慮者,44.3473996447046,143.344192978038,
5377,E0155900001111,旭農業研修センター,北海道湧別町旭220,1,,,44.204430479371,143.55848863936,
5378,E0155900002111,保健福祉センター,北海道湧別町栄町112-9,,,,44.221614102779,143.61753135604,
5379,E0155900004111,湧別総合体育館,北海道湧別町栄町155-1,1,,,44.220317,143.615623,
5380,E0155900005111,開盛住民センター,北海道湧別町開盛1018-9,1,,,44.096152003748,143.53226707102,
5381,E0155900008111,ゆうべつ学園,北海道湧別町錦町223,1,,,44.213390976387,143.60912615699,
5382,E0155900009111,計呂地地区活性化センター,北海道湧別町計呂地197,1,,,44.105138048636,143.72845292365,
5383,E0155900010111,志撫子地区公民館,北海道湧別町志撫子435-1,1,,,44.102733182855,143.70345589398,
5384,E0155900011111,道の駅愛ランド湧別,北海道湧別町志撫子6-2,1,,,44.131375628282,143.71906564543,
5385,E0155900012111,上芭露地区公民館,北海道湧別町上芭露607,1,,,44.094418185866,143.65934813573,
5386,E0155900013111,上湧別学園,北海道湧別町上湧別屯田市街地1-1,1,,,44.160101729144,143.57504127732,
5387,E0155900014111,上湧別コミュニティセンター,北海道湧別町上湧別屯田市街地318,1,,,44.151804802904,143.57314773452,
5388,E0155900015121,特別養護老人ホーム湧愛園,北海道湧別町上湧別屯田市街地336-1,,,要配慮者,44.154368572914,143.57500526619,
5389,E0155900016111,上湧別農村環境改善センター,北海道湧別町上湧別屯田市街地67-8,1,,,44.149868756368,143.569052768,
5390,E0155900019111,信部内地区会館,北海道湧別町信部内164-1,1,,,44.231010091591,143.5300650475,
5391,E0155900020111,西芭露ふるさとセンター,北海道湧別町西芭露377,1,,,44.05852936471,143.61192369506,
5392,E0155900021111,川西地区公民館,北海道湧別町川西331,1,,,44.218438443692,143.58237714048,
5393,E0155900022111,文化センターＴＯＭ,北海道湧別町中湧別中町3020-1,1,,,44.185773296262,143.5967609552,
5394,E0155900025111,中湧別総合体育館,北海道湧別町中湧別南町905-2,1,,,44.180842903011,143.58818937939,
5395,E0155900026111,社会福祉会館,北海道湧別町中湧別南町911,1,,,44.181390307933,143.58918928654,
5396,E0155900029111,登栄床地区防災センター,北海道湧別町登栄床154-3,1,,,44.18885279006,143.73789976441,
5397,E0155900031121,特別養護老人ホーム湧別オホーツク園,北海道湧別町東41-1,,,要配慮者,44.216775476797,143.62118358122,
5398,E0155900032111,東研修センター,北海道湧別町東471,1,,,44.202535890984,143.63294823465,
5399,E0155900033111,東福祉の家,北海道湧別町東472-1,1,,,44.202559101599,143.63336849039,
5400,E0155900034111,東芭露地区公民館,北海道湧別町東芭露532,1,,,44.047393517796,143.64357420045,
5401,E0155900046121,サポートセンターばろう　湖水の杜,北海道湧別町芭露2334-2,,,要配慮者,44.151359,143.693364,
5402,E0155900036111,芭露畜産研修センター,北海道湧別町芭露248-5,1,,,44.156648656972,143.68762061596,
5403,E0155900037111,芭露地区会館,北海道湧別町芭露309-1,,,,44.152102279656,143.68918702605,
5404,E0155900043111,５の３公民館,北海道湧別町北兵村三区497-1,1,,,44.195519577438,143.5998946315,
5405,E0155900044111,五鹿山スキー場,北海道湧別町北兵村二区100,1,,,44.183517032559,143.60955445709,
5406,E0142700001111,コミュニティ消防センター,北海道由仁町熊本274-3,1,,,42.9746187730458,141.795534080346,
5407,E0142700003111,三川保育園,北海道由仁町三川泉町201-7,1,,,42.943708633061,141.80798230013,
5408,E0142700005112,由仁小学校（校舎）,北海道由仁町新光162,1,,,43.005567418804,141.79186293145,
5409,E0142700005111,由仁小学校（講堂）,北海道由仁町新光162,1,,,43.005780846388,141.79254869566,
5410,E0142700006112,由仁中学校（校舎）,北海道由仁町新光50-1,1,,,43.005374799079,141.78841441417,
5411,E0142700006111,由仁中学校（体育館）,北海道由仁町新光50-1,1,,,43.005771015121,141.78846805835,
5412,E0142700007111,川端老人福祉センター,北海道由仁町川端1034,1,,,42.9161703384,141.89718513866,
5413,E0142700008111,農村勤労センター,北海道由仁町中央202,1,,,43.010118065975,141.7816665169,
5414,E0142700009112,健康元気づくり館,北海道由仁町東栄87-1,1,,,43.011313382285,141.78719650276,
5415,E0142700009111,文化交流館,北海道由仁町東栄87-1,1,,,43.011897841616,141.78708921439,
5416,E0142700009121,健康元気づくり館,北海道由仁町東栄87-1,1,,,43.011313382285,141.78719650276,
5417,E0142700010111,株式会社チュプチニカ（旧三川小学校講堂）,北海道由仁町本三川484-1,1,,,42.9457579234514,141.810971733125,
5418,E0142700012111,由仁保育園,北海道由仁町本町318,1,,,43.012684284481,141.78342890709,
5419,E0156300002111,沢木住民センター（つどーれ）,北海道雄武町字沢木506-1,1,,,44.518170426606,143.0590921684,
5420,E0156300003111,沢木小学校,北海道雄武町字沢木533-1,1,,,44.518932503039,143.05566567379,
5421,E0156300009111,旧豊丘小学校,北海道雄武町字北雄武401-1,1,,,44.607635917563,142.93416742497,
5422,E0156300011111,幌内歴史と生活の家,北海道雄武町字幌内341,1,,,44.6579548542,142.87555633152,
5423,E0156300012111,雄武町民センター,北海道雄武町字雄武1031-1,1,,,44.588360559586,142.95915464618,
5424,E0156300013111,雄武小学校,北海道雄武町字雄武1381-1,1,,,44.586111183668,142.95597326548,
5425,E0156300017111,日の出寿の家,北海道雄武町字雄武1534,1,,,44.57447902444,142.96999832843,
5426,E0156300018111,音稲府地域住民センター,北海道雄武町字雄武1853-7,1,,,44.604599651059,142.93800834828,
5427,E0156300019111,雄武町地域交流センター,北海道雄武町字雄武1885-14,1,,,44.583047503574,142.95967620969,
5428,E0156300023122,雄武町在宅老人デイ・サービスセンター,北海道雄武町字雄武1885-3,,,要配慮者,44.583896,142.958956,
5429,E0156300023121,雄武町立特別養護老人ホーム　雄愛園,北海道雄武町字雄武1885-3,,,要配慮者,44.583957,142.958925,
5430,E0156300020111,風の子児童センター,北海道雄武町字雄武368-7,1,,,44.581474799827,142.96525639088,
5431,E0120900001111,夕張紅葉園,北海道夕張市紅葉山178,1,,,42.9361494064351,142.042540128466,
5432,E0120900001121,夕張紅葉園,北海道夕張市紅葉山178,1,,障害者等の要配慮者,42.9361494064351,142.042540128466,
5433,E0120900002111,ゆうばり文化スポーツセンター,北海道夕張市若菜2,1,,,43.02894946334,141.965753383835,
5434,E0120900003111,あ・りーさだの杜,北海道夕張市沼ノ沢35,1,,,42.9561913975297,142.03097980762,
5435,E0120900004111,夕張市農業研修センター,北海道夕張市沼ノ沢827-4,1,,,42.9554580665514,142.027965629396,
5436,E0120900005111,ゆうばり小学校,北海道夕張市清水沢清陵町14,1,,,42.9889299693909,142.013752868318,
5437,E0120900006111,夕張高等養護学校,北海道夕張市千代田7-1,1,,,43.0238059252679,141.968909756798,
5438,E0120900007111,夕張高等学校,北海道夕張市南清水沢3-49,1,,,42.9804467569433,142.005236226342,
5439,E0120900008111,夕張中学校,北海道夕張市南清水沢3-63,1,,,42.9828576409816,142.000116909411,
5440,E0120900009111,ゆうばり自然体験塾,北海道夕張市南部岳見町22,1,,,43.010357685856,142.052297128271,
5441,E0120900010111,ケアハウスレインボーヒルズ,北海道夕張市日吉16-4,1,,,43.0217188796927,141.984246718141,
5442,E0140800001111,東大浜中福祉の家,北海道余市町栄町399-104,1,,,43.193124623526,140.83019867521,
5443,E0140800002111,栄町農業構造改善センター,北海道余市町栄町601-3,1,,,43.185118946444,140.84330662206,
5444,E0140800003111,旧栄小学校,北海道余市町栄町645,1,,,43.181800212796,140.84634290232,
5445,E0140800006111,黒川会館,北海道余市町黒川町12-66-1,1,,,43.185761464401,140.79791667461,
5446,E0140800005111,黒川１７区生活館,北海道余市町黒川町1224,1,,,43.172100708718,140.79653768179,
5447,E0140800009121,高齢者総合福祉施設フルーツ・シャトーよいち,北海道余市町黒川町19-1-2,,,要配慮者,43.187529325803,140.81427188535,
5448,E0140800010111,北星学園余市高等学校,北海道余市町黒川町19-2-1,1,,,43.187932674795,140.81588278323,
5449,E0140800011111,経済センター,北海道余市町黒川町3-114,1,,,43.188058822248,140.791536743,
5450,E0140800012111,農協会館,北海道余市町黒川町5-22,1,,,43.18887605811,140.79432002079,
5451,E0140800013111,黒川八幡生活館,北海道余市町黒川町572-3,1,,,43.182591869942,140.80689711698,
5452,E0140800014111,黒川小学校,北海道余市町黒川町9-147,1,,,43.181749813179,140.7919413469,
5453,E0140800015111,老人福祉センター,北海道余市町黒川町9-61-4,1,,,43.183258322497,140.79198493396,
5454,E0140800016121,介護老人保健施設よいち,北海道余市町山田町201-5,,,要配慮者,43.184290489421,140.78070112393,
5455,E0140800017111,山田町農業構造改善センター,北海道余市町山田町326,1,,,43.179640103672,140.78541781713,
5456,E0140800018111,農村活性化センター,北海道余市町山田町577,1,,,43.17117919153,140.77238529816,
5457,E0140800019111,大川小学校,北海道余市町大川町10-1,1,,,43.193370391245,140.80295772234,
5458,E0140800021111,大川保育所,北海道余市町大川町12-3-2,1,,,43.192568101245,140.80604439756,
5459,E0140800023111,旭中学校,北海道余市町大川町16-1,1,,,43.193072391005,140.81345182106,
5460,E0140800024111,大浜中老人寿の家,北海道余市町大川町19-23,1,,,43.19025048493,140.81718945151,
5461,E0140800026111,中央公民館,北海道余市町大川町4-143,1,,,43.190815955554,140.79511539314,
5462,E0140800029111,沢町小学校,北海道余市町沢町4-22,1,,,43.199379624476,140.77201804914,
5463,E0140800030121,養護老人ホームかるな和順,北海道余市町沢町5-77,,,要配慮者,43.198637685012,140.76931246182,
5464,E0140800032111,余市紅志高等学校,北海道余市町沢町6-1,1,,,43.19485763533,140.76751684493,
5465,E0140800034111,東中学校,北海道余市町朝日町71,1,,,43.193975424781,140.78162947762,
5466,E0140800036111,登老人寿の家,北海道余市町登町1012-12,1,,,43.167526165983,140.82156078748,
5467,E0140800037111,登小学校,北海道余市町登町1015,1,,,43.166323341215,140.82206457425,
5468,E0140800038111,下水道管理センター,北海道余市町登町136,1,,,43.185648673986,140.82640082463,
5469,E0140800040111,福祉センター入舟分館,北海道余市町入舟町400,1,,,43.191276225145,140.78479308819,
5470,E0140800041111,総合体育館,北海道余市町入舟町420,1,,,43.189398891539,140.78515786862,
5471,E0140800042111,梅川町農業構造改善センター,北海道余市町梅川町1085-5,1,,,43.202745778343,140.7588942647,
5472,E0140800043111,西中学校,北海道余市町梅川町339,1,,,43.211627617383,140.76836467434,
5473,E0140800044121,特別支援学校北海道余市養護学校,北海道余市町梅川町377-3,,,要配慮者,43.2103799213586,140.764152165595,
5474,E0140800046111,白岩会館,北海道余市町白岩町179,1,,,43.23113505107,140.7354975629,
5475,E0140800047111,美園会館,北海道余市町美園町319-19,1,,,43.18184441536,140.77162679026,
5476,E0140800048111,中央保育所,北海道余市町美園町43-36,1,,,43.191371095192,140.77976594508,
5477,E0140800051111,円山公園ふれあい交流施設,北海道余市町富沢町2-32-1,1,,,43.201208537758,140.76505122946,
5478,E0140800052111,沢町児童館,北海道余市町富沢町3-46,1,,,43.202248934883,140.76800383162,
5479,E0140800053111,福祉センター,北海道余市町富沢町5-13,1,,,43.2039632492,140.77250853783,
5480,E0140800055121,障害者支援施設余市幸住学園,北海道余市町豊丘町197,,,要配慮者,43.180604483886,140.75256950448,
5481,E0140800056111,豊丘老人寿の家,北海道余市町豊丘町644-2,1,,,43.173506884242,140.74380184922,
5482,E0140800057111,豊浜生活改善センター,北海道余市町豊浜町209-1,1,,,43.243791273816,140.70808340811,
5483,E0140800058121,障害者支援施設余市豊浜学園,北海道余市町豊浜町293,,,要配慮者,43.241671274362,140.70838281585,
5484,E0160800003111,栄町ふれあいセンター,北海道様似町栄町191-1,1,,,42.131613,142.934582,
5485,E0160800004111,栄町生活館,北海道様似町栄町20-6,1,,,42.12736428,142.927871,
5486,E0160800005111,様似小学校,北海道様似町栄町215-1,1,,,42.13200615,142.935992,
5487,E0160800006111,幼児センター（保育園）,北海道様似町錦町1-1,1,,,42.12923941,142.9340254,
5488,E0160800007111,幼児センター（幼稚園）,北海道様似町錦町1-8,1,,,42.12933501,142.9334337,
5489,E0160800008111,様似中学校,北海道様似町錦町53-5,1,,,42.13726006,142.9406915,
5490,E0160800009111,漁村センター,北海道様似町港町16,1,,,42.12608916,142.9203718,
5491,E0160800011111,港町生活館,北海道様似町港町３地先,1,,,42.12830467,142.9143007,
5492,E0160800012111,旭生活館,北海道様似町字旭91-1,1,,,42.06534929,143.0646762,
5493,E0160800013111,鵜苫住民センター,北海道様似町字鵜苫１０５地先,1,,,42.13351387,142.8730601,
5494,E0160800014111,岡田生活館,北海道様似町字岡田201-2,1,,,42.16564118,142.9500234,
5495,E0160800016111,西様似畜産センター,北海道様似町字西様似221,1,,,42.14988022,142.9173051,
5496,E0160800018111,田代研修センター,北海道様似町字田代235-6,1,,,42.16134474,142.9524416,
5497,E0160800020111,冬島生活改善センター,北海道様似町字冬島34,1,,,42.10096319,142.9873719,
5498,E0160800022111,東平宇生活館,北海道様似町字平宇201-45,1,,,42.10910016,142.9748104,
5499,E0160800024111,アポイ山荘,北海道様似町字平宇479-7,1,,,42.10992044,142.985244,
5500,E0160800025111,平宇生活館,北海道様似町字平宇53-1,1,,,42.12226623,142.9563252,
5501,E0160800027111,幌満コミュニティセンター,北海道様似町字幌満52-7,1,,,42.07732541,143.0356071,
5502,E0160800030111,西町生活館,北海道様似町西町71-4,1,,,42.13511602,142.9063708,
5503,E0160800044111,法耀寺,北海道様似町西町85-5,1,,,42.13402,142.902187,
5504,E0160800031112,中央公民館,北海道様似町大通1-21,1,,,42.12792659,142.9331052,
5505,E0160800031111,様似町役場（３階部分）,北海道様似町大通1-21,1,,,42.12774295,142.9338335,
5506,E0160800032111,生涯スポーツ研修センター,北海道様似町大通1-25-1,1,,,42.12842419,142.933584,
5507,E0160800033111,大通公住会館,北海道様似町大通1-65,1,,,42.12889691,142.9312014,
5508,E0160800034111,東様似生活館,北海道様似町大通2-122-30,1,,,42.12601131,142.9352993,
5509,E0160800035111,むつみ会館,北海道様似町大通2-28-1,1,,,42.12623613,142.9389511,
5510,E0160800036111,保健福祉センター,北海道様似町大通2-98-2,1,,,42.12831224,142.9366612,
5511,E0160800037121,特別養護老人ホーム様似ソビラ荘,北海道様似町朝日丘45,1,,要配慮者,42.1295367218937,142.945099593904,
5512,E0160800037111,特別養護老人ホーム様似ソビラ荘,北海道様似町朝日丘45,1,,,42.1295367218937,142.945099593904,
5513,E0160800045111,住吉神社,北海道様似町潮見台10-1,1,,,42.129365,142.918343,
5514,E0160800046111,等澍院,北海道様似町潮見台11-4,1,,,42.129481,142.919061,
5515,E0160800047111,法敬寺,北海道様似町潮見台12-1,1,,,42.129317,142.919724,
5516,E0160800041111,本町２丁目会館,北海道様似町本町2-13-4,1,,,42.12774751,142.9193319,
5517,E0160800051111,智教寺,北海道様似町本町２丁目105,1,,,42.128387,142.919617,
5518,E0160800043111,緑町生活館,北海道様似町緑町49-21,1,,,42.12916495,142.9403012,
5519,E0169400002111,栄町町内会館,北海道羅臼町栄町10-1,1,,,44.0287993019731,145.179661806749,
5520,E0169400001111,羅臼町役場,北海道羅臼町栄町100-83,1,,,44.0218698213532,145.189642282751,
5521,E0169400003111,らうすぽ（羅臼町民体育館）,北海道羅臼町栄町102,1,,,44.0224199003017,145.19184226393,
5522,E0169400004111,知床未来中学校,北海道羅臼町栄町104-2,1,,,44.0243952664623,145.19102558558,
5523,E0169400005111,栄町高台町内会館,北海道羅臼町栄町104-3,1,,,44.0239522175115,145.188727413857,
5524,E0169400008111,海岸町コミュニティセンター,北海道羅臼町海岸町441,1,,,44.05538,145.23523,
5525,E0169400010111,共栄町会館,北海道羅臼町共栄町105-13,1,,,44.0246,145.20008,
5526,E0169400011111,春日町福祉館,北海道羅臼町春日町47-2,1,,,43.9489362605822,145.127648904069,
5527,E0169400013111,羅臼漁業協同組合,北海道羅臼町船見町2-13,1,,,44.0208074457984,145.196880564761,
5528,E0169400014111,羅臼町コミュニティセンター,北海道羅臼町船見町2-16,1,,,44.0215088380464,145.198525829123,
5529,E0169400015111,羅臼町商工会館,北海道羅臼町船見町46-1,1,,,44.0205797936704,145.194467843322,
5530,E0169400016111,知松福祉館,北海道羅臼町知昭町61,1,,,43.9869009372166,145.159120509257,
5531,E0169400017121,羅臼町老人福祉センター,北海道羅臼町湯ノ沢町14-3,1,,,44.0303889825917,145.173512109556,
5532,E0169400017111,羅臼町老人福祉センター,北海道羅臼町湯ノ沢町14-3,1,,,44.0303889825917,145.173512109556,
5533,E0169400018111,（旧）春松小学校・春松幼稚園,北海道羅臼町八木浜町190,1,,,43.9743591064773,145.150644979399,
5534,E0169400019111,八木浜町福祉館,北海道羅臼町八木浜町30-1,1,,,43.9737741313473,145.150034912819,
5535,E0169400022111,峯浜町コミュニティセンター,北海道羅臼町峯浜町508-4,1,,,43.8796754964491,145.095430192822,
5536,E0169400024111,農林漁業体験実習館,北海道羅臼町幌萌町627-1,1,,,43.932881546571,145.115131874508,
5537,E0169400026111,知床未来小学校,北海道羅臼町本町41,1,,,44.0187218390319,145.190710967406,
5538,E0169400027111,麻布町福祉館,北海道羅臼町麻布町10-1,1,,,43.960224906409,145.135663462577,
5539,E0169400028111,岬町コミュニティセンター,北海道羅臼町岬町119-1,1,,,44.106516,145.247761,
5540,E0169400029111,（旧）知円別小中学校,北海道羅臼町岬町33,1,,,44.1061317276546,145.24477213701,
5541,E0169400032111,緑町町内会館,北海道羅臼町緑町299-1,1,,,44.0213681991664,145.187037370885,
5542,E0169400033111,知床未来幼稚園,北海道羅臼町緑町301,1,,,44.0202814801843,145.188765723896,
5543,E0169400034111,礼文町南町内会館,北海道羅臼町礼文町367,1,,,44.0054729409596,145.175850328328,
5544,E0169400035111,礼文町北町内会館,北海道羅臼町礼文町64,1,,,44.0137257903328,145.188305347122,
5545,E0169400036111,羅臼高等高校,北海道羅臼町礼文町9-3,1,,,44.0038948880092,145.176027370801,
5546,E0139400006112,港地区津波避難タワー,北海道蘭越町港町617,1,,,42.876479,140.368794,
5547,E0139400006111,介護予防拠点センターみなと,北海道蘭越町港町617,1,,,42.8767236,140.3685643,
5548,E0139400008111,昆布活性化センター,北海道蘭越町昆布町114-4,,,,42.79859247,140.5954634,
5549,E0139400009111,昆布小学校,北海道蘭越町昆布町309-1,1,,,42.79391844,140.5996735,
5550,E0139400011111,黄金地区共同利用集会所,北海道蘭越町字黄金277,,,,42.802933,140.603653,
5551,E0139400012111,蘭越町地場産業振興コミュニティセンター,北海道蘭越町字吉国922-2,,,,42.83504328,140.4954917,
5552,E0139400013111,共栄農事組合研修センター,北海道蘭越町字共栄111-1,,,,42.83698669,140.3976622,
5553,E0139400014111,旧御成小学校,北海道蘭越町字御成416-1,1,,,42.84683204,140.4100291,
5554,E0139400016111,御成地区生活改善センター,北海道蘭越町字御成423-5,,,,42.84768624,140.4090963,
5555,E0139400017111,三和一町内会館,北海道蘭越町字三和381-7,,,,42.8292237,140.4833022,
5556,E0139400019111,蘭越町三和コミュニティ会館ほたるの里,北海道蘭越町字三和414-1,1,,,42.83053453,140.4837752,
5557,E0139400021111,初田地区集会所,北海道蘭越町字初田248-2,,,,42.85526273,140.4035612,
5558,E0139400022111,水上地区集会所,北海道蘭越町字水上95,,,,42.78758908,140.5083031,
5559,E0139400023111,法誓寺,北海道蘭越町字大谷287,,,,42.8013381,140.5225843,
5560,E0139400024111,大谷団地集会所,北海道蘭越町字大谷357-1,,,,42.7999911547985,140.512044915634,
5561,E0139400025111,蘭越町農村研修センター,北海道蘭越町字大谷439-11,,,,42.80050447,140.4973237,
5562,E0139400026111,淀川コミュニティセンター,北海道蘭越町字大谷510-3,,,,42.79364765,140.4877357,
5563,E0139400027111,田下地区集会所,北海道蘭越町字田下83-2,,,,42.73849255,140.4388796,
5564,E0139400029111,日出ふれあいセンター,北海道蘭越町字日出100-6,,,,42.82058893,140.6008904,
5565,E0139400030111,蘭越町克雪管理センター,北海道蘭越町字富岡419-3,,,,42.83061402,140.5175235,
5566,E0139400031111,豊国上地区地域研修センター,北海道蘭越町字豊国232-2,,,,42.819872,140.5408989,
5567,E0139400033111,名駒地区生活改善センター,北海道蘭越町名駒町210-9,,,,42.81533682,140.4478628,
5568,E0139400034111,瑞龍寺,北海道蘭越町名駒町364,,,,42.813173,140.442562,
5569,E0139400035111,旧名駒小学校,北海道蘭越町名駒町396,1,,,42.81584769,140.4441607,
5570,E0139400036111,旧目名小学校,北海道蘭越町目名町221,1,,,42.76437932,140.4608077,
5571,E0139400051121,高齢者生活福祉センターめな,北海道蘭越町目名町391,,,,42.76161,140.461873,
5572,E0139400037111,目名地区生活改善センター,北海道蘭越町目名町393-2,,,,42.7610046,140.4625421,
5573,E0139400038111,蘭越小学校,北海道蘭越町蘭越町222-1,,,,42.80538722,140.524762,
5574,E0139400040111,蘭越町保健福祉センター,北海道蘭越町蘭越町250-1,,要配慮者,,42.8086577,140.5273101,
5575,E0139400041111,蘭越町山村開発センター,北海道蘭越町蘭越町258-6,,,,42.80935821,140.5275784,
5576,E0139400042111,蘭越町総合体育館,北海道蘭越町蘭越町428-1,,,,42.81070411,140.5438969,
5577,E0139400043111,町民センターらぶちゃんホール,北海道蘭越町蘭越町43-1,,,,42.8051865,140.5292413,
5578,E0139400044111,旧蘭越地区研修センター,北海道蘭越町蘭越町491,,,,42.80892925,140.5328301,
5579,E0139400045111,蘭越中学校,北海道蘭越町蘭越町514-1,1,,,42.80417896,140.5316714,
5580,E0139400047111,ふれあいプラザ２１,北海道蘭越町蘭越町8-2,,,,42.80279355,140.5259154,
5581,E0139400050111,蘭越上地域振興センター,北海道蘭越町蘭越町944-2,,,,42.80499759,140.5396322,
5582,E0151800001111,栄浜自治会館,北海道利尻町沓形字栄浜141,,津波以外,,45.2187113348105,141.140011083457,
5583,E0151800004111,新湊自治会館,北海道利尻町沓形字新湊196,,,,45.2069972153379,141.140564118126,
5584,E0151800005111,利尻高等学校,北海道利尻町沓形字神居189-1,1,,,45.170547536278,141.142638129308,
5585,E0151800005121,利尻高等学校,北海道利尻町沓形字神居189-1,1,,要配慮者,45.1705116080656,141.142648858145,
5586,E0151800006111,利尻町総合体育館,北海道利尻町沓形字神居205,,,,45.1694545041201,141.143022399479,
5587,E0151800008111,利尻中学校,北海道利尻町沓形字神居216-2,,,,45.1669377588801,141.144499478171,
5588,E0151800054111,泉町自治会館,北海道利尻町沓形字泉町92,,津波以外,,45.183191,141.141061,
5589,E0151800012111,沓形小学校,北海道利尻町沓形字日出町63,,,,45.1870731110271,141.14244945932,
5590,E0151800014111,利尻町交流促進施設,北海道利尻町沓形字富士見町2-2,,,,45.185633796635,141.134804485448,
5591,E0151800019111,利尻大志館,北海道利尻町沓形字緑町21-1,1,,,45.186627,141.140754,
5592,E0151800021111,久連自治会館,北海道利尻町仙法志字久連95,,,,45.1378831328642,141.16693480008,
5593,E0151800024111,仙法志保育所,北海道利尻町仙法志字政泊90-4,,,,45.1129483295251,141.21227090808,
5594,E0151800025121,特別養護老人ホームほのぼの荘,北海道利尻町仙法志字政泊91-1,,,要配慮者,45.1137659597233,141.212174734184,
5595,E0151800028111,利尻町公民館,北海道利尻町仙法志字本町58-1,,津波以外,,45.1078057352541,141.219617539353,
5596,E0151800029121,仙法志小学校,北海道利尻町仙法志字本町92-1,,,要配慮者,45.1108823819289,141.219308968801,
5597,E0151800029111,仙法志小学校,北海道利尻町仙法志字本町92-1,,,,45.1108823819289,141.219308968801,
5598,E0151900001112,鴛泊小学校,北海道利尻富士町鴛泊字栄町,1,,,45.24174145,141.2221801,
5599,E0151900001111,鴛泊中学校,北海道利尻富士町鴛泊字栄町,1,,,45.24268786,141.2188216,
5600,E0151900001113,総合交流促進施設「りぷら」,北海道利尻富士町鴛泊字栄町,1,,,45.24610913,141.2180334,
5601,E0151900006113,総合交流促進施設（北のしーま）,北海道利尻富士町鬼脇字鬼脇,1,,,45.13298357,141.306024,
5602,E0151900006112,鬼脇支所,北海道利尻富士町鬼脇字鬼脇,1,,,45.1389894,141.3089902,
5603,E0151900006111,利尻小学校・鬼脇中学校,北海道利尻富士町鬼脇字鬼脇,1,,,45.139897168529,141.30636107189,
5604,E0151900009111,野中自治会館,北海道利尻富士町鬼脇字野中,1,,,45.10285695,141.2464802,
5605,E0151900010111,鰊泊自治会館,北海道利尻富士町鬼脇字鰊泊,1,,,45.19841435,141.3116858,
5606,E0164800001111,中斗満交流センター,北海道陸別町字トマム幹線49-3,,,,43.468145,143.68274,
5607,E0164800002111,苫務交流センター,北海道陸別町字トマム幹線86-2,,,,43.487986,143.651444,
5608,E0164800003111,上斗満交流センター,北海道陸別町字トマム南３線92-1,,,,43.48001466,143.6326155,
5609,E0164800004121,とまむ園　地域交流ホームふらっと,北海道陸別町字トマム南３線94-3,,,要配慮者,43.4795389810477,143.630717865075,
5610,E0164800005111,トラリ農作業準備休憩室,北海道陸別町字上利別原野東１線212-4,,,,43.38829479,143.6854705,
5611,E0164800019111,農畜産物加工研修センター,北海道陸別町字西１線３１１番地１３,,,,43.458881,143.737024,
5612,E0164800006111,小利別集会所,北海道陸別町字利別川上原野基線94,,,,43.58813714,143.6796868,
5613,E0164800018111,高齢者交流センター,北海道陸別町字陸別,,,,43.469315,143.747809,
5614,E0164800007111,新町交流館,北海道陸別町字陸別基線314-96,,,,43.46125371,143.7387329,
5615,E0164800008121,陸別町デイサービスセンター,北海道陸別町字陸別原野基線321-5,,,要配慮者,43.4650084938121,143.747592100525,
5616,E0164800009111,若葉生きがい交流館,北海道陸別町字陸別原野基線325-7,,,,43.46757262,143.7516903,
5617,E0164800010111,陸別小学校,北海道陸別町字陸別原野基線331,,,,43.47250728,143.7538482,
5618,E0164800011111,陸別保育所,北海道陸別町字陸別原野基線333-1,,,,43.47325233,143.7547494,
5619,E0164800012111,陸別中学校,北海道陸別町字陸別原野基線334,,,,43.47432811,143.7546889,
5620,E0164800013111,ふるさと交流センター,北海道陸別町字陸別原野基線69-1,,,,43.46765751,143.742429,
5621,E0164800014121,みどりの園　みどーむ（機能訓練棟）,北海道陸別町字陸別原野分線8-232,,,要配慮者,43.4696233169028,143.737253517193,
5622,E0164800015111,タウンホール,北海道陸別町字陸別東一条3-1,1,,,43.46893028,143.7472616,
5623,E0164800016111,陸別町公民館,北海道陸別町字陸別東一条4-2,,,,43.46915691,143.7486456,
5624,E0164800017121,保健センター,北海道陸別町字陸別東二条3-2,1,,要配慮者,43.46855194,143.7483857,
5625,E0164800017111,保健センター,北海道陸別町字陸別東二条3-2,1,,,43.46855194,143.7483857,
5626,E0139700002112,三ノ原五輪会館,北海道留寿都村字三ノ原212-4,1,,,42.694572,140.836568,
5627,E0139700004112,留寿都へき地保健福祉館,北海道留寿都村字登156-2,1,,,42.742868,140.948381,
5628,E0139700007112,地域資源交流センター,北海道留寿都村字留寿都127-191,1,,,42.740094,140.884566,
5629,E0139700009112,留寿都小学校体育館,北海道留寿都村字留寿都174,1,,,42.735934,140.874408,
5630,E0139700010115,留寿都村武道館,北海道留寿都村字留寿都179-1,1,,,42.737911,140.87341,
5631,E0139700010113,留寿都中学校体育館,北海道留寿都村字留寿都179-1,1,,,42.73711654,140.872417,
5632,E0139700010114,留寿都高等学校体育館,北海道留寿都村字留寿都179-1,1,,,42.736785,140.87302,
5633,E0139700012112,るすつ子どもセンターぽっけ小型児童館,北海道留寿都村字留寿都185-29,1,,,42.736958,140.871156,
5634,E0139700013123,るすつ銀河の杜デイサービスセンター,北海道留寿都村字留寿都186-18,,,要配慮者,42.736477,140.868434,
5635,E0139700016111,留寿都村高齢者生活支援ハウス,北海道留寿都村字留寿都186-36,1,,,42.736607,140.867812,
5636,E0139700014123,地域密着型介護老人福祉施設るすつ銀河の杜,北海道留寿都村字留寿都186-95,,,要配慮者,42.736328,140.868452,
5637,E0139700015113,留寿都村公民館ホール,北海道留寿都村字留寿都206-1,1,,,42.738845,140.874663,
5638,E0121200001111,港南中学校,北海道留萌市沖見町2-141,1,,,43.93299661,141.6394465,
5639,E0121200002111,留萌市子ども発達支援センター,北海道留萌市沖見町4-62-1,1,,,43.9282838023759,141.635167129465,
5640,E0121200003111,港南コミュニティセンター,北海道留萌市沖見町5-32-1,,,,43.92880872,141.6404862,
5641,E0121200004111,沖見児童センター,北海道留萌市沖見町5-64-1,,,,43.92988349,141.6425363,
5642,E0121200006111,るもい健康の駅,北海道留萌市花園町3-1-1,,,,43.93614575,141.6534317,
5643,E0121200008111,留萌市勤労福祉センター,北海道留萌市開運町2-6-1,,,,43.94048935,141.6466164,
5644,E0121200012113,勤労者体育センター,北海道留萌市見晴町2-27,,,,43.93428056,141.6459511,
5645,E0121200012111,中央公民館,北海道留萌市見晴町2-27,,,,43.93354884,141.6460106,
5646,E0121200012112,スポーツセンター,北海道留萌市見晴町2-27,,,,43.93389973,141.645351,
5647,E0121200013111,萌晴会館,北海道留萌市見晴町5,,,,43.9264395,141.6497772,
5648,E0121200014111,港北小学校,北海道留萌市元町2-82,,,,43.94992329,141.6455788,
5649,E0121200016111,港北コミュニティセンター,北海道留萌市元町5-86,,,,43.95206078,141.6434988,
5650,E0121200017111,保健福祉センターはーとふる,北海道留萌市五十嵐町1-1-11,,,,43.93583271,141.6636393,
5651,E0121200018111,港西コミュニティセンター,北海道留萌市港町3-75,,,,43.9414648,141.6363334,
5652,E0121200019111,港東コミュニティセンター,北海道留萌市高砂町2-1-11,,,,43.93797622,141.6587826,
5653,E0121200021111,三泊住民センター,北海道留萌市三泊町43-4,,,,43.97465622,141.6469831,
5654,E0121200022111,留萌小学校,北海道留萌市寿町2-10,1,,,43.93640385,141.6385613,
5655,E0121200023111,寿児童センター,北海道留萌市寿町3-13-1,,,,43.93470482,141.6393016,
5656,E0121200025111,住之江児童センター,北海道留萌市住之江町3-95-1,,,,43.93235858,141.6525924,
5657,E0121200026111,東光小学校,北海道留萌市住之江町4-73,1,,,43.93185672,141.6542316,
5658,E0121200028111,春日児童センター,北海道留萌市春日町1-20,,,,43.95453768,141.6477504,
5659,E0121200028112,春日住民センター,北海道留萌市春日町1-20,,,,43.95459756,141.6477207,
5660,E0121200029111,留萌中学校,北海道留萌市千鳥町3-2,,,,43.93254701,141.6644371,
5661,E0121200031111,緑丘小学校,北海道留萌市千鳥町3-22,,,,43.93105893,141.6653143,
5662,E0121200033111,千鳥児童センター,北海道留萌市千鳥町3-9-1,,,,43.93187932,141.665767,
5663,E0121200034111,留萌高等学校,北海道留萌市千鳥町4-91,1,,,43.9309838,141.6625871,
5664,E0121200036111,黄金会館,北海道留萌市大町2-7-1,,,,43.94616225,141.6312182,
5665,E0121200036112,海のふるさと館,北海道留萌市大町2-7-1,,,,43.94609807,141.6297149,
5666,E0121200037111,留萌港湾合同庁舎,北海道留萌市大町3-37,,,,43.94533503,141.6358419,
5667,E0121200038111,大和田生活館,北海道留萌市大和田町3-34,,,,43.91539642,141.6975512,
5668,E0121200039111,潮静住民センター,北海道留萌市潮静1-14-2,,,,43.92163791,141.6806603,
5669,E0121200041111,潮静小学校,北海道留萌市潮静3-146,1,,,43.92002309,141.6840832,
5670,E0121200043111,風土工房こさえーる,北海道留萌市藤山町31,,,,43.8857936,141.7250661,
5671,E0121200044111,留萌地域人材開発センター,北海道留萌市南町1-17,1,,,43.92989752,141.6704265,
5672,E0121200045111,東部コミュニティセンター,北海道留萌市南町2-373,,,,43.92424653,141.6708542,
5673,E0121200047111,浜中町内会館,北海道留萌市浜中町37,,,,43.92213744,141.6288782,
5674,E0121200049111,堀川町内会館,北海道留萌市堀川町2-87,,,,43.93862661,141.6654442,
5675,E0121200051111,幌糠農業・農村支援センター,北海道留萌市幌糠町1862,,,,43.84930365,141.7616096,
5676,E0121200052111,留萌消費者センター,北海道留萌市明元町6-22-1,,,,43.94147396,141.6427377,
5677,E0121200053121,社会福祉法人萌寿会「萌寿園」,北海道留萌市留萌市沖見町6-18-6,,,要配慮者,43.9251839157048,141.643712904653,
5678,E0121200054111,みどり会館,北海道留萌市緑ケ丘町2-37-1,,,,43.92796538,141.6652867,
5679,E0121200056111,礼受町内会館,北海道留萌市礼受町20-1,,,,43.90950014,141.614591,
5680,E0151700017111,総合体育館（潮騒ドーム）,北海道礼文町大字香深村カフカイ112,1,,,45.336024,141.049487,
5681,E0151700019111,ふるさと体験道場,北海道礼文町大字香深村カフカイ1143,1,,,45.342722965847,141.04507209772,
5682,E0151700021111,香深井小学校,北海道礼文町大字香深村カフカイ301-1,1,,,45.340131,141.044721,
5683,E0151700022111,ふれあいコミュニティセンター,北海道礼文町大字香深村カフカイ650,1,,,45.341403289827,141.03695573324,
5684,E0151700134111,知床地区防災避難所,北海道礼文町大字香深村シレトコマナイ185-1,1,,,45.27710261,141.0352368,
5685,E0151700035112,礼文小学校,北海道礼文町大字香深村トンナイ914,1,,,45.304978041538,141.04716732798,
5686,E0151700035113,香深中学校,北海道礼文町大字香深村トンナイ914,1,,,45.303985741237,141.04632511436,
5687,E0151700045111,元地地区防災避難所,北海道礼文町大字香深村モトチ135-1,1,,,45.307865186616,141.02331551776,
5688,E0151700047111,元地自治会館,北海道礼文町大字香深村モトチ942,1,,,45.305582,141.023096,
5689,E0151700049121,町民活動総合センター（ピスカ２１）,北海道礼文町大字香深村ワウシ958-4,1,,,45.299531872033,141.04630111782,
5690,E0151700054111,上泊地区防災避難所,北海道礼文町大字船泊村ウヱントマリ359-1,1,,,45.421343756568,141.06072352792,
5691,E0151700057111,スポーツ文化交流センター（輝交流館）,北海道礼文町大字船泊村ウヱンナイホ297-1,1,,,45.437386442185,141.03502870938,
5692,E0151700059111,須古頓地区防災避難所,北海道礼文町大字船泊村スコトントマリ746,1,,,45.45728399,140.9699448,
5693,E0151700071111,旧神埼小学校,北海道礼文町大字船泊村ホロナイホ690-2,1,,,45.430532519231,141.01108050884,
5694,E0151700132111,船泊中学校,北海道礼文町大字船泊村ヲションナイ316-1,,,,45.436449156222,141.03472291792,
5695,E0151700081111,礼文高等学校,北海道礼文町大字船泊村ヲチカフナイ27,1,,,45.395740100299,141.05680083305,
5696,E0151700103111,船泊小学校,北海道礼文町大字船泊村字ウヱンナイホ393,,,,45.435222009812,141.03402017916,
5697,E0151700085111,船泊西地区防災拠点センター,北海道礼文町大字船泊村西大沢925,1,,,45.422417,140.998741,
5698,E0146400001111,塩狩峠記念館,北海道和寒町字塩狩543,1,,,43.96890072,142.454458,
5699,E0146400002111,和寒町総合体育館,北海道和寒町字三笠103,1,,,44.01341409,142.4190811,
5700,E0146400003111,三笠地域センター,北海道和寒町字三笠94,1,,,44.0194084360438,142.412804141507,
5701,E0146400004111,三和地域センター,北海道和寒町字三和402,1,,,44.0219770671592,142.365888812829,
5702,E0146400006111,松岡地域センター,北海道和寒町字松岡33,1,,,44.0271377016417,142.392530669975,
5703,E0146400007121,保健福祉センター,北海道和寒町字西町111,,,要配慮者,44.0227325455912,142.412086341264,
5704,E0146400008111,和寒町民センター,北海道和寒町字西町120,1,,,44.02317213,142.4133118,
5705,E0146400009111,西町町民センター,北海道和寒町字西町18,1,,,44.0238053338094,142.414368692462,
5706,E0146400011111,西和地域センター,北海道和寒町字西和126,1,,,44.0227976469874,142.302075482814,
5707,E0146400012111,大成寿の家,北海道和寒町字大成120,1,,,44.06968473,142.4161352,
5708,E0146400013111,中和地域センター,北海道和寒町字中和210,1,,,43.9961023325467,142.405141439804,
5709,E0146400014111,東町地域センター,北海道和寒町字東町55,1,,,44.024595323931,142.419582059521,
5710,E0146400015111,和寒中学校,北海道和寒町字日ノ出11,1,,,44.0319335,142.4096722,
5711,E0146400017111,福原集会所,北海道和寒町字福原110,1,,,43.9707948,142.2875901,
5712,E0146400019111,北原地域センター,北海道和寒町字北原229,1,,,44.05206782,142.3741655,
5713,E0146400020111,交流施設ひだまり,北海道和寒町字北町200,1,,,44.02760762,142.41472,
5714,E0146400021111,和寒小学校,北海道和寒町字北町42,1,,,44.02846958,142.411649,
5715,E0146400022111,和寒町公民館,北海道和寒町字北町61,1,,,44.03033211,142.4104283,
