NO,共通ID,施設・場所名,住所,洪水,崖崩れ、土石流及び地滑り,高潮,地震,津波,大規模な火事,内水氾濫,火山現象,指定避難所との住所同一,緯度,経度,備考
1,E0241200002201,聖福寺　寳樓閣,青森県おいらせ町阿光坊105-278,1,1,,1,1,1,1,,,40.611004562176,141.36925741577,
2,E0241200003201,阿光坊地区農事集会所,青森県おいらせ町阿光坊13-7,1,1,,,,1,1,,1,40.605906942912,141.3743505536,
3,E0241200005201,一川目地区生活会館,青森県おいらせ町一川目2-65-441,1,1,,,1,1,1,,1,40.635194959793,141.44200649997,
4,E0241200006202,甲洋小学校グラウンド,青森県おいらせ町一川目4-6-10,1,1,,1,,1,1,,1,40.646044657344,141.43785841133,
5,E0241200006201,甲洋小学校,青森県おいらせ町一川目4-6-10,1,1,,1,1,1,1,,1,40.645271306905,141.43860406545,
6,E0241200004201,一川目児童公園,青森県おいらせ町一川目２地内,1,1,,1,1,1,1,,,40.634596848535,141.44190744323,
7,E0241200090201,本町地区北コミュニティセンター,青森県おいらせ町下前田104-6,,1,,,,1,,,1,40.603739,141.431168,
8,E0241200007201,みなくる館,青森県おいらせ町下前田145-1,1,1,,1,,1,1,,1,40.60439618551,141.43358742447,
9,E0241200008201,いきいき館,青森県おいらせ町下前田158-1,1,1,,1,,1,1,,1,40.604579548582,141.43463866542,
10,E0241200091201,七軒町集会所,青森県おいらせ町下明堂54-3,,1,,,,1,,,1,40.597576,141.431654,
11,E0241200009202,下田小学校グラウンド,青森県おいらせ町舘越38-1,,1,,1,,1,,,1,40.597644155966,141.37370533614,
12,E0241200009201,下田小学校,青森県おいらせ町舘越38-1,,1,,1,1,1,,,1,40.597299380024,141.3734932706,
13,E0241200010201,本村地区コミュニティセンター伝承館,青森県おいらせ町舘越40-1,,1,,,,1,,,1,40.598231099595,141.37374941934,
14,E0241200011201,百石小学校,青森県おいらせ町牛込平20-1,1,1,,1,,1,,,1,40.601585467303,141.43724520725,
15,E0241200011202,百石小学校グラウンド,青森県おいらせ町牛込平20-1,,1,,1,,1,,,1,40.60105548721,141.43730455223,
16,E0241200012201,向山集会所,青森県おいらせ町向山3-2-1807,1,1,,,,1,1,,,40.629775570914,141.36942505612,
17,E0241200013201,八戸北丘陵下田公園,青森県おいらせ町向山地内,1,1,,1,,1,1,,,40.614568777393,141.40039165539,
18,E0241200017201,大津波避難場所（二川目北）,青森県おいらせ町向平517-1,,,,,1,,,,,40.660853435402,141.42921323986,
19,E0241200018201,向坂集会所,青森県おいらせ町黒坂谷地110-121,1,1,,,,1,1,,,40.613282141145,141.42651050779,
20,E0241200019201,（株）ネクサス下田店（タケダスポーツ下田店）,青森県おいらせ町菜飯50-1,1,,,,1,,,,,40.598784857612,141.41806143143,
21,E0241200020201,三田会館,青森県おいらせ町三本木125-1,,1,,,,1,,,,40.593175587512,141.41142619696,
22,E0241200021201,奥入瀬川南岸土地改良区記念碑,青森県おいらせ町三本木28-9,,,,,1,,,,,40.590847174509,141.39348035367,
23,E0241200024201,４号百石道路避難階段,青森県おいらせ町秋堂105-2,,,,,1,,,,,40.598246077407,141.42316731105,
24,E0241200025201,３号百石道路避難階段,青森県おいらせ町秋堂112-4,,,,,1,,,,,40.596722699873,141.4238968719,
25,E0241200026201,１号百石道路避難階段,青森県おいらせ町秋堂127,,,,,1,,,,,40.593708428133,141.42544182429,
26,E0241200027201,２号百石道路避難階段,青森県おいらせ町秋堂42-2,,,,,1,,,,,40.595459980954,141.42457278857,
27,E0241200029202,明神山コミュニティ防災センター,青森県おいらせ町松原1-73-460,1,1,,,1,1,1,,1,40.607915716722,141.45589624737,
28,E0241200029201,明神山防災タワー,青森県おいらせ町松原1-73-460,,,,,1,,,,1,40.607956442372,141.4556065688,
29,E0241200028201,明神山公園,青森県おいらせ町松原１地内,1,1,,1,1,1,1,,,40.60753433268,141.45584742247,
30,E0241200030201,横道生活館,青森県おいらせ町松原２－１３２－４６地先,,1,,,,1,,,1,40.614450527621,141.45549972362,
31,E0241200031201,いちょう公園体育館,青森県おいらせ町沼端14-161,1,1,,1,1,1,,,1,40.608016452292,141.43771384909,
32,E0241200032201,勤労者研修センター,青森県おいらせ町沼端14-165,,1,,,,1,1,,1,40.607877408236,141.4389840894,
33,E0241200032202,いちょう公園交流館,青森県おいらせ町沼端14-165,1,1,,,,1,1,,1,40.60754345677,141.43952589561,
34,E0241200035202,木ノ下中学校グラウンド,青森県おいらせ町上久保22-2,1,1,,1,,1,1,,1,40.646150374481,141.37817039118,
35,E0241200035201,木ノ下中学校,青森県おいらせ町上久保22-2,1,1,,1,,1,1,,1,40.645751490216,141.37771441565,
36,E0241200036201,木ノ下ふれあい館,青森県おいらせ町上久保44-5,1,1,,,,1,1,,1,40.648634369971,141.38016907687,
37,E0241200039201,鍋久保文化センター,青森県おいらせ町上谷地10-1,,1,,,,1,1,,,40.588742389549,141.36963303261,
38,E0241200041201,おいらせ町役場分庁舎,青森県おいらせ町上明堂60-6,1,,,,1,,,,,40.595084905746,141.42837181668,
39,E0241200042201,東公民館,青森県おいらせ町上明堂88-2,,1,,1,,1,,,1,40.596051661192,141.42890585738,
40,E0241200043201,中央公園,青森県おいらせ町上明堂地内,,1,,1,,1,,,,40.594264964409,141.42857448728,
41,E0241200044201,藤ヶ森地区生活会館,青森県おいらせ町新助川原46-2,,1,,,,1,,,1,40.59779563456,141.43968651891,
42,E0241200092201,本町地区コミュニティ消防センター,青森県おいらせ町新助川原8-8,,1,,,,1,,,1,40.594407,141.433147,
43,E0241200045201,川口地区コミュニティセンター,青森県おいらせ町新田17-2,,1,,,,1,,,1,40.602905636973,141.45993260459,
44,E0241200046201,深沢地区コミュニティセンター,青森県おいらせ町深沢2-11-8,1,1,,1,1,1,1,,1,40.628048652686,141.44369257312,
45,E0241200047201,大津波避難場所（深沢）,青森県おいらせ町深沢平地内,,,,,1,,,,,40.627233082095,141.44175329906,
46,E0241200048201,三本木ふれあい館,青森県おいらせ町西下谷地52-3,,1,,,,1,,,,40.590957107336,141.40657845369,
47,E0241200049201,北公民館,青森県おいらせ町青葉2-50-1395,1,1,,1,,1,1,,1,40.65611742308,141.37232314235,
48,E0241200050201,木ノ下児童センターみらい館,青森県おいらせ町青葉2-50-72,1,1,,1,,1,1,,1,40.656403585262,141.37188511768,
49,E0241200051201,木ノ下小学校グラウンド,青森県おいらせ町青葉6-50-184,1,1,,1,,1,1,,1,40.652937780063,141.36972026183,
50,E0241200051202,木ノ下小学校,青森県おいらせ町青葉6-50-184,1,1,,1,,1,1,,1,40.653405807889,141.36960224463,
51,E0241200052201,根岸いちょう会館,青森県おいらせ町千刈田25-27,,1,,,,1,,,1,40.606749049851,141.42971145151,
52,E0241200053201,洗平地区農業構造改善センター,青森県おいらせ町洗平41-2,,1,,,,1,,,1,40.602500821721,141.34963585878,
53,E0241200054202,木内々小学校グラウンド,青森県おいらせ町染屋101-7,,1,,1,,1,,,1,40.600437234977,141.40798882962,
54,E0241200054201,木内々小学校,青森県おいらせ町染屋101-7,,1,,1,,1,,,1,40.60109298831,141.408160491,
55,E0241200055201,染屋集会所,青森県おいらせ町染屋62-4,,1,,,,1,,,,40.598459492066,141.41045796873,
56,E0241200057201,町民交流センター,青森県おいらせ町中下田125-2,,1,,1,1,1,,,1,40.59973082739,141.39730095094,
57,E0241200058201,曙集会所,青森県おいらせ町中下田145-73,1,1,,,,1,1,,,40.603494949194,141.39675911249,
58,E0241200059201,中央公民館,青森県おいらせ町中下田159,,1,,,,1,,,1,40.599225342181,141.39857730056,
59,E0241200060201,稲荷神社（間木）,青森県おいらせ町中下田195,,,,,1,,,,,40.603882159899,141.40116950143,
60,E0241200061201,間木地区コミュニティセンター,青森県おいらせ町中下田224-25,,1,,,,1,,,,40.601703378145,141.40086634176,
61,E0241200062201,有楽町集会所,青森県おいらせ町中平下長根山1-740,1,1,,,,1,1,,,40.605800822837,141.38837260014,
62,E0241200063201,中野平集会所,青森県おいらせ町中野平28,1,1,,,1,1,1,,,40.606529715481,141.41793713745,
63,E0241200064201,百石中学校,青森県おいらせ町東下谷地116,1,1,,1,1,1,1,,1,40.61713012877,141.42798235128,
64,E0241200064202,百石中学校グラウンド,青森県おいらせ町東下谷地116,1,1,,1,,1,1,,1,40.61682065569,141.42830421636,
65,E0241200065201,黒坂集会所,青森県おいらせ町東下谷地116-41,1,1,,,,1,1,,,40.615385049448,141.42797746899,
66,E0241200068201,大津波避難場所（松原）,青森県おいらせ町東下谷地772-1,,,,,1,,,,,40.614316302941,141.44718010945,
67,E0241200069201,いちょう公園,青森県おいらせ町東下谷地地内,1,1,,1,,1,1,,,40.609763454761,141.43755634351,
68,E0241200070201,大津波避難場所（一川目南）,青森県おいらせ町内山平501-2,,,,,1,,,,,40.632780714446,141.43501814248,
69,E0241200072201,二川目地区生活会館,青森県おいらせ町二川目3-53-1,1,1,,,1,1,1,,1,40.656034952569,141.43568715402,
70,E0241200073201,秋堂コミュニティセンター,青森県おいらせ町彦七川原49-1,,1,,,,1,,,,40.595183084461,141.41947687868,
71,E0241200074201,木崎ふれあい館,青森県おいらせ町彦七川原5-4,,1,,,,1,,,,40.595572374788,141.41536355999,
72,E0241200075201,錦ヶ丘集会所,青森県おいらせ町瓢163-41,1,1,,,,1,1,,,40.609411524271,141.35682587527,
73,E0241200076201,新敷集会所,青森県おいらせ町瓢99-20,,1,,,,1,,,,40.604910065524,141.35805826646,
74,E0241200077201,苗振谷地生活会館,青森県おいらせ町苗振谷地41-1,,1,,,,1,,,,40.597667698894,141.42679998818,
75,E0241200078202,百石高等学校グラウンド,青森県おいらせ町苗平谷地46,,1,,1,,1,,,1,40.599841393039,141.43325149973,
76,E0241200078203,百石高等学校,青森県おいらせ町苗平谷地46,1,1,,1,1,1,,,1,40.59924265078,141.43204450567,
77,E0241200078201,百石高等学校第２グラウンド,青森県おいらせ町苗平谷地46,,1,,1,,1,,,1,40.600431983892,141.43282771071,
78,E0241200080201,豊栄地区コミュニティセンター,青森県おいらせ町豊栄1-159-1,1,1,,,,1,1,,1,40.639951809188,141.41035234461,
79,E0241200081201,豊原農事集会所,青森県おいらせ町豊原2-730,1,1,,,,1,1,,,40.636947411015,141.37205679132,
80,E0241200082201,堀切川地区コミュニティセンター,青森県おいらせ町堀ノ内205-3,,1,,,,1,,,1,40.603150484265,141.45389960839,
81,E0241200083201,染屋入口交差点,青森県おいらせ町木崎379,,,,,1,,,,,40.601456270413,141.41196350524,
82,E0241200084201,洋光台地区コミュニティセンター,青森県おいらせ町洋光台5-44-22,1,1,,,,1,1,,1,40.61287064706,141.43825668565,
83,E0241200085202,下田中学校グラウンド,青森県おいらせ町立蛇114-3,1,1,,1,,1,1,,1,40.603756133731,141.3868014423,
84,E0241200085201,下田中学校,青森県おいらせ町立蛇114-3,1,1,,1,,1,1,,1,40.603377360414,141.38753636758,
85,E0241200086201,古間木山集会所,青森県おいらせ町緑ケ丘1-50-1355,1,1,,,,1,1,,,40.66673219764,141.36596119215,
86,E0241200089201,鶉久保地区農業構造改善センター,青森県おいらせ町鶉久保山112-4,1,1,,,,1,1,,1,40.661052054757,141.37936043681,
87,E0220900001201,吉出コミュニティセンター消防センター,青森県つがる市稲垣町吉出高崎33,,1,1,1,1,1,1,1,1,40.865883010856,140.38494495025,
88,E0220900002201,沼館コミュニティセンター,青森県つがる市稲垣町沼館友開45-14,,1,1,1,1,1,1,1,1,40.881459312954,140.38397084094,
89,E0220900003201,沼崎コミュニティ消防センター,青森県つがる市稲垣町沼崎幾代崎49,,1,1,1,1,1,1,1,1,40.875152405179,140.39386565733,
90,E0220900004201,繁田地区コミュニティ消防センター,青森県つがる市稲垣町繁田若竹11-3,,1,1,1,1,1,1,1,1,40.907505,140.415369,
91,E0220900005201,福富コミュニティセンター,青森県つがる市稲垣町福富笹崎10-1,,1,1,1,1,1,1,1,1,40.889655918823,140.39644057799,
92,E0220900111202,稲垣交流センター,青森県つがる市稲垣町豊川宮川141,,1,1,1,1,1,1,1,1,40.879832,140.397117,
93,E0220900009201,稲穂いこいの里,青森県つがる市稲垣町豊川宮川145-1,,1,1,1,1,1,1,1,1,40.880942981574,140.39570107016,
94,E0220900010201,稲垣ふれあいセンター,青森県つがる市稲垣町豊川宮川145-3,,1,1,1,1,1,1,1,1,40.880598663625,140.39697279703,
95,E0220900012201,稲垣中学校グランド,青森県つがる市稲垣町豊川宮川45-1,,1,1,1,1,1,1,1,1,40.882637795785,140.39797903284,
96,E0220900012202,稲垣中学校,青森県つがる市稲垣町豊川宮川45-1,,1,1,1,1,1,1,1,1,40.882621572671,140.39640725836,
97,E0220900013201,豊川コミュニティ消防センター,青森県つがる市稲垣町豊川宮川51-7,,1,1,1,1,1,1,1,1,40.883194995348,140.39925376939,
98,E0220900014202,稲垣小学校,青森県つがる市稲垣町豊川宮藤27,,1,1,1,1,1,1,1,1,40.881573872401,140.40169301063,
99,E0220900014201,稲垣小学校グランド,青森県つがる市稲垣町豊川宮藤27,,1,1,1,1,1,1,1,1,40.882054488088,140.40249230892,
100,E0220900015201,穂積コミュニティセンター,青森県つがる市稲垣町豊川酒田66-3,,1,1,1,1,1,1,1,,40.890446188292,140.40779717873,
101,E0220900016201,下牛潟保健福祉館,青森県つがる市下牛潟町靏舞岬10,1,1,1,1,1,1,1,1,1,40.922381807232,140.36819927595,
102,E0220900017201,牛潟公民館,青森県つがる市牛潟町鷲野沢29-789,1,1,1,1,1,1,1,1,1,40.925037529259,140.34821141768,
103,E0220900018201,車力高齢者コミュニティセンター,青森県つがる市牛潟町鷲野沢73-72,1,1,1,1,1,1,1,1,1,40.929017485317,140.35229572695,
104,E0220900019201,車力ふれあい会館,青森県つがる市車力町花林48,1,1,1,1,1,1,1,1,1,40.948479813096,140.35896419145,
105,E0220900021201,車力中学校グランド,青森県つがる市車力町屏風山1-214,1,1,1,1,1,1,1,1,1,40.951732692663,140.35245539433,
106,E0220900021202,車力小学校グランド,青森県つがる市車力町屏風山1-214,1,1,1,1,1,1,1,1,1,40.950233605457,140.35383404975,
107,E0220900021203,車力中学校,青森県つがる市車力町屏風山1-214,1,1,1,1,1,1,1,1,1,40.95121647939,140.35482523209,
108,E0220900021204,車力小学校,青森県つがる市車力町屏風山1-214,1,1,1,1,1,1,1,1,1,40.951100649235,140.35389305836,
109,E0220900022201,車力地区コミュニティセンター,青森県つがる市車力町屏風山529,1,1,1,1,1,1,1,1,1,40.950169320985,140.35599450274,
110,E0220900023201,森田農村環境改善センター,青森県つがる市森田町上相野若緑61,,1,1,1,1,1,1,1,1,40.792951612981,140.37989848423,
111,E0220900024202,森田公民館,青森県つがる市森田町森田月見野119-2,1,1,1,1,1,1,1,1,1,40.780815394432,140.33438176978,
112,E0220900025201,森田高齢農業者生きがいセンター,青森県つがる市森田町森田月見野123-20,1,1,1,1,1,1,1,1,1,40.777788012755,140.34804223291,
113,E0220900027201,森田コミュニティ消防センター,青森県つがる市森田町森田月見野294-1,1,1,1,1,1,1,1,1,1,40.777637355203,140.34595654561,
114,E0220900028202,森田中学校,青森県つがる市森田町森田屏風山2-1,1,1,1,1,1,1,1,1,1,40.777309097259,140.33928273167,
115,E0220900028201,森田中学校グランド,青森県つがる市森田町森田屏風山2-1,1,1,1,1,1,1,1,1,1,40.776606328481,140.33888576474,
116,E0220900030202,森田小学校,青森県つがる市森田町森田屏風山2-2,1,1,1,1,1,1,1,1,1,40.778218565858,140.33643405141,
117,E0220900030201,森田小学校グランド,青森県つがる市森田町森田屏風山2-2,1,1,1,1,1,1,1,1,1,40.777698606041,140.33650915326,
118,E0220900032201,大館コミュニティ消防センター,青森県つがる市森田町大館千歳136-2,1,1,1,1,1,1,1,1,1,40.781521440476,140.32055389138,
119,E0220900033201,森田集落農園,青森県つがる市森田町大館八重菊21-130,1,1,1,1,1,1,1,1,,40.77403402487,140.30424014361,
120,E0220900034201,下車力保健福祉館,青森県つがる市中泊町大字田茂木字若緑72-34,,1,1,1,1,1,1,1,,40.941226897872,140.38107954395,
121,E0220900035201,柏第３農業研修センター,青森県つがる市柏下古川絹川134-3,,1,1,1,1,1,1,1,1,40.798548723594,140.43100748124,
122,E0220900036201,玉水コミュニティセンター,青森県つがる市柏玉水岸田23-9,,1,1,1,1,1,1,1,1,40.807086043729,140.40983660234,
123,E0220900037201,柏農村環境改善センター,青森県つがる市柏桑野木田花崎69,1,1,1,1,1,1,1,1,1,40.792321271801,140.4108415443,
124,E0220900037202,柏総合体育センター,青森県つがる市柏桑野木田花崎69,1,1,1,1,1,1,1,1,1,40.792118064484,140.40982717076,
125,E0220900039201,柏ふるさと交流センター,青森県つがる市柏広須松元102-1,1,1,1,1,1,1,1,1,1,40.793574951588,140.41090282217,
126,E0220900040201,柏小学校グランド,青森県つがる市柏広須福島126-2,1,1,1,1,1,1,1,1,1,40.791175756141,140.40791559412,
127,E0220900040202,柏小学校,青森県つがる市柏広須福島126-2,1,1,1,1,1,1,1,1,1,40.791683426416,140.40890801145,
128,E0220900041201,柏中学校グランド,青森県つがる市柏広須福島82,1,1,1,1,1,1,1,1,1,40.785685050135,140.40637529982,
129,E0220900041202,柏中学校,青森県つがる市柏広須福島82,,1,1,1,1,1,1,1,1,40.78622525584,140.4066971649,
130,E0220900042201,上古川コミュニティ消防センター,青森県つがる市柏上古川幾山12-1,,1,1,1,1,1,1,1,1,40.791595448197,140.42019739535,
131,E0220900044201,清水保健福祉館,青森県つがる市富萢町清水17-22,1,1,1,1,1,1,1,1,1,41.002353791004,140.3420620986,
132,E0220900045201,権現・深沢地区コミュニティセンター,青森県つがる市富萢町清水4-5,,1,1,1,1,1,1,1,1,40.99262696118,140.35791632678,
133,E0220900046202,富萢地区コミュニティセンターアリーナ,青森県つがる市富萢町屏風山1-831,1,,1,1,1,1,1,1,1,40.98198,140.369267,
134,E0220900047201,豊富地区コミュニティセンター,青森県つがる市豊富町千貫39-5,1,1,1,1,1,1,1,1,1,40.971951847693,140.37151791525,
135,E0220900048202,車力農民研修センター,青森県つがる市豊富町屏風山1-377,1,1,1,1,1,1,1,1,1,40.967691511359,140.36282520276,
136,E0220900049201,芦沼コミュニティ消防センター,青森県つがる市木造芦沼12-1,,1,1,1,1,1,1,1,1,40.824628462349,140.40145927182,
137,E0220900050201,永田コミュニティ消防センター,青森県つがる市木造永田稲村120-2,1,1,1,1,1,1,1,1,1,40.831410585188,140.36835322747,
138,E0220900052201,広岡コミュニティ消防センター,青森県つがる市木造越水稲村38-5,1,1,1,1,1,1,1,1,,40.794199480312,140.29075743613,
139,E0220900053201,越水コミュニティ消防センター,青森県つがる市木造越水神山35-2,1,1,1,1,1,1,1,1,1,40.806415138882,140.29861988201,
140,E0220900054201,駒田コミュニティ消防センター,青森県つがる市木造越水屏風山3-11,1,1,1,1,1,1,1,1,1,40.812827271426,140.30124356589,
141,E0220900055201,吉見コミュニティ消防センター,青森県つがる市木造下福原篠原176-4,1,1,1,1,1,1,1,1,,40.80940180979,140.32964137807,
142,E0220900057201,館岡コミュニティ消防センター,青森県つがる市木造館岡上稲元182,1,1,1,1,1,1,1,1,1,40.880226231071,140.33518410475,
143,E0220900058201,平滝沼公園,青森県つがる市木造館岡上沢辺138-2,1,1,1,1,1,1,1,1,,40.880426795693,140.31358383211,
144,E0220900059201,亀ヶ岡公園,青森県つがる市木造館岡上沢辺138-6,1,1,1,1,1,1,1,1,,40.877421779534,140.31324530578,
145,E0220900060201,丸山コミュニティ消防センター,青森県つがる市木造丸山竹鼻1-2,1,1,1,1,1,1,1,1,1,40.836356684157,140.31626802686,
146,E0220900061202,穂波小学校,青森県つがる市木造菊川喜久野43,1,1,1,1,1,1,1,1,1,40.811533523196,140.34124065499,
147,E0220900061201,穂波小学校グランド,青森県つがる市木造菊川喜久野43,1,1,1,1,1,1,1,1,1,40.813295597194,140.34121919732,
148,E0220900113201,菊川コミュニティ消防センター,青森県つがる市木造菊川植野1-16,1,1,1,1,1,1,1,1,1,40.809134,140.341257,
149,E0220900063201,近野・十文字コミュニティ消防センター,青森県つがる市木造菊川平岡87,,1,1,1,1,1,1,1,1,40.79856524759,140.34844579444,
150,E0220900064201,木造ふれ愛センター,青森県つがる市木造宮崎1-2,1,1,1,1,1,1,1,1,1,40.802664,140.3883,
151,E0220900065201,兼館コミュニティ消防センター,青森県つがる市木造兼館佐野22-5,,1,1,1,1,1,1,1,1,40.847669882874,140.3786986338,
152,E0220900066201,出崎コミュニティ消防センター,青森県つがる市木造兼館袖懸17-1,,1,1,1,1,1,1,1,1,40.857421524651,140.38482634014,
153,E0220900067201,菰槌コミュニティ消防センター,青森県つがる市木造菰槌江野島21-1,1,1,1,1,1,1,1,1,1,40.859937174209,140.33429958128,
154,E0220900068201,三ッ館コミュニティセンター　「はすの館」,青森県つがる市木造三ツ館寿抱11-1,1,1,1,1,1,1,1,1,1,40.794630088107,140.31673519757,
155,E0220900069201,ふぁみりぃ公園,青森県つがる市木造三ツ館寿抱11-5,1,1,1,1,1,1,1,1,,40.794572398848,140.3173872045,
156,E0220900070201,柴田コミュニティ消防センター,青森県つがる市木造柴田弥生田1-2,,1,1,1,1,1,1,1,1,40.805406487192,140.3583324299,
157,E0220900071201,生涯学習交流センター「松の館」,青森県つがる市木造若緑52,1,1,1,1,1,1,1,1,1,40.808248086218,140.38150155121,
158,E0220900072201,木造体育センター,青森県つがる市木造若緑59-1,1,1,1,1,1,1,1,1,1,40.80934190086,140.38068127515,
159,E0220900108201,つがる市総合体育館,青森県つがる市木造若緑64,1,1,1,1,1,1,1,1,1,40.809465,140.379335,
160,E0220900073201,出野里コミュニティ消防センター,青森県つがる市木造出野里山吹26,,1,1,1,1,1,1,1,1,40.856521452584,140.39693141263,
161,E0220900074201,出来島コミュニティ消防センター,青森県つがる市木造出来島雉子森25,1,1,1,1,,1,1,1,1,40.845941267467,140.28067245232,
162,E0220900075201,四所神社,青森県つがる市木造出来島雉子森石沢2-2,1,1,1,1,1,1,1,1,,40.848258723108,140.2850768611,
163,E0220900076201,旧出来島小学校,青森県つがる市木造出来島雉子森堀切229,1,1,1,1,1,1,1,1,,40.842026028449,140.29023853514,
164,E0220900077201,松原公園,青森県つがる市木造照日43-1,1,1,1,1,1,1,1,1,,40.804536720057,140.39383232902,
165,E0220900078201,吹原コミュニティ消防センター,青森県つがる市木造吹原中山51-4,1,1,1,1,1,1,1,1,1,40.818711572294,140.30656497477,
166,E0220900079201,吹原農村公園,青森県つがる市木造吹原畠元3-2,1,1,1,1,1,1,1,1,,40.821301870141,140.30966811345,
167,E0220900080201,南広森コミュニティ消防センター,青森県つがる市木造吹原屏風山1-80,1,1,1,1,1,1,1,1,1,40.824292579886,140.3037006687,
168,E0220900081201,銀杏ヶ丘公園,青森県つがる市木造千代町99-1,1,1,1,1,1,1,1,1,,40.809125025736,140.38769541963,
169,E0220900082201,遠山コミュニティ消防センター,青森県つがる市木造千代田米盛65-2,,1,1,1,1,1,1,1,1,40.822600139578,140.33518253683,
170,E0220900083201,千代田コミュニティ消防センター,青森県つがる市木造千代田末長40-1,,1,1,1,1,1,1,1,1,40.82135635887,140.33853539715,
171,E0220900084201,木造農村環境改善センター,青森県つがる市木造千年33,1,1,1,1,1,1,1,1,1,40.814456338099,140.37872295839,
172,E0220900085201,川除コミュニティ消防センター,青森県つがる市木造川除栄盛87-3,,1,1,1,1,1,1,1,1,40.82769005775,140.40958602549,
173,E0220900086201,石館・堅固コミュニティ消防センター,青森県つがる市木造善積藤田36-1,,1,1,1,1,1,1,1,1,40.855185830842,140.36333744715,
174,E0220900087201,善積コミュニティ消防センター,青森県つがる市木造善積萩田51-3,,1,1,1,1,1,1,1,1,40.855821719929,140.37208701232,
175,E0220900088201,大湯町コミュニティ消防センター,青森県つがる市木造大湯町清水24-1,1,1,1,1,1,1,1,1,1,40.869451830206,140.33549738162,
176,E0220900089201,林コミュニティ消防センター,青森県つがる市木造大畑宮崎32-3,,1,1,1,1,1,1,1,1,40.840700182409,140.35639587716,
177,E0220900090201,大畑コミュニティ消防センター,青森県つがる市木造大畑朽葉222,,1,1,1,1,1,1,1,1,40.836988956711,140.36059948321,
178,E0220900091202,瑞穂小学校,青森県つがる市木造大畑座八1,,1,1,1,1,1,1,1,1,40.838971320488,140.35817185886,
179,E0220900091201,瑞穂小学校グランド,青森県つがる市木造大畑座八1,,1,1,1,1,1,1,1,1,40.838443719523,140.35889069088,
180,E0220900092201,土滝コミュニティ消防センター,青森県つがる市木造土滝稲葉192-2,,1,1,1,1,1,1,1,1,40.827218928062,140.35932403443,
181,E0220900093201,筒木坂コミュニティ消防センター,青森県つがる市木造筒木坂松本181-1,1,1,1,1,1,1,1,1,1,40.901352456456,140.33994429258,
182,E0220900096201,ひなた児童会館,青森県つがる市木造日向61-4,1,1,1,1,1,1,1,1,1,40.810552900333,140.38980776015,
183,E0220900097201,向陽小学校グランド,青森県つがる市木造日向62-1,1,1,1,1,1,1,1,1,1,40.811685247353,140.3892839519,
184,E0220900097202,向陽小学校,青森県つがる市木造日向62-1,1,1,1,1,1,1,1,1,1,40.812066897815,140.39028173365,
185,E0220900098201,木造高等学校グランド,青森県つがる市木造日向73-2,1,1,1,1,1,1,1,1,1,40.810125318128,140.39086534426,
186,E0220900098202,木造高等学校,青森県つがる市木造日向73-2,1,1,1,1,1,1,1,1,1,40.810527278534,140.39262487337,
187,E0220900099201,木造中学校グランド,青森県つがる市木造浮巣20,1,1,1,1,1,1,1,1,1,40.814039179063,140.38893791789,
188,E0220900099202,木造中学校,青森県つがる市木造浮巣20,1,1,1,1,1,1,1,1,1,40.812813054099,140.38957091921,
189,E0220900100201,福原コミュニティ消防センター,青森県つがる市木造福原妻元33-1,1,1,1,1,1,1,1,1,1,40.793176226862,140.33098069488,
190,E0220900101201,平滝コミュニティ消防センター,青森県つがる市木造平滝宝滝3-1,1,1,1,1,1,1,1,1,1,40.911016510304,140.34790952559,
191,E0220900102201,今市コミュニティ消防センター,青森県つがる市木造豊田網代31-2,,1,1,1,1,1,1,1,1,40.842441082512,140.40197521536,
192,E0220900103201,縄文公園,青森県つがる市木造房松8-6,1,1,1,1,1,1,1,1,,40.802443873904,140.38713540257,
193,E0220900105201,蓮花田コミュニティ消防センター,青森県つがる市木造蓮花田駒ケ宿38-2,1,1,1,1,1,1,1,1,1,40.826973052542,140.37419307419,
194,E0220900106201,蓮川コミュニティ消防センター,青森県つがる市木造蓮川宝船3-13,,1,1,1,1,1,1,1,1,40.832703985722,140.39375990822,
195,E0220800001201,旭町児童公園,青森県むつ市旭町243-1,1,1,,1,1,,,,,41.28722594,141.1777687,
196,E0220800002201,宇田児童公園,青森県むつ市宇田町210,1,,,1,,,,,,41.25627212,141.1440767,
197,E0220800004201,水源池公園,青森県むつ市宇田町368,1,1,,1,1,,,,,41.2588492,141.1391642,
198,E0220800006201,旧金谷沢小学校グラウンド,青森県むつ市奥内字金谷沢1-28,1,1,,1,1,,,,,41.22838891,141.2522631,
199,E0220800007201,近川中学校グラウンド,青森県むつ市奥内字江豚沢1-2,1,1,,1,1,,,,1,41.19646017,141.2733221,
200,E0220800008201,奥内小学校グラウンド,青森県むつ市奥内字中野40,1,1,,1,1,,,,1,41.20616674,141.2733382,
201,E0220800009201,横迎町児童公園,青森県むつ市横迎町2-229,1,1,,1,1,,,,,41.2941633,141.2198876,
202,E0220800010201,田名部高等学校グラウンド,青森県むつ市海老川町6-18,1,1,,1,1,,,,1,41.28838897,141.2028515,
203,E0220800011201,旧烏沢小学校グラウンド,青森県むつ市関根字安畑49-1,1,1,,1,1,,,,,41.38138052,141.1980743,
204,E0220800014201,関根小学校グラウンド,青森県むつ市関根字北関根100-1,1,1,,1,1,,,,1,41.35590507,141.2040698,
205,E0220800016201,関根浜漁民研修センター広場,青森県むつ市関根字北関根313-61,1,1,,1,1,,,,1,41.37026449,141.2211983,
206,E0220800017201,苫生小学校グラウンド,青森県むつ市金曲1-5-10,1,1,,1,1,,,,1,41.28414157,141.2086556,
207,E0220800019201,金谷公園,青森県むつ市金谷1-330-1,1,1,,1,1,,,,,41.29538867,141.1997563,
208,E0220800020201,むつ中学校グラウンド,青森県むつ市栗山町17-2,1,1,,1,1,,,,1,41.30673811,141.2062204,
209,E0220800021201,大湊中学校グラウンド,青森県むつ市桜木町19-1,1,,,1,1,,,,1,41.25433593,141.1345146,
210,E0220800022201,むつ運動公園,青森県むつ市山田町43-1,1,1,,1,1,,,,,41.29375566,141.1717979,
211,E0220800023201,小川町第二白百合保育園園庭,青森県むつ市小川町1-15-13,1,1,,1,1,,,,1,41.29559112,141.203658,
212,E0220800024201,第二田名部小学校グラウンド,青森県むつ市小川町1-18-10,1,1,,1,1,,,,1,41.29708544,141.2011149,
213,E0220800025201,代官山公園,青森県むつ市小川町2-57,1,1,,1,1,,,,,41.29598081,141.2101501,
214,E0220800028201,旧城ヶ沢小学校グラウンド,青森県むつ市城ケ沢字畑下丁塚1,1,1,,1,1,,,,,41.22716864,141.1316409,
215,E0220800030201,新町児童公園,青森県むつ市新町206,1,1,,1,1,,,,,41.28976673,141.2097899,
216,E0220800031201,禄寿荘屋外,青森県むつ市新町32-36,1,1,,1,1,,,,1,41.28902228,141.2127199,
217,E0220800147201,ダイナムむつ店,青森県むつ市赤川町13-1,,1,,1,,,,,,41.265646,141.214812,
218,E0220800032201,川守町児童公園,青森県むつ市川守町20-1,1,,,1,1,,,,,41.26685012,141.1509465,
219,E0220800035201,大湊高等学校川内校舎グラウンド,青森県むつ市川内町家ノ上48,1,1,,1,1,,,,1,41.19613111,140.9699389,
220,E0220800036201,旧畑小学校グラウンド,青森県むつ市川内町家ノ辺100-87,1,,,1,1,,,,,41.30136801,140.956158,
221,E0220800038201,旧蛎崎小学校グラウンド,青森県むつ市川内町蛎崎合野74-1,1,1,,1,1,,,,,41.16522234,140.8918878,
222,E0220800042201,川内中学校グラウンド,青森県むつ市川内町休所5-1,1,1,,1,1,,,,1,41.20048647,140.984722,
223,E0220800044201,旧第一川内小学校グラウンド,青森県むつ市川内町熊ケ平1-3,1,1,,1,1,,,,,41.1984347,141.0089116,
224,E0220800047201,旧宿野部小学校グラウンド,青森県むつ市川内町宿野部榀木平56-13,1,1,,1,1,,,,,41.17660535,140.9406446,
225,E0220800052201,旧桧川小学校グラウンド,青森県むつ市川内町川代225-1,1,1,,1,1,,,,,41.19342729,140.9642954,
226,E0220800057201,ふれあい広場,青森県むつ市川内町中道129,1,1,,1,1,,,,,41.20305817,140.991168,
227,E0220800060201,旧湯野川小学校グラウンド,青森県むつ市川内町湯野川3-3,1,,,1,1,,,,,41.31374776,140.9575642,
228,E0220800061201,旧第二川内小学校グラウンド,青森県むつ市川内町立越4-17,1,1,,1,1,,,,,41.23428076,140.9894458,
229,E0220800063201,川内体育館グラウンド,青森県むつ市川内町榀木153,,1,,1,1,,,,1,41.20161213,141.0017902,
230,E0220800064201,大曲コミュニティセンターグラウンド,青森県むつ市大曲2-1-1,1,1,,1,1,,,,1,41.26488747,141.2239525,
231,E0220800084201,老人福祉センター駐車場,青森県むつ市大畑町,1,1,,1,1,,,,,41.38590975,141.0505839,
232,E0220800101201,大畑中央公園,青森県むつ市大畑町,1,1,,1,1,,,,,41.41139872,141.1604819,
233,E0220800100201,薬研公共駐車場,青森県むつ市大畑町,1,,,1,1,,,,,41.381597,141.070316,
234,E0220800065201,大畑小学校グラウンド,青森県むつ市大畑町伊勢堂1-1,1,1,,1,1,,,,1,41.40383165,141.1681567,
235,E0220800148201,大畑地区防災広場,青森県むつ市大畑町伊勢堂1-6,,1,,,,,,,,41.404465,141.168558,
236,E0220800066201,総合福祉センター屋外,青森県むつ市大畑町観音堂25-1,1,1,,1,1,,,,1,41.40011376,141.1573189,
237,E0220800067201,関根橋地区公民館屋外,青森県むつ市大畑町関根橋14,1,,,1,1,,,,1,41.379122257979,141.14845708547,
238,E0220800068201,本町町内会館屋外,青森県むつ市大畑町庚申堂9-7,1,1,,1,,,,,1,41.40164712,141.1614056,
239,E0220800069201,高橋川コミュニティセンター屋外,青森県むつ市大畑町高橋川30-7,1,,,1,1,,,,1,41.39440082,141.1331893,
240,E0220800070201,旧佐助川小学校グラウンド,青森県むつ市大畑町佐助川22-2,1,,,1,,,,,,41.44673841,141.1224374,
241,E0220800071201,木野部地区公民館屋外,青森県むつ市大畑町佐助川29-3,1,,,1,,,,,1,41.44229492,141.1268017,
242,E0220800072201,下北自然の家グラウンド,青森県むつ市大畑町佐助川399,1,1,,1,1,,,,1,41.44772867,141.115797,
243,E0220800073201,旧小目名小学校グラウンド,青森県むつ市大畑町小目名家ノ下1,1,1,,1,1,,,,,41.38908894,141.1218563,
244,E0220800074201,小目名地区公民館屋外,青森県むつ市大畑町小目名村54,1,,,1,1,,,,1,41.39177891,141.1240745,
245,E0220800075201,上野町内会館屋外,青森県むつ市大畑町上野85,1,1,,1,,,,,1,41.40429508,141.1721411,
246,E0220800076201,新町町内会館屋外,青森県むつ市大畑町新町99-1,,1,,1,,,,,1,41.40456082,141.1606392,
247,E0220800077201,㈲渡辺水産駐車場,青森県むつ市大畑町水木沢34-26,1,1,,1,,,,,,41.39996354,141.1740284,
248,E0220800078201,優婆寺駐車場,青森県むつ市大畑町正津川87-2,1,1,,1,,,,,,41.387861752259,141.18913324047,
249,E0220800079201,旧関根橋小学校グラウンド,青森県むつ市大畑町正津川大畑道31-4,1,,,1,1,,,,,41.38066849,141.1483808,
250,E0220800080201,正津川小学校グラウンド,青森県むつ市大畑町正津川平114-20,1,1,,1,,,,,1,41.39362739,141.1819995,
251,E0220800081201,正津川児童館屋外,青森県むつ市大畑町正津川平114-64,1,1,,1,,,,,,41.39447509,141.1824244,
252,E0220800082201,正津川地区公民館屋外,青森県むつ市大畑町正津川平87-10,1,1,,1,,,,,1,41.39058357,141.1842377,
253,E0220800083201,赤川地区公民館屋外,青森県むつ市大畑町赤川3-4,1,,,1,,,,,1,41.45464496,141.1158883,
254,E0220800085201,孫次郎間地区公民館屋外,青森県むつ市大畑町孫次郎間19-24,1,1,,1,1,,,,1,41.4140704,141.1627847,
255,E0220800086201,大畑体育館屋外,青森県むつ市大畑町中島108-5,1,1,,1,,,,,1,41.40479851,141.1683695,
256,E0220800087201,大畑中央保育園園庭,青森県むつ市大畑町中島4-4,,1,,1,,,,,1,41.40711175,141.1647944,
257,E0220800088202,中島児童館グラウンド,青森県むつ市大畑町中島72-2,1,1,,1,,,,,,41.40622054,141.1690532,
258,E0220800088201,中島児童公園,青森県むつ市大畑町中島72-2,1,1,,1,,,,,,41.40593276,141.1693802,
259,E0220800089201,中島町内会館屋外,青森県むつ市大畑町中島80-16,,1,,1,,,,,1,41.40512468,141.1657265,
260,E0220800090201,二枚橋地区公民館屋外,青森県むつ市大畑町釣屋浜16-2,1,,,1,,,,,1,41.41949092,141.1531868,
261,E0220800091201,二枚橋区域地域防災広場,青森県むつ市大畑町釣屋浜22-37,1,1,,1,1,,,,,41.41644527,141.1558894,
262,E0220800092201,二枚橋小学校グラウンド,青森県むつ市大畑町釣屋浜22-72,1,1,,1,1,,,,1,41.41964903,141.1513499,
263,E0220800093201,大畑中学校グラウンド,青森県むつ市大畑町兎沢17-7,1,1,,1,1,,,,1,41.39362606,141.1557606,
264,E0220800094202,湯坂下児童館グラウンド,青森県むつ市大畑町湯坂下9-4,,1,,1,1,,,,1,41.40654735,141.1586859,
265,E0220800094201,湯坂下町内会館屋外,青森県むつ市大畑町湯坂下9-4,,1,,1,1,,,,1,41.40650374,141.1584112,
266,E0220800095201,東町町内会屋外,青森県むつ市大畑町筒万坂56-7,1,1,,1,,,,,1,41.40348979,141.1673192,
267,E0220800097201,大安寺敷地内,青森県むつ市大畑町本町80-20,1,1,,1,1,,,,,41.39757707,141.1636369,
268,E0220800098201,湊町内会館屋外,青森県むつ市大畑町湊村159-4,,1,,1,,,,,1,41.40681291,141.1698264,
269,E0220800099201,大畑コミュニティセンター屋外,青森県むつ市大畑町湊村165-8,1,1,,1,,,,,1,41.41024825,141.1672368,
270,E0220800102201,大平小学校グラウンド,青森県むつ市大平町8-6,1,1,,1,1,,,,1,41.28530544,141.1706524,
271,E0220800103201,宇曽利川児童公園,青森県むつ市大湊字宇曽利川村42,1,1,,1,1,,,,,41.23872768,141.1266453,
272,E0220800104201,大湊高等学校グラウンド,青森県むつ市大湊字大近川44-84,1,,,1,1,,,,1,41.25034523,141.1284794,
273,E0220800105201,大湊小学校グラウンド,青森県むつ市大湊上町43-32,1,,,1,1,,,,1,41.26822743,141.1531963,
274,E0220800106201,上町児童公園,青森県むつ市大湊上町5,1,,,1,1,,,,,41.27484757,141.1551245,
275,E0220800108201,中央団地南緑地,青森県むつ市中央2-118-67,1,1,,1,1,,,,,41.29241844,141.1808645,
276,E0220800109201,中央団地北緑地,青森県むつ市中央2-312-14,1,1,,1,1,,,,,41.29270462,141.1789557,
277,E0220800110201,旧中野沢小学校グラウンド,青森県むつ市中野沢字上山道8-25,1,1,,1,1,,,,1,41.18141827,141.2889651,
278,E0220800111201,第三田名部小学校グラウンド,青森県むつ市田名部字赤川ノ内並木14-196,1,1,,1,1,,,,1,41.27109275,141.2215714,
279,E0220800115201,むつ工業高等学校グラウンド,青森県むつ市文京町22-7,1,1,,1,1,,,,1,41.28854579,141.1674076,
280,E0220800114201,文京児童公園,青森県むつ市文京町224,1,1,,1,1,,,,,41.28602936,141.1688837,
281,E0220800116201,大平中学校グラウンド,青森県むつ市並川町2-4,1,1,,1,1,,,,1,41.28574578,141.1647705,
282,E0220800118201,柳町児童公園,青森県むつ市柳町1-296,1,1,,1,1,,,,,41.29720963,141.2156206,
283,E0220800119201,むつ市イベント広場,青森県むつ市柳町1-323-4,1,1,,1,1,,,,,41.29751319,141.2170984,
284,E0220800120201,柳町ひまわり保育園園庭,青森県むつ市柳町1-9-13,1,1,,1,1,,,,1,41.29735779,141.2155669,
285,E0220800121201,むつ北児童公園,青森県むつ市柳町2-155,1,1,,1,1,,,,,41.29952954,141.2126862,
286,E0220800122201,第一田名部小学校グラウンド,青森県むつ市柳町2-7-1,1,1,,1,1,,,,1,41.30014232,141.2127155,
287,E0220800123201,田名部中学校グラウンド,青森県むつ市緑町22-8,1,1,,1,1,,,,1,41.28597331,141.1998559,
288,E0220800124201,海老川コミュニティセンター屋外,青森県むつ市緑町3-1,1,1,,1,1,,,,1,41.2898307,141.1956211,
289,E0220800125201,小沢稲平高台,青森県むつ市脇野沢,1,1,,1,1,,,,,41.164436,140.864049,
290,E0220800127201,寄浪高台,青森県むつ市脇野沢,1,,,1,1,,,,,41.13015859,140.8052417,
291,E0220800145201,蛸田高台,青森県むつ市脇野沢,1,,,1,1,,,,,41.13478059,140.7931199,
292,E0220800134201,小沢鹿間平高台,青森県むつ市脇野沢,1,1,,1,1,,,,,41.16838168,140.8778508,
293,E0220800137201,新井田高台,青森県むつ市脇野沢,1,,,1,1,,,,,41.13415706,140.8133259,
294,E0220800128201,旧九艘泊小学校グラウンド,青森県むつ市脇野沢九艘泊110,1,,,1,1,,,,,41.14409155,140.7748713,
295,E0220800130201,脇野沢八幡宮境内,青森県むつ市脇野沢桂沢18-1,1,,,1,1,,,,,41.14677056,140.8248265,
296,E0220800131201,旧脇野沢小学校グラウンド,青森県むつ市脇野沢桂沢71-1,1,,,1,1,,,,1,41.14641983,140.8213718,
297,E0220800132201,源藤城神社,青森県むつ市脇野沢源藤城25,1,,,1,1,,,,,41.18066675,140.8007588,
298,E0220800135201,旧小沢小学校グラウンド,青森県むつ市脇野沢小サ沢1-9,1,1,,1,1,,,,,41.16754879,140.8716452,
299,E0220800138201,愛宕山公園,青森県むつ市脇野沢瀬野川目1-1,1,1,,1,1,,,,,41.14048806,140.8216044,
300,E0220800139201,脇野沢総合運動場,青森県むつ市脇野沢瀬野川目152,1,1,,1,1,,,,,41.14109852,140.8169388,
301,E0220800141201,脇野沢中学校グラウンド,青森県むつ市脇野沢瀬野川目85-2,1,1,,1,1,,,,1,41.14133346,140.8154773,
302,E0220800143201,滝山倉庫広場,青森県むつ市脇野沢滝山315,1,1,,1,1,,,,,41.1753985,140.7985064,
303,E0240600002201,旧大豆田小学校校庭,青森県横浜町字家ノ前川目30-3,1,1,1,1,1,1,,,,41.112676013542,141.25491841496,
304,E0240600004201,横浜中学校校庭,青森県横浜町字上イタヤノ木91-17,1,1,1,1,1,1,,,1,41.077838679096,141.26204039135,
305,E0240600005201,旧南部小学校グラウンド,青森県横浜町字吹越82-1,1,1,1,1,1,1,,,1,41.030986937405,141.24617479613,
306,E0240600007201,旧有畑小学校校庭,青森県横浜町字苗代川目14,1,1,1,1,1,1,,,,41.13134383,141.2745675,
307,E0240600011201,烏帽子平自然の家グラウンド,青森県横浜町字明神平183,1,1,1,1,1,1,,,1,41.011929856521,141.28838809895,
308,E0240600013201,横浜小学校校庭,青森県横浜町字林ノ後32-1,1,1,1,1,1,1,,,1,41.085322091492,141.25479587156,
309,E0240600014201,菜の花プラザ駐車場,青森県横浜町字林ノ脇79-12,1,1,1,1,1,1,,,,41.08413068,141.2571075,
310,E0244600001201,蒼前集会所,青森県階上町蒼前西3-9-1108,1,1,,1,,1,1,,1,40.476125496948,141.57531506683,
311,E0244600002201,石鉢ふれあい交流館,青森県階上町蒼前東7-9-4,1,1,,1,,1,1,,1,40.466574748628,141.57983755088,
312,E0244600003201,石鉢小学校,青森県階上町大字角柄折字石鉢14-2,1,1,,1,,1,1,,1,40.45974117073,141.57804231088,
313,E0244600004201,新田集会所,青森県階上町大字金山沢字新田1-9,1,1,,1,,1,1,,1,40.44143708718,141.56418202675,
314,E0244600005201,金山沢水郷館,青森県階上町大字金山沢字大畑17-1,1,,,1,,1,1,,1,40.439084717617,141.53892634709,
315,E0244600006201,赤保内小学校,青森県階上町大字赤保内字耳ケ吠6-1,1,1,,1,,1,1,,1,40.449951892306,141.61450518676,
316,E0244600007201,階上中学校,青森県階上町大字赤保内字柳沢15-2,1,1,,1,,1,1,,1,40.448956788458,141.61316046956,
317,E0244600008201,中央体育館,青森県階上町大字鳥屋部字狐平8,1,1,,1,,1,1,,1,40.431925595957,141.57735374712,
318,E0244600009201,森の交流館,青森県階上町大字鳥屋部字行人17-2,1,1,,1,,1,1,,1,40.427467937137,141.5784723769,
319,E0244600010201,階上小学校,青森県階上町大字鳥屋部字大鶴音1-2,1,1,,1,,1,1,,1,40.435753918898,141.57759751669,
320,E0244600011201,田代集会所,青森県階上町大字田代字蛇平19-11,1,1,,1,,1,1,,1,40.398048757318,141.52658175626,
321,E0244600012201,津波緊急避難場所（道仏公民館）,青森県階上町大字道仏字横沢15-4,,,,,1,,,,1,40.453466426261,141.66189086508,
322,E0244600012202,道仏交流センター,青森県階上町大字道仏字横沢15-4,1,1,1,1,1,1,1,,1,40.453186990897,141.66166794623,
323,E0244600012203,道仏公民館,青森県階上町大字道仏字横沢15-4,1,1,1,1,1,1,1,,1,40.453464565006,141.66189325179,
324,E0244600013201,津波緊急避難場所（榊山）,青森県階上町大字道仏字横沢33-5,,,,,1,,,,,40.457531869041,141.65998236575,
325,E0244600014201,道仏小学校,青森県階上町大字道仏字外窪21-1,1,1,1,1,1,1,1,,1,40.448288326899,141.65273553807,
326,E0244600015201,津波緊急避難場所（榊平）,青森県階上町大字道仏字榊平4-67,,,,,1,,,,,40.46338879794,141.65583277389,
327,E0244600016201,赤保内集会所,青森県階上町大字道仏字耳ケ吠31-3,1,1,,1,,1,1,,1,40.452438262202,141.61494295254,
328,E0244600017201,耳ヶ吠東集会所,青森県階上町大字道仏字耳ケ吠6-677,1,1,,1,,1,1,,1,40.45804526575,141.61789803064,
329,E0244600018201,津波緊急避難場所（第１分団屯所）,青森県階上町大字道仏字鹿倉81-2,,,,,1,,,,,40.451417669212,141.66830220296,
330,E0244600019201,津波緊急避難場所（大蛇２）,青森県階上町大字道仏字大蛇129-9,,,,,1,,,,,40.467701,141.645873,
331,E0244600020201,津波緊急避難場所（大蛇１）,青森県階上町大字道仏字大蛇193-26,,,,,1,,,,,40.47169181037,141.63939496924,
332,E0244600022201,大蛇三地区集会所,青森県階上町大字道仏字大蛇32-22,1,1,,1,,1,1,,1,40.467692447015,141.64879323518,
333,E0244600023201,津波緊急避難場所（沢前戸）,青森県階上町大字道仏字沢前戸1-1,,,,,1,,,,,40.448592643997,141.67325223669,
334,E0244600024201,町民体育館,青森県階上町大字道仏字天当平1-150,1,1,1,1,1,1,1,,1,40.453609241452,141.62278182299,
335,E0244600025201,ハートフルプラザ・はしかみ,青森県階上町大字道仏字天当平1-182,1,1,1,1,1,1,1,,1,40.453029601348,141.62292666227,
336,E0244600026201,階上町役場,青森県階上町大字道仏字天当平1-87,1,1,,1,,1,1,,,40.452465948349,141.62098904659,
337,E0244600028201,津波緊急避難場所（二ノ窪）,青森県階上町大字道仏字浜久保11-3,,,,,1,,,,,40.464257,141.65321,
338,E0244600029201,津波緊急避難場所（アスナ公園）,青森県階上町大字道仏字浜久保33-4,,,,,1,,,,,40.465452897759,141.64902659714,
339,E0244600030201,道仏中学校,青森県階上町大字道仏字蓬窪4-7,1,1,1,1,1,1,1,,1,40.452212351252,141.65648918479,
340,E0244600031201,わっせ交流センター,青森県階上町大字平内字上道1-1,1,,,1,,1,1,,1,40.413027177172,141.54620343978,
341,E0230700019201,蟹田中学校,青森県外ヶ浜町字蟹田田ノ沢78,1,,1,1,1,1,1,1,1,41.0363836890081,140.642669762149,
342,E0230700022201,蟹田小学校,青森県外ヶ浜町字蟹田鰐ケ淵24-2,1,1,1,1,1,1,1,1,1,41.0432028458801,140.634506170405,
343,E0230700024201,三厩中学校,青森県外ヶ浜町字三厩下平5-1,1,,1,1,1,1,1,1,1,41.2282043326447,140.399508918705,
344,E0230700038201,旧三厩小学校,青森県外ヶ浜町字三厩桃ケ丘1,1,,1,1,1,1,1,1,1,41.1936259900975,140.433654889729,
345,E0230700052201,平舘交流センター（旧平舘小学校）,青森県外ヶ浜町字平舘根岸小川251,1,1,1,1,1,1,1,1,1,41.1464882757438,140.634978351463,
346,E0230700056201,旧平舘中学校,青森県外ヶ浜町字平舘根岸湯の沢55-1,1,1,1,1,1,1,1,1,1,41.1486842515806,140.63352531952,
347,E0244200001201,町立公民館駐車場,青森県五戸町字下モ沢向8-2,,1,,1,,,,,1,40.523734278737,141.30334359244,
348,E0244200002201,歴史みらいパーク駐車場,青森県五戸町字舘1-1,,1,,1,,,,,1,40.523455925394,141.29870464115,
349,E0244200003201,旧蛯川小学校グラウンド,青森県五戸町字熊野林32,1,1,,1,,,,,,40.540231412637,141.32253492151,
350,E0244200004201,五戸町役場駐車場,青森県五戸町字古舘21-1,1,1,,1,,,,,,40.530605660424,141.30823874746,
351,E0244200005201,五戸高等学校グラウンド,青森県五戸町字根岸6,1,1,,1,,,,,1,40.531418583614,141.29217428046,
352,E0244200006201,㈲平盛建運駐車場,青森県五戸町字鮫ノ口18-6,1,1,,1,,,,,,40.538062579426,141.33424544606,
353,E0244200007201,立場公園,青森県五戸町字神明後15,,1,,1,,,,,,40.516179918682,141.30323453669,
354,E0244200008201,川原町広場,青森県五戸町字川原町36-1,,1,,1,,,,,,40.525558199483,141.29774853971,
355,E0244200009201,五戸小学校グラウンド,青森県五戸町字天満後22-1,,1,,1,,,,,1,40.526917590117,141.30411784591,
356,E0244200010201,稲荷神社境内,青森県五戸町字野月2,,1,,1,,,,,,40.520577006225,141.2970403618,
357,E0244200011201,ひまわり団地内西側,青森県五戸町字鍜冶屋窪,,1,,1,,,,,,40.532641047709,141.31590187253,
358,E0244200012201,下新井田自治会館前,青森県五戸町字鍜冶屋窪154,1,1,,1,,,,,,40.53475142527,141.31914292112,
359,E0244200013201,社会福祉センター駐車場,青森県五戸町字鍜冶屋窪上ミ36,,1,,1,,,,,,40.526432366066,141.31079118196,
360,E0244200014201,手倉橋農村公園,青森県五戸町大字手倉橋字椛ノ木24-1,1,1,,1,,,,,,40.454579963414,141.25568940306,
361,E0244200015201,手倉橋防災行政無線付近,青森県五戸町大字手倉橋字南手倉橋4,1,1,,1,,,,,,40.453841154034,141.264718052,
362,E0244200016201,髙山好美宅付近,青森県五戸町大字手倉橋字鉢森11-2,1,,,1,,,,,,40.449553923701,141.24887613647,
363,E0244200017201,北市川自治会館前,青森県五戸町大字上市川字家ノ後4-1,1,1,,1,,,,,,40.558971742018,141.38468046237,
364,E0244200018201,上市川団地オンコ公園,青森県五戸町大字上市川字外ノ沢249,1,1,,1,1,,,,,40.558312297061,141.40224884523,
365,E0244200020201,上市川小学校グラウンド,青森県五戸町大字上市川字御兵糧3,,1,,1,1,,,,1,40.56264600901,141.39813057623,
366,E0244200021201,㈱スーパーハウス八戸工場,青森県五戸町大字上市川字三方塚48-63,1,1,,1,,,,,,40.565188046707,141.36650149064,
367,E0244200022201,川内中学校グラウンド,青森県五戸町大字上市川字赤川々原1,,1,,1,,,,,1,40.55391928285,141.37807868229,
368,E0244200023201,㈱アオモリパイル八戸工場,青森県五戸町大字上市川字大タルミ97-2,1,1,,1,,,,,,40.581539523528,141.40200525114,
369,E0244200024201,北市川農村公園,青森県五戸町大字上市川字大峯嶽58,1,1,,1,,,,,,40.563151611514,141.38397832408,
370,E0244200025201,農村環境改善センター瑞穂館駐車場,青森県五戸町大字上市川字中坪1-1,1,1,,1,,,,,1,40.552520106859,141.37822934068,
371,E0244200026201,デイサービスセンターコスモス駐車場,青森県五戸町大字上市川字中坪37,1,1,,1,,,,,,40.551610137494,141.38247458963,
372,E0244200027201,池ノ堂自治会館駐車場,青森県五戸町大字上市川字畑田12-3,,1,,1,,,,,,40.568571944082,141.4001921124,
373,E0244200028201,石呑生活館付近,青森県五戸町大字上市川字鳩岡平66-292,1,1,,1,1,,,,,40.567489255135,141.41279479256,
374,E0244200029201,中区公民館前,青森県五戸町大字上市川字明神平2-11,1,1,,1,,,,,,40.553531618673,141.39156756959,
375,E0244200030201,プライフーズ㈱五戸加工食品工場駐車場,青森県五戸町大字切谷内字外ノ沢38-4,1,1,,1,,,,,,40.555304511239,141.34829609207,
376,E0244200031201,切谷内小学校グラウンド,青森県五戸町大字切谷内字高田川原24-1,,1,,1,,,,,1,40.54983935932,141.35720121946,
377,E0244200032201,菖蒲川自治会館前,青森県五戸町大字切谷内字菖蒲川前谷地37-3,1,1,,1,,,,,,40.551231146076,141.37068574956,
378,E0244200033201,切谷内児童クラブグラウンド,青森県五戸町大字切谷内字切谷内村100-2,1,1,,1,,,,,,40.547094674541,141.35672279093,
379,E0244200034201,大久木農村公園,青森県五戸町大字切谷内字大久木32-2,,1,,1,,,,,,40.537615772095,141.35417548786,
380,E0244200035201,大森集会所前,青森県五戸町大字切谷内字大森52-52,1,1,,1,,,,,,40.549800077136,141.33827709119,
381,E0244200036201,ホクト化学工業㈱,青森県五戸町大字切谷内字大畑107-96,1,1,,1,,,,,,40.560617588604,141.36443618969,
382,E0244200037201,川﨑青果㈱駐車場,青森県五戸町大字切谷内字大畑5-1,,1,,1,,,,,,40.556549491594,141.36373742008,
383,E0244200038201,佐野絆会館前,青森県五戸町大字切谷内字淋代2-2,1,1,,1,,,,,,40.543977915863,141.34300724954,
384,E0244200039201,扇田住民会館前,青森県五戸町大字扇田字高屋敷8-1,1,1,,1,,,,,,40.492000534716,141.31680559828,
385,E0244200040201,デイサービスセンタールピナス前,青森県五戸町大字浅水字下平35-2,1,,,1,,,,,,40.478517827878,141.30502046416,
386,E0244200041201,浅水下通自治会館前,青森県五戸町大字浅水字下平44-4,,1,,1,,,,,,40.478170047007,141.30560785469,
387,E0244200042201,豊川小学校跡地,青森県五戸町大字浅水字幸神9-5,,1,,1,,,,,,40.47531406379,141.26400142902,
388,E0244200043201,旧南小学校グラウンド,青森県五戸町大字浅水字十海塚35,,,,1,,,,,,40.484111193892,141.30930111602,
389,E0244200044201,浅水活性化センター駐車場,青森県五戸町大字浅水字浅水119,,,,1,,,,,1,40.475562837107,141.30211816029,
390,E0244200045201,寳福寺,青森県五戸町大字浅水字浅水42,1,1,,1,,,,,,40.474504277533,141.29729339752,
391,E0244200046201,北上強宅付近,青森県五戸町大字浅水字北向33,1,,,1,,,,,,40.468728290821,141.29218382905,
392,E0244200047201,ＪＡ全農あおもり三八地域資材配送センター浅田拠点,青森県五戸町大字浅水字六角11-11,1,1,,1,,,,,,40.472675,141.2966564,
393,E0244200048201,給食センター駐車場,青森県五戸町大字倉石石沢字雨原平39-1,1,1,,1,,,,,,40.514392984034,141.28838422917,
394,E0244200049201,旧夢の森ハイランド駐車場,青森県五戸町大字倉石石沢字下雨原平99,1,1,,1,,,,,,40.507602337029,141.29028055095,
395,E0244200050201,風原平生活センター前,青森県五戸町大字倉石石沢字外山40-2,,1,,1,,,,,,40.533205627569,141.244254093,
396,E0244200051201,石沢地区公民館駐車場,青森県五戸町大字倉石石沢字石沢107,,1,,1,,,,,,40.516849641148,141.28230286513,
397,E0244200052201,旧石沢小学校グラウンド,青森県五戸町大字倉石石沢字石沢72,1,1,,1,,,,,,40.514215396888,141.28250613774,
398,E0244200054201,槍沢・鳥沼新田農村公園,青森県五戸町大字倉石石沢字槍沢35-63,,1,,1,,,,,,40.497326881623,141.29298264658,
399,E0244200055201,高村由蔵宅前,青森県五戸町大字倉石石沢字平山29,,1,,1,,,,,,40.526041822427,141.2251340428,
400,E0244200056201,浦田協和館前,青森県五戸町大字倉石中市字浦田14,1,1,,1,,,,,,40.498846697456,141.24250310257,
401,E0244200057201,倉石スポーツセンター駐車場,青森県五戸町大字倉石中市字幸神94-1,,1,,1,,,,,1,40.504586609786,141.24800086888,
402,E0244200058201,五戸町保健福祉センター駐車場,青森県五戸町大字倉石中市字幸神道前15,,1,,1,,,,,,40.502979521046,141.24987573298,
403,E0244200059201,明幸園グラウンド,青森県五戸町大字倉石中市字小渡88-2,,1,,1,,,,,1,40.504884319358,141.27731545662,
404,E0244200060201,向松振興館前,青森県五戸町大字倉石中市字松山5,,1,,1,,,,,,40.506033871499,141.2683140676,
405,E0244200061201,倉石コミュニティセンター前,青森県五戸町大字倉石中市字上ミ平19-1,1,1,,1,,,,,,40.506689444904,141.25328453732,
406,E0244200063201,倉石中学校グラウンド,青森県五戸町大字倉石中市字上ミ平36,1,1,,1,,,,,1,40.505498984056,141.2517010923,
407,E0244200064201,清駒地区開発婦人ホーム前,青森県五戸町大字倉石中市字清三久保7-1,,1,,1,,,,,,40.524508864473,141.25585437688,
408,E0244200065201,大久保水道揚水場前,青森県五戸町大字倉石中市字大久保平26-2,,1,,1,,,,,,40.523474,141.244631,
409,E0244200066201,倉石小学校グラウンド,青森県五戸町大字倉石中市字田茂平40,1,1,,1,,,,,1,40.506175436609,141.25456585363,
410,E0244200067201,横倉文化センター前,青森県五戸町大字倉石中市字頭久保26-4,,1,,1,,,,,,40.514002931762,141.21322677347,
411,E0244200068201,山田平,青森県五戸町大字倉石又重字下モ平43-2,1,1,,1,,,,,,40.491983139976,141.23737136155,
412,E0244200069201,小笠原義高宅前,青森県五戸町大字倉石又重字舘町109-1,,1,,1,,,,,,40.4757848358,141.21317117731,
413,E0244200070201,舘町秀山会館前,青森県五戸町大字倉石又重字舘町193-1,1,1,,1,,,,,,40.475334384857,141.21449313585,
414,E0244200071201,しらかば前,青森県五戸町大字倉石又重字古川代10-1,,1,,1,,,,,,40.475902205649,141.20102775721,
415,E0244200072201,儒童寺前,青森県五戸町大字倉石又重字古川代34,1,,,1,,,,,,40.477207296321,141.20259889035,
416,E0244200073201,古川代農村公園,青森県五戸町大字倉石又重字古川代69,,,,1,,,,,,40.475514547492,141.19978857664,
417,E0244200074201,旧又重小学校グラウンド,青森県五戸町大字倉石又重字上川原110-1,,,,1,,,,,,40.481199719935,141.21616976696,
418,E0244200076201,太山谷農村公園,青森県五戸町大字倉石又重字上谷地2-1,1,,,1,,,,,,40.484892124521,141.22406260157,
419,E0244200077201,冬名集落入口交差点（道路）,青森県五戸町大字倉石又重字森ノ上ミ195,,1,,1,,,,,,40.472566553497,141.20304932182,
420,E0244200078201,森冬振興館前,青森県五戸町大字倉石又重字森田3-1,1,,,1,,,,,,40.472355455298,141.20370529119,
421,E0244200079201,森山進宅下モ（畑）,青森県五戸町大字倉石又重字森田59-1,,1,,1,,,,,,40.472609910911,141.20771435129,
422,E0244200080201,新山神社,青森県五戸町大字倉石又重字前平7,1,1,,1,,,,,,40.479886439275,141.21152573889,
423,E0244200081201,本田良徳宅上ミ（畑）,青森県五戸町大字倉石又重字鎗水5-4,1,1,,1,,,,,,40.477770215639,141.22158859131,
424,E0244200082201,谷地中文化センター前,青森県五戸町大字倉石又重字太田35-5,,1,,1,,,,,,40.48559658685,141.22604710414,
425,E0244200083201,沼沢文化センター前,青森県五戸町大字倉石又重字滝ノ上100,,,,1,,,,,,40.465986390668,141.24281422112,
426,E0244200084201,佐々木芳弥宅前（畑）,青森県五戸町大字倉石又重字中崎24,,1,,1,,,,,,40.501307810019,141.2084600881,
427,E0244200085201,北向農村公園,青森県五戸町大字倉石又重字北向下モ42-1,1,1,,1,,,,,,40.48532465697,141.23522579808,
428,E0244200086201,ごのへ郷土館イベント広場,青森県五戸町大字豊間内字五ケ久保1-3,1,1,,1,,,,,,40.503052787608,141.34666908406,
429,E0244200087201,三浦富男宅下モ（畑）,青森県五戸町大字豊間内字上前田12-2,1,1,,1,,,,,,40.497841674499,141.34966904243,
430,E0244200088201,五戸中学校グラウンド,青森県五戸町大字豊間内字地蔵平1-276,,1,,1,,,,,1,40.509425812504,141.32604330483,
431,E0244200089201,ひばり野公園スポーツ交流センター駐車場・五戸ドーム駐車場,青森県五戸町大字豊間内字地蔵平1-398,,1,,1,,,,,1,40.509061995476,141.33124167597,
432,E0244200090201,ひばり野団地集会所前,青森県五戸町大字豊間内字地蔵平1-776,,1,,1,,,,,1,40.510508768113,141.3144737963,
433,E0244200091201,豊間内地区コミュニティセンター駐車場,青森県五戸町大字豊間内字豊間内2-1,1,1,,1,,,,,1,40.502328717816,141.34789878448,
434,E0220500002201,ふなはし児童公園,青森県五所川原市みどり町3-89,,1,1,1,1,,,,,40.78621335,140.4552116,
435,E0220500005201,コミュニティセンター栄,青森県五所川原市みどり町4-130,,1,1,1,1,,,,1,40.782986,140.459262,
436,E0220500006201,やなぎぬま近隣公園,青森県五所川原市みどり町7-88,,1,1,1,1,,,,,40.78236192,140.4596705,
437,E0220500007201,ふじうら児童公園,青森県五所川原市みどり町8-39,,1,1,1,1,,,,,40.78007626,140.4626471,
438,E0220500008202,磯松コミュニティセンター,青森県五所川原市磯松磯野186-1,1,1,,1,,,1,,1,41.07577326,140.3255141,
439,E0220500008201,磯松地区津波避難タワー,青森県五所川原市磯松磯野186-1,1,1,1,1,1,,1,,1,41.076372122391,140.32516032143,
440,E0220500009201,もや会館,青森県五所川原市磯松山の井115-138,1,1,1,1,1,,1,,1,41.083923,140.324722,
441,E0220500010201,旧金木高等学校市浦分校グラウンド,青森県五所川原市磯松赤川3-42,1,1,1,1,1,,1,,,41.089711393641,140.32455741468,
442,E0220500026201,岩木川河川公園,青森県五所川原市岩木川河川敷,,1,1,1,1,,,,,40.812871,140.437431,
443,E0220500035201,金木東部農村公園,青森県五所川原市金木町芦野318,1,1,1,1,1,,1,,1,40.90550938,140.4665569,
444,E0220500035202,金木東部地区コミュニティセンター,青森県五所川原市金木町芦野318,1,1,1,1,1,,1,,1,40.90516855,140.4663332,
445,E0220500038201,芦野公園,青森県五所川原市金木町芦野84-170,1,1,1,1,1,,1,,,40.91119918,140.4509592,
446,E0220500039201,金木小学校,青森県五所川原市金木町芦野84-54,1,1,1,1,1,,1,,1,40.90928391,140.4527678,
447,E0220500040201,金木中学校,青森県五所川原市金木町芦野84-9,1,1,1,1,1,,1,,1,40.90523596,140.4622623,
448,E0220500041201,嘉瀬農村公園,青森県五所川原市金木町嘉瀬雲雀野351,,1,1,1,1,,,,,40.879285725468,140.45806881112,
449,E0220500042201,嘉瀬スキー場,青森県五所川原市金木町嘉瀬上端山崎115-3,1,1,1,1,1,,1,,,40.88159381,140.4779197,
450,E0220500043201,嘉瀬老人福祉センター,青森県五所川原市金木町嘉瀬端山崎35-40,1,1,1,1,1,,1,,,40.88361542,140.4639003,
451,E0220500044201,嘉瀬コミュニティセンター,青森県五所川原市金木町嘉瀬端山崎76-1,1,1,1,1,1,,1,,1,40.8825082,140.4618404,
452,E0220500045201,喜良市農村公園,青森県五所川原市金木町喜良市干苅208,1,1,1,1,1,,1,,,40.89268158,140.4836833,
453,E0220500046201,喜良市老人福祉センター,青森県五所川原市金木町喜良市坂本476,1,1,1,1,1,,1,,,40.902270225959,140.47552651653,
454,E0220500047202,更生研修センター,青森県五所川原市金木町喜良市坂本56-206,1,1,1,1,1,,1,,,40.91020955,140.481415,
455,E0220500047201,更生農村公園,青森県五所川原市金木町喜良市坂本56-206,1,1,1,1,1,,1,,,40.90997315,140.4813273,
456,E0220500048201,喜良市コミュニティセンター,青森県五所川原市金木町喜良市千苅196-3,1,1,1,1,1,,1,,1,40.892695,140.4840881,
457,E0220500049201,双葉町コミュニティ消防センター,青森県五所川原市金木町喜良市千苅248-50,1,1,1,1,1,,1,,,40.897390653627,140.49433685463,
458,E0220500050201,蒔田農村公園,青森県五所川原市金木町蒔田桑元101-2,,1,1,1,1,,,,,40.90871349,140.4317234,
459,E0220500051201,神原コミュニティ消防センター,青森県五所川原市金木町神原小泉126-77,,1,1,1,1,,,,,40.91240365,140.4224837,
460,E0220500052201,金木公民館,青森県五所川原市金木町菅原367-1,1,1,1,1,1,,1,,1,40.89681661,140.4537884,
461,E0220500057201,金木オートキャンプ場,青森県五所川原市金木町川倉七夕野84-455,1,1,1,1,1,,1,,,40.91820548,140.4536331,
462,E0220500058202,大東ヶ丘コミュニティ消防センター,青森県五所川原市金木町川倉七夕野84-637,1,1,1,1,1,,1,,,40.920938,140.487055,
463,E0220500058201,大東ケ丘農村公園,青森県五所川原市金木町川倉七夕野84-637,1,1,1,1,1,,1,,,40.92081189,140.4872766,
464,E0220500060201,金木運動公園,青森県五所川原市金木町川倉七夕野84-959,1,1,1,1,1,,1,,,40.91766443,140.465927,
465,E0220500061201,川倉ふれあいセンター,青森県五所川原市金木町川倉米出100-1,1,1,1,1,1,,1,,1,40.927888537219,140.45218326563,
466,E0220500062201,川倉農村公園,青森県五所川原市金木町川倉林下119,1,1,1,1,1,,1,,,40.92806153,140.4499064,
467,E0220500063201,蒔田コミュニティ消防センター,青森県五所川原市金木町沢部396-1,,1,1,1,1,,,,1,40.9083149,140.4337131,
468,E0220500064201,中柏木コミュニティ消防センター,青森県五所川原市金木町中柏木鎧石141-1,1,1,1,1,1,,1,,,40.873148811967,140.47477663835,
469,E0220500066202,藤枝集会所,青森県五所川原市金木町藤枝東田430-1,,1,1,1,1,,,,,40.91820689,140.4433334,
470,E0220500066201,藤枝農村公園,青森県五所川原市金木町藤枝東田430-1,,1,1,1,1,,,,,40.91810102,140.4431819,
471,E0220500190201,中央公民館,青森県五所川原市字一ツ谷504-1,1,1,1,1,1,,1,,1,40.80807992,140.4490211,
472,E0220500071201,ひとつや児童公園,青森県五所川原市字一ツ谷512-1,,1,1,1,1,,,,,40.81050975,140.4504087,
473,E0220500072201,ひなた児童公園,青森県五所川原市字一ツ谷526,,1,1,1,1,,,,,40.81456815,140.4518437,
474,E0220500073201,ひがし児童公園,青森県五所川原市字一ツ谷535,,1,1,1,1,,,,,40.81336079,140.4539723,
475,E0220500074201,ふじまき児童公園,青森県五所川原市字一ツ谷553,,1,1,1,1,,,,,40.80981685,140.4564093,
476,E0220500198201,市民体育館,青森県五所川原市字栄町20-1,1,1,1,1,1,,1,,1,40.79905535,140.4433058,
477,E0220500202201,コミュニティ防災センター,青森県五所川原市字鎌谷町16,,1,1,1,1,,,,1,40.80556011,140.4467462,
478,E0220500078201,かまや児童公園,青森県五所川原市字鎌谷町512,,1,1,1,1,,,,,40.80623538,140.4497802,
479,E0220500081201,とがわ児童公園,青森県五所川原市字鎌谷町521,,1,1,1,1,,,,,40.80659533,140.4531719,
480,E0220500083201,北部公園,青森県五所川原市字幾世森192-1,,1,1,1,1,,,,,40.82215402,140.4464479,
481,E0220500085201,ひまわり児童公園,青森県五所川原市字幾世森51-1,,1,1,1,1,,,,1,40.81916647,140.4506696,
482,E0220500085202,北部コミュニティセンター,青森県五所川原市字幾世森51-1,,1,1,1,1,,,,1,40.81931591,140.4509706,
483,E0220500215201,中央コミュニティセンター,青森県五所川原市字上平井町16,,1,1,1,1,,,,1,40.81159601,140.443042,
484,E0220500217201,働く婦人の家,青森県五所川原市字新町33-1,1,1,1,1,1,,1,,1,40.80635884,140.4438175,
485,E0220500087202,立佞武多広場,青森県五所川原市字大町506-4,,1,1,1,1,,,,,40.81089,140.443192,
486,E0220500232201,菊ヶ丘運動公園,青森県五所川原市字不魚住10-1,,1,1,1,1,,,,,40.79675316,140.4411956,
487,E0220500233201,しきしまコミュニティセンター,青森県五所川原市字敷島町36-28,,1,1,1,1,,,,1,40.81521483,140.4465951,
488,E0220500090201,柳町児童公園,青森県五所川原市字柳町5-1,,1,1,1,1,,,,,40.80530578,140.441746,
489,E0220500237201,富士見コミュニティセンター,青森県五所川原市字蓮沼14,,1,1,1,1,,,,1,40.80038033,140.442479,
490,E0220500091201,平和町児童公園,青森県五所川原市字蓮沼14-28,,1,1,1,1,,,,,40.80047196,140.442951,
491,E0220500238201,南小学校,青森県五所川原市字蓮沼2,1,1,1,1,1,,1,,1,40.8020851,140.4433688,
492,E0220500098201,十三湊発掘調査事務所前グラウンド,青森県五所川原市十三琴湖岳456,1,1,,1,,,1,,,41.03055568,140.3295486,
493,E0220500099202,十三コミュニティセンター,青森県五所川原市十三深津210,1,1,1,1,1,,1,,1,41.030072398713,140.3272000086,
494,E0220500099201,十三地区津波避難タワー,青森県五所川原市十三深津210,1,1,1,1,1,,1,,1,41.03024813,140.3265659,
495,E0220500100201,十三山子地区高台,青森県五所川原市十三通行道,1,1,1,1,1,,1,,,41.02417564,140.3265434,
496,E0220500103201,松島会館,青森県五所川原市松島町2-89,,1,1,1,1,,,,1,40.80728,140.459458,
497,E0220500104201,中央小学校,青森県五所川原市松島町2-94,1,1,1,1,1,,1,,1,40.80623633,140.456128,
498,E0220500105201,第一中学校,青森県五所川原市松島町3-1,1,1,1,1,1,,1,,1,40.80757159,140.4553223,
499,E0220500107201,松島団地児童公園,青森県五所川原市松島町7-61,,1,1,1,1,,,,,40.80676685,140.4602734,
500,E0220500121201,市浦中学校グラウンド,青森県五所川原市相内岩井81,1,1,1,1,1,,1,,1,41.05969591,140.3492843,
501,E0220500121202,市浦中学校,青森県五所川原市相内岩井81,1,1,1,1,1,,1,,1,41.06025122,140.3494004,
502,E0220500122201,市浦コミュニティセンター,青森県五所川原市相内岩井81-384,1,1,1,1,1,,1,,1,41.059761,140.351506,
503,E0220500123201,Ｂ＆Ｇ海洋センター市浦,青森県五所川原市相内岩井81-385,1,1,1,,1,,1,,,41.059555,140.352015,
504,E0220500124201,基幹集落センター,青森県五所川原市相内岩井81-429,1,1,1,,1,,1,,1,41.05426858,140.3559892,
505,E0220500125201,市浦小学校グラウンド,青森県五所川原市相内岩井85,1,1,1,1,1,,1,,1,41.054633,140.354652,
506,E0220500125202,市浦小学校,青森県五所川原市相内岩井85,1,1,1,1,1,,1,,1,41.05405302,140.354343,
507,E0220500126201,桂川集会所,青森県五所川原市相内桂川288,1,1,1,,1,,1,,1,41.0650085,140.3787836,
508,E0220500128201,太田集会所,青森県五所川原市太田山の井597,1,1,1,1,1,,1,,1,41.05313318,140.3993616,
509,E0220500191201,一野坪コミュニティセンター,青森県五所川原市大字一野坪字早蕨7-4,1,1,1,1,1,,1,,1,40.82376172,140.4631142,
510,E0220500192201,青森県立五所川原農林高等学校,青森県五所川原市大字一野坪字朝日田12-37,1,1,1,1,1,,1,,1,40.81875564,140.4854027,
511,E0220500193201,稲実集会所,青森県五所川原市大字稲実字開野265,,1,1,1,1,,,,,40.789374,140.46803,
512,E0220500194201,コミュニティセンター七和,青森県五所川原市大字羽野木沢字隈無13,1,1,1,1,1,,1,,1,40.75604735,140.5216212,
513,E0220500195201,第二中学校,青森県五所川原市大字羽野木沢字隈無179-2,1,1,1,1,1,,1,,1,40.7557611,140.5257374,
514,E0220500196201,三ツ谷コミュニティ消防センター,青森県五所川原市大字姥萢字桜木209-3,,1,1,1,1,,,,,40.78335566,140.4409784,
515,E0220500197201,栄小学校,青森県五所川原市大字姥萢字船橋156-2,1,1,1,1,1,,1,,1,40.789335,140.456778,
516,E0220500199201,桜田集会所,青森県五所川原市大字沖飯詰字鴻ノ巣282-2,1,1,1,1,1,,1,,,40.84140909,140.4589805,
517,E0220500200201,第四中学校,青森県五所川原市大字沖飯詰字男鹿274-1,1,1,1,1,1,,1,,1,40.83327419,140.46914,
518,E0220500248201,下岩崎集会所,青森県五所川原市大字下岩崎字尾花原31-9,1,1,1,1,1,,1,,,40.83992582,140.4848233,
519,E0220500203201,長者森平和公園,青森県五所川原市大字金山字千代鶴5-61,1,1,1,1,1,,1,,,40.81325436,140.5107072,
520,E0220500204201,コミュニティセンター松島,青森県五所川原市大字金山字竹崎48-10,1,1,1,1,1,,1,,1,40.80657,140.477868,
521,E0220500205201,戸沢集会所,青森県五所川原市大字戸沢字玉清水208-2,1,1,1,1,1,,1,,,40.81869217,140.505407,
522,E0220500206201,第三中学校,青森県五所川原市大字広田字藤浦105-1,1,1,1,1,1,,1,,1,40.78183254,140.463478,
523,E0220500207201,高瀬コミュニティ消防センター,青森県五所川原市大字高瀬字一本柳111-3,,1,1,1,1,,,,,40.83369391,140.4194228,
524,E0220500208201,コミュニティセンター三好,青森県五所川原市大字高瀬字鷹ノ爪190-1,,1,1,1,1,,,,1,40.84221496417,140.4169511344,
525,E0220500209201,狼野長根公園,青森県五所川原市大字持子沢字隠川695-2,1,1,1,1,1,,1,,,40.76099332,140.5435516,
526,E0220500210201,持子沢コミュニティ消防センター,青森県五所川原市大字持子沢字笠野前405,1,1,1,1,1,,1,,,40.74944645,140.5222895,
527,E0220500211201,三輪小学校,青森県五所川原市大字七ツ館字虫流6-5,1,1,1,1,1,,1,,1,40.77943308,140.474052,
528,E0220500212201,漆川体育館,青森県五所川原市大字漆川字鍋懸151-30,1,1,1,1,1,,1,,1,40.817844447198,140.46341545984,
529,E0220500213201,小曲集会所,青森県五所川原市大字小曲字豊里176,,1,1,1,1,,,,1,40.81356637,140.430381,
530,E0220500214201,若山集会所,青森県五所川原市大字松野木字影日83-3,1,1,1,1,1,,1,,,40.809684,140.51817,
531,E0220500216201,五所川原小学校,青森県五所川原市大字新宮字岡田161,1,1,1,1,1,,1,,1,40.82180367,140.4389344,
532,E0220500218201,東峰小学校,青森県五所川原市大字神山字山越1-26,1,1,1,1,1,,1,,1,40.787947,140.517051,
533,E0220500219201,津軽フラワーセンター,青森県五所川原市大字神山字殊ノ峰117-602,1,1,1,1,1,,1,,,40.798298,140.522499,
534,E0220500240201,コミュニティセンター長橋,青森県五所川原市大字神山字鶉野34-2,1,1,1,1,1,,1,,1,40.79084768,140.5133337,
535,E0220500220201,水野尾コミュニティ消防センター,青森県五所川原市大字水野尾字宮井36-3,,1,1,1,1,,,,,40.795663,140.480779,
536,E0220500221201,コミュニティセンター中川,青森県五所川原市大字川山字森内395,,1,1,1,1,,,,1,40.83756985,140.4390275,
537,E0220500222201,前田野目集会所,青森県五所川原市大字前田野目字長峰28,1,1,1,1,1,,1,,1,40.754145,140.551535,
538,E0220500223201,藻川コミュニティ消防センター,青森県五所川原市大字藻川字中島2-1,,1,1,1,1,,,,,40.86230144,140.4064216,
539,E0220500224201,中泉集会所,青森県五所川原市大字中泉字松枝88,,1,1,1,1,,,,,40.761240594985,140.49707826718,
540,E0220500225201,長富コミュニティ消防センター,青森県五所川原市大字長富字鎧石167-4,1,1,1,1,1,,1,,,40.86466,140.458023,
541,E0220500239201,三好小学校,青森県五所川原市大字鶴ケ岡字唐橋25-2,1,1,1,1,1,,1,,1,40.84885999,140.4100395,
542,E0220500154201,サンビレッジ五所川原,青森県五所川原市大字唐笠柳字藤巻507-6,,1,1,1,1,,,,1,40.797103852321,140.45779553587,
543,E0220500226201,梅沢コミュニティセンター,青森県五所川原市大字梅田字燕口118-3,,1,1,1,1,,,,1,40.765566,140.4775,
544,E0220500227201,青森職業能力開発短期大学校,青森県五所川原市大字飯詰字狐野171-2,1,1,1,1,1,,1,,1,40.81949671,140.4961596,
545,E0220500228201,五所川原運動公園,青森県五所川原市大字飯詰字狐野177-1,1,1,1,1,1,,1,,,40.82180462,140.4958672,
546,E0220500229201,いずみ小学校,青森県五所川原市大字飯詰字石田184,1,1,1,1,1,,1,,1,40.8352564,140.491974,
547,E0220500230201,コミュニティセンター飯詰,青森県五所川原市大字飯詰字福泉166-1,1,1,1,1,1,,1,,1,40.830615,140.487637,
548,E0220500231201,毘沙門・長富コミュニティセンター,青森県五所川原市大字毘沙門字熊石30-2,1,1,1,1,1,,1,,1,40.85221,140.457451,
549,E0220500234201,福山コミュニティ消防センター,青森県五所川原市大字福山字広富165-3,1,1,1,1,1,,1,,,40.77971,140.508743,
550,E0220500235201,松島小学校,青森県五所川原市大字米田字八ツ橋8,1,1,1,1,1,,1,,1,40.80475,140.47433,
551,E0220500236201,みなとコミュニティセンター,青森県五所川原市大字湊字千鳥90,,1,1,1,1,,,,,40.795050736848,140.44706041216,
552,E0220500189201,青森県立五所川原工科高等学校,青森県五所川原市大字湊字船越192,1,1,1,1,1,,1,,1,40.791279,140.446501,
553,E0220500164201,南部コミュニティセンター,青森県五所川原市中央4-130,,1,1,1,1,,,,1,40.796481222386,140.45120801164,
554,E0220500185201,市浦老人生きがいセンター,青森県五所川原市脇元赤川113-1,1,1,,1,,,1,,,41.091019,140.321754,
555,E0220200001201,愛宕多目的集会所,青森県弘前市愛宕字山下42-1,1,1,,1,,,1,1,,40.62753641,140.4079837,
556,E0220200002201,西小学校グラウンド,青森県弘前市茜町3-2-1,,1,,1,,1,,,1,40.60049573,140.4450715,
557,E0220200002202,西小学校,青森県弘前市茜町3-2-1,,1,,1,,,,1,1,40.601021,140.444842,
558,E0220200003201,青柳小学校グラウンド,青森県弘前市悪戸字村元7-2,1,1,,1,,,1,,1,40.5914446,140.4264425,
559,E0220200003202,青柳小学校,青森県弘前市悪戸字村元7-2,1,1,,1,,,1,1,1,40.59106942,140.4267545,
560,E0220200004201,旭ケ丘児童公園,青森県弘前市旭ケ丘2-2-35,1,1,,1,,,1,,,40.58139223,140.4600609,
561,E0220200005201,安原第一児童公園,青森県弘前市安原2-103-1,1,1,,1,,,1,,,40.5773255,140.4865664,
562,E0220200006201,安原第二児童公園,青森県弘前市安原3-5,1,1,,1,,,1,,,40.57459711,140.4874392,
563,E0220200007201,一野渡集落農事集会所,青森県弘前市一野渡字岡本16-2,1,1,,1,,,1,1,,40.54470744,140.457935,
564,E0220200008201,城東第三児童公園,青森県弘前市稲田1-103,,1,,1,,,,,,40.60214802,140.4876345,
565,E0220200009201,富士見児童公園,青森県弘前市栄町4-5-7,,1,,1,,,,,,40.61847263,140.4694284,
566,E0220200010201,駅前北公園,青森県弘前市駅前2-103-1,,1,,1,,,,,,40.603009133692,140.48081500045,
567,E0220200011201,ヒロロスクエア,青森県弘前市駅前町9-20,1,1,,1,,,1,1,,40.5973725,140.4817087,
568,E0220200012201,鷹揚園,青森県弘前市下白銀町1,1,1,,1,,1,1,,,40.60807248,140.4637673,
569,E0220200013201,市民会館,青森県弘前市下白銀町1-6,1,1,,1,,,1,1,1,40.60489414,140.4622519,
570,E0220200014201,弘前文化センター,青森県弘前市下白銀町19-4,1,1,,1,,,1,1,1,40.60699565,140.46929,
571,E0220200015201,弘前市立観光館,青森県弘前市下白銀町2-1,1,1,,1,,,1,1,1,40.60307461,140.465289,
572,E0220200017201,岩木総合支所,青森県弘前市賀田1-1-1,1,1,,1,,,1,1,1,40.61618414,140.4216451,
573,E0220200016201,賀田西公園,青森県弘前市賀田1-10,1,1,,1,,,1,,,40.6165769,140.4170486,
574,E0220200018201,中央公民館岩木館,青森県弘前市賀田1-18-3,1,1,,1,,,1,1,1,40.616571,140.419502,
575,E0220200019201,岩木文化センター,青森県弘前市賀田1-18-4,1,1,,1,,,1,1,1,40.616774,140.420249,
576,E0220200020201,賀田南公園,青森県弘前市賀田2-103,1,1,,1,,,1,,,40.61458972,140.4196879,
577,E0220200021201,外崎児童公園,青森県弘前市外崎2-103,,1,,1,,,,,,40.59885785,140.4969138,
578,E0220200023201,岩木いきいきパーク,青森県弘前市葛原字大柳294-1,1,1,,1,,,1,,,40.6289723,140.3901682,
579,E0220200024201,岩賀公園,青森県弘前市岩賀1-8-1,,1,,1,,,,,,40.64477452,140.4811185,
580,E0220200025201,鬼沢研修会館,青森県弘前市鬼沢字後田191,1,1,,1,,,1,1,,40.68916158,140.4127384,
581,E0220200026201,堂ケ沢町民会館,青森県弘前市鬼沢字山ノ越202,1,1,,1,,,1,1,,40.69466005,140.4084685,
582,E0220200027201,自得小学校グラウンド,青森県弘前市鬼沢字菖蒲沢109-4,1,1,,1,,,1,,1,40.68596809,140.4135898,
583,E0220200027202,自得小学校,青森県弘前市鬼沢字菖蒲沢109-4,1,1,,1,,,1,1,1,40.68575472,140.414067,
584,E0220200028201,吉川研修会館,青森県弘前市吉川字村元21-2,1,1,,1,,,1,1,,40.58726428,140.3446721,
585,E0220200029201,土淵川吉野町緑地,青森県弘前市吉野町2-7,1,1,,1,,,1,,,40.59870905,140.472283,
586,E0220200030201,桔梗野小学校グラウンド,青森県弘前市桔梗野2-21,1,1,,1,,1,1,,1,40.592464315007,140.46201287956,
587,E0220200030202,桔梗野小学校,青森県弘前市桔梗野2-21,1,1,,1,,,1,1,1,40.59207733,140.462662,
588,E0220200031201,あけぼの児童公園,青森県弘前市桔梗野3-10,1,1,,1,,,1,,,40.59050703,140.4610547,
589,E0220200032202,時敏小学校,青森県弘前市宮園1-5-1,,1,,1,,,,1,1,40.614076,140.476784,
590,E0220200032201,時敏小学校グラウンド,青森県弘前市宮園1-5-1,,1,,1,,1,,,1,40.6132957,140.4766607,
591,E0220200033201,宮園団地第二児童公園,青森県弘前市宮園4-2-10,,1,,1,,,,,,40.61841189,140.4790205,
592,E0220200034201,宮園団地第一児童公園,青森県弘前市宮園5-7-4,,1,,1,,,,,,40.61852887,140.4760323,
593,E0220200035201,宮川第四児童公園,青森県弘前市宮川2-103,,1,,1,,,,,,40.61276973,140.4865583,
594,E0220200036201,宮川第五児童公園,青森県弘前市宮川3-103,,1,,1,,,,,,40.61509584,140.4876069,
595,E0220200037201,宮地研修館,青森県弘前市宮地字宮本150-6,1,1,,1,,,1,1,,40.61801654,140.3912239,
596,E0220200038201,宮地農村公園,青森県弘前市宮地字宮本159-1,1,1,,1,,,1,,,40.61771427,140.3918959,
597,E0220200039201,小沢児童公園,青森県弘前市金属町5-6,1,1,,1,,,1,,,40.57783231,140.4417247,
598,E0220200041201,岩木Ｂ＆Ｇ海洋センター,青森県弘前市兼平字猿沢32-11,1,1,,1,,,1,1,1,40.605345,140.4137,
599,E0220200042201,宮川第六児童公園,青森県弘前市堅田2-103,,1,,1,,,,,,40.61721507,140.4914386,
600,E0220200043201,堅田児童公園,青森県弘前市堅田4-12-18,,1,,1,,,,,,40.61419479,140.4916392,
601,E0220200044201,元薬師堂農村公園,青森県弘前市元薬師堂32,,1,,1,,,,,,40.62845937,140.44561,
602,E0220200045201,千年交流センター,青森県弘前市原ケ平5-1-13,1,1,,1,,,1,1,1,40.56515338,140.4722042,
603,E0220200046201,弘前学院聖愛中学高等学校　屋外,青森県弘前市原ケ平字山元112-21,1,1,,1,,,1,,,40.57143884,140.4678072,
604,E0220200047201,南中学校グラウンド,青森県弘前市原ケ平字山中20-13,,1,,1,,1,,,1,40.56822973,140.4664717,
605,E0220200047202,南中学校,青森県弘前市原ケ平字山中20-13,1,1,,1,,,1,1,1,40.56736583,140.4664475,
606,E0220200048201,市民体育館,青森県弘前市五十石町7,,1,,1,,,,1,1,40.60830753,140.4588648,
607,E0220200049201,相馬総合支所,青森県弘前市五所字野沢41-1,1,1,,1,,,1,1,1,40.58549994,140.3967372,
608,E0220200051201,五代農村公園,青森県弘前市五代字山本736,1,1,,1,,,1,,,40.61211516,140.4050261,
609,E0220200052201,五代多目的集会所,青森県弘前市五代字沼田136,1,1,,1,,,1,1,,40.6126451,140.4091695,
610,E0220200053201,岩木小学校グラウンド,青森県弘前市五代字前田451,1,1,,1,,1,1,,1,40.61199977,140.418851,
611,E0220200053202,岩木小学校,青森県弘前市五代字前田451,1,1,,1,,,1,1,1,40.61322553,140.4187169,
612,E0220200054201,津軽中学校グラウンド,青森県弘前市五代字早稲田478,1,1,,1,,1,1,,1,40.61799395,140.415568,
613,E0220200054202,津軽中学校,青森県弘前市五代字早稲田478,1,1,,1,,,1,1,1,40.61824,140.414289,
614,E0220200055201,大成小学校グラウンド,青森県弘前市御幸町13-1,,1,,1,,,,,1,40.59524652,140.4754846,
615,E0220200055202,大成小学校,青森県弘前市御幸町13-1,1,1,,1,,,1,1,1,40.59464774,140.4761606,
616,E0220200252201,桜づつみ公園,青森県弘前市向外瀬地内,,1,,1,,,,,,40.62031214,140.469608,
617,E0220200057201,広野第三公園,青森県弘前市広野1-102,1,1,,1,,,1,,,40.570123456267,140.49171207327,
618,E0220200058201,糠坪農村公園,青森県弘前市糠坪字矢作69,1,1,,1,,,1,,,40.67753053,140.4362586,
619,E0220200059201,高照神社,青森県弘前市高岡字神馬野87-1,1,1,,1,,1,1,1,,40.62317431,140.3546643,
620,E0220200060201,であいの家あうん,青森県弘前市高屋字安田735-3,,1,,1,,,,1,,40.62078948,140.4292951,
621,E0220200061201,北辰中学校グラウンド,青森県弘前市高杉字五反田191,1,1,,1,,1,1,,1,40.66296845,140.4356685,
622,E0220200061202,北辰中学校,青森県弘前市高杉字五反田191,1,1,,1,,,1,1,1,40.66254311,140.4355019,
623,E0220200062201,四ツ谷農村公園,青森県弘前市高杉字五反田274-12,1,1,,1,,,1,,,40.66636382,140.4356016,
624,E0220200063201,高杉小学校グラウンド,青森県弘前市高杉字神原7-1,,1,,1,,,,,1,40.658236,140.43484,
625,E0220200063202,高杉小学校,青森県弘前市高杉字神原7-1,,1,,1,,,,1,1,40.65771729,140.4343302,
626,E0220200064201,高田公園,青森県弘前市高田1-103,,1,,1,,,,,,40.59905188,140.5003512,
627,E0220200065201,城東第十二児童公園,青森県弘前市高田2-103,1,1,,1,,,1,,,40.59843342,140.5033415,
628,E0220200067201,城東第十三児童公園,青森県弘前市高田5-103-1,1,1,,1,,,1,,,40.59563383,140.5062521,
629,E0220200068201,高野集会所,青森県弘前市高野字山元69-2,1,1,,1,,,1,1,,40.59547042,140.3599899,
630,E0220200069201,国吉農業多目的集会施設,青森県弘前市国吉字村元37-1,1,1,,1,,,1,1,,40.59277746,140.3476178,
631,E0220200070201,黒滝担い手センター,青森県弘前市黒滝字一ノ川瀬17,1,1,,1,,,1,1,,40.58983055,140.4024558,
632,E0220200071201,相馬小学校グラウンド,青森県弘前市黒滝字二ノ松本2-4,1,1,,1,,1,1,,1,40.58342972,140.400715,
633,E0220200071202,相馬小学校,青森県弘前市黒滝字二ノ松本2-4,1,1,,1,,,1,1,1,40.583799,140.399569,
634,E0220200072201,黒土コミュニティセンター,青森県弘前市黒土字川合131-1,1,1,,1,,,1,1,,40.59161701,140.3434643,
635,E0220200073201,細越町民会館,青森県弘前市細越字早稲田17-2,1,1,,1,,,1,1,,40.63768466,140.4081087,
636,E0220200074201,船沢小学校グラウンド,青森県弘前市細越字早稲田42,1,1,,1,,,1,,1,40.63991618,140.4145357,
637,E0220200074202,船沢小学校,青森県弘前市細越字早稲田42,1,1,,1,,,1,1,1,40.64057358,140.4137123,
638,E0220200075202,朝陽小学校,青森県弘前市在府町36,1,1,,1,,,1,1,1,40.59809201,140.4609498,
639,E0220200075201,朝陽小学校グラウンド,青森県弘前市在府町36,1,1,,1,,,1,,1,40.597688,140.461508,
640,E0220200076201,坂元集会所,青森県弘前市坂元字山下81-2,1,1,,1,,,1,1,,40.553645,140.4324345,
641,E0220200077201,桜ケ丘第三児童公園,青森県弘前市桜ケ丘1-8-16,1,1,,1,,,1,,,40.57658853,140.4509073,
642,E0220200078201,桜ケ丘第一児童公園,青森県弘前市桜ケ丘2-10-9,1,1,,1,,,1,,,40.57304756,140.4491081,
643,E0220200079201,桜ケ丘第二児童公園,青森県弘前市桜ケ丘3-7-9,1,1,,1,,,1,,,40.5725749,140.4513075,
644,E0220200080201,桜ケ丘中央公園,青森県弘前市桜ケ丘4-14,1,1,,1,,,1,,,40.57435145,140.4526378,
645,E0220200081201,笹舘農村公園,青森県弘前市笹舘字福山46,1,1,,1,,1,1,,,40.73920453,140.392502,
646,E0220200082201,山崎児童公園,青森県弘前市山崎2-4-35,1,1,,1,,,1,,,40.57670307,140.4687211,
647,E0220200083201,相馬中学校グラウンド,青森県弘前市紙漉沢字山越48,1,1,,1,,,1,,1,40.57911108,140.3888275,
648,E0220200083202,相馬中学校,青森県弘前市紙漉沢字山越48,1,1,,1,,,1,1,1,40.57964323,140.3888208,
649,E0220200084201,自由ヶ丘公園,青森県弘前市自由ケ丘1-9-10,1,1,,1,,,1,,,40.58270002,140.4480196,
650,E0220200085201,蒔苗町民会館,青森県弘前市蒔苗字福岡67-1,1,1,,1,,,1,1,,40.63311249,140.434082,
651,E0220200086202,新和中学校,青森県弘前市種市字小島57-2,,1,,1,,,,1,1,40.706487,140.4299796,
652,E0220200086201,新和中学校グラウンド,青森県弘前市種市字小島57-2,,1,,1,,1,,,1,40.70631214,140.4289872,
653,E0220200087201,新和地区体育文化交流センター,青森県弘前市種市字木幡387,,1,,1,,,,1,1,40.70357168,140.4300662,
654,E0220200088202,第四中学校,青森県弘前市樹木5-2-6,1,1,,1,,,1,1,1,40.58868869,140.459326,
655,E0220200088201,第四中学校グラウンド,青森県弘前市樹木5-2-6,1,1,,1,,1,1,,1,40.58868055,140.4603882,
656,E0220200089201,十腰内集会所,青森県弘前市十腰内字猿沢175,1,1,,1,,,1,1,,40.75199118,140.3360917,
657,E0220200090201,三日月公民館,青森県弘前市十腰内字野中446-1,1,1,,1,,,1,1,,40.750079302453,140.34999027927,
658,E0220200091201,裾野小学校グラウンド,青森県弘前市十面沢字轡293,1,1,,1,,1,1,,1,40.717237,140.357575,
659,E0220200091202,裾野小学校,青森県弘前市十面沢字轡293,1,1,,1,,,1,1,1,40.71870713,140.3577432,
660,E0220200092201,十面沢農業研修会館,青森県弘前市十面沢字轡72-3,1,1,,1,,,1,1,,40.72893358,140.3497715,
661,E0220200093201,裾野地区体育文化交流センター,青森県弘前市十面沢字轡8-9,1,1,,1,,,1,1,1,40.71921454,140.3584653,
662,E0220200094201,十面沢農村公園,青森県弘前市十面沢字沢田92-1,1,1,,1,,,1,,,40.72533576,140.3529795,
663,E0220200095202,裾野中学校,青森県弘前市十面沢字湯ケ森40,1,1,,1,,,1,1,1,40.720081088542,140.36070325219,
664,E0220200095201,裾野中学校グラウンド,青森県弘前市十面沢字湯ケ森40,1,1,,1,,1,1,,1,40.71942041,140.3608293,
665,E0220200096201,南部清掃工場,青森県弘前市小金崎字川原田54,,1,,1,,,,1,1,40.5426745524,140.54870347205,
666,E0220200097201,小金崎研修センター,青森県弘前市小金崎字留岡44-2,,1,,1,,,,1,,40.54357643,140.5515024,
667,E0220200098201,芹沢多目的広場,青森県弘前市小栗山字芹沢地内,1,1,,1,,1,1,,,40.55515261,140.4930544,
668,E0220200099201,千年公民館,青森県弘前市小栗山字川合115-1,1,1,,1,,,1,1,1,40.56551831,140.4845882,
669,E0220200100202,千年小学校,青森県弘前市小栗山字川合119-7,1,1,,1,,,1,1,1,40.56746318,140.4869677,
670,E0220200100201,千年小学校グラウンド,青森県弘前市小栗山字川合119-7,1,1,,1,,,1,,1,40.56742388,140.4877146,
671,E0220200101201,清水公民館,青森県弘前市小沢字御笠見46-10,1,1,,1,,,1,1,1,40.56068676,140.4348025,
672,E0220200102201,小沢農村公園,青森県弘前市小沢字御笠見60-7,1,1,,1,,,1,,,40.56099955,140.4338463,
673,E0220200104201,小比内第三児童公園,青森県弘前市小比内5-103,1,1,,1,,,1,,,40.58477497,140.495295,
674,E0220200105201,小友農村公園,青森県弘前市小友字宇田野199-1,1,1,,1,,,1,,,40.71094563,140.4140079,
675,E0220200106202,松原小学校グラウンド,青森県弘前市松原東2-17,1,1,,1,,,1,,1,40.57342428,140.4820158,
676,E0220200106201,松原児童公園,青森県弘前市松原東2-17,1,1,,1,,,1,,1,40.57428918,140.4814453,
677,E0220200106203,松原小学校,青森県弘前市松原東2-17,1,1,,1,,,1,1,1,40.5741129,140.4818656,
678,E0220200108201,弘前市役所,青森県弘前市上白銀町1-1,1,1,,1,,,1,1,1,40.60304972,140.4640702,
679,E0220200109201,城西住宅団地北部児童公園,青森県弘前市城西2-5,,1,,1,,,,,,40.606863,140.4503022,
680,E0220200110201,城西住宅団地西部児童公園,青森県弘前市城西3-103,,1,,1,,,,,,40.60376746,140.447559,
681,E0220200111201,城西住宅団地中央公園,青森県弘前市城西4-103,,1,,1,,,,,,40.60429973,140.4505227,
682,E0220200112201,城西住宅団地東部児童公園,青森県弘前市城西5-6,,1,,1,,,,,,40.60357309,140.4527124,
683,E0220200113201,城東第六児童公園,青森県弘前市城東3-103,,1,,1,,,,,,40.59519805,140.487923,
684,E0220200114201,城東第七児童公園,青森県弘前市城東4-103,,1,,1,,,,,,40.59440165,140.4903731,
685,E0220200115201,城東ふれあい公園,青森県弘前市城東5-103,,1,,1,,,,,,40.59255059,140.4927869,
686,E0220200116201,城東第一児童公園,青森県弘前市城東中央2-103,,1,,1,,,,,,40.59989088,140.4903425,
687,E0220200117201,城東第二児童公園,青森県弘前市城東中央3-103,,1,,1,,,,,,40.60014412,140.4931491,
688,E0220200118202,東小学校,青森県弘前市城東中央5-6-1,1,1,,1,,,1,1,1,40.60143652,140.4987863,
689,E0220200118201,東小学校グラウンド,青森県弘前市城東中央5-6-1,,1,,1,,1,,,1,40.60203063,140.498964,
690,E0220200119201,長四郎公園,青森県弘前市城東北2-103,,1,,1,,1,,,,40.60370638,140.4936384,
691,E0220200120201,城東第五児童公園,青森県弘前市城東北3-103,,1,,1,,,,,,40.60459173,140.4970115,
692,E0220200121201,上二ツ堤児童公園,青森県弘前市城南2-20-21,1,1,,1,,,1,,,40.58183204,140.4665676,
693,E0220200122201,岩木青少年スポーツセンター,青森県弘前市常盤野字湯段萢1-2,1,1,,1,,,1,1,1,40.62613025,140.2651322,
694,E0220200123201,岩木青少年スポーツセンター　第２多目的広場,青森県弘前市常盤野字湯段萢1-42,1,1,,1,,1,1,,,40.62697711,140.2641344,
695,E0220200124201,弘前高校,青森県弘前市新寺町1-1,1,1,,1,,,1,1,1,40.595189,140.467619,
696,E0220200125201,城西小学校グラウンド,青森県弘前市新町236-1,,1,,1,,,,,1,40.61081174,140.4579598,
697,E0220200125202,城西小学校,青森県弘前市新町236-1,,1,,1,,,,1,1,40.61035563,140.4587216,
698,E0220200126201,撫牛子児童公園,青森県弘前市神田5-103,,1,,1,,,,,,40.62258952,140.492318,
699,E0220200128201,取上児童公園,青森県弘前市清原2-1-1,1,1,,1,,,1,,,40.58187731,140.4888178,
700,E0220200129201,清原児童公園,青森県弘前市清原3-11-10,1,1,,1,,,1,,,40.57916204,140.4880294,
701,E0220200130201,清水森会館,青森県弘前市清水森字沼田39-6,1,1,,1,,,1,1,,40.57018347,140.5020716,
702,E0220200131201,りんご公園,青森県弘前市清水富田字寺沢125,1,1,,1,,1,1,,,40.58875985,140.4420449,
703,E0220200131202,りんごの家,青森県弘前市清水富田字寺沢125,1,1,,1,,,1,1,,40.58902668,140.4429461,
704,E0220200132201,北和徳工業団地　レクリエーション公園,青森県弘前市清野袋3-8-6,,1,,1,,,,,,40.6372725,140.4786455,
705,E0220200133201,青山いこい公園,青森県弘前市青山1-103,,1,,1,,,,,,40.61937497,140.4814779,
706,E0220200134201,宮園公園,青森県弘前市青山2-103-1,,1,,1,,,,,,40.62247704,140.4817821,
707,E0220200135201,北小学校グラウンド,青森県弘前市青山3-15-1,,1,,1,,1,,,1,40.62349557,140.4789459,
708,E0220200135202,北小学校,青森県弘前市青山3-15-1,,1,,1,,,,1,1,40.623241,140.479561,
709,E0220200136201,青山公園,青森県弘前市青山5-25-8,,1,,1,,,,,,40.6259399,140.4808836,
710,E0220200137201,グリーン児童公園,青森県弘前市青樹町19-1,1,1,,1,,,1,,,40.57867057,140.4377999,
711,E0220200138201,新和小学校グラウンド,青森県弘前市青女子字桜苅292-4,,1,,1,,1,,,1,40.69498555,140.4442918,
712,E0220200138202,新和小学校,青森県弘前市青女子字桜苅292-4,,1,,1,,,,1,1,40.69517671,140.4438304,
713,E0220200139201,石川中学校グラウンド,青森県弘前市石川字庄司川添19-1,,1,,1,,1,,,1,40.54971316,140.5505618,
714,E0220200139205,石川小・中学校,青森県弘前市石川字庄司川添19-1,,1,,1,,,,1,1,40.550899,140.550211,
715,E0220200140201,石川町民会館,青森県弘前市石川字石川84-1,1,1,,1,,,1,1,,40.55273513,140.5420968,
716,E0220200142201,河西体育センター,青森県弘前市石渡1-19-1,,1,,1,,,,1,1,40.63131977,140.4496479,
717,E0220200144201,石渡児童公園,青森県弘前市石渡2-6-16,,1,,1,,,,,,40.62760108,140.4555502,
718,E0220200145201,石渡ホームタウン集会所,青森県弘前市石渡4-12,1,1,,1,,,1,1,,40.63050544,140.4590396,
719,E0220200146201,石渡ふれあい公園,青森県弘前市石渡4-12-1,,1,,1,,,,,,40.63022875,140.4588826,
720,E0220200147201,天王台公園,青森県弘前市千年4-6,1,1,,1,,,1,,,40.56369072,140.4792234,
721,E0220200148201,川合町民会館,青森県弘前市川合字浅田90,,1,,1,,,,1,,40.57896213,140.5213576,
722,E0220200149201,小比内公園,青森県弘前市川先1-103,,1,,1,,1,,,,40.59039904,140.4925285,
723,E0220200150201,第五中学校グラウンド,青森県弘前市川先2-4-1,,1,,1,,1,,,1,40.58632776,140.4942745,
724,E0220200150202,第五中学校,青森県弘前市川先2-4-1,1,1,,1,,,1,1,1,40.586857,140.493729,
725,E0220200151201,小比内第二児童公園,青森県弘前市川先3-103,1,1,,1,,,1,,,40.58645988,140.4910283,
726,E0220200153201,泉野第一公園,青森県弘前市泉野1-6,1,1,,1,,,1,,,40.57537732,140.4902264,
727,E0220200154201,泉野第二公園,青森県弘前市泉野2-6,1,1,,1,,,1,,,40.57324731,140.4914608,
728,E0220200155201,泉野公園,青森県弘前市泉野3-103,1,1,,1,,1,1,,,40.57572341,140.4942805,
729,E0220200156201,泉野多目的コミュニティ施設,青森県弘前市泉野3-6-2,1,1,,1,,,1,1,1,40.57498273,140.4929641,
730,E0220200157201,福田第二公園,青森県弘前市早稲田1-11,1,1,,1,,,1,,,40.60538599,140.510351,
731,E0220200158201,早稲田美南公園,青森県弘前市早稲田3-103-1,1,1,,1,,,1,,,40.5998675,140.5109065,
732,E0220200159201,福村公園,青森県弘前市早稲田4-103-1,1,1,,1,,1,1,,,40.60468622,140.5146681,
733,E0220200160201,相馬ふれあい館,青森県弘前市相馬字八反田25,1,1,,1,,,1,1,1,40.56343229,140.3685357,
734,E0220200161201,弘前中央高校,青森県弘前市蔵主町7-1,1,1,,1,,,1,1,1,40.609076,140.468729,
735,E0220200162201,和徳小学校グラウンド,青森県弘前市代官町107-3,,1,,1,,,,,1,40.6038244,140.4817454,
736,E0220200162202,和徳小学校,青森県弘前市代官町107-3,1,1,,1,,,1,1,1,40.60397714,140.4810883,
737,E0220200163201,清水交流センター,青森県弘前市大開2-1-2,1,1,,1,,,1,1,1,40.57569687,140.4473598,
738,E0220200164201,小沢小学校グラウンド,青森県弘前市大開2-5-1,1,1,,1,,1,1,,1,40.57447103,140.4447507,
739,E0220200164202,小沢小学校,青森県弘前市大開2-5-1,1,1,,1,,,1,1,1,40.57400245,140.4443698,
740,E0220200165201,弘前南高校,青森県弘前市大開4-1-1,1,1,,1,,,1,1,1,40.580467,140.445399,
741,E0220200166202,城東小学校,青森県弘前市大久保字西田105-40,,1,,1,,,,1,1,40.62952685,140.4922319,
742,E0220200166201,城東小学校グラウンド,青森県弘前市大久保字西田105-40,,1,,1,,1,,,1,40.62960421,140.491454,
743,E0220200167201,大久保第一公園,青森県弘前市大久保字西田145-27,,1,,1,,,,,,40.63121537,140.4911979,
744,E0220200168201,大久保第三公園,青森県弘前市大久保字西田388-6,,1,,1,,,,,,40.6288868,140.4897783,
745,E0220200169201,大久保第二公園,青森県弘前市大久保字西田421,,1,,1,,,,,,40.62866186,140.4941007,
746,E0220200253201,大清水第一公園,青森県弘前市大清水1,1,1,,1,,,1,,,40.58323009,140.4927151,
747,E0220200171201,大清水第二公園,青森県弘前市大清水4-103-1,1,1,,1,,,1,,,40.57903825,140.4917567,
748,E0220200172201,大沢町民会館,青森県弘前市大沢字上村元68-3,1,1,,1,,,1,1,,40.5533223,140.5147951,
749,E0220200173201,駅前第二児童公園,青森県弘前市大町1-103-14,,1,,1,,,,,,40.59565016,140.48376,
750,E0220200174201,おおまち森の公園,青森県弘前市大町1-8,,1,,1,,,,,,40.59749066,140.4847342,
751,E0220200175201,オオヤマザクラ公園,青森県弘前市大町2-103-1,,1,,1,,,,,,40.59470286,140.4802796,
752,E0220200176201,駅前第四児童公園,青森県弘前市大町3-103-1,,1,,1,,,,,,40.5974498,140.4776118,
753,E0220200177201,三省小学校グラウンド,青森県弘前市中崎字野脇142-2,,1,,1,,,,,1,40.65512693,140.4588911,
754,E0220200177202,三省小学校,青森県弘前市中崎字野脇142-2,,1,,1,,,,1,1,40.65537518,140.4589019,
755,E0220200178201,中畑町民会館,青森県弘前市中畑字俵元78,1,1,,1,,,1,1,,40.58549218,140.3115569,
756,E0220200179201,中別所集会所,青森県弘前市中別所字電42-2,1,1,,1,,,1,1,,40.65213368,140.4116461,
757,E0220200180201,文京小学校グラウンド,青森県弘前市中野1-1-1,,1,,1,,,,,1,40.58401578,140.4736752,
758,E0220200180202,文京小学校,青森県弘前市中野1-1-1,1,1,,1,,,1,1,1,40.58403615,140.4747588,
759,E0220200181201,西弘前児童公園,青森県弘前市中野1-7-2,1,1,,1,,,1,,,40.58363654,140.4721379,
760,E0220200182201,弘前実業高校,青森県弘前市中野3-6-10,1,1,,1,,,1,1,1,40.57821973,140.4746564,
761,E0220200183201,東目屋ふれあいセンター,青森県弘前市中野字中豊田20,1,1,,1,,,1,1,1,40.58933853,140.3227912,
762,E0220200184201,町田地区ふれあいセンター,青森県弘前市町田1-4-1,,1,,1,,,,1,1,40.63596315,140.4595042,
763,E0220200185201,弘前地区環境整備センター,青森県弘前市町田字筒井6-2,,1,,1,,,,1,1,40.642954108377,140.46439731411,
764,E0220200186201,鳥井野農村公園,青森県弘前市鳥井野字長田40-1,1,1,,1,,,1,,,40.59483278,140.4103327,
765,E0220200187201,鳥井野多目的集会所,青森県弘前市鳥井野字長田50-8,1,1,,1,,,1,1,,40.59449392,140.4101506,
766,E0220200188201,長山公園,青森県弘前市田園2-4,,1,,1,,,,,,40.60237611,140.5058735,
767,E0220200189201,種元公園,青森県弘前市田園4-103-1,1,1,,1,,,1,,,40.60599913,140.5076575,
768,E0220200190201,豊川公園,青森県弘前市田園5-103-1,,1,,1,,,,,,40.60949835,140.5062498,
769,E0220200191201,城北公園,青森県弘前市田町3-4-8,,1,,1,,1,,,,40.6143355,140.4781877,
770,E0220200192201,宮川第三児童公園,青森県弘前市田町5-103,,1,,1,,,,,,40.61419827,140.48267,
771,E0220200193201,土堂町会集会所,青森県弘前市土堂字長瀬74,1,1,,1,,,1,1,,40.62112398,140.4450273,
772,E0220200194201,坂市町会集会所,青森県弘前市藤沢字野田1-7,1,1,,1,,,1,1,,40.57125461,140.3773935,
773,E0220200251201,藤沢活性化施設,青森県弘前市藤沢字野田123-1,1,1,,1,,,1,1,,40.563626,140.36795,
774,E0220200196201,ふじの公園,青森県弘前市藤野2-1,,1,,1,,1,,,,40.62379348,140.4666573,
775,E0220200197201,北辰学区高杉ふれあいセンター,青森県弘前市独狐字山辺72-1,1,1,,1,,,1,1,1,40.65620486,140.4368118,
776,E0220200198201,独狐農業研修会館,青森県弘前市独狐字松ケ沢20-16,1,1,,1,,,1,1,,40.64336514,140.4423845,
777,E0220200199201,独狐の森農村公園,青森県弘前市独狐字松ケ沢48-1,1,1,,1,,1,1,,,40.64625727,140.4392709,
778,E0220200200201,楢木集会所,青森県弘前市楢木字牧野195-8,1,1,,1,,,1,1,,40.68416979,140.4211471,
779,E0220200201201,城西住宅団地南部児童公園,青森県弘前市南城西2-103-2,,1,,1,,,,,,40.60129086,140.4545045,
780,E0220200202201,南大町児童公園,青森県弘前市南大町1-7,,1,,1,,,,,,40.59334418,140.4853347,
781,E0220200203201,乳井多目的集会施設,青森県弘前市乳井字大清水133-2,1,1,,1,,,1,1,,40.55338856,140.5647653,
782,E0220200204201,如来瀬コミュニティセンター,青森県弘前市如来瀬字種本54-3,1,1,,1,,,1,1,,40.59406378,140.404146,
783,E0220200205201,大久保集会所,青森県弘前市如来瀬字大久保平294,1,1,,1,,,1,1,,40.59138122,140.3869717,
784,E0220200206201,八幡多目的集会所,青森県弘前市八幡字北原43-1,1,1,,1,,,1,1,,40.62190392,140.4157307,
785,E0220200207201,弘前Ｂ＆Ｇ海洋センター,青森県弘前市八幡町1-9-1,,1,,1,,,,1,1,40.61598739,140.4781305,
786,E0220200209201,樋の口公園,青森県弘前市樋の口2-3-10,,1,,1,,,,,,40.60375809,140.4461038,
787,E0220200210201,鼻和農村公園,青森県弘前市鼻和字西田174-2,1,1,,1,,,1,,,40.629219306606,140.41429225792,
788,E0220200211201,杉山集会所,青森県弘前市百沢字東岩木山141-4,1,1,,1,,,1,1,,40.6714875,140.3760504,
789,E0220200212201,上弥生集会所,青森県弘前市百沢字東岩木山876-1,1,1,,1,,,1,1,,40.65665107,140.3733919,
790,E0220200213201,弘前駅城東口緑地,青森県弘前市表町1-43,,1,,1,,,,,,40.60018801,140.4864984,
791,E0220200214201,浜の町児童公園,青森県弘前市浜の町西2-6-6,,1,,1,,,,,,40.62029486,140.4572583,
792,E0220200215201,浜の町団地第二児童公園,青森県弘前市浜の町東4-3-14,,1,,1,,,,,,40.61910146,140.4638252,
793,E0220200216201,浜の町団地第一児童公園,青森県弘前市浜の町東5-3-59,,1,,1,,,,,,40.62174978,140.4632658,
794,E0220200217202,致遠小学校,青森県弘前市浜の町北1-7-1,,1,,1,,,,1,1,40.62536738,140.4605381,
795,E0220200217201,致遠小学校グラウンド,青森県弘前市浜の町北1-7-1,,1,,1,,1,,,1,40.62467114,140.4611068,
796,E0220200218201,富栄農村公園,青森県弘前市富栄字笹崎126,1,1,,1,,,1,,,40.63599682,140.4250741,
797,E0220200219201,船沢中学校グラウンド,青森県弘前市富栄字浅井名1,1,1,,1,,1,1,,1,40.642685999452,140.41484532734,
798,E0220200219202,船沢中学校,青森県弘前市富栄字浅井名1,1,1,,1,,,1,1,1,40.642262733314,140.41482360489,
799,E0220200220201,三ツ森町民会館,青森県弘前市富栄字浅井名171,1,1,,1,,,1,1,,40.64785851,140.4311071,
800,E0220200221201,富士見台公園,青森県弘前市富士見台1-5-14,1,1,,1,,,1,,,40.57216324,140.4738984,
801,E0220200222201,第三大成小学校グラウンド,青森県弘前市富田町47,,1,,1,,,,,1,40.58783603,140.4827646,
802,E0220200222202,第三大成小学校,青森県弘前市富田町47,1,1,,1,,,1,1,1,40.58685424,140.4820673,
803,E0220200223201,福村小学校グラウンド,青森県弘前市福村1-1-1,,1,,1,,1,,,1,40.60691464,140.5120474,
804,E0220200223202,福村小学校,青森県弘前市福村1-1-1,1,1,,1,,,1,1,1,40.60768,140.511738,
805,E0220200225201,文京公園,青森県弘前市文京町8-15,1,1,,1,,,1,,,40.58581278,140.471822,
806,E0220200226201,第二中学校グラウンド,青森県弘前市平岡町72,,1,,1,,1,,,1,40.60835197,140.4546553,
807,E0220200226202,第二中学校,青森県弘前市平岡町72,,1,,1,,,,1,1,40.60919292,140.4539282,
808,E0220200227201,第三中学校グラウンド,青森県弘前市豊原1-3-3,,1,,1,,1,,,1,40.582536,140.476569,
809,E0220200227202,第三中学校,青森県弘前市豊原1-3-3,1,1,,1,,,1,1,1,40.58341466,140.4761107,
810,E0220200228201,豊田小学校グラウンド,青森県弘前市豊田1-4-1,,1,,1,,1,,,1,40.5937744,140.4988235,
811,E0220200228202,豊田小学校,青森県弘前市豊田1-4-1,1,1,,1,,,1,1,1,40.59408434,140.4977104,
812,E0220200230201,弘前運動公園,青森県弘前市豊田2-3,1,1,,1,,1,1,,1,40.59172136,140.5033511,
813,E0220200231201,克雪トレーニングセンター,青森県弘前市豊田2-3-1,1,1,,1,,,1,1,1,40.59276419,140.5042308,
814,E0220200232201,三岳公園,青森県弘前市北園1-10-3,,1,,1,,1,,,,40.58005958,140.4793022,
815,E0220200233201,北園児童公園,青森県弘前市北園2-9-16,,1,,1,,,,,,40.58236989,140.4820511,
816,E0220200234202,東中学校,青森県弘前市末広3-2-1,1,1,,1,,,1,1,1,40.60299998,140.5034862,
817,E0220200234201,東中学校グラウンド,青森県弘前市末広3-2-1,,1,,1,,1,,,1,40.60216096,140.5037062,
818,E0220200235201,総合学習センター,青森県弘前市末広4-10-1,1,1,,1,,,1,1,1,40.6041971,140.5037698,
819,E0220200236201,城東公園,青森県弘前市末広4-9,,1,,1,,1,,,,40.60504887,140.5033055,
820,E0220200237201,弘前学院大学屋外,青森県弘前市稔町13-1,1,1,,1,,,1,,,40.583881,140.4678821,
821,E0220200238201,寺沢川ふれあい公園,青森県弘前市茂森新町4-103,1,1,,1,,,1,,,40.59004397,140.4482721,
822,E0220200239202,堀越小学校,青森県弘前市門外1-3-3,1,1,,1,,,1,1,1,40.5808295,140.4989656,
823,E0220200239201,堀越小学校グラウンド,青森県弘前市門外1-3-3,1,1,,1,,1,1,,1,40.58170084,140.4991876,
824,E0220200240201,堀越公民館,青森県弘前市門外2-3-11,1,1,,1,,,1,1,1,40.57895325,140.5043294,
825,E0220200243201,藍内町会交流館,青森県弘前市藍内字富田70-4,1,1,,1,,,1,1,,40.53620268,140.3696219,
826,E0220200244201,龍ノ口研修館,青森県弘前市龍ノ口字村元256-2,,1,,1,,,,1,,40.59770554,140.4245163,
827,E0220200245201,大和沢小学校グラウンド,青森県弘前市狼森字天王12-1,1,1,,1,,1,1,,1,40.55650881,140.471466,
828,E0220200245202,大和沢小学校,青森県弘前市狼森字天王12-1,1,1,,1,,,1,1,1,40.55678494,140.4707974,
829,E0220200247201,堅田集会所,青森県弘前市和徳町333-1,1,1,,1,,,1,1,,40.61210294,140.4886764,
830,E0220200248202,第一中学校,青森県弘前市和徳町363-13,1,1,,1,,,1,1,1,40.60861974,140.4771982,
831,E0220200248201,第一中学校グラウンド,青森県弘前市和徳町363-13,1,1,,1,,1,1,,1,40.60707216,140.4764767,
832,E0220200249201,昴地区集会所,青森県弘前市昴103,1,1,,1,,,1,1,,40.58770133,140.4075953,
833,E0220400050201,黒石市立武道場,青森県黒石市あけぼの町97-4,1,1,,1,,1,1,1,1,40.655344,140.607914,
834,E0220400050202,黒石市全天候型トレーニングセンター,青森県黒石市あけぼの町97-4,1,1,,1,,1,1,1,1,40.655753,140.607828,
835,E0220400001201,スポカルイン黒石,青森県黒石市ぐみの木3-65,1,1,,1,,1,1,1,1,40.6505971585094,140.594163146187,
836,E0220400053201,ちとせ中央広場,青森県黒石市ちとせ2-102,,1,,1,,1,1,1,,40.638329,140.598501,
837,E0220400003201,ちとせ２号公園,青森県黒石市ちとせ2-86,,1,,1,,1,1,1,,40.63993251,140.59620789,
838,E0220400004201,ちとせ１号公園,青森県黒石市ちとせ3-110,,1,,1,,1,1,1,,40.637312426383,140.60143827682,
839,E0220400005201,厚目内多目的集会施設,青森県黒石市沖浦字青荷澤22,1,1,,1,,1,1,1,1,40.542211209857,140.72770537307,
840,E0220400006201,旧厚目内小中学校グラウンド,青森県黒石市沖浦字大巻前46,1,1,,1,,1,1,1,,40.542237083271,140.72573435256,
841,E0220400008202,牡丹平地区センター,青森県黒石市牡丹平字諏訪野平9,1,1,,1,,1,1,1,1,40.632305,140.628138,
842,E0220400009201,山形地区センター,青森県黒石市温湯字派15-1,,1,,1,,1,1,1,1,40.609135,140.664584,
843,E0220400010202,黒石小学校,青森県黒石市株梗木字中渡1-1,1,1,,1,,1,1,1,1,40.6555143998941,140.591531557667,
844,E0220400010201,中郷中学校,青森県黒石市株梗木字中渡1-1,1,1,,1,,1,1,1,1,40.6559158693026,140.591011362357,
845,E0220400011201,社会福祉センター体育館,青森県黒石市境松1-1-1,1,1,,1,,1,1,1,1,40.6473276592481,140.581713063887,
846,E0220400012201,東公園,青森県黒石市柵ノ木2-54,1,1,,1,,1,1,1,,40.63549468,140.61113193,
847,E0220400013201,黒石中学校,青森県黒石市柵ノ木4-1,1,1,,1,,1,1,1,1,40.6395066367748,140.612066750091,
848,E0220400014201,六郷小学校,青森県黒石市三島字宮元380-1,1,1,,1,,1,1,1,1,40.6712902388011,140.619679398801,
849,E0220400015201,東地区センター,青森県黒石市春日町20-9,1,1,,1,,1,1,1,1,40.644222342815,140.60374692761,
850,E0220400016201,黒石東小学校,青森県黒石市春日町70,1,1,,1,,1,1,1,1,40.6448833956267,140.605693439147,
851,E0220400018202,北地区センター,青森県黒石市小屋敷字馬場尻道添12-2,,1,,1,,1,1,1,1,40.677202,140.594949,
852,E0220400021201,東英小学校,青森県黒石市上山形字築舘9-1,1,1,,1,,1,1,1,,40.6112023621333,140.663066636235,
853,E0220400022201,派立コミュニティセンター,青森県黒石市上十川字村元一番71-1,1,1,,1,,1,1,1,1,40.6626263891605,140.615356007079,
854,E0220400023201,上十川地区センター,青森県黒石市上十川字留岡一番17-2,,1,,1,,1,1,1,1,40.65718083867,140.61613364323,
855,E0220400024201,西部地区センター,青森県黒石市西ケ丘189-1,1,1,,1,,1,1,1,1,40.649586,140.585246,
856,E0220400025201,黒石高等学校体育館,青森県黒石市西ケ丘65,1,1,,1,,1,1,1,1,40.6474516631185,140.5866030779,
857,E0220400026201,一心友会館,青森県黒石市石名坂字櫻清水49-3,1,1,,1,,1,1,1,1,40.627199,140.631262,
858,E0220400027201,六郷地区センター,青森県黒石市赤坂字野崎1,1,1,,1,,1,1,1,1,40.670332,140.62385,
859,E0220400029201,浅瀬石児童公園,青森県黒石市浅瀬石字村上158-3,,1,,1,,1,1,1,,40.62842173,140.61179602,
860,E0220400030202,浅瀬石地区センター,青森県黒石市浅瀬石字村上160,,1,,1,,1,1,1,1,40.628936,140.610725,
861,E0220400032201,浅瀬石川河川公園,青森県黒石市袋井1-197,,1,,1,,1,1,1,,40.63958908,140.59258466,
862,E0220400033201,落合街区公園,青森県黒石市袋字富山37-4,1,1,,1,,1,1,1,,40.60479237,140.67704759,
863,E0220400047201,津軽伝承工芸館,青森県黒石市袋字富山65-1,1,1,,1,,1,1,1,1,40.60574,140.676117,
864,E0220400048201,津軽こけし館,青森県黒石市袋字富山72-1,1,1,,1,,1,1,1,1,40.606552,140.675827,
865,E0220400052201,黒石市役所わのまちセンター,青森県黒石市大字市ノ町2-1,1,1,,1,,1,1,1,1,40.643368,140.594467,
866,E0220400034201,沖揚平活性化施設,青森県黒石市大川原字蛭貝沢203,1,1,,1,,1,1,1,1,40.641675990072,140.80009743935,
867,E0220400035201,旧大川原小学校沖揚平分校グラウンド,青森県黒石市大川原字蛭貝沢257-1,1,1,,1,,1,1,1,,40.6440616737,140.803373577,
868,E0220400036201,大川原活性化施設,青森県黒石市大川原字萢森下6-1,,,,1,,1,1,1,1,40.6338726429,140.715302972,
869,E0220400038201,竹鼻地区農村公園,青森県黒石市竹鼻字宮元35-1,1,1,,1,,1,1,1,,40.6831646489,140.618679455,
870,E0220400039201,追子野木会館,青森県黒石市追子野木1-92,,1,,1,,1,1,1,1,40.6389990001,140.590045241,
871,E0220400040202,追子野木地区センター,青森県黒石市追子野木3-145-1,,1,,1,,1,1,1,1,40.6371,140.588242,
872,E0220400041202,スポーツ交流センター,青森県黒石市内町24-1,1,1,,1,,1,1,1,1,40.6424688739,140.59268083216,
873,E0220400041201,黒石市みんなのホール,青森県黒石市内町24-1,1,1,,1,,1,1,1,1,40.6429612121211,140.592222639044,
874,E0220400042201,御幸公園,青森県黒石市内町31-5,1,1,,1,,1,1,1,,40.64200972,140.59096,
875,E0220400043201,中部地区センター,青森県黒石市北美町1-65-1,1,1,,1,,1,1,1,1,40.654243416121,140.60177266314,
876,E0220400044201,北美街区公園,青森県黒石市北美町3-68-5,1,1,,1,,1,1,1,,40.65737044,140.59896473,
877,E0220400049201,老人福祉センター,青森県黒石市北美町一丁目65-1,1,1,,1,,1,1,1,1,40.653984,140.60231,
878,E0220400045201,黒石運動公園,青森県黒石市緑ケ丘182,1,1,,1,,1,1,1,,40.66887974,140.59468368,
879,E0220400046201,駅前多目的広場,青森県黒石市緑町2-190,1,1,,1,,1,1,1,,40.64910967,140.59231191,
880,E0230300002201,眺海の森ウッドパーク,青森県今別町今別山国有林107,1,,1,,1,1,1,,,41.1704041579302,140.465658336453,
881,E0230300005201,旧開智小学校,青森県今別町大字奥平部字村元道添66-4,1,,1,1,1,1,1,,,41.2219255874352,140.566342192965,
882,E0230300006201,村元河川公園,青森県今別町大字今別,,1,,1,,,1,,,41.182469415063,140.490245126543,
883,E0230300015201,海峡あすなろ公園,青森県今別町大字今別字中沢54-2,,1,,1,,1,,,,41.180041046224,140.49279504648,
884,E0230300018201,砂ヶ森稲荷神社,青森県今別町大字砂ケ森字砂村元40-1,,,1,,1,,1,,,41.223749243464,140.557712050237,
885,E0230300023201,今別町山村広場,青森県今別町大字山崎字山崎73-1,,1,,1,,1,,,,41.1846261311457,140.493583103112,
886,E0230300029201,奥津軽いまべつ駅屋内駐車場,青森県今別町大字大川平字清川92-1,1,,1,1,1,1,,,,41.144911447632,140.514579948098,
887,E0230300032201,大泊浄水場,青森県今別町大字大泊字上山崎63-7,1,,1,,1,1,,,,41.2103798486261,140.524686993198,
888,E0230300034201,大泊稲荷神社,青森県今別町大字大泊字大村元7-1,1,,1,,,,,,,41.2145829039979,140.524185407648,
889,E0230300035201,鋳釜崎キャンプ場,青森県今別町大字大泊字鋳釜21-1,1,1,1,1,1,,,,,41.2202944588188,140.528007626102,
890,E0230300038201,てんしょう苑,青森県今別町大字浜名字二ツ石7-409,1,1,1,,1,1,1,,,41.1851046816485,140.449377549018,
891,E0242600002201,旧磯谷小中学校校庭,青森県佐井村大字佐井字磯谷10-2,1,,1,1,1,1,1,1,1,41.40162072087,140.8351167868,
892,E0242600003201,磯谷防災公園,青森県佐井村大字佐井字磯谷111-4,1,,1,1,1,1,1,1,1,41.398478018983,140.83340555401,
893,E0242600004201,ゆうなぎの里　駐車場,青森県佐井村大字佐井字原田55-2,1,1,1,1,1,1,1,1,1,41.454995774406,140.881168567,
894,E0242600005201,常信寺,青森県佐井村大字佐井字古佐井100-1,1,,1,1,1,1,1,1,1,41.433514480787,140.86841745198,
895,E0242600006201,長福寺,青森県佐井村大字佐井字古佐井112-1,1,1,1,1,1,1,1,1,1,41.434968287208,140.8671004189,
896,E0242600007201,発信寺,青森県佐井村大字佐井字古佐井25-1,1,1,1,1,1,1,1,1,1,41.432481477052,140.86693179287,
897,E0242600008201,法性寺,青森県佐井村大字佐井字古佐井30,1,1,1,1,1,1,1,1,1,41.432199943613,140.86747896351,
898,E0242600011201,佐井小学校校庭,青森県佐井村大字佐井字糠森103-3,1,1,1,1,1,1,1,1,1,41.431417800392,140.85857660742,
899,E0242600014201,津軽海峡文化館,青森県佐井村大字佐井字大佐井112-1,1,1,,1,,1,1,1,1,41.433051481376,140.86154501759,
900,E0242600018201,佐井中学校校庭,青森県佐井村大字佐井字中道75,1,1,1,1,1,1,1,1,1,41.442849034252,140.87172402155,
901,E0242600020201,八幡宮,青森県佐井村大字佐井字八幡堂37,1,1,1,1,1,1,1,1,1,41.431514260567,140.86442790572,
902,E0242600021201,願掛公園駐車場,青森県佐井村大字佐井字矢越,1,1,1,1,1,1,1,1,1,41.416195938684,140.8379049508,
903,E0242600023201,牛滝小中学校　校庭,青森県佐井村大字長後字牛滝川目99,1,,1,1,1,1,1,1,1,41.289595658199,140.80501864905,
904,E0242600024201,旧長後小中学校校庭,青森県佐井村大字長後字長後川目22,1,,1,1,1,1,1,1,1,41.367097943425,140.8294539588,
905,E0242600025201,福浦小中学校　校庭,青森県佐井村大字長後字福浦川目69,1,,1,1,1,1,1,1,1,41.327600811533,140.8142877231,
906,E0244100001201,杉沢小中学校,青森県三戸町大字貝守字杉沢向平50,1,,,1,,1,1,,1,40.379761038298,141.10164460282,
907,E0244100005201,久川町内会館,青森県三戸町大字久慈町3-2,1,,,,,,,,,40.387613812832,141.26377200587,
908,E0244100037201,袴田生活改善センター,青森県三戸町大字袴田字下屋敷35,1,1,,,,,1,,,40.383373,141.210577,
909,E0244100009201,蛇沼やまびこ会館,青森県三戸町大字蛇沼字馬場平88,1,,,,,,1,,1,40.396321882542,141.19090712455,
910,E0244100012201,三戸共同福祉施設　（ジョイ・ワーク三戸）,青森県三戸町大字川守田字関根4-11,1,1,,1,,1,1,,1,40.3809033466083,141.255719723559,
911,E0244100013201,中央公民館,青森県三戸町大字川守田字関根川原55,,1,,1,,1,1,,1,40.380091771307,141.25498029287,
912,E0244100014201,元木平町内会館,青森県三戸町大字川守田字元木平41-5,,1,,,,,1,,,40.394536773831,141.26485117866,
913,E0244100015201,スポーツ文化福祉複合施設（アップルドーム）,青森県三戸町大字川守田字元木平8-1,1,,,1,,1,1,,1,40.390110922214,141.26589151914,
914,E0244100016201,境沢集会場,青森県三戸町大字川守田字草鞋平58-5,1,,,,,,,,,40.372030710654,141.24134346919,
915,E0244100020201,八日町町内会館,青森県三戸町大字川守田字八日町87-3,1,,,,,,,,,40.376786105791,141.25723170472,
916,E0244100022201,泉山あすなろ会館,青森県三戸町大字泉山字泉山44,1,,,,,,1,,1,40.382336983931,141.28062341578,
917,E0244100027201,同心町町内会館,青森県三戸町大字同心町字上川原79,1,,,,,,,,,40.378016166623,141.25191020204,
918,E0244100029201,上同心町町内会館,青森県三戸町大字同心町字同心町平40-9,1,,,,,,,,,40.373455429686,141.24703931047,
919,E0244100030201,上二日町町内会館,青森県三戸町大字二日町77,1,,,,,,,,,40.380123553835,141.2590937329,
920,E0244100034201,梅内ふれあい会館,青森県三戸町大字梅内字村中114-2,1,1,,,,,1,,1,40.37588986534,141.2804372348,
921,E0244100035201,豊川ほうえい会館,青森県三戸町大字豊川字上村中13-1,1,1,,,,,1,,1,40.365013567469,141.22926926081,
922,E0244100036201,目時さわやか会館,青森県三戸町大字目時字中道80-1,1,1,,,,,1,,1,40.348404440915,141.27865165559,
923,E0220700001201,さつきヶ丘公園,青森県三沢市さつきケ丘１地内,1,1,1,1,1,,1,1,,40.67382496594,141.40029168436,
924,E0220700005201,越下農村公園,青森県三沢市越下１地内,1,1,1,1,1,,1,1,,40.799434135589,141.36073081403,
925,E0220700006201,塩釜農村公園,青森県三沢市塩釜３地内,1,1,1,1,,,1,1,,40.805881188312,141.39866025389,
926,E0220700010201,三沢市立岡三沢小学校（校庭）,青森県三沢市岡三沢3-1-1,1,1,1,1,1,1,1,1,1,40.687355114911,141.37291422353,
927,E0220700009201,岡三沢公園,青森県三沢市岡三沢３地内,1,1,1,1,1,,1,1,,40.68817513,141.37600202,
928,E0220700011201,下久保公園,青森県三沢市下久保２地内,1,1,1,1,1,,1,1,,40.68780393,141.38368063,
929,E0220700012201,まきば公園,青森県三沢市下久保３地内,1,1,1,1,1,,1,1,,40.68962616,141.38167945,
930,E0220700014201,三沢市立古間木小学校（校庭）,青森県三沢市古間木1-152-139,1,1,1,1,1,1,1,1,1,40.671406262409,141.34733191545,
931,E0220700018201,根井団体活動センター,青森県三沢市根井1-94-1,1,1,1,1,1,1,1,1,,40.756938358352,141.37675382371,
932,E0220700019201,中央公園,青森県三沢市桜町１地内,1,1,1,1,1,1,1,1,,40.683180396521,141.37077578739,
933,E0220700021201,三沢市立第五中学校（校庭）,青森県三沢市字古間木山141-111,1,1,1,1,1,1,1,1,1,40.670468237921,141.35845669594,
934,E0220700023201,三沢市立三川目小学校（校庭）,青森県三沢市鹿中2-145-459,1,1,1,1,,1,1,1,1,40.681340580929,141.42775053855,
935,E0220700022201,鹿中農村公園,青森県三沢市鹿中２地内,1,1,1,1,,,1,1,,40.686129901301,141.42485408007,
936,E0220700099201,春日台せせらぎ公園,青森県三沢市春日台2,1,,1,1,1,1,1,1,,40.667122,141.347531,
937,E0220700025201,青森県立三沢商業高等学校　（校庭）,青森県三沢市春日台2-154,1,1,1,1,1,1,1,1,1,40.667424741981,141.34408005562,
938,E0220700027201,青森県立三沢高等学校（校庭）,青森県三沢市松園町1-1,1,1,1,1,1,1,1,1,1,40.678914432061,141.36982926215,
939,E0220700029201,三沢市立第一中学校（校庭）,青森県三沢市松園町2-1-34,1,1,1,1,1,1,1,1,1,40.679370073001,141.36811264839,
940,E0220700026201,松園公園,青森県三沢市松園町１地内,1,1,1,1,1,1,1,1,,40.676946501033,141.37226173184,
941,E0220700028201,深谷公園,青森県三沢市松園町２地内,1,1,1,1,1,,1,1,,40.67520796,141.36804437,
942,E0220700028202,南公園,青森県三沢市松園町２地内,1,1,1,1,1,,1,1,,40.677585483273,141.36696007836,
943,E0220700032201,栄公園,青森県三沢市松園町３地内,1,1,1,1,1,,1,1,,40.67631372,141.36293652,
944,E0220700035201,三沢高等学校野球場,青森県三沢市松原町2-45,1,1,1,1,1,1,1,1,,40.668336365057,141.37476362462,
945,E0220700037201,織笠団体活動センター,青森県三沢市織笠4-2692-1,1,1,1,1,,1,1,1,,40.794574762964,141.39845301788,
946,E0220700036201,織笠農村公園,青森県三沢市織笠１地内,1,1,1,1,,,1,1,,40.789356806964,141.401602689,
947,E0220700038201,新森南公園,青森県三沢市新森１地内,1,1,1,1,,,1,1,,40.781620083517,141.39102683174,
948,E0220700039201,新森中央公園,青森県三沢市新森２地内,1,1,1,1,,,1,1,,40.784801137083,141.3903805631,
949,E0220700040201,新町まちかど広場,青森県三沢市新町２地内,1,1,1,1,1,,,1,,40.67357618165,141.35364502844,
950,E0220700041201,三沢公園,青森県三沢市新町４地内,1,1,1,1,1,1,1,1,,40.676977803672,141.35125466854,
951,E0220700043201,千代田ふれあい公園,青森県三沢市千代田町３地内,1,1,1,1,1,,1,1,,40.667856254534,141.3590982478,
952,E0220700045201,泉公園,青森県三沢市泉町１地内,1,1,1,1,1,,1,1,,40.66545484,141.38149327,
953,E0220700046201,前平南公園,青森県三沢市前平１地内,1,1,1,1,1,,1,1,,40.67128696166,141.40637711393,
954,E0220700046202,前平西公園,青森県三沢市前平１地内,1,1,1,1,1,,1,1,,40.673621097925,141.40555300502,
955,E0220700046203,前平中央公園,青森県三沢市前平１地内,1,1,1,1,1,,1,1,,40.672513708206,141.40969331648,
956,E0220700047203,前平東公園,青森県三沢市前平２地内,1,1,1,1,1,,1,1,,40.671457846927,141.41209826574,
957,E0220700047201,前平ひろば,青森県三沢市前平２地内,1,1,1,1,1,,1,1,,40.675314855009,141.41188368903,
958,E0220700047202,前平北公園,青森県三沢市前平２地内,1,1,1,1,1,,1,1,,40.675050730625,141.41358099299,
959,E0220700048201,ふるまぎ希望の丘公園,青森県三沢市大字犬落瀬字古間木地内,1,1,1,1,1,,1,1,,40.674143516509,141.34257378429,
960,E0220700050201,三沢市立三沢小学校（校庭）,青森県三沢市大字三沢字園沢93-2,1,1,1,1,1,1,1,1,1,40.683879832861,141.40136901224,
961,E0220700051201,三沢市立第二中学校（校庭）,青森県三沢市大字三沢字園沢97-2,1,1,1,1,1,1,1,1,1,40.685172793095,141.40798443975,
962,E0220700052201,園沢南公園,青森県三沢市大字三沢字園沢地内,1,1,1,1,1,,1,1,,40.680722001083,141.40769410211,
963,E0220700053201,下タ沢公園,青森県三沢市大字三沢字下タ沢地内,1,1,1,1,1,,1,1,,40.697822437136,141.39181822714,
964,E0220700056201,三沢市屋内温水プール,青森県三沢市大字三沢字戸崎101-1553,1,1,1,1,1,,1,1,,40.745941695973,141.38313211675,
965,E0220700057201,細谷農村公園,青森県三沢市大字三沢字戸崎地内,1,1,1,1,,,1,1,,40.754193819065,141.40608966356,
966,E0220700058201,招和台,青森県三沢市大字三沢字山ノ神地内,1,1,1,1,1,,1,1,,40.691824698549,141.40124500014,
967,E0220700058202,あじさい広場,青森県三沢市大字三沢字山ノ神地内,1,1,1,1,1,,1,1,,40.692886294174,141.40113771179,
968,E0220700059201,三沢市立おおぞら小学校（校庭）　三沢市立第三中学校（校庭）,青森県三沢市大字三沢字庭構1084-33,1,1,1,1,,1,1,1,1,40.780542746711,141.40032061423,
969,E0220700060201,ふるさとはまなす公園,青森県三沢市大字三沢字庭構地内,1,1,1,1,,1,1,1,,40.780612,141.39749992,
970,E0220700065201,三沢市立堀口中学校（校庭）,青森県三沢市大字三沢字堀口94-143,1,1,1,1,1,1,1,1,1,40.682250302587,141.383648003,
971,E0220700066201,ホスピタル・パーク,青森県三沢市大字三沢字堀口地内,1,1,1,1,1,1,1,1,,40.67031621453,141.3894922419,
972,E0220700069201,三沢市立上久保小学校（校庭）,青森県三沢市大町1-3-9,1,1,1,1,1,1,1,1,1,40.678082617624,141.35784195135,
973,E0220700068201,滝ノ沢公園,青森県三沢市大町１地内,1,1,1,1,1,1,1,1,,40.6792768,141.35590658,
974,E0220700071201,上久保公園,青森県三沢市大町３地内,1,1,1,1,1,,1,1,,40.676206176396,141.35951510023,
975,E0220700072201,大津南公園,青森県三沢市大津１地内,1,1,1,1,1,,1,1,,40.680111028477,141.41507077402,
976,E0220700074201,大津西公園,青森県三沢市大津３地内,1,1,1,1,1,,1,1,,40.684118224685,141.41226157599,
977,E0220700075201,大津北公園,青森県三沢市大津４地内,1,1,1,1,1,,1,1,,40.682997328029,141.41781735605,
978,E0220700076201,谷地頭団体活動センター,青森県三沢市谷地頭1-1752-1,1,1,1,1,1,1,1,1,,40.779031146197,141.36996988395,
979,E0220700077201,道の駅みさわ斗南藩記念観光村,青森県三沢市谷地頭4-298-652,1,1,1,1,1,1,1,1,,40.785894323482,141.36446341895,
980,E0220700079201,三沢市アメリカ広場,青森県三沢市中央町２地内,1,1,1,1,1,,1,1,,40.685198369461,141.36556116759,
981,E0220700079202,なかよし公園,青森県三沢市中央町２地内,1,1,1,1,1,,1,1,,40.6836739,141.36619249,
982,E0220700081201,三沢市立木崎野小学校（校庭）,青森県三沢市東町4-2,1,1,1,1,1,1,1,1,1,40.676927572574,141.37722873902,
983,E0220700080201,木崎野公園,青森県三沢市東町３地内,1,1,1,1,1,,1,1,,40.67595665,141.37634747,
984,E0220700083201,南山いこいの広場,青森県三沢市南山４地内,1,1,1,1,1,,1,1,,40.679146234471,141.39403201437,
985,E0220700084201,南町公園,青森県三沢市南町３地内,1,1,1,1,1,,1,1,,40.670901587277,141.36983238199,
986,E0220700085201,駅東公園,青森県三沢市南町４地内,1,1,1,1,1,,1,1,,40.666818045727,141.37307060927,
987,E0220700087201,日の出公園,青森県三沢市日の出４地内,1,1,1,1,1,,1,1,,40.67445216,141.38406605,
988,E0220700088201,美野原公園,青森県三沢市美野原２地内,1,1,1,1,1,,1,1,,40.68050376,141.37662461,
989,E0220700090201,平畑公園,青森県三沢市平畑２地内,1,1,1,1,1,,1,1,,40.690196910614,141.37003611477,
990,E0220700091201,こがね公園,青森県三沢市堀口２地内,1,1,1,1,1,1,1,1,,40.68458961,141.38108532,
991,E0220700092201,緑町公園,青森県三沢市緑町１地内,1,1,1,1,1,,1,1,,40.68502559,141.37496437,
992,E0220700094201,淋代団体活動センター,青森県三沢市淋代3-354,1,1,1,1,,1,1,1,,40.730814427534,141.41552074233,
993,E0220700093201,淋代農村公園,青森県三沢市淋代３地内,1,1,1,1,,,1,1,,40.73105775167,141.41421935164,
994,E0220700095201,六川目団体活動センター,青森県三沢市六川目2-100-7,1,1,1,1,,1,1,1,,40.764715,141.404336,
995,E0220700096201,はまなす団体活動センター,青森県三沢市六川目8-34-16,1,1,1,1,,1,1,1,,40.778240744471,141.39968887157,
996,E0240200059201,七戸町総合アリーナ,青森県七戸町荒熊内67-170,,,,1,,,,,1,40.717225,141.146381,
997,E0240200001201,李沢地区集会所,青森県七戸町字姥沢2-2,,1,,1,,,,,1,40.76561649,141.2399243,
998,E0240200001202,李沢地区集会所グラウンド,青森県七戸町字姥沢2-2,,1,,1,,,,,1,40.765661,141.240339,
999,E0240200002201,榎林こども園グラウンド,青森県七戸町字榎林家ノ前40,,1,,1,,,,,,40.736699897955,141.21888398703,
1000,E0240200003201,榎林地区農産物加工等施設,青森県七戸町字榎林家ノ前40-1,,1,,1,,,,,1,40.73724678,141.2191862,
1001,E0240200004202,白石地区コミュニティセンターグラウンド,青森県七戸町字堰代6-2,,1,,1,,,,,1,40.777889,141.121962,
1002,E0240200004201,白石地区コミュニティセンター,青森県七戸町字堰代6-2,,1,,1,,,,,1,40.778096,141.122032,
1003,E0240200005202,四ヶ村集会所,青森県七戸町字花松林ノ根35-1,,,,1,,,,,1,40.72269867,141.2016928,
1004,E0240200005203,四ヶ村集会所グラウンド,青森県七戸町字花松林ノ根35-1,,,,1,,,,,1,40.72272916,141.2013092,
1005,E0240200005201,七戸町天間林宿泊交流施設　かだれ天間林,青森県七戸町字花松林ノ根35-1,,,,1,,,,,1,40.722363254088,141.20177595767,
1006,E0240200007202,七戸町立城南小学校グラウンド,青森県七戸町字舘野32-58,,,,1,,,,,1,40.68710982,141.1570623,
1007,E0240200007201,七戸町立城南小学校,青森県七戸町字舘野32-58,,,,1,,,,,1,40.686864,141.157559,
1008,E0240200008203,県立七戸高等学校グラウンド,青森県七戸町字舘野47-31,,1,,1,,,,,1,40.68857262,141.1556268,
1009,E0240200008201,県立七戸高等学校（第二体育館）,青森県七戸町字舘野47-31,,1,,1,,,,,1,40.68877315,141.1544436,
1010,E0240200008202,県立七戸高等学校（第一体育館）,青森県七戸町字舘野47-31,,1,,1,,,,,1,40.68916771,141.1542183,
1011,E0240200009201,農村交流施設絵馬の里交流館,青森県七戸町字見町48-1,,1,,1,,,,,1,40.67146859,141.1363276,
1012,E0240200010202,坪地区農産加工等施設前グラウンド,青森県七戸町字後平112,,1,,1,,,,,1,40.77428191,141.14399850185,
1013,E0240200010201,坪地区農産物加工等施設,青森県七戸町字後平112,,1,,1,,,,,1,40.774448,141.143409,
1014,E0240200012201,七戸町観光交流センター,青森県七戸町字荒熊内207,,,,1,,,,,1,40.719728007716,141.15310276036,
1015,E0240200013201,道の駅しちのへ　物産館,青森県七戸町字荒熊内67-94,,,,1,,,,,1,40.71664995,141.1551794,
1016,E0240200013202,道の駅しちのへ　七彩館,青森県七戸町字荒熊内67-94,,,,1,,,,,1,40.71680446,141.1548146,
1017,E0240200013203,道の駅しちのへ駐車場,青森県七戸町字荒熊内67-94,,,,1,,,,,1,40.71715412,141.1545356,
1018,E0240200014201,道の駅しちのへ　情報館,青森県七戸町字荒熊内67-997,,,,1,,,,,1,40.7171200495651,141.155237666317,
1019,E0240200015202,中山間活性化センター,青森県七戸町字山舘25-1,,1,,1,,,,,1,40.695949189913,141.10023267487,
1020,E0240200015201,農産物加工開発研修センター,青森県七戸町字山舘25-1,,1,,1,,,,,1,40.695678721823,141.10033454788,
1021,E0240200016201,七戸農村環境改善センター柏葉館,青森県七戸町字七戸22-8,1,1,,1,,,,,1,40.696313,141.15074,
1022,E0240200017201,公立もみのき学園グラウンド,青森県七戸町字蛇坂45-2,,1,,1,,,,,,40.70987297,141.1491621,
1023,E0240200018201,県立七戸養護学校（体育館）,青森県七戸町字蛇坂57-31,,1,,1,,,,,1,40.71116741,141.1523361,
1024,E0240200018202,県立七戸養護学校グラウンド,青森県七戸町字蛇坂57-31,,1,,1,,,,,1,40.71064896,141.1521081,
1025,E0240200019201,七戸町立武道館,青森県七戸町字蛇坂57-59,,,,1,,,,,1,40.712108682046,141.15442264683,
1026,E0240200020201,中野地区コミュニティセンター,青森県七戸町字手代森52-2,,1,,1,,,,,1,40.73471371,141.1531781,
1027,E0240200020202,中野地区コミュニティセンターグラウンド,青森県七戸町字手代森52-2,,1,,1,,,,,1,40.73478688,141.1527543,
1028,E0240200022201,農村交流センター駒踊り伝承館,青森県七戸町字沼ノ沢39-7,,1,,1,,,,,1,40.65234325,141.13776,
1029,E0240200023201,七戸町立七戸小学校,青森県七戸町字上町野130,,,,1,,,,,1,40.70594191,141.1537589,
1030,E0240200023202,七戸町立七戸小学校グラウンド,青森県七戸町字上町野130,,,,1,,,,,1,40.70550972,141.1525991,
1031,E0240200024201,七戸町天間林商工会グラウンド,青森県七戸町字森ノ下48,,1,,1,,,,,,40.74484507208,141.17515324896,
1032,E0240200025201,天間林農村環境改善センター,青森県七戸町字森ノ下48-2,,1,,1,,,,,1,40.745217517469,141.17447796746,
1033,E0240200026201,七戸町役場本庁舎駐車場,青森県七戸町字森ノ上131-4,,,,1,,,,,,40.74425391,141.1579997,
1034,E0240200027201,天間林老人福祉センター,青森県七戸町字森ノ上16-4,,,,1,,,,,1,40.7453628,141.1696976,
1035,E0240200027202,七戸町立天間林中学校体育館,青森県七戸町字森ノ上16-4,,,,1,,,,,1,40.745785466477,141.16968151535,
1036,E0240200028201,七戸町立天間林小学校,青森県七戸町字森ノ上180-1,,,,1,,,,,1,40.747135,141.161445,
1037,E0240200028202,七戸町立天間林小学校グラウンド,青森県七戸町字森ノ上180-1,,,,1,,,,,1,40.74723636,141.1604741,
1038,E0240200030201,七戸中央公民館駐車場,青森県七戸町字森ノ上210,,,,1,,,,,1,40.74542707,141.1570509,
1039,E0240200032201,天間林保健センター,青森県七戸町字森ノ上359-5,,,,1,,,,,1,40.74511558,141.1591753,
1040,E0240200034201,七戸町文化交流センター,青森県七戸町字前田32,,,,1,,,,,1,40.68586278,141.1256196,
1041,E0240200035201,七戸町立七戸第２多目的グラウンド,青森県七戸町字前田32-12,,,,1,,,,,,40.68551525,141.1256483,
1042,E0240200036201,七戸町立七戸第２体育館,青森県七戸町字前田32-6,,,,1,,,,,1,40.68555159,141.1264404,
1043,E0240200037201,倉越児童公園駐車場,青森県七戸町字倉越66-6,,,,1,,,,,,40.70402191,141.1593824,
1044,E0240200039201,県営農大学校（体育館）,青森県七戸町字大沢48-8,,,,1,,,,,1,40.72129248,141.1607282,
1045,E0240200040201,旧七戸町立野々上小中学校グラウンド,青森県七戸町字中村55-11,,,,1,,,,,,40.65700177,141.1383512,
1046,E0240200041203,七戸町中央公園駐車場,青森県七戸町字中野16-1,,,,1,,,,,1,40.73688031,141.1650231,
1047,E0240200041201,ふれあいセンター,青森県七戸町字中野16-1,,,,1,,,,,1,40.73883278,141.1660017,
1048,E0240200041202,屋内スポーツセンター,青森県七戸町字中野16-1,,,,1,,,,,1,40.73897766,141.1650767,
1049,E0240200042201,森ノ上地区コミュニティセンター,青森県七戸町字中野96-1,,,,1,,,,,1,40.74264747,141.1641248,
1050,E0240200043201,柏葉公園,青森県七戸町字町1,1,,,1,,,,,,40.69792869,141.1492332,
1051,E0240200044201,旧七戸町立榎林中学校グラウンド,青森県七戸町字塚長根17-2,,,,1,,,,,,40.73969302,141.2090113,
1052,E0240200045201,七戸町七戸運動公園駐車場,青森県七戸町字鶴児平1-108,,,,1,,,,,,40.70473265,141.1324916,
1053,E0240200047202,七戸町立七戸中学校グラウンド,青森県七戸町字鶴児平191,,,,1,,,,,1,40.70311851,141.132622,
1054,E0240200047201,七戸町立七戸中学校,青森県七戸町字鶴児平191,,,,1,,,,,1,40.704084,141.131172,
1055,E0240200049201,天神林児童公園,青森県七戸町字天神林18-3,,,,1,,,,,,40.69136414,141.1545396,
1056,E0240200050201,道ノ上地区コミュニティセンター,青森県七戸町字道ノ上133-2,,1,,1,,,,,1,40.751004442782,141.14977537673,
1057,E0240200053201,二ツ森地区コミュニティセンターグラウンド,青森県七戸町字二ツ森家ノ後1-3,,1,,1,,,,,,40.74533375,141.2335102,
1058,E0240200054201,二ツ森地区コミュニティセンター,青森県七戸町字二ツ森家ノ後3-2,,1,,1,,,,,1,40.7452992,141.2338535,
1059,E0240200055201,旧七戸町立天間東小学校グラウンド,青森県七戸町字鉢森平181-26,,,,1,,,,,,40.74837428,141.219075,
1060,E0240200056201,七戸町総合福祉センターゆうずらんど,青森県七戸町字立野頭139-1,,1,,1,,,,,1,40.70595221,141.1688402,
1061,E0240200057201,哘地区集会所,青森県七戸町字哘平47-20,,1,,1,,,,,1,40.74905343,141.1191568,
1062,E0240200057202,哘地区集会所グラウンド,青森県七戸町字哘平47-20,,1,,1,,,,,1,40.74919364,141.1191166,
1063,E0240200058201,旧七戸幼稚園運動場,青森県七戸町七戸9-1,1,,,1,,,,,,40.69659917,141.1502978,
1064,E0220600001201,ひがしの公園,青森県十和田市ひがしの2-232-4,1,1,,1,,1,1,1,,40.631168375084,141.22564454045,
1065,E0220600003201,元町公園,青森県十和田市元町東2-67,1,1,,1,,1,1,1,,40.6274897,141.21015502,
1066,E0220600005201,三本木公園,青森県十和田市西三番町10-6,1,1,,1,,1,1,1,,40.61220613,141.21091943397,
1067,E0220600006201,中央公園,青森県十和田市西三番町160,1,1,,1,,1,1,1,,40.610263002324,141.2069181341,
1068,E0220600011201,西金崎公園,青森県十和田市西二十二番町385-87,1,1,,1,,1,1,1,,40.610275042977,141.19213680629,
1069,E0220600012201,若葉公園,青森県十和田市西二十二番町386-183,1,1,,1,,1,1,1,,40.60921464,141.19682569,
1070,E0220600013201,八甲公園,青森県十和田市西二番町75,1,1,,1,,1,1,1,,40.61519369,141.2076684,
1071,E0220600014201,南運動広場,青森県十和田市西六番町330-1,1,1,,1,,1,1,1,,40.6010255061,141.220280359,
1072,E0220600036201,栄森公園,青森県十和田市大字洞内字後野2-5,1,1,,1,,1,1,1,,40.657363644404,141.19134590394,
1073,E0220600043201,大門公園,青森県十和田市東一番町30-37,1,1,,1,,1,1,1,,40.619404413215,141.21280076515,
1074,E0220600044201,太素公園,青森県十和田市東三番町24-1,1,1,,1,,1,1,1,,40.61658849,141.21991861,
1075,E0220600046201,瀬戸山公園,青森県十和田市東三番町40-1,1,1,,1,,1,1,1,,40.614105055934,141.21922909603,
1076,E0220600047201,あけぼの公園,青森県十和田市東十五番町101-6,1,1,,1,,1,1,1,,40.60650998,141.22878904,
1077,E0220600048201,三本木霊園,青森県十和田市東十三番町20-5,1,1,,1,,1,1,1,,40.61531067,141.23093549,
1078,E0220600050201,前谷地公園,青森県十和田市東二十一番町16-171,1,1,,1,,1,1,1,,40.62516421,141.22357114,
1079,E0220600051201,三木野公園,青森県十和田市東二十三番町17-1,1,1,,1,,1,1,1,,40.621664814666,141.22970618188,
1080,E0220600052201,北里公園,青森県十和田市東二十三番町17-391,1,1,,1,,1,1,1,,40.621323,141.235258,
1081,E0220600054201,東小稲公園,青森県十和田市穂並町105-35,1,1,,1,,1,1,1,,40.60254157,141.22443683,
1082,E0220600055201,小稲公園,青森県十和田市穂並町108-14,1,1,,1,,1,1,1,,40.605809208251,141.21919634117,
1083,E0245000001201,都市農村交流センター美郷館,青森県新郷村大字戸来字風呂前10,1,1,,1,,,,,1,40.466537371465,141.173804814786,
1084,E0245000002201,旧西越小学校体育館,青森県新郷村大字西越字佐野平57,1,1,,1,,,,,1,40.4388879336561,141.203359344685,
1085,E0232300001201,旧横磯集会所（深山神社）,青森県深浦町横磯字下岡崎82,1,1,1,1,1,1,1,,,40.629626842391,139.89208716246,
1086,E0232300003201,第一北金ヶ沢浄水場駐車場,青森県深浦町関字小童子山1-189,1,1,1,1,1,1,1,,,40.740461478005,140.10454286605,
1087,E0232300006201,国道１０１号いこいの駐車帯（関地区）,青森県深浦町関字栃沢47-1,1,1,1,1,1,1,1,,,40.74129328,140.1003938,
1088,E0232300009201,北金ヶ沢駅前駐車場,青森県深浦町関字栃沢89-5,1,1,,,,1,1,,,40.74598133,140.095564,
1089,E0232300010201,旧大戸瀬支所前駐車場,青森県深浦町関字栃沢99-1,1,1,,,,1,1,,,40.74637139,140.0959349,
1090,E0232300013201,旧郵便局前付近（県道岩崎深浦線）,青森県深浦町岩崎字玉坂69-1,,,,,1,,,,,40.587579729205,139.91320480378,
1091,E0232300015201,旧いわさき小学校グラウンド,青森県深浦町岩崎字松原113,1,,1,1,1,1,1,,,40.585835211736,139.92330256627,
1092,E0232300018201,行合崎駐車場,青森県深浦町広戸字家野上125-5,1,1,1,1,1,1,1,,,40.66569871,139.9415184,
1093,E0232300020201,自然休養村運動広場,青森県深浦町広戸字家野上95-201,1,1,1,1,1,1,1,,,40.66430068,139.9433536,
1094,E0232300021201,旧岩崎南小学校グラウンド,青森県深浦町黒崎字小浜158-4,1,1,,,,1,1,,,40.51435698,139.9484397,
1095,E0232300023201,農道日野線白神岳登山道口,青森県深浦町黒崎日野118-2,,,,1,1,,,,,40.511906128264,139.95096652656,
1096,E0232300024201,旧松神生活改善センター跡地,青森県深浦町松神字上浜松17,,,1,1,1,1,1,,,40.539054693318,139.94787662177,
1097,E0232300027201,岡崎駐車場,青森県深浦町深浦字岡崎338-5,1,1,1,1,1,1,1,,,40.64206202,139.9164402,
1098,E0232300028201,八森山町民の森公園,青森県深浦町深浦字岡崎３３８地内,1,1,1,1,1,1,1,,,40.63463497,139.9182114,
1099,E0232300029201,岡崎区域防災公園（夕陽ヶ丘公園）,青森県深浦町深浦字岡崎３７外,1,1,1,1,1,1,1,,,40.64291365,139.9197135,
1100,E0232300031201,岡町防災広場,青森県深浦町深浦字岡町地内,1,,1,1,1,1,1,,,40.64837353,139.9290052,
1101,E0232300037201,深浦駅前広場,青森県深浦町深浦字苗代沢41-51,1,1,,,,1,1,,,40.65044035,139.9293035,
1102,E0232300041201,浜町駐車場広場,青森県深浦町深浦字浜町３５２地内,1,1,,,,1,1,,,40.641963737549,139.92697826694,
1103,E0232300045201,きらら保育園グラウンド,青森県深浦町正道尻字小礒110-23,1,1,1,1,1,1,1,,,40.571531,139.933367,
1104,E0232300087201,横磯集落センター広場,青森県深浦町大字横磯字下岡崎85-1,1,,,,,1,1,,1,40.6288748,139.8871527,
1105,E0232300088201,北金ヶ沢総合防災センター駐車場,青森県深浦町大字関字栃沢260-1,1,1,1,1,1,1,1,,1,40.744951165273,140.09351665211,
1106,E0232300089201,関福祉センター駐車場,青森県深浦町大字関字栃沢34,1,1,,,,1,1,,1,40.74310965,140.1018592,
1107,E0232300090201,大戸瀬支所駐車場,青森県深浦町大字関字栃沢78-2,1,1,,,,1,1,,1,40.744771121342,140.09793118413,
1108,E0232300091201,修道小学校グラウンド,青森県深浦町大字関字栃沢85-1,1,1,,,,1,1,,1,40.74552412,140.0969481,
1109,E0232300092201,岩坂福祉センター駐車場,青森県深浦町大字岩坂字長谷野20-2,1,,1,1,1,1,1,,1,40.7189749,140.1127449,
1110,E0232300093201,漁業振興センター駐車場,青森県深浦町大字岩崎字玉坂370-2,1,1,,,,1,1,,1,40.58679243,139.9126044,
1111,E0232300094201,高齢者センター駐車場,青森県深浦町大字岩崎字松原104-1,1,1,1,,,1,1,,1,40.585601,139.921614,
1112,E0232300095201,岩崎上地区コミュニティセンター駐車場,青森県深浦町大字岩崎字松原57,1,,1,1,1,1,1,,1,40.582896,139.926013,
1113,E0232300096201,広戸福祉センター駐車場,青森県深浦町大字広戸字家野上101-121,1,1,1,1,1,1,1,,1,40.667331215764,139.94787330238,
1114,E0232300097201,東野福祉センター駐車場,青森県深浦町大字広戸字家野上176,1,1,1,1,1,1,1,,1,40.65698557,139.9505756,
1115,E0232300098201,町民体育館・武道館,青森県深浦町大字広戸字家野上95-201,1,1,1,1,1,1,1,,1,40.663359,139.943064,
1116,E0232300099201,やまびこハウス駐車場,青森県深浦町大字黒崎字小浜243-1,1,1,,,,1,1,,1,40.51581054,139.9487456,
1117,E0232300100201,松神地区コミュニティセンター駐車場,青森県深浦町大字松神字中浜松92-2,1,,1,,,1,1,,1,40.53978975,139.9470811,
1118,E0232300076201,岡町福祉センター「御仮屋舘」駐車場,青森県深浦町大字深浦字岡町172-1,1,1,1,1,1,,1,,1,40.647375,139.932375,
1119,E0232300077201,深浦町福祉センター「元城舘」駐車場,青森県深浦町大字深浦字元深浦165-1,1,,1,1,1,1,1,,,40.637209,139.92428,
1120,E0232300079201,深浦公民館駐車場,青森県深浦町大字深浦字中沢14-1,1,,1,1,1,1,1,,1,40.63919604,139.9302391,
1121,E0232300081201,深浦小学校グラウンド,青森県深浦町大字深浦字寅平62-6,1,1,1,1,1,1,1,,1,40.6400079,139.9277648,
1122,E0232300082201,深浦町ふれあいプラザ「恵比須」前駐車場,青森県深浦町大字深浦字苗代沢77-28,1,1,,,,1,1,,1,40.648936360667,139.92789816019,
1123,E0232300083201,深浦町福祉センター「猿神鼻」駐車場,青森県深浦町大字深浦字苗代沢85-3,1,,,,,1,1,,1,40.645994,139.928524,
1124,E0232300086201,深浦中学校グラウンド,青森県深浦町大字深浦字蓙野60,1,1,1,1,1,1,1,,1,40.65102726,139.9350806,
1125,E0232300101201,正久地区多目的センター駐車場,青森県深浦町大字正道尻字小礒109-5,1,1,1,1,1,1,1,,1,40.57417428,139.9313668,
1126,E0232300102201,岩崎中学校グラウンド,青森県深浦町大字正道尻字小礒13-2,1,1,1,1,1,1,1,,1,40.578415823109,139.93201055013,
1127,E0232300102202,いわさき小学校グラウンド,青森県深浦町大字正道尻字小礒13-2,1,1,1,1,1,1,1,,1,40.577775893277,139.93221957768,
1128,E0232300103201,大間越地区コミュニティセンター駐車場,青森県深浦町大字大間越字上小屋野70,1,1,1,1,1,1,1,,1,40.4864301,139.9483429,
1129,E0232300104201,沢辺地区コミュニティセンター駐車場,青森県深浦町大字沢辺字吉花133,1,1,1,1,1,1,1,,1,40.58540725,139.8904458,
1130,E0232300105201,長慶平福祉センター駐車場,青森県深浦町大字長慶平字西芦萢20-1,1,1,1,1,1,1,1,,1,40.62529,139.999456,
1131,E0232300106201,松原集落センター駐車場,青森県深浦町大字追良瀬字初瀬山草分62,1,,1,1,1,,1,,1,40.65858668,140.0121604,
1132,E0232300107201,追良瀬福祉センター駐車場,青森県深浦町大字追良瀬字相野山48-1,,1,1,1,1,1,,,1,40.68203938,139.9758307,
1133,E0232300108201,田野沢福祉センター駐車場,青森県深浦町大字田野沢字清滝44,1,,1,,,1,1,,1,40.76155029,140.0434069,
1134,E0232300109201,風合瀬農業環境改善センター駐車場,青森県深浦町大字風合瀬字上砂子川21-1,1,,1,1,1,1,1,,1,40.731115,140.01368,
1135,E0232300110201,晴山福祉センター駐車場,青森県深浦町大字風合瀬字大磯188-1,1,1,1,1,1,1,1,,1,40.74525585,140.0233323,
1136,E0232300111201,農村環境改善センター駐車場,青森県深浦町大字北金ヶ沢字塩見形406-1,1,1,,,,1,1,,1,40.750982,140.091096,
1137,E0232300113201,大戸瀬中学校グラウンド,青森県深浦町大字北金ヶ沢字榊原上野208-23,1,,1,1,1,1,1,,,40.75278639,140.0796371,
1138,E0232300114201,柳田農業環境改善センター駐車場,青森県深浦町大字柳田字宮崎158-2,1,,1,1,1,1,1,,1,40.74402377,140.1322393,
1139,E0232300115201,舮作福祉センター駐車場,青森県深浦町大字舮作字上清滝7,1,,1,1,1,1,1,,1,40.60970381,139.8702963,
1140,E0232300116201,驫木多目的集落センター駐車場,青森県深浦町大字驫木字亀ヶ崎164-2,1,1,1,1,1,1,1,,1,40.69815288,139.9780114,
1141,E0232300054201,旧明道小学校グラウンド,青森県深浦町追良瀬字塩見山平85-2,1,1,1,1,1,1,1,,,40.69053077,139.9738486,
1142,E0232300053201,追良瀬河川公園,青森県深浦町追良瀬字塩見山平２４８－２３地先,,1,,1,1,1,,,,40.6834316,139.9749821,
1143,E0232300057201,松原地区いこいの広場,青森県深浦町追良瀬字北追良瀬山1-9,1,,,1,1,1,1,,,40.65721762,140.0154228,
1144,E0232300058201,田野沢漁港施設用地（野積場）,青森県深浦町田野沢字汐干浜75,1,1,,,,1,1,,,40.7638269,140.0408861,
1145,E0232300059201,旧大戸瀬小学校跡地,青森県深浦町田野沢字成瀬271-1,1,1,1,1,1,1,1,,,40.75715693043,140.03338486545,
1146,E0232300061201,旧風合瀬小学校グラウンド,青森県深浦町風合瀬字上砂子川159-26,1,1,1,1,1,1,1,,,40.73022911,140.0103173,
1147,E0232300072201,北金ヶ沢地区防災広場,青森県深浦町北金ヶ沢字塩見形356,1,1,1,1,1,1,1,,,40.747616207809,140.09173697284,
1148,E0232300069201,ラーメン１０１駐車場,青森県深浦町舮作字裸森14-6,1,1,1,1,1,1,1,,,40.614115,139.872222,
1149,E0234300001201,旧津軽ダム工事事務所監督員詰所,青森県西目屋村大字居森平字寒沢21-2,1,1,,1,,1,1,1,,40.53623,140.264692,
1150,E0234300002201,杉ヶ沢研修センター,青森県西目屋村大字杉ヶ沢字宮崎5,1,1,,1,,1,1,1,,40.586867,140.304924,
1151,E0234300003201,村市いこいの館,青森県西目屋村大字村市字稲葉213-1,1,1,,1,,1,1,1,,40.548986,140.272398,
1152,E0234300004201,大白公民館,青森県西目屋村大字大秋字開野58-11,1,1,,1,,1,1,1,,40.584237,140.280467,
1153,E0234300005201,西目屋村小学校体育館,青森県西目屋村大字田代字稲元121-1,1,1,,1,,1,1,1,,40.576213,140.295708,
1154,E0234300006201,西目屋村中央公民館,青森県西目屋村大字田代字稲元143,1,1,,1,,1,1,1,1,40.577062,140.295455,
1155,E0234300010201,藤川集会所,青森県西目屋村大字藤川字瀬ノ上85-3,1,1,,1,,1,1,1,,40.540894,140.270662,
1156,E0220100001201,国家公務員合同宿舎磯野住宅,青森県青森市はまなす１－２－１外,1,1,1,1,1,,1,1,,40.826658679278,140.79362972567,「津波」では3階以上に避難
1157,E0220100002202,片岡福祉館,青森県青森市旭町3-7-20,1,1,1,1,1,,1,1,1,40.811292,140.738717,
1158,E0220100005201,造道中学校,青森県青森市岡造道2-14-1,1,1,1,1,1,,1,1,1,40.8254749,140.7887986,「津波」では2階以上に避難
1159,E0220100006201,沖館市民センター,青森県青森市沖館1-1-11,1,1,1,1,1,,1,1,1,40.83246203,140.7244453,
1160,E0220100007201,ベイタウン沖館公園,青森県青森市沖館1-1-132,,1,,1,,,1,1,,40.83377212,140.7266044,
1161,E0220100009201,沖館中学校,青森県青森市沖館5-19-1,1,1,1,1,1,,1,1,1,40.8359212,140.7169472,「洪水」「津波」では2階以上に避難
1162,E0220100010201,沖館小学校,青森県青森市沖館5-3-1,1,1,1,1,1,,1,1,1,40.83209375,140.7215532,
1163,E0220100008201,国家公務員合同宿舎小浜住宅,青森県青森市沖館１－２－１０外,1,1,1,1,1,,1,1,,40.833682831302,140.72436741401,
1164,E0220100011201,花園町公園,青森県青森市花園2-12,,1,,1,,,1,,,40.8234006,140.7699864,
1165,E0220100012201,古川中学校,青森県青森市久須志2-9-1,1,1,1,1,1,,1,1,1,40.82017703,140.7286532,「洪水」では2階以上に避難
1166,E0220100013201,久須志福祉館,青森県青森市久須志2-9-5,,1,1,1,1,,1,1,1,40.8185414,140.7287305,
1167,E0220100014201,橋本小学校,青森県青森市橋本1-9-17,1,1,1,1,1,,1,1,1,40.82458152,140.7530554,
1168,E0220100015201,橋本公園,青森県青森市橋本3-22,,1,,1,,,1,1,,40.81920065,140.7544689,
1169,E0220100016201,青森少年鑑別所,青森県青森市金沢1-5-38,1,1,1,1,1,,1,1,1,40.813946866765,140.73485164039,
1170,E0220100017201,甲田小学校,青森県青森市金沢1-6-1,1,1,1,1,1,,1,1,1,40.81419036,140.7340239,
1171,E0220100018201,甲田中学校,青森県青森市金沢3-11-1,1,1,1,1,1,,1,1,1,40.80896542,140.7331073,
1172,E0220100019201,金沢小学校,青森県青森市金沢4-5-1,1,1,1,1,1,,1,1,1,40.80946835,140.7286718,
1173,E0220100020201,午砲台公園,青森県青森市桂木2-12,,1,1,1,1,,1,1,,40.81222131,140.7447667,
1174,E0220100021201,奥野なかよし公園,青森県青森市桂木3-12,,1,1,1,1,,1,1,,40.80986855,140.7472735,
1175,E0220100022201,奥野北公園,青森県青森市桂木3-21,,1,1,1,1,,1,1,,40.81131321,140.7496908,
1176,E0220100023201,戸山西小学校,青森県青森市蛍沢3-1-1,1,1,1,1,1,,1,1,1,40.80185376,140.8002407,
1177,E0220100024201,戸山西公園,青森県青森市蛍沢3-17-18,,1,1,1,1,,1,1,,40.80040527,140.8000423,
1178,E0220100025201,戸山市民センター,青森県青森市蛍沢4-1-4,1,1,1,1,1,,1,1,1,40.79905986,140.8046548,
1179,E0220100026201,戸山中央公園,青森県青森市蛍沢4-48-188,,1,1,1,1,,1,1,,40.79839881,140.8063974,
1180,E0220100027201,戸山南公園,青森県青森市蛍沢４－４８－２６外,1,1,1,1,1,,1,1,,40.79533962,140.8045598,
1181,E0220100028201,青森東高等学校,青森県青森市原別3-1-1,1,1,1,1,1,,1,1,1,40.83471119,140.8050767,「津波」では2階以上に避難
1182,E0220100029201,東部市民センター,青森県青森市原別3-8-1,1,1,1,1,1,,1,1,1,40.83722491,140.8071455,「津波」では2階以上に避難
1183,E0220100030201,古川小学校,青森県青森市古川3-7-14,1,1,1,1,1,,1,1,1,40.82217253,140.7337684,「津波」では2階以上に避難
1184,E0220100030202,古川市民センター,青森県青森市古川3-7-14,1,1,1,1,1,,1,1,1,40.82204262,140.7341278,「津波」では2階以上に避難
1185,E0220100031201,青森商業高等学校,青森県青森市戸山字安原7-1,1,1,1,1,1,,1,1,1,40.811414510813,140.7980341275,
1186,E0220100033201,幸畑福祉館,青森県青森市幸畑2-2-2,1,1,1,1,1,,1,1,1,40.78169303,140.782356,
1187,E0220100034201,青森大学,青森県青森市幸畑2-3-1,1,1,1,1,1,,1,1,1,40.78333104,140.781236,
1188,E0220100035201,阿部野北公園,青森県青森市幸畑3-693,1,1,1,1,1,,1,1,,40.78304768,140.7859823,
1189,E0220100037201,幸畑ひばりヶ丘公園,青森県青森市幸畑4-228-95,1,1,1,1,1,,1,1,,40.77898365,140.7872805,
1190,E0220100032201,幸畑西公園,青森県青森市幸畑１－９０７－１外,1,1,1,1,1,,1,1,,40.78068503,140.7781702,
1191,E0220100036201,幸畑中央公園,青森県青森市幸畑３－９８３－２外,1,1,1,1,1,,1,1,,40.78134167,140.7829675,
1192,E0220100038201,ジャムフレンドクラブ青森,青森県青森市港町2-10-23,1,,1,,,,1,,,40.82990538,140.7624043,「洪水」「高潮」では2階以上に避難
1193,E0220100341201,市営住宅合浦団地,青森県青森市港町3-11-5,1,1,1,1,1,,1,1,,40.830043,140.772714,
1194,E0220100041201,浪打中学校,青森県青森市合浦1-11-10,1,1,1,1,1,,1,1,1,40.82791489,140.7721943,「洪水」「高潮」では2階以上、「津波」では3階以上に避難
1195,E0220100042201,オカでんアリーナ（青森市スポーツ会館）,青森県青森市合浦1-13-1,1,1,1,1,1,,1,1,1,40.82841748,140.7740608,「洪水」「高潮」では2階以上、「津波」では3階以上に避難
1196,E0220100044201,合浦公園,青森県青森市合浦２－８６外,,1,,1,,1,1,1,,40.83035451,140.7791592,
1197,E0220100046201,桜川八甲緑地,青森県青森市桜川1-1,,1,,1,,,1,,,40.81786656,140.7675192,
1198,E0220100047201,桜川中央公園,青森県青森市桜川4-1296,,1,1,1,1,,1,,,40.8136145,140.7714786,
1199,E0220100048201,桜川福祉館,青森県青森市桜川5-19-3,,1,1,,,,1,,,40.81318414,140.7723262,
1200,E0220100049201,青森高等学校,青森県青森市桜川8-1-2,,1,1,1,1,,1,,1,40.80908366,140.7674719,
1201,E0220100050201,中央市民センター筒井分館,青森県青森市桜川8-1-3,,1,1,,,,1,,,40.8069217,140.7683187,
1202,E0220100051201,筒井中学校,青森県青森市桜川8-15-1,1,1,1,1,1,,1,,1,40.80781614,140.7704758,「洪水」では2階以上に避難
1203,E0220100052201,みよし西公園,青森県青森市三好1-14,,1,1,1,1,,1,1,,40.83468268,140.7034656,
1204,E0220100053201,みよし東公園,青森県青森市三好1-4,,1,1,1,1,,1,1,,40.8327969,140.705529,
1205,E0220100054201,マルハン三好店,青森県青森市三好２－２－４外,1,1,1,1,1,,1,1,,40.831172,140.704712,「洪水」では2階以上に避難
1206,E0220100055201,自由ヶ丘西公園,青森県青森市自由ケ丘1-4,1,1,1,1,1,,1,1,,40.81503479,140.7962441,
1207,E0220100056201,自由ヶ丘中央公園,青森県青森市自由ケ丘2-11,,1,1,1,1,,1,1,,40.8145476,140.7999348,
1208,E0220100057201,篠田福祉館,青森県青森市篠田2-20-25,,1,1,1,,,1,1,1,40.82709981,140.7244964,
1209,E0220100058201,篠田小学校,青森県青森市篠田3-16-2,1,1,1,1,1,,1,1,1,40.82816446,140.7194479,
1210,E0220100059201,１号遊歩道緑地,青森県青森市勝田1,,1,,1,,,1,1,,40.81758671,140.7528183,
1211,E0220100060201,高等看護学院,青森県青森市勝田1-16-16,1,1,1,1,1,,1,1,1,40.8151319,140.7559112,「洪水」「津波」では2階以上に避難
1212,E0220100061201,浦町公園,青森県青森市勝田1-6,,1,,1,,,1,1,,40.81579882,140.7531583,
1213,E0220100062201,勝田公園,青森県青森市勝田2-10,,1,,1,,,1,,,40.81768636,140.7574005,
1214,E0220100064201,浦町中学校,青森県青森市勝田2-25-12,1,1,1,1,1,,1,,1,40.81593615,140.7599394,
1215,E0220100065201,平和公園,青森県青森市勝田２－３６９－１外,,1,,1,,,1,,,40.82041339,140.7565852,
1216,E0220100068201,中央市民センター小柳分館,青森県青森市小柳3-3-5,1,1,1,1,1,,1,1,1,40.81928133,140.7923012,
1217,E0220100070201,小柳小学校,青森県青森市小柳4-6-1,1,1,1,1,1,,1,1,1,40.81902968,140.7946559,
1218,E0220100071201,ほろがけ福祉館,青森県青森市小柳6-2-7,,1,1,1,1,,1,1,1,40.81848717,140.787078,
1219,E0220100069201,小柳緑地,青森県青森市小柳４－１３２－１外,,1,1,1,1,,,1,,40.81902156,140.7981857,
1220,E0220100072201,中央市民センター,青森県青森市松原1-6-15,1,1,1,1,1,,1,,1,40.82072288,140.7608103,
1221,E0220100073201,勤労青少年ホーム,青森県青森市松原1-6-3,1,1,1,,,,1,,,40.82095833,140.7603866,
1222,E0220100074201,北斗高等学校,青森県青森市松原2-1-24,1,1,1,1,1,,1,,1,40.81897735,140.7604864,
1223,E0220100075201,堤小学校,青森県青森市松原2-4-4,1,1,1,1,1,,1,,1,40.81901756,140.7615901,
1224,E0220100076201,松原公園,青森県青森市松原3-151-15,,1,,1,,,1,,,40.81666744,140.7621812,
1225,E0220100077201,中央市民センター松森分館,青森県青森市松森3-20-14,,1,1,,,,1,,,40.81202763,140.7765979,
1226,E0220100079201,ホテルサンルート青森　東館,青森県青森市新町1-9-8,,,,,1,,,,,40.82766064794,140.73786114931,「津波」では3階以上に避難
1227,E0220100078201,駅前公園,青森県青森市新町１－２－４２外,,1,,1,,,1,1,,40.82724052,140.7347097,
1228,E0220100325201,ダイナム青森西店,青森県青森市新田3-118-1,,1,,1,,,1,1,,40.84135,140.709481,
1229,E0220100082201,青森南高等学校,青森県青森市西大野2-12-40,1,1,1,1,1,,1,1,1,40.80296338,140.7229906,
1230,E0220100083201,鳴滝南公園,青森県青森市西大野2-2,1,1,1,1,1,,1,1,,40.80458784,140.7233978,
1231,E0220100084201,大野中央公園,青森県青森市西大野3-12,1,1,1,1,1,,1,1,,40.80101489,140.7268577,
1232,E0220100085201,今井公園,青森県青森市西大野5-13,1,1,1,1,1,,1,1,,40.79916935,140.7233246,
1233,E0220100087201,莨町小学校,青森県青森市青柳2-7-25,1,1,1,1,1,,1,,1,40.82738395,140.7583825,「洪水」「高潮」では2階以上、「津波」では3階以上に避難
1234,E0220100088201,浜田福祉館,青森県青森市青葉3-8-1,,1,1,1,1,,1,1,1,40.80268131,140.7559376,
1235,E0220100089201,石江東公園,青森県青森市石江1-7,,1,1,1,1,,1,1,,40.83171524,140.6964475,
1236,E0220100090201,新青森駅前公園,青森県青森市石江2-10,,1,1,1,1,,1,1,,40.82962893,140.6947416,
1237,E0220100091201,石江南公園,青森県青森市石江3-11,1,1,1,1,1,,1,1,,40.83005107,140.6910724,
1238,E0220100092201,石江西公園,青森県青森市石江5-10,,1,1,1,1,,1,1,,40.83106581,140.6881112,
1239,E0220100093201,戸山中学校,青森県青森市赤坂1-1-1,1,1,1,1,1,,1,1,1,40.80174378,140.8058432,
1240,E0220100095201,戸山東公園,青森県青森市赤坂1-59-65,1,1,1,1,1,,1,1,,40.79797117,140.8118447,
1241,E0220100096201,戸山北公園,青森県青森市赤坂2-78-263,1,1,1,1,1,,1,1,,40.80134573,140.8113962,
1242,E0220100094201,戸山中央緑地,青森県青森市赤坂１－２６８－１８０外,,1,1,1,1,,1,1,,40.7999935,140.8091303,
1243,E0220100097201,千刈小学校,青森県青森市千刈1-10-20,1,1,1,1,1,,1,1,1,40.8237907,140.7274305,「津波」では2階以上に避難
1244,E0220100350201,割烹旅館さつき　駐車場,青森県青森市浅虫蛍谷71-7,1,1,1,1,1,,1,1,,40.890817,140.863762,
1245,E0220100345201,夢宅寺,青森県青森市浅虫山下208,,,1,1,1,,1,1,,40.88692,140.864129,
1246,E0220100349201,辰巳館　別館,青森県青森市浅虫山下281,1,1,1,1,1,,1,1,,40.888473,140.860798,「洪水」「津波」では2階以上に避難
1247,E0220100351201,軽費老人ホーム和幸園　駐車場,青森県青森市浅虫内野48-1,,,1,1,1,,1,1,,40.887421,140.866119,
1248,E0220100098201,２号遊歩道緑地,青森県青森市造道3,,1,1,1,,,1,1,,40.83382213,140.8011636,(住所：青森県青森市造道3～大字泉野字野脇地内)
1249,E0220100099201,造道福祉館,青森県青森市造道3-12-3,,1,1,,,,1,1,,40.82966604,140.7878264,
1250,E0220100100201,造道小学校,青森県青森市造道3-4-16,1,1,1,1,1,,1,1,1,40.8290302,140.7860725,「洪水」では2階以上、「津波」では3階以上に避難
1251,E0220100102201,中央市民センター安田分館,青森県青森市大字安田字近野370-4,1,1,1,1,1,,1,1,1,40.8017347,140.7128212,
1252,E0220100327201,青森県総合運動公園,青森県青森市大字安田字近野２３４－７外,1,,1,1,1,1,1,1,,40.80488832,140.7039572,
1253,E0220100103201,油川中学校,青森県青森市大字羽白字沢田471,1,1,1,1,1,,1,1,1,40.85442403,140.6877586,「津波」では2階以上に避難
1254,E0220100104201,油川市民センター,青森県青森市大字羽白字池上197-1,1,1,1,1,1,,1,1,1,40.85223679,140.6831072,「津波」では2階以上に避難
1255,E0220100105201,青森北高等学校,青森県青森市大字羽白字富田80-7,1,1,1,1,1,,1,1,1,40.85011459,140.6888687,
1256,E0220100107201,野木和公園,青森県青森市大字羽白字野木和58-2,1,1,1,1,1,1,1,1,,40.84827325,140.6767196,
1257,E0220100328201,青い森セントラルパーク,青森県青森市大字浦町,,1,1,1,1,1,1,1,,40.81315554,140.7485787,住所：青森市大字浦町字橋本335-20外
1258,E0220100344201,青い森セントラルパーク東広場,青森県青森市大字浦町字奥野102-57-1,,1,1,1,1,,1,1,,40.808755,140.76067,
1259,E0220100342201,カクヒログループスーパーアリーナ（青森市総合体育館）,青森県青森市大字浦町字橋本335-17,1,1,1,1,1,,1,1,1,40.81396,140.745909,洪水は2階以上
1260,E0220100110201,北部地区農村環境改善センター,青森県青森市大字奥内字宮田41-3,1,1,1,1,,,1,1,1,40.88614097,140.6758948,「高潮」では2階以上に避難
1261,E0220100113201,横内市民センター,青森県青森市大字横内字亀井28-2,1,1,1,1,1,,1,1,1,40.77778538,140.7659793,
1262,E0220100116202,青森中央学院大学,青森県青森市大字横内字神田12-1,1,1,1,1,1,,1,1,1,40.78363025,140.7618605,
1263,E0220100116201,青森中央学院大学（総合グラウンド・サブグラウンド）,青森県青森市大字横内字神田12-1,1,1,1,1,1,,1,1,1,40.78216797,140.7586526,
1264,E0220100117201,中央市民センター岡町分館,青森県青森市大字岡町字松本7-4,1,1,1,1,1,,1,1,1,40.83999465,140.6837148,
1265,E0220100118201,中央市民センター岩渡分館,青森県青森市大字岩渡字熊沢181-2,1,,1,,,,1,1,,40.77871381,140.667452,
1266,E0220100120201,旧浅虫中学校,青森県青森市大字久栗坂字浜田129-5,1,1,1,1,1,,1,1,,40.87066688,140.8531102,
1267,E0220100329201,新青森県総合運動公園,青森県青森市大字宮田,1,1,1,1,1,1,1,1,,40.84138615,140.8421757,住所：青森市大字宮田字高瀬地内
1268,E0220100121201,東陽小学校,青森県青森市大字宮田字玉水181-1,1,1,1,1,1,,1,1,1,40.84070841,140.8291992,
1269,E0220100122201,マエダアリーナ（新青森県総合運動公園総合体育館）,青森県青森市大字宮田字高瀬22-2,1,1,1,1,1,,1,1,1,40.84281466,140.8403732,
1270,E0220100124201,牛館ふれあいセンター,青森県青森市大字牛館字松枝84-3,,1,1,1,1,,1,,1,40.7841015,140.750072,
1271,E0220100125201,荒川小・中学校金浜分教室,青森県青森市大字金浜字伊吹22-1,1,1,1,1,1,,1,1,1,40.7633704,140.7321548,
1272,E0220100126201,荒川中学校,青森県青森市大字金浜字稲田107,1,1,1,1,1,,1,,1,40.77958392,140.7398793,「洪水」では2階以上に避難
1273,E0220100127201,桐ノ沢公園,青森県青森市大字駒込字桐ノ沢3-1,,1,1,1,1,,1,,,40.79947203,140.7799596,
1274,E0220100131201,中央市民センター駒込分館,青森県青森市大字駒込字見吉159-1,1,1,1,1,1,,1,1,1,40.79878619,140.7913537,
1275,E0220100132201,原別小学校,青森県青森市大字原別字袖崎8,1,1,1,1,1,,1,1,1,40.83479382,140.8114358,
1276,E0220100133201,中央市民センター戸山分館,青森県青森市大字戸山字赤坂15-5,1,1,1,,,,1,1,,40.80634677,140.8032563,
1277,E0220100134201,中央市民センター戸門分館,青森県青森市大字戸門字山部106-3,1,1,1,1,1,,1,1,1,40.80866141,140.6422705,
1278,E0220100135201,青森市文化財資料等収蔵庫（旧戸門小学校）,青森県青森市大字戸門字山部99-1,1,1,1,1,1,,1,1,,40.80908465,140.6417274,
1279,E0220100136201,中央市民センター後潟分館,青森県青森市大字後潟字平野17-7,1,1,,1,,,1,1,1,40.94225088,140.6609984,
1280,E0220100137201,幸畑小学校,青森県青森市大字幸畑字松元50-2,1,1,1,1,1,,1,1,1,40.78791769,140.7835415,
1281,E0220100138201,荒川市民センター,青森県青森市大字荒川字柴田129-1,1,1,1,1,1,,1,1,1,40.78512575,140.7395861,
1282,E0220100139201,荒川小学校,青森県青森市大字荒川字柴田92-5,1,1,1,1,1,,1,1,1,40.78791228,140.7408011,
1283,E0220100140201,青森県立図書館,青森県青森市大字荒川字藤戸119-7,1,1,1,1,1,,1,1,1,40.7951498,140.7386038,
1284,E0220100140202,青森県総合社会教育センター,青森県青森市大字荒川字藤戸119-7,1,1,1,1,1,,1,1,1,40.79589257,140.7389155,
1285,E0220100143201,高田小学校,青森県青森市大字高田字川瀬200-5,,1,1,1,1,,1,,1,40.77049887,140.724867,
1286,E0220100144201,太陽台市民館,青森県青森市大字高田字朝日山809-334,1,,1,1,1,,1,1,1,40.75872009,140.7098278,
1287,E0220100145201,高田教育福祉センター,青森県青森市大字高田字日野229-1,,1,1,1,1,,1,,1,40.76783939,140.7211781,
1288,E0220100146201,青森公立大学,青森県青森市大字合子沢字山崎153-4,1,1,1,1,1,,1,,1,40.75252131,140.7721979,
1289,E0220100147201,中央市民センター合子沢分館,青森県青森市大字合子沢字松森93,1,1,1,,,,1,1,,40.77082864,140.7585285,
1290,E0220100148201,中央市民センター左堰分館,青森県青森市大字左堰字野田35,1,1,1,1,,,1,1,1,40.91563572,140.6680843,
1291,E0220100149201,中央市民センター細越分館,青森県青森市大字細越字栄山469-6,1,1,1,,,,1,1,,40.78922126,140.7118658,
1292,E0220100150201,青森市埋蔵文化財資料整理作業場（旧栄山小学校）,青森県青森市大字細越字栄山595,1,1,1,1,1,,1,1,,40.79615775,140.7106667,
1293,E0220100151202,滝内福祉館,青森県青森市大字三内字稲元122-1,,1,1,1,1,,1,1,1,40.821332,140.707903,
1294,E0220100152201,三内中学校,青森県青森市大字三内字丸山108-4,1,1,1,1,1,,1,1,1,40.8156694,140.7041671,「洪水」では2階以上に避難
1295,E0220100153201,西部工業団地公園,青森県青森市大字三内字丸山394-101,1,1,1,1,1,,1,1,,40.80450413,140.6880475,
1296,E0220100154201,三内西小学校,青森県青森市大字三内字丸山86-1,1,1,1,1,1,,1,1,1,40.81668843,140.7057335,「洪水」では2階以上に避難
1297,E0220100155201,中央市民センター三内分館,青森県青森市大字三内字沢部191-1,1,1,1,,,,1,1,,40.81932586,140.7019097,
1298,E0220100156201,横内中学校,青森県青森市大字四ツ石字里見64-6,1,1,1,1,1,,1,1,1,40.77799992,140.7724002,
1299,E0220100346201,青森市農業振興センター,青森県青森市大字四戸橋字磯部243-319,1,1,1,1,1,,1,1,,40.943063,140.630633,
1300,E0220100158201,中央市民センター小橋分館,青森県青森市大字小橋字田川56-5,1,1,,,,,1,1,,40.92220703,140.6674594,
1301,E0220100330201,緑ヶ丘東公園,青森県青森市大字新城,1,1,1,1,1,,1,1,,40.82194488,140.6722305,住所：青森市大字新城字平岡109-421外
1302,E0220100159201,中央市民センター白旗野分館,青森県青森市大字新城字山田270-1,1,1,1,,,,1,1,,40.82291863,140.6534989,
1303,E0220100160201,東希望公園,青森県青森市大字新城字山田339-74,1,1,1,1,1,,1,1,,40.82765038,140.6620422,
1304,E0220100161201,山田児童遊園,青森県青森市大字新城字山田665-84,1,1,1,1,1,,1,1,,40.82899178,140.6659702,
1305,E0220100165201,新城中央小学校,青森県青森市大字新城字平岡141-1,1,1,1,1,1,,1,1,1,40.82563518,140.6746926,
1306,E0220100166201,新城中学校,青森県青森市大字新城字平岡160,1,1,1,1,1,,1,1,1,40.82212888,140.6800549,
1307,E0220100167201,西部市民センター,青森県青森市大字新城字平岡163-22,1,1,1,1,1,,1,1,1,40.82612975,140.6781468,
1308,E0220100168201,新城小学校,青森県青森市大字新城字平岡266-14,1,1,1,1,1,,1,1,1,40.8291057,140.6874547,
1309,E0220100169201,青森西高等学校,青森県青森市大字新城字平岡266-20,1,1,1,1,1,,1,1,1,40.82880934,140.6842856,
1310,E0220100171201,中央市民センター瀬戸子分館,青森県青森市大字瀬戸子字磯田25,1,1,,1,,,1,1,1,40.88280271,140.6780569,
1311,E0220100172201,北中学校,青森県青森市大字清水字浜元135-1,1,1,1,1,1,,1,1,1,40.90439424,140.6690226,「津波」では2階以上に避難
1312,E0220100173201,北小学校,青森県青森市大字清水字浜元181,1,1,1,1,1,,1,1,1,40.900567641949,140.67440011954,「高潮」では2階以上、「津波」では3階以上に避難
1313,E0220100174201,中央市民センター内真部分館,青森県青森市大字清水字浜元45-1,1,1,,1,,,1,1,1,40.90630174,140.6720554,
1314,E0220100175201,中央市民センター西田沢分館,青森県青森市大字西田沢字浜田105,1,1,1,1,,,1,1,1,40.86237947,140.6867095,
1315,E0220100177201,中央市民センター石江分館,青森県青森市大字石江字江渡25-1,1,1,1,1,1,,1,1,1,40.82584178,140.6952368,
1316,E0220100331201,浅虫緑地,青森県青森市大字浅虫,1,1,1,1,,,1,1,,40.888542016447,140.86051356085,
1317,E0220100180201,ホテル秋田屋,青森県青森市大字浅虫字蛍谷293-12,,,,,1,,,,,40.89404628,140.8611949,「津波」では2階以上に避難
1318,E0220100181201,南部屋・海扇閣,青森県青森市大字浅虫字蛍谷31,,,,,1,,,,,40.889746203863,140.8614775675,「津波」では2階以上に避難
1319,E0220100182201,ユーサ浅虫,青森県青森市大字浅虫字蛍谷341-19,1,1,1,1,1,,1,1,1,40.8915892,140.8613832,
1320,E0220100183201,旧浅虫小学校（グラウンド）,青森県青森市大字浅虫字山下132,1,,1,1,1,,1,1,,40.88630339,140.8680989,
1321,E0220100358201,青森県営浅虫水族館正面出入口（屋外）,青森県青森市大字浅虫字馬場山1-25,1,,1,1,1,,1,1,,40.897568,140.862732,
1322,E0220100186201,孫内農村センター,青森県青森市大字孫内字北原140-1,1,1,1,1,1,,1,1,1,40.75854473,140.6342306,
1323,E0220100332201,大野公園,青森県青森市大字大野,1,1,1,1,1,,1,1,,40.80474075,140.7342438,住所：青森市大字大野字若宮76-1外
1324,E0220100332202,鳴滝公園,青森県青森市大字大野,1,1,1,1,1,,1,1,,40.80673491,140.7256205,住所：青森市大字大野字鳴滝64-57外
1325,E0220100188201,大野市民センター,青森県青森市大字大野字若宮71,1,1,1,1,1,,1,1,1,40.8044687,140.7343082,
1326,E0220100343201,青い森セントラルパーク西広場,青森県青森市大字大野字長島36-53,,1,1,1,,,1,1,,40.819036,140.737118,
1327,E0220100191201,青森県総合学校教育センター,青森県青森市大字大矢沢字野田80-2,1,1,1,1,1,,1,,1,40.78927516,140.773347,「洪水」では3階以上に避難
1328,E0220100192201,中央市民センター鶴ヶ坂分館,青森県青森市大字鶴ケ坂字田川148-2,1,1,1,1,1,,1,1,1,40.78808716,140.6301763,
1329,E0220100194201,浜館小学校,青森県青森市大字田屋敷字下り松17,1,1,1,1,1,,1,1,1,40.80555523,140.7897669,
1330,E0220100197201,中央市民センター田茂木野分館,青森県青森市大字田茂木野字阿部野77,1,1,1,,,,1,,,40.76655035,140.7993075,
1331,E0220100334201,八ッ橋ニュータウン中央公園,青森県青森市大字筒井,,1,1,1,1,,,,,40.79722972,140.7679645,住所：青森市大字筒井字八ッ橋53-4外
1332,E0220100198201,中央市民センター中筒井分館,青森県青森市大字筒井字桜川87-4,,1,1,1,1,,1,,1,40.80253854,140.7763128,
1333,E0220100199201,筒井南小学校,青森県青森市大字筒井字八ッ橋46-1,1,1,1,1,1,,1,,1,40.79727846,140.7700513,
1334,E0220100335201,京王台公園,青森県青森市大字筒井字八ッ橋９７３外,,1,1,1,1,,1,,,40.80073834,140.7693056,住所：青森市大字筒井字八ッ橋973外
1335,E0220100202201,野沢小学校入内分校跡地,青森県青森市大字入内字駒田18-1,1,,1,1,1,,1,1,,40.71725909,140.7183103,
1336,E0220100203201,青森工業高等学校,青森県青森市大字馬屋尻字清水流204-1,1,1,1,1,1,,1,1,1,40.84416113,140.8214344,
1337,E0220100204201,東中学校,青森県青森市大字八幡林字熊谷28,1,1,1,1,1,,1,1,1,40.83507965,140.8183857,「洪水」では2階以上に避難
1338,E0220100336201,あすか海岸緑地,青森県青森市大字飛鳥,1,1,,1,,,1,1,,40.87061942,140.6849366,住所：青森市大字飛鳥字塩越地内
1339,E0220100205201,中央市民センター飛鳥分館,青森県青森市大字飛鳥字塩越49-53,1,1,1,,,,1,1,,40.87550638,140.6821037,
1340,E0220100206201,旧西田沢小学校,青森県青森市大字飛鳥字塩越80,1,1,,1,,,1,1,,40.87269365,140.6805795,
1341,E0220100208201,県立保健大学,青森県青森市大字浜館字間瀬58-1,1,1,1,1,1,,1,1,1,40.81413421,140.7920966,
1342,E0220100337201,盛運輸アリーナ　（青森県営スケート場）,青森県青森市大字浜田,1,1,1,1,1,,1,1,,40.79732512,140.7512086,住所：青森市大字浜田字豊田地内
1343,E0220100210201,浜田小学校,青森県青森市大字浜田字豊田36-2,1,1,1,1,1,,1,,1,40.80570894,140.7568909,「洪水」では2階以上に避難
1344,E0220100212201,青森高等技術専門校,青森県青森市大字野尻字今田43-1,1,1,1,1,1,,1,1,1,40.78263245,140.7660682,
1345,E0220100213201,青森県身体障がい者福祉センターねむのき会館,青森県青森市大字野尻字今田52-4,1,1,1,1,1,,1,1,1,40.78412042,140.7653927,
1346,E0220100214201,横内小学校,青森県青森市大字野尻字野田60,1,1,1,1,1,,1,1,1,40.78165555,140.7706637,
1347,E0220100215201,青森市小牧野遺跡保護センター「縄文の学び舎・小牧野館」（旧野沢小学校）,青森県青森市大字野沢字沢部108,1,1,1,1,1,,1,1,1,40.74776794,140.7234354,
1348,E0220100216201,野内小学校,青森県青森市大字野内字菊川155,1,1,1,1,1,,1,1,1,40.84938722,140.818849,「津波」では2階以上に避難
1349,E0220100338201,野木中央公園,青森県青森市大字野木,1,1,1,1,1,,1,1,,40.7658055,140.7467879,住所：青森市大字野木字山口15-8外
1350,E0220100217201,野木ふるさと館,青森県青森市大字野木字山口140-2,1,1,1,1,1,,1,1,1,40.76226334,140.7404674,
1351,E0220100221201,油川小学校,青森県青森市大字油川字船岡36,1,1,1,1,1,,1,1,1,40.85051381,140.6919693,「津波」では2階以上に避難
1352,E0220100222202,浪館福祉館,青森県青森市大字浪館字志田36,,1,1,,,,1,1,1,40.80818923,140.7209383,
1353,E0220100222201,西中学校,青森県青森市大字浪館字志田36,1,1,1,1,1,,1,1,1,40.80878204,140.7192538,「洪水」では2階以上に避難
1354,E0220100223201,泉川小学校,青森県青森市大字浪館字泉川1-1,1,1,1,1,1,,1,1,1,40.80678887,140.7216003,「洪水」では2階以上に避難
1355,E0220100224201,中央市民センター浪館分館,青森県青森市大字浪館字平岡66-1,1,1,1,1,1,,1,1,1,40.80963001,140.7134519,
1356,E0220100225201,旧後潟小学校運動場,青森県青森市大字六枚橋字磯打95,1,1,,1,,,1,1,,40.9345995,140.6620254,
1357,E0220100226201,中央市民センター大矢沢分館,青森県青森市大矢沢字里見35-2,1,1,1,1,1,,1,1,1,40.78024002,140.7739852,
1358,E0220100227201,八ツ役北公園,青森県青森市第二問屋町３－１－４４外,1,1,1,1,1,,1,,,40.79381376,140.7534351,
1359,E0220100229201,合浦小学校,青森県青森市茶屋町32-17,1,1,1,1,1,,1,1,1,40.82768724,140.7676975,「洪水」「高潮」では2階以上、「津波」では3階以上に避難
1360,E0220100230201,茶屋町公園,青森県青森市茶屋町32-21,,1,,1,,,1,1,,40.82729345,140.76749,
1361,E0220100231201,浦町小学校,青森県青森市中央2-17-13,1,1,1,1,1,,1,1,1,40.81899873,140.7488827,「洪水」「津波」では2階以上に避難
1362,E0220100232201,中央西公園,青森県青森市中央2-17-14,,1,,1,,,1,1,,40.81876926,140.7502305,
1363,E0220100233201,青森市総合福祉センター,青森県青森市中央3-16-1,1,1,1,1,1,,1,1,1,40.81632986,140.7475681,「洪水」「津波」では2階以上に避難
1364,E0220100234201,アピオあおもり,青森県青森市中央3-17-1,1,1,1,1,1,,1,1,1,40.81676832,140.7474286,「洪水」「津波」では2階以上に避難
1365,E0220100236201,県民福祉プラザ,青森県青森市中央3-20-30,1,1,1,1,1,,1,1,1,40.81674843,140.7500446,「洪水」「津波」では2階以上に避難
1366,E0220100237201,佃中学校,青森県青森市中佃2-7-1,1,1,1,1,1,,1,,1,40.81604772,140.7806877,「洪水」では2階以上に避難
1367,E0220100238201,青い森公園,青森県青森市長島1-2,,1,,1,,,1,1,,40.82415561,140.7418872,
1368,E0220100240201,長島小学校,青森県青森市長島3-8-1,1,1,1,1,1,,1,1,1,40.82164816,140.7405772,「洪水」「津波」では2階以上に避難
1369,E0220100241201,佃福祉館,青森県青森市佃1-3-21,,1,1,,,,1,,,40.81986528,140.7732959,
1370,E0220100242201,つくだウェザーパーク,青森県青森市佃2-155-16,,1,1,1,,,1,,,40.81999473,140.7778167,
1371,E0220100243201,佃小学校,青森県青森市佃2-6-1,1,1,1,1,1,,1,,1,40.81950414,140.7781486,「洪水」「津波」では2階以上に避難
1372,E0220100244201,ホテル青森,青森県青森市堤町1-1-23,,,,,1,,,,,40.82510789,140.7554189,「津波」では3階以上に避難
1373,E0220100245201,リンクステーションホール青森（青森市文化会館）,青森県青森市堤町1-4-1,1,1,1,1,1,,1,1,1,40.82439307,140.7568883,「洪水」「高潮」では2階以上、「津波」では3階以上に避難
1374,E0220100246201,国家公務員合同宿舎造道住宅,青森県青森市東造道1-5-1,1,1,1,1,1,,1,1,,40.833227415705,140.79419221148,「津波」では2階以上に避難
1375,E0220100247201,東大野公園,青森県青森市東大野1-14,1,1,1,1,1,,1,1,,40.80268597,140.7435145,
1376,E0220100248201,青森中央高等学校,青森県青森市東大野1-22-1,1,1,1,1,1,,1,1,1,40.80215303,140.7443965,
1377,E0220100249201,大野小学校,青森県青森市東大野1-3-1,1,1,1,1,1,,1,1,1,40.80418433,140.7424815,
1378,E0220100250201,筒井小学校,青森県青森市筒井1-1-1,,1,1,1,1,,1,,1,40.80847914,140.7649916,
1379,E0220100251201,虹ヶ丘公園,青森県青森市虹ケ丘1-9,1,1,1,1,1,,1,1,,40.8118886,140.7931745,
1380,E0220100253201,えのき公園,青森県青森市浜館4-4,1,1,1,1,1,,1,1,,40.811098,140.7891208,
1381,E0220100252201,はまだて公園,青森県青森市浜館２－９－１外,,1,1,1,1,,1,1,,40.80867713,140.784116,
1382,E0220100339201,マルハン浜田店,青森県青森市浜田,1,1,1,1,1,,1,1,,40.796989,140.757313,住所：青森市大字浜田字玉川223-1外 「洪水」では2階以上に避難
1383,E0220100254201,浜田ニュータウン西公園,青森県青森市浜田1-11,1,1,1,1,1,,1,1,,40.80243906,140.7483286,
1384,E0220100255201,浜田ニュータウン東公園,青森県青森市浜田2-22-1,,1,1,1,1,,1,1,,40.80212671,140.7538955,
1385,E0220100256201,浜田中央公園,青森県青森市浜田3-2-1,1,1,1,1,1,,1,1,,40.79721275,140.7481302,
1386,E0220100258201,中央市民センター相野分館,青森県青森市富田2-14-12,,1,,1,,,1,1,1,40.83014201,140.715495,
1387,E0220100259201,中央市民センター西滝分館,青森県青森市富田2-3-33,,1,,,,,1,1,,40.82666353,140.716088,
1388,E0220100260201,北金沢公園,青森県青森市北金沢２－１５７－５外,,1,1,1,,,1,1,,40.81899529,140.7319622,
1389,E0220100262201,アートホテル青森,青森県青森市本町2-1-26,,,,,1,,,,,40.827150858441,140.74631664368,「津波」では3階以上に避難
1390,E0220100263201,青森フォレストホテルアネックス,青森県青森市本町2-5-18,,,,,1,,,,,40.82584194,140.7469024,「津波」では2階以上に避難
1391,E0220100264201,福祉増進センター,青森県青森市本町4-1-3,1,1,1,1,1,,1,1,1,40.82928055,140.7513598,「洪水」「高潮」では2階以上、「津波」では3階以上に避難
1392,E0220100265201,アップルパレス青森,青森県青森市本町5-1-5,,,,,1,,,,,40.82756083,140.7511397,「津波」では3階以上に避難
1393,E0220100261201,本町公園,青森県青森市本町１－１－１８外,,1,,1,,,1,1,,40.82399815,140.7468814,
1394,E0220100266201,青森市はまなす会館,青森県青森市問屋町1-10-10,1,1,1,1,1,,1,,1,40.78876983,140.7546179,
1395,E0220100267201,リンクモア平安閣市民ホール（青森市民ホール）,青森県青森市柳川1-2-14,1,1,1,1,1,,1,1,1,40.82661129,140.7333779,
1396,E0220100352201,県営住宅ベイサイド柳川Ａ棟,青森県青森市柳川1-3-23,1,,1,,1,,1,,,40.830511,140.730421,「高潮」「津波」では2階以上に避難
1397,E0220100355201,市営住宅ベイサイド柳川,青森県青森市柳川1-3-25,1,1,1,1,1,,1,1,,40.830816,140.73116,「高潮」「津波」では2階以上に避難
1398,E0220100353201,県営住宅ベイサイド柳川Ｂ棟,青森県青森市柳川1-3-26,1,,1,,1,,1,,,40.831043,140.730531,「高潮」「津波」では2階以上に避難
1399,E0220100354201,県営住宅ベイサイド柳川Ｃ棟,青森県青森市柳川1-3-27,1,,1,,1,,1,,,40.831526,140.730843,「高潮」「津波」では2階以上に避難
1400,E0220100356201,青森市役所　柳川庁舎,青森県青森市柳川2-1-1,1,1,1,1,1,,1,1,,40.832579,140.727608,「洪水」「高潮」「津波」では2階以上に避難
1401,E0220100268201,三内小学校,青森県青森市里見1-9-1,1,1,1,1,1,,1,1,1,40.81754181,140.712182,「洪水」では2階以上に避難
1402,E0220100270201,奥野西公園,青森県青森市緑1-10,,1,1,1,1,,1,1,,40.80706274,140.7433112,
1403,E0220100271201,奥野中央公園,青森県青森市緑2-17-1,,1,1,1,1,,1,1,,40.80747507,140.7499605,
1404,E0220100272201,南中学校,青森県青森市緑2-6-1,1,1,1,1,1,,1,1,1,40.80743919,140.7465107,
1405,E0220100273201,王余魚沢小学校跡地,青森県青森市浪岡大字王余魚沢字王余魚沢1,1,1,1,1,1,,1,1,,40.72422203,140.663569,
1406,E0220100274201,王余魚沢児童館,青森県青森市浪岡大字王余魚沢字北村元29,1,1,1,,,,1,1,,40.72562442,140.6560228,
1407,E0220100275201,浪岡女鹿沢公民館,青森県青森市浪岡大字下十川字宮本36-1,,1,1,1,1,,1,1,1,40.68977427,140.5565827,
1408,E0220100276201,女鹿沢小学校,青森県青森市浪岡大字下十川字扇田19-2,1,1,1,1,1,,1,1,1,40.69808982,140.5644041,「洪水」では2階以上に避難
1409,E0220100277201,下石川ふれあいセンター,青森県青森市浪岡大字下石川字岡田143-1,1,1,1,1,1,,1,1,1,40.73431435,140.5329646,
1410,E0220100278201,浪岡野沢小学校,青森県青森市浪岡大字吉野田字平野51-2,1,1,1,1,1,,1,1,1,40.72142345,140.550554,
1411,E0220100279201,吉野田農村センター,青森県青森市浪岡大字吉野田字木戸口10-1,1,1,1,1,1,,1,1,1,40.72352549,140.5447582,
1412,E0220100279202,吉野田児童館,青森県青森市浪岡大字吉野田字木戸口10-1,1,1,1,,,,1,1,1,40.72300103,140.5446456,
1413,E0220100280201,郷山前農村公園,青森県青森市浪岡大字郷山前字上野30-1,1,1,1,1,1,,1,1,,40.71574323,140.552616,
1414,E0220100281201,郷山前農村センター,青森県青森市浪岡大字郷山前字上野62-5,1,1,1,1,1,,1,1,1,40.71604411,140.5535816,
1415,E0220100282201,銀農村センター,青森県青森市浪岡大字銀字杉田151,1,1,1,1,1,,1,1,1,40.70545513,140.5618839,
1416,E0220100283201,五本松農村センター,青森県青森市浪岡大字五本松字羽黒平40-1,1,1,1,1,1,,1,1,1,40.72291384,140.6158765,
1417,E0220100284201,美人川公園,青森県青森市浪岡大字五本松字羽黒平9-2,1,1,1,1,1,,1,1,,40.72571062,140.6215513,
1418,E0220100285201,浪岡大杉公民館,青森県青森市浪岡大字高屋敷字安田29-2,1,1,1,,,,1,1,,40.7411486,140.5866699,
1419,E0220100286201,大杉公園,青森県青森市浪岡大字高屋敷字安田35-1,1,1,1,1,1,,1,1,,40.74035357,140.5866898,
1420,E0220100287201,杉高児童館,青森県青森市浪岡大字高屋敷字後田32-1,1,1,1,1,1,,1,1,1,40.73122748,140.5861882,
1421,E0220100287202,杉沢農村公園,青森県青森市浪岡大字高屋敷字後田32-1,1,1,1,1,1,,1,1,1,40.73121122,140.5869715,
1422,E0220100288201,浪岡細野山の家,青森県青森市浪岡大字細野字沢井37-3,1,,1,1,1,,1,1,1,40.69342684,140.6599135,
1423,E0220100289201,女鹿沢農村センター,青森県青森市浪岡大字女鹿沢字西花岡35,1,1,1,,,,1,1,,40.70675661,140.5791527,「洪水」では2階以上に避難
1424,E0220100326201,ダイナム青森浪岡店,青森県青森市浪岡大字女鹿沢字西花岡86-4,,1,1,1,1,,1,1,,40.705037,140.575327,
1425,E0220100290201,女鹿沢児童館,青森県青森市浪岡大字女鹿沢字東富田57-2,,1,1,,,,1,1,,40.70398299,140.5776229,
1426,E0220100291201,女鹿沢児童公園,青森県青森市浪岡大字女鹿沢字東富田57-3,,1,1,1,1,,1,1,,40.70415989,140.5778187,
1427,E0220100292201,花岡農村環境改善センター,青森県青森市浪岡大字女鹿沢字野尻14-1,1,1,1,1,1,,1,1,1,40.71191166,140.5724782,
1428,E0220100292202,花岡集会所,青森県青森市浪岡大字女鹿沢字野尻14-1,1,1,1,,,,1,1,1,40.71102928,140.5752033,
1429,E0220100292203,健康の森花岡プラザ,青森県青森市浪岡大字女鹿沢字野尻14-1,1,1,1,1,1,,1,1,1,40.7120004,140.5730009,
1430,E0220100293201,西山公園,青森県青森市浪岡大字女鹿沢字野尻14-142,1,,1,1,1,,1,1,,40.72043907,140.5785824,
1431,E0220100294201,花岡公園,青森県青森市浪岡大字女鹿沢字野尻28-3,1,1,1,1,1,,1,1,,40.71138184,140.5740976,
1432,E0220100295201,増館農村センター,青森県青森市浪岡大字増館字富岡140-2,,1,1,1,1,,1,1,1,40.67990583,140.5483487,
1433,E0220100296201,旧大栄小学校,青森県青森市浪岡大字大釈迦字前田5-2,1,1,1,1,1,,1,1,1,40.75663028,140.5897224,
1434,E0220100297201,大釈迦駅前広場,青森県青森市浪岡大字大釈迦字前田55-20,1,1,1,1,1,,1,1,,40.75684126,140.5875257,(住所：青森県青森市浪岡大字大釈迦字前田55-20、21)
1435,E0220100298201,大釈迦駅前会館,青森県青森市浪岡大字大釈迦字前田78-8,1,1,1,,,,1,1,,40.75635269,140.5865963,
1436,E0220100300201,浪岡野沢公民館,青森県青森市浪岡大字樽沢字村元313-4,1,1,1,,,,1,1,,40.71103389,140.5568785,
1437,E0220100302201,野沢公園,青森県青森市浪岡大字樽沢字村元382-11,1,1,1,1,1,,1,1,,40.71241555,140.5629141,
1438,E0220100303201,徳長農村センター,青森県青森市浪岡大字徳才子字福田4-1,1,1,1,1,1,,1,1,1,40.75190777,140.590277,
1439,E0220100304201,浪岡北中野公民館,青森県青森市浪岡大字北中野字天王27-7,1,1,1,,,,1,1,,40.71034004,140.6026999,
1440,E0220100305201,北中野農村公園,青森県青森市浪岡大字北中野字北畠195,1,1,1,1,1,,1,1,,40.70645673,140.6035222,
1441,E0220100306201,浪岡南小学校,青森県青森市浪岡大字北中野字北畠3,1,1,1,1,1,,1,1,1,40.70838607,140.5980091,「洪水」では2階以上に避難
1442,E0220100307201,本郷小学校,青森県青森市浪岡大字本郷字一本柳4,1,1,1,1,1,,1,1,1,40.69640856,140.6142049,
1443,E0220100308201,本郷農村公園,青森県青森市浪岡大字本郷字岸田17,1,1,1,1,1,,1,1,,40.69018579,140.6170202,
1444,E0220100309201,浪岡本郷公民館,青森県青森市浪岡大字本郷字岸田21-5,1,1,1,,,,1,1,,40.69050712,140.6177659,
1445,E0220100340201,緑道公園,青森県青森市浪岡大字浪岡,,1,1,1,1,1,1,1,,40.71264481,140.5887603,住所：青森市浪岡大字浪岡字細田131-4外
1446,E0220100310201,浪岡中学校,青森県青森市浪岡大字浪岡字稲盛1,1,1,1,1,1,,1,1,1,40.70554125,140.5880337,
1447,E0220100311201,浪岡総合公園,青森県青森市浪岡大字浪岡字稲盛6,,1,1,1,1,,1,1,,40.70416889,140.5883364,
1448,E0220100312201,浪岡体育館,青森県青森市浪岡大字浪岡字稲盛93,,1,1,1,1,,1,1,1,40.70633777,140.5881755,
1449,E0220100313201,浪岡中央公民館,青森県青森市浪岡大字浪岡字稲村101-1,1,1,1,1,1,,1,1,1,40.70958085,140.595647,「洪水」では2階以上に避難
1450,E0220100314201,浪岡高等学校,青森県青森市浪岡大字浪岡字稲村101-2,1,1,1,1,1,,1,1,1,40.70905866,140.5941478,「洪水」では2階以上に避難
1451,E0220100315201,中世の館,青森県青森市浪岡大字浪岡字岡田43,,1,1,1,1,,1,1,1,40.71416705,140.5971658,
1452,E0220100317201,平川児童館,青森県青森市浪岡大字浪岡字平野174-3,,1,1,,,,1,1,,40.71416364,140.5858463,
1453,E0220100318201,平川児童公園,青森県青森市浪岡大字浪岡字平野202-2,,1,1,1,1,,1,1,,40.71380996,140.585882,
1454,E0220100319201,浪岡茶屋町会館,青森県青森市浪岡大字浪岡字林本79-2,,1,1,1,1,,1,1,1,40.71460219,140.5926675,
1455,E0220100320201,浪岡北小学校,青森県青森市浪岡大字浪岡字淋城29,1,1,1,1,1,,1,1,1,40.71951364,140.5932179,
1456,E0220100321201,なごやかプラザ福田,青森県青森市浪岡福田2-4-3,1,1,1,1,1,,1,1,1,40.7193532,140.5843265,
1457,E0220100322201,浪館小学校,青森県青森市浪館前田3-23-1,1,1,1,1,1,,1,1,1,40.81112502,140.7162403,
1458,E0220100323201,浪打小学校,青森県青森市浪打1-4-1,1,1,1,1,1,,1,,1,40.82371481,140.777005,「洪水」「津波」では2階以上に避難
1459,E0220100324201,青森明の星短期大学,青森県青森市浪打2-6-32,1,1,1,1,1,,1,1,1,40.823771025673,140.7811710252,「洪水」「津波」では2階以上に避難
1460,E0220100357201,旧後潟小学校校舎,青森県青森市六枚橋磯打95,1,1,1,1,1,,1,1,,40.934723,140.662744,
1461,E0242300001201,奥戸小学校グラウンド,青森県大間町奥戸字館ノ上96,,,,,1,,,,1,41.489326041602,140.90640278795,
1462,E0242300002201,旧奥戸中学校グラウンド,青森県大間町奥戸字館ノ上96-7,,,,,1,,,,1,41.487291,140.907541,
1463,E0242300003201,農村婦人の家前,青森県大間町奥戸字材木川目32-2,,,,,1,,,,1,41.471094,140.891646,
1464,E0242300004201,材木防災公園,青森県大間町奥戸字焼畑52-2,,,,,1,,,,,41.468893067052,140.89048525592,
1465,E0242300005201,向町防災公園,青森県大間町奥戸字二ツ石179-25,,,,,1,,,,,41.501712081813,140.91109796578,
1466,E0242300006201,奥戸防災公園,青森県大間町奥戸字八森4-1,,,,,1,,,,,41.492012890595,140.91134188959,
1467,E0242300007201,奥戸交流館駐車場,青森県大間町奥戸字浜町通48-1,,,,,1,,,,1,41.489726,140.906098,
1468,E0242300008201,大間町総合開発センター駐車場,青森県大間町大間字奥戸下道20-1,,,,,1,,,,1,41.523166,140.904559,
1469,E0242300009201,大間保育園グラウンド,青森県大間町大間字奥戸道17-6,,,,,1,,,,,41.526138307878,140.90493348558,
1470,E0242300010201,大間幼稚園グラウンド,青森県大間町大間字大間平20-38,,,,,1,,,,1,41.52671541738,140.92341074614,
1471,E0242300011201,大間高等学校グラウンド,青森県大間町大間字大間平20-43,,,,,1,,,,1,41.527636291942,140.92641797979,
1472,E0242300012201,大間中学校グラウンド,青森県大間町大間字大間平31-1,,,,,1,,,,1,41.527638458787,140.92330846251,
1473,E0242300013201,大間町勤労青少年ホーム前,青森県大間町大間字大間平41-7,,,,,1,,,,1,41.542485,140.913769,
1474,E0242300015201,大間小学校グラウンド,青森県大間町大間字狼丁37-2,,,,,1,,,,1,41.528119853889,140.91375740506,
1475,E0242300016201,下手浜児童公園,青森県大間町大間平41-82,,,,,1,,,,,41.542233730528,140.91350222591,
1476,E0236200008201,大鰐小学校グラウンド,青森県大鰐町大字羽黒館45,1,,,1,,1,1,1,,40.517723944092,140.56665931015,
1477,E0236200009201,居土多目的集会センター,青森県大鰐町大字居土字宮本53-5,,1,,1,,1,1,1,1,40.503715,140.530289,
1478,E0236200010201,高野新田多目的集会センター,青森県大鰐町大字居土字高野新田27-4,,,,1,,1,1,1,1,40.487532351249,140.52997683069,
1479,E0236200011201,折紙多目的集会センター,青森県大鰐町大字居土字沢田74-2,,1,,1,,1,1,1,1,40.508061486169,140.51525440711,
1480,E0236200012201,苦木多目的集会センター,青森県大鰐町大字苦木字豊田8-2,,1,,1,,1,1,1,1,40.516094537371,140.60000133289,
1481,E0236200013201,大鰐町農家高齢者創作館,青森県大鰐町大字駒木字駒木平124-1,1,1,,,,1,1,1,1,40.518430580749,140.62987425322,
1482,E0236200014202,旧大鰐第二小学校,青森県大鰐町大字三ツ目内字大堰口3-2,1,,,1,,1,1,1,1,40.509926239337,140.53809219513,
1483,E0236200014201,旧大鰐第二小学校グラウンド,青森県大鰐町大字三ツ目内字大堰口3-2,1,,,1,,1,1,1,1,40.509791647651,140.53743237171,
1484,E0236200015201,三ツ目内生活改善センター,青森県大鰐町大字三ツ目内字福清水46,,,,,,1,1,1,1,40.519186775578,140.54607866307,
1485,E0236200016201,宿川原生活改善センター,青森県大鰐町大字宿川原字川崎81-2,,1,,,,1,1,1,1,40.525425912778,140.55814044377,
1486,E0236200017201,森山多目的研修センター,青森県大鰐町大字森山字東舘51,,1,,,,1,1,1,1,40.537421217991,140.54696153406,
1487,E0236200018201,早瀬野多目的集会センター,青森県大鰐町大字早瀬野字小金沢142-2,1,,,1,,1,1,1,1,40.479114952348,140.55401399029,
1488,E0236200019201,旧蔵館小学校グラウンド,青森県大鰐町大字蔵館字古館80-1,1,,,1,,1,1,1,,40.523596481619,140.57885788779,
1489,E0236200020201,大鰐町総合福祉センター,青森県大鰐町大字蔵館字川原田37-6,,1,,1,,1,1,1,1,40.518809571642,140.58199988083,
1490,E0236200021201,大鰐小学校,青森県大鰐町大字大鰐字羽黒館54,1,,,1,,1,1,1,1,40.517006509306,140.56688263292,
1491,E0236200022201,大鰐町総合運動公園,青森県大鰐町大字大鰐字出張沢11-39,1,1,,1,,1,1,1,,40.507487075,140.577150488,
1492,E0236200023201,大鰐町中央公民館,青森県大鰐町大字大鰐字前田51-8,,,,,,1,1,1,1,40.520317754317,140.57034961259,
1493,E0236200025201,九十九森公民館,青森県大鰐町大字長峰字九十九森76-3,1,1,,,,1,1,1,1,40.5127300544496,140.604992403152,
1494,E0236200026201,駒の台へき地保健福祉館,青森県大鰐町大字長峰字駒ノ台193,1,1,,,,1,1,1,1,40.520133284611,140.64600808024,
1495,E0236200027201,元長峰多目的集会センター,青森県大鰐町大字長峰字前田23-1,,1,,1,,1,1,1,1,40.520077396503,140.5962045059,
1496,E0236200028202,旧長峰小学校,青森県大鰐町大字長峰字沢田1,,1,,1,,1,1,1,1,40.513498650164,140.60278003877,
1497,E0236200028201,旧長峰小学校グラウンド,青森県大鰐町大字長峰字沢田1,,1,,1,,1,1,1,1,40.513172672095,140.60185366782,
1498,E0236200029201,長峰多目的研修センター,青森県大鰐町大字長峰字沢田2-3,,1,,,,1,1,1,1,40.513954,140.602651,
1499,E0236200030201,唐牛構造改善センター,青森県大鰐町大字唐牛字沼田133-23,1,,,1,,1,1,1,1,40.498525,140.614516,
1500,E0236200031201,森林浴交流センターしまだ,青森県大鰐町大字島田字ゾベコ沢71-1,1,,,1,,1,1,1,1,40.471290925554,140.58104752746,
1501,E0236200032201,大鰐中学校,青森県大鰐町大字虹貝字篠塚24-1,1,,,1,,1,1,1,1,40.519726632308,140.56082271438,
1502,E0236200034201,大鰐中学校グラウンド,青森県大鰐町大字虹貝字篠塚44-1,,,,1,,1,1,1,,40.52050143562,140.56021117071,
1503,E0236200035201,清川児童公園,青森県大鰐町大字虹貝字清川154-1,,1,,1,,1,1,1,,40.5189720376,140.564298949,
1504,E0236200036201,虹貝コミュニティセンター,青森県大鰐町大字虹貝字清川95-1,,1,,1,,1,1,1,1,40.514856866325,140.56166968292,
1505,E0236200037201,虹貝新田へき地保健福祉館,青森県大鰐町大字虹貝字大熊沢73-3,,,,,,1,1,1,1,40.503308174978,140.55984920768,
1506,E0236200038201,八幡館社会福祉館,青森県大鰐町大字八幡館字沢田65-1,,1,,,,1,1,1,1,40.541702083867,140.55839807598,
1507,E0238700023201,福寿荘,青森県中泊町大字芦野字堤の袖153-9,,,,1,,1,1,,,40.93857593,140.4099666,
1508,E0238700024201,宮野沢総合研修センター,青森県中泊町大字宮野沢字浦島46,,,,1,,1,1,,,40.96131647,140.4534789,
1509,E0238700025201,高寿荘,青森県中泊町大字高根字小金石205-4,,1,,1,,1,1,,,40.98741,140.425995,
1510,E0238700026201,下高根公民館,青森県中泊町大字高根字小金石916,,1,,1,,1,1,,,41.00611876,140.4218651,
1511,E0238700029201,泉寿荘,青森県中泊町大字今泉字布引115-1,,1,,1,,1,1,,,41.02995262,140.4197712,
1512,E0238700030201,稲荷山避難所,青森県中泊町大字小泊字稲荷20-1,,,,1,1,1,1,,,41.129748,140.3019727,
1513,E0238700031201,稲荷山防災広場,青森県中泊町大字小泊字稲荷28-2,,,,1,1,1,,,,41.12931279,140.3021128,
1514,E0238700032201,熊野神社境内,青森県中泊町大字小泊字下前175-1,,,,1,1,1,,,,41.121817,140.2757574,
1515,E0238700032202,熊野神社,青森県中泊町大字小泊字下前175-1,,,,1,1,1,1,,,41.12186347,140.2755857,
1516,E0238700033201,すくすくしたまえ館,青森県中泊町大字小泊字下前207-2,,1,1,1,,1,1,,,41.121076,140.273087,
1517,E0238700034201,下前児童公園,青森県中泊町大字小泊字下前46-1,,,,1,,1,,,,41.12172591,140.273341,
1518,E0238700035201,折戸防災広場,青森県中泊町大字小泊字下前51-12,,,,1,1,1,,,,41.11391402,140.29953,
1519,E0238700036203,下前上高台,青森県中泊町大字小泊字下前地内,,,,,1,,,,,41.12286145,140.2779222,
1520,E0238700036201,下前浜高台④,青森県中泊町大字小泊字下前地内,,,,,1,,,,,41.12191584,140.272032,
1521,E0238700036202,下前中高台,青森県中泊町大字小泊字下前地内,,,,,1,,,,,41.12210982,140.2741671,
1522,E0238700037201,上町高台,青森県中泊町大字小泊字割長根地内,,,,,1,,,,,41.12581537,140.3075767,
1523,E0238700039201,ふれあい運動場,青森県中泊町大字小泊字砂山1076-3,,,,1,,1,,,,41.12896731,140.3105725,
1524,E0238700040201,花丘団地駐車場,青森県中泊町大字小泊字砂山1082,,,,,1,,,,,41.12935505,140.3109509,
1525,E0238700042201,共同墓地駐車場,青森県中泊町大字小泊字砂山1157-1,,,,,1,,,,,41.12821155,140.3137243,
1526,E0238700043201,老人憩いの家,青森県中泊町大字小泊字砂山1158,,,,1,,1,1,,,41.13034112,140.3090114,
1527,E0238700044201,若葉町高台,青森県中泊町大字小泊字砂山地内,,,,,1,,,,,41.13170261,140.3109348,
1528,E0238700044202,新町１高台,青森県中泊町大字小泊字砂山地内,,,,,1,,,,,41.1335612,140.3141105,
1529,E0238700045201,旧小泊中学校グラウンド,青森県中泊町大字小泊字鮫貝196-188,,,,1,1,1,,,,41.12192005,140.293342,
1530,E0238700046201,旧下前小学校グラウンド,青森県中泊町大字小泊字漆流36-1,,,,1,,1,,,,41.12279898,140.2722383,
1531,E0238700047201,すくすくこどまり館,青森県中泊町大字小泊字小泊423,,1,1,1,,1,1,,,41.13143591,140.305388,
1532,E0238700048201,日本海漁火センター,青森県中泊町大字小泊字小泊488,,1,,1,,1,1,,,41.13058339,140.3006512,
1533,E0238700049201,港老人憩いの家,青森県中泊町大字小泊字水澗17-1,,,,1,,1,1,,,41.131201,140.294085,
1534,E0238700050201,青岩高台,青森県中泊町大字小泊字青岩地内,,,,,1,,,,,41.16390539,140.3283745,
1535,E0238700051201,折戸避難所,青森県中泊町大字小泊字折戸51-12,,1,1,1,1,1,1,,,41.11381095,140.2995033,
1536,E0238700052201,すくすく折戸館,青森県中泊町大字小泊字折戸65,,1,,1,,1,1,,,41.1155849,140.2962045,
1537,E0238700053201,道の駅高台,青森県中泊町大字小泊字折腰内45,,,,,1,,,,,41.14561654,140.3204995,
1538,E0238700054201,基幹集落センター,青森県中泊町大字小泊字大山長根114,,,,1,,1,1,,,41.13189344,140.2929089,
1539,E0238700055201,入舟高台②,青森県中泊町大字小泊字大山長根地内,,,,,1,,,,,41.1306642,140.2925402,
1540,E0238700056201,小泊克雪センター,青森県中泊町大字小泊字築上104-2,,,,1,1,1,1,,,41.11911936,140.3039235,
1541,E0238700057201,下前浜高台③,青森県中泊町大字小泊字中間地内,,,,,1,,,,,41.12172187,140.2698863,
1542,E0238700059201,高齢者福祉センター,青森県中泊町大字小泊字朝間25,,,,1,,1,1,,,41.12751694,140.309807,
1543,E0238700060201,国道３３９号線,青森県中泊町大字小泊字朝間地内,,,,,1,,,,,41.12702761,140.3134453,
1544,E0238700061201,下前浜高台①,青森県中泊町大字小泊字尾崎道地内,,,,,1,,,,,41.12246543,140.2648223,
1545,E0238700063201,入舟高台①,青森県中泊町大字小泊字嗽沢地内,,,,,1,,,,,41.13305616,140.2887851,
1546,E0238700064201,下前浜高台②,青森県中泊町大字小泊字渕岩地内,,,,,1,,,,,41.12131776,140.2678371,
1547,E0238700065201,深寿荘,青森県中泊町大字深郷田字富森84-17,,,,1,,1,1,,,40.95908031,140.4409262,
1548,E0238700068201,二タ見団地集会所,青森県中泊町大字大沢内字海原217,,,,1,,1,1,,,40.9442968,140.4426794,
1549,E0238700069201,大沢内集会所,青森県中泊町大字大沢内字二タ見356-2,1,,,1,,1,1,,,40.938865,140.441302,
1550,E0238700070201,中里小学校体育館,青森県中泊町大字中里字亀山251-1,,1,,1,,1,1,,,40.96454124,140.4450567,
1551,E0238700072201,輪寿荘,青森県中泊町大字中里字紅葉坂134,,,,1,,1,1,,,40.962699,140.434678,
1552,E0238700073201,中泊町役場大会議室,青森県中泊町大字中里字紅葉坂209,,,,1,,1,1,,1,40.96044242,140.4340008,
1553,E0238700074201,総合文化センター,青森県中泊町大字中里字紅葉坂210,1,,,1,,1,1,,,40.961129,140.432954,
1554,E0238700075201,老人福祉センター,青森県中泊町大字中里字宝森1-2,,1,,1,,1,1,,1,40.96800844,140.4331484,
1555,E0238700075202,中央公民館,青森県中泊町大字中里字宝森1-2,1,1,,1,,1,1,,1,40.96800454,140.4326112,
1556,E0238700078201,中里中学校体育館,青森県中泊町大字中里字宝森309,,,,1,,1,1,,,40.96793596,140.4251669,
1557,E0238700079201,体育センター,青森県中泊町大字中里字宝森70-1,,1,,1,,1,1,,,40.967416,140.431131,
1558,E0238700080201,長寿荘,青森県中泊町大字長泥字玉清水1-8,,,,1,,1,1,,,40.955682,140.383565,
1559,E0238700082201,竹田あけぼのセンター,青森県中泊町大字田茂木字若宮735,,,,1,,1,1,,,40.976304,140.398908,
1560,E0238700083201,若宮へき地保健福祉館,青森県中泊町大字田茂木字若宮地内,,,,1,,1,1,,,41.00008639,140.3958792,
1561,E0238700084201,田茂木防災センター,青森県中泊町大字田茂木字鳴見381-21,,,,1,,1,1,,,40.94330153,140.3970037,
1562,E0238700085201,内潟公民館,青森県中泊町大字薄市字飛石21-2,1,1,,1,,1,1,,,41.010774,140.424705,
1563,E0238700086201,薄市小学校体育館,青森県中泊町大字薄市字飛石田野沢187-1,,1,,1,,1,1,,,41.00806446,140.425203,
1564,E0238700088201,盛寿荘,青森県中泊町大字八幡字八幡62-2,,,,1,,1,1,,,40.954039,140.437535,
1565,E0238700089201,尾別老人憩いの家,青森県中泊町大字尾別字玉の井40-3,,1,,1,,1,1,,,40.981648,140.427761,
1566,E0238700091201,武田公民館,青森県中泊町大字富野字千歳188-7,,,,1,,1,1,,,40.93728382,140.416675,
1567,E0238700092201,武田小学校体育館,青森県中泊町大字富野字千歳305-1,,,,1,,1,1,,,40.93488682,140.4146137,
1568,E0238700093201,鶴寿荘,青森県中泊町大字豊岡字片岡1-1,,,,1,,1,1,,,40.948343,140.415442,
1569,E0238700094201,豊島農村婦人の家,青森県中泊町大字豊島字宮本190-2,,,,1,,1,1,,,40.925748,140.424708,
1570,E0238700095201,袰内高台,青森県中泊町大字北小泊山国有林,,,,,1,,,,,41.24508529,140.343191,
1571,E0238400001201,旧梅沢小学校,青森県鶴田町大字横萢字松倉16-1,,,,1,,,,,1,40.75565786,140.4725606,
1572,E0238400002201,横萢ふれあいセンター,青森県鶴田町大字横萢字松倉2-1,,,,1,,,,,1,40.75426769,140.4716447,
1573,E0238400003201,沖ふれあいセンター,青森県鶴田町大字沖字岡田289-1,,,,1,,,,,1,40.74690976,140.4692632,
1574,E0238400004201,松倉文化センター,青森県鶴田町大字沖字藤巻99-5,,,,1,,,,,1,40.75709121,140.4641794,
1575,E0238400005201,廻堰ふれあいセンター,青森県鶴田町大字廻堰字下桂井58-3,1,,,1,,,,,1,40.75958471,140.3924495,
1576,E0238400006201,境・胡桃舘ふれあいセンター,青森県鶴田町大字胡桃舘字池田1-1,,,,1,,,,,1,40.73568303,140.4531051,
1577,E0238400007201,旧胡桃舘小学校,青森県鶴田町大字胡桃舘字北田171,1,,,1,,,,,1,40.74149576,140.4545059,
1578,E0238400008201,中野文化センター,青森県鶴田町大字胡桃舘字北田21,,,,1,,,,,1,40.74213632,140.4551231,
1579,E0238400009201,山道文化センター,青森県鶴田町大字山道字小泉371,,,,1,,,,,1,40.75514961,140.4514348,
1580,E0238400010201,あやめふれあいセンター,青森県鶴田町大字菖蒲川字一本柳321-3,,,,1,,,,,1,40.73714437,140.4261378,
1581,E0238400011201,旧菖蒲川小学校,青森県鶴田町大字菖蒲川字一本柳71-1,1,,,1,,,,,1,40.73316464,140.4258303,
1582,E0238400012201,瀬良沢ふれあいセンター,青森県鶴田町大字瀬良沢字篠田40-2,,,,1,,,,,1,40.75042733,140.4919061,
1583,E0238400013201,大巻ふれあいセンター,青森県鶴田町大字大巻字柳葉309,,,,1,,,,,1,40.77841068,140.4222849,
1584,E0238400014201,大性ふれあいセンター,青森県鶴田町大字大性字一本柳30-3,,,,1,,,,,1,40.72694449,140.425939,
1585,E0238400015201,鶴田町公民館,青森県鶴田町大字鶴田字沖津189-1,1,,,1,,,,,1,40.75002316,140.4286014,
1586,E0238400016201,鶴田町保健福祉センター　「鶴遊館」,青森県鶴田町大字鶴田字沖津193,,,,1,,,,,1,40.74909709,140.4277756,
1587,E0238400017201,鶴田町体育センター,青森県鶴田町大字鶴田字沖津203-1,,,,1,,,,,1,40.74996116,140.4292018,
1588,E0238400018201,鶴田町武徳館,青森県鶴田町大字鶴田字沖津204-1,,,,1,,,,,1,40.75032156,140.4294168,
1589,E0238400019201,みどり町集会所,青森県鶴田町大字鶴田字沖津237-54,,,,1,,,,,1,40.74635056,140.4307384,
1590,E0238400020201,下山学園高等学校,青森県鶴田町大字鶴田字小泉369-1,1,,,1,,,,,1,40.75416463,140.4393442,
1591,E0238400021201,駅東町営住宅集会所,青森県鶴田町大字鶴田字小泉441-1,,,,1,,,,,1,40.75567803,140.4379488,
1592,E0238400022201,鶴田町農村環境改善センター　「豊明館」,青森県鶴田町大字鶴田字早瀬184-1,1,,,1,,,,,1,40.75791883,140.4294275,
1593,E0238400023201,亀田・新田子ふれあいセンター,青森県鶴田町大字鶴田字大泉79-1,,,,1,,,,,1,40.77371347,140.439397,
1594,E0238400024201,鶴田小学校体育館,青森県鶴田町大字鶴田字鷹ノ尾11-2,1,,,1,,,,,1,40.762258,140.429451,
1595,E0238400024202,鶴田小学校,青森県鶴田町大字鶴田字鷹ノ尾11-2,1,,,1,,,,,1,40.76297539,140.4301097,
1596,E0238400025201,強巻文化センター,青森県鶴田町大字鶴田字鷹ノ尾99-3,,,,1,,,,,1,40.76463161,140.4283527,
1597,E0238400026201,鶴田町立柔剣道場,青森県鶴田町大字鶴田字渡舟20-1,,,,1,,,,,1,40.75227471,140.4249212,
1598,E0238400027201,鶴田中学校,青森県鶴田町大字鶴田字渡舟80-1,1,,,1,,,,,1,40.75139084,140.4251492,
1599,E0238400028201,鶴泊ふれあいセンター,青森県鶴田町大字鶴泊字東田15,,,,1,,,,,1,40.73583841,140.4323625,
1600,E0238400029201,田の尻文化センター,青森県鶴田町大字尾原字下亀甲26-7,,,,1,,,,,1,40.76981316,140.4082441,
1601,E0238400030201,尾原文化センター,青森県鶴田町大字尾原字上亀甲52,,,,1,,,,,1,40.75743398,140.4067115,
1602,E0238400031201,妙堂崎担い手センター,青森県鶴田町大字妙堂崎字上林34-8,1,,,1,,,,,1,40.77464915,140.3841786,
1603,E0238400032201,旧水元中央小学校,青森県鶴田町大字妙堂崎字杉元75,1,,,1,,,,,1,40.76760936,140.3886448,
1604,E0238400033201,共栄文化センター,青森県鶴田町大字妙堂崎字米山267-3,,,,1,,,,,1,40.76093521,140.3428255,
1605,E0238400034201,西中野文化センター,青森県鶴田町大字木筒字上掛橋48,,,,1,,,,,1,40.75589105,140.4143354,
1606,E0238400035201,前中野集落農事集会所,青森県鶴田町大字木筒字上藤代71-1,,,,1,,,,,1,40.74992069,140.4098474,
1607,E0238400036201,木筒文化センター,青森県鶴田町大字木筒字上柳川31-4,,,,1,,,,,1,40.75605541,140.4221194,
1608,E0238400037201,鶴寿町営住宅集会所,青森県鶴田町大字木筒字上柳川46-1,,,,1,,,,,1,40.75869795,140.422173,
1609,E0238400038201,間山文化センター,青森県鶴田町大字野木字下糺57-1,1,,,1,,,,,1,40.75098082,140.3980681,
1610,E0238400039201,野木ふれあいセンター,青森県鶴田町大字野木字西松虫27-1,,,,1,,,,,1,40.74321492,140.4150343,
1611,E0238400040201,旧富士見小学校,青森県鶴田町大字野木字西鶴見90,,,,1,,,,,1,40.74939089,140.4115908,
1612,E0244300001201,新田地区活性化センター,青森県田子町大字遠瀬字堺沢出口1-2,1,1,,1,,1,1,,,40.2699579348094,141.056060619977,
1613,E0244300002201,水亦生活館,青森県田子町大字遠瀬字水亦24-2,1,1,,1,,1,1,,,40.2584371725951,141.09718051549,
1614,E0244300003201,遠瀬生活館,青森県田子町大字遠瀬字苗代71,1,1,,1,,1,1,,,40.2842404244414,141.078536965792,
1615,E0244300004201,（有）堀川ブロイラー車庫,青森県田子町大字夏坂字田代平5-1,1,1,,1,,1,1,,,40.2956035806172,141.014507272193,
1616,E0244300005201,やすらぎの駐車帯,青森県田子町大字関字関53-3,1,1,,1,,1,1,,,40.2912919870663,141.041243382131,
1617,E0244300006201,雀ケ平生活館,青森県田子町大字原字雀ケ平8-2,1,1,,1,,1,1,,,40.323446444968,141.146029238604,
1618,E0244300007201,飯豊生活館,青森県田子町大字原字飯豊33-1,1,1,,1,,1,1,,,40.3103330639766,141.129643902335,
1619,E0244300008201,都市農村交流センター,青森県田子町大字原字飛鳥平26-1,1,1,,1,,1,1,,1,40.3157979458199,141.131011828948,
1620,E0244300009201,野面生活館,青森県田子町大字原字野面77-8,1,1,,1,,1,1,,,40.3187657113893,141.143742756604,
1621,E0244300010201,嘉沢地区集落センター,青森県田子町大字山口字嘉沢11-5,1,1,,1,,1,1,,,40.2903384075749,141.06262056548,
1622,E0244300011201,上郷公民館,青森県田子町大字山口字道前80,1,1,,1,,1,1,,1,40.2907626758177,141.077447248311,
1623,E0244300012201,石亀地区研修センター,青森県田子町大字石亀字石亀6,1,1,,1,,1,1,,,40.3040366814232,141.095135389247,
1624,E0244300013201,明土平生活館,青森県田子町大字相米字高屋敷128-2,1,1,,1,,1,1,,,40.3348733923312,141.121103863926,
1625,E0244300014201,細野地区集落センター,青森県田子町大字相米字細野134-4,1,1,,1,,1,1,,,40.3441449790664,141.127658454509,
1626,E0244300015201,柴倉生活館,青森県田子町大字相米字柴倉沢32-1,1,1,,1,,1,1,,,40.3265355400329,141.091558287572,
1627,E0244300016201,根渡地区担い手センター,青森県田子町大字相米字石亀渡40,1,1,,1,,1,1,,,40.3188200831677,141.09268516911,
1628,E0244300017201,相米へき地保健福祉館,青森県田子町大字相米字天間屋敷33,1,1,,1,,1,1,,,40.3292944283541,141.113048065058,
1629,E0244300018201,野月生活館,青森県田子町大字相米字野月6-1,1,1,,1,,1,1,,,40.336034791693,141.140545427633,
1630,E0244300019201,衣更地区集落センター,青森県田子町大字田子字衣更66,1,1,,1,,1,1,,,40.3288438092094,141.154239908223,
1631,E0244300020201,下田子生活館,青森県田子町大字田子字下田子61-9,1,1,,1,,1,1,,,40.348435574837,141.172820901176,
1632,E0244300021201,舞手地区コミュニティ消防センター,青森県田子町大字田子字喜助ケ沢1-2,1,1,,1,,1,1,,,40.3451113172254,141.1766495155,
1633,E0244300022201,向山地区コミュニティ消防センター,青森県田子町大字田子字向山上ミ平16-3,1,1,,1,,1,1,,,40.3363259217153,141.162593814474,
1634,E0244300023201,上野地区多目的研修センター,青森県田子町大字田子字上野2-3,1,1,,1,,1,1,,,40.3501170285577,141.161116115629,
1635,E0244300024201,清水頭地区総合研修センター,青森県田子町大字田子字清水頭下モ久保78-1,1,1,,1,,1,1,,1,40.360864893549,141.111128504444,
1636,E0244300025201,川代生活館,青森県田子町大字田子字大王31-2,1,1,,1,,1,1,,,40.3547567422977,141.099543542855,
1637,E0244300026201,池振地区集落センター,青森県田子町大字田子字池振下モ平2,1,1,,1,,1,1,,,40.3462915854904,141.136366517105,
1638,E0244300027201,長坂地区集落センター,青森県田子町大字田子字長坂29-4,1,1,,1,,1,1,,,40.3615735193212,141.146743480813,
1639,E0244300028201,光明寺,青森県田子町大字田子字天神堂平51-1,1,1,,1,,1,1,,,40.3385440839752,141.153785445212,
1640,E0244300029201,耕田寺,青森県田子町大字田子字田子86-1,1,1,,1,,1,1,,,40.341737839052,141.148186006833,
1641,E0244300030201,上ノ平生活館,青森県田子町大字田子字田子上ノ平21,1,1,,1,,1,1,,,40.3439934138403,141.152793379076,
1642,E0244300031201,干草場生活館,青森県田子町大字田子字二次下モ平7-7,1,1,,1,,1,1,,,40.3645832252023,141.124325254812,
1643,E0244300032201,川向生活館,青森県田子町大字田子字馬場18-2,1,1,,1,,1,1,,,40.3540934597864,141.124139846157,
1644,E0244300033201,中央公民館,青森県田子町大字田子字柏木田169,1,1,,1,,1,1,,1,40.3421706136349,141.15630442488,
1645,E0244300034201,袖平生活館,青森県田子町大字田子字白椛1-1,1,1,,1,,1,1,,,40.3671133571596,141.102205571642,
1646,E0244300035201,田子町商工会館,青森県田子町大字田子字風張13-1,1,1,,1,,1,1,,,40.3395351239823,141.146811607598,
1647,E0244300036201,野々上生活館,青森県田子町大字田子字野々上45-3,1,1,,1,,1,1,,,40.3441118207108,141.139616783598,
1648,E0244300037201,矢田郎地区コミュニティ消防センター,青森県田子町大字田子字矢田郎平3-6,1,1,,1,,1,1,,,40.3338456461923,141.144765877858,
1649,E0244300038201,茂市地区担い手センター,青森県田子町大字茂市字茂市21-1,1,1,,1,,1,1,,,40.3005145386344,141.087164713647,
1650,E0236700001201,境森集会所,青森県田舎館村大字境森字佃87-8,1,,,1,,,1,1,1,40.654941204342,140.53894278931,
1651,E0236700002201,境森集落広場,青森県田舎館村大字境森字福田2-13,,,,1,,1,,,,40.654242123416,140.53839776224,
1652,E0236700003201,高樋老人福祉センター,青森県田舎館村大字高樋字深山林17-4,1,,,1,,,1,1,1,40.637177848227,140.57334260465,
1653,E0236700004201,弥生の里,青森県田舎館村大字高樋字泉8,1,,,1,,1,1,,,40.633660244787,140.57758807791,
1654,E0236700005201,枝川集会所,青森県田舎館村大字枝川字狐森28-1,,,,1,,,,1,1,40.642841748739,140.56503986515,
1655,E0236700006201,十二川原集会所,青森県田舎館村大字十二川原字石盛56,,,,1,,,,1,1,40.640194453774,140.56980297897,
1656,E0236700007201,諏訪堂農村公園,青森県田舎館村大字諏訪堂字松岡12-1,,,,1,,1,,,,40.631307188086,140.52564669576,
1657,E0236700008201,諏訪堂集会所,青森県田舎館村大字諏訪堂字村元33-2,,,,1,,,,1,1,40.632128375195,140.52717298161,
1658,E0236700009201,垂柳公民館,青森県田舎館村大字垂柳字永田33-1,1,,,1,,,1,1,1,40.636824421002,140.56601678387,
1659,E0236700010201,垂柳地区農村公園,青森県田舎館村大字垂柳字石森80-3,,,,1,,1,,,,40.638555110586,140.56691542951,
1660,E0236700011201,川部駅前児童公園,青森県田舎館村大字川部字上西田122,,,,1,,1,,,,40.645561099337,140.51864414835,
1661,E0236700012201,田舎館村農村広場,青森県田舎館村大字川部字上船橋52-1,,,,1,,1,,,,40.648306504769,140.53109276053,
1662,E0236700013201,田舎館村ふれあいセンター,青森県田舎館村大字川部字村元33-1,,,,1,,,,1,1,40.645470945203,140.52412096477,
1663,E0236700014201,川部和泉交流センター,青森県田舎館村大字川部字村元34-9,,,,1,,,,1,1,40.645101328702,140.5240813478,
1664,E0236700015201,川部児童公園,青森県田舎館村大字川部字村元84-1,,,,1,,1,,,,40.644504243578,140.52028357085,
1665,E0236700016201,光田寺コミュニティセンター,青森県田舎館村大字前田屋敷字東中野35-1,,,,1,,,,1,1,40.649215510143,140.55262092637,
1666,E0236700017201,前田屋敷会館,青森県田舎館村大字前田屋敷字南一本柳2-8,,,,1,,,,1,1,40.648187856586,140.55003313596,
1667,E0236700018201,大曲農村公園,青森県田舎館村大字大曲字早稲田116,1,,,1,,1,1,,,40.632873846343,140.53630099888,
1668,E0236700019201,大曲会館,青森県田舎館村大字大曲字早稲田158-8,1,,,1,,,1,1,1,40.632182103449,140.53477144914,
1669,E0236700020201,畑中児童公園,青森県田舎館村大字大曲字早稲田94-1,1,,,1,,1,1,,,40.632330931405,140.54085235155,
1670,E0236700021201,大根子農村公園,青森県田舎館村大字大根子字宮崎17-4,,,,1,,1,,,,40.637579089403,140.52061756891,
1671,E0236700022201,大根子公民館,青森県田舎館村大字大根子字松森34-1,,,,1,,,,1,1,40.636306479935,140.52009181422,
1672,E0236700023201,田舎館小学校グラウンド,青森県田舎館村大字大根子字牧ヶ袋80,,,,1,,1,,,1,40.640134253101,140.51842216619,
1673,E0236700023203,田舎館小学校,青森県田舎館村大字大根子字牧ヶ袋80,,,,1,,,,1,1,40.640789616856,140.51872793802,
1674,E0236700023202,田舎館小学校体育館,青森県田舎館村大字大根子字牧ヶ袋80,,,,1,,,,1,1,40.640773334605,140.51783208021,
1675,E0236700024201,田舎館村農村婦人の家,青森県田舎館村大字大袋字樋田141,,,,1,,,,1,1,40.621366429326,140.51285080933,
1676,E0236700025201,大袋農村公園,青森県田舎館村大字大袋字樋田141-2,,,,1,,1,,,,40.62134139858,140.5124425326,
1677,E0236700026201,総合研修施設（田舎舘）,青森県田舎館村大字田舎舘字東田188-1,1,,,1,,,1,1,1,40.630039783888,140.55620000356,
1678,E0236700027201,田舎館街区公園,青森県田舎館村大字田舎舘字東田200-1,,,,1,,1,,,,40.63047954673,140.55600153538,
1679,E0236700028201,土矢倉集会所,青森県田舎館村大字土矢倉字富岡10-1,,,,1,,,,1,1,40.642142265842,140.53764529642,
1680,E0236700029201,東光寺集落広場,青森県田舎館村大字東光寺字村井58-2,,,,1,,1,,,,40.657358948803,140.5546127421,
1681,E0236700030202,二津屋会館,青森県田舎館村大字東光寺字村井6-1,,,,1,,,,1,1,40.658099775516,140.56000914728,
1682,E0236700030201,二津屋農村公園,青森県田舎館村大字東光寺字村井6-1,,,,1,,1,,,1,40.65825034709,140.55957999384,
1683,E0236700031201,東光寺会館,青森県田舎館村大字東光寺字村井93-1,,,,1,,,,1,1,40.657283020558,140.55488344586,
1684,E0236700032201,高田公民館,青森県田舎館村大字東光寺字林元39-8,,,,1,,,,1,1,40.665270391259,140.56523246763,
1685,E0236700033201,高田農村公園,青森県田舎館村大字東光寺字和田56-4,,,,1,,1,,,,40.664119373149,140.56604606416,
1686,E0236700034201,新町会館,青森県田舎館村大字堂野前字種井119,,,,1,,,,1,1,40.652804142452,140.56813015846,
1687,E0236700035201,堂野前集落広場,青森県田舎館村大字堂野前字種井36-2,,,,1,,1,,,,40.650752067842,140.56244021056,
1688,E0236700048201,堂野前会館,青森県田舎館村大字堂野前字種井37,,,,1,,,,1,1,40.650539071723,140.56259700407,
1689,E0236700037201,前田屋敷農村公園,青森県田舎館村大字堂野前字西田20-1,,,,1,,1,,,,40.651560664902,140.5542286661,
1690,E0236700038201,新町集落広場,青森県田舎館村大字堂野前字前川原151-3,,,,1,,1,,,,40.651915226689,140.56853237353,
1691,E0236700039201,田舎館中学校グラウンド,青森県田舎館村大字畑中字観妙寺40-1,,,,1,,1,,,1,40.638259139578,140.55085423808,
1692,E0236700039202,田舎館中学校体育館,青森県田舎館村大字畑中字観妙寺40-1,,,,1,,,,1,1,40.639097701942,140.55074694973,
1693,E0236700039203,田舎館中学校,青森県田舎館村大字畑中字観妙寺40-1,1,,,1,,,1,1,1,40.638853461563,140.55119756083,
1694,E0236700040201,畑中会館,青森県田舎館村大字畑中字上野184-1,1,,,1,,,1,1,1,40.631213408774,140.5489674254,
1695,E0236700041201,田舎館村民体育館,青森県田舎館村大字畑中字藤本159-1,1,,,1,,,1,1,1,40.632016233977,140.54992089699,
1696,E0236700041202,田舎館村中央公民館,青森県田舎館村大字畑中字藤本159-1,1,,,1,,,1,1,1,40.631975522991,140.54932008217,
1697,E0236700043201,老人憩の家,青森県田舎館村大字畑中字藤本169,,,,1,,,,1,1,40.632696152199,140.55084267983,
1698,E0236700044201,八反田会館,青森県田舎館村大字八反田字古舘139-4,,,,1,,,,1,1,40.636328905703,140.54894351316,
1699,E0236700045201,豊蒔農村公園,青森県田舎館村大字豊蒔字南前田3-3,,,,1,,1,,,,40.636601030418,140.50633594045,
1700,E0236700046201,豊蒔公民館,青森県田舎館村大字豊蒔字北前田204,,,,1,,,,1,1,40.63560817357,140.50743131137,
1701,E0242400004201,猿ヶ森農民研修所,青森県東通村大字猿ケ森字村中15,1,1,,1,,1,1,1,1,41.292472820022,141.39536336704,
1702,E0242400005201,旧北部中学校,青森県東通村大字蒲野沢字外畑9-7,1,1,,1,,1,1,1,1,41.326736582573,141.2893824852,
1703,E0242400006201,鹿橋集会所,青森県東通村大字蒲野沢字鹿橋山2-12,1,1,,1,,1,1,1,1,41.323061240046,141.31310500661,
1704,E0242400007201,石持地区活力倍増センター,青森県東通村大字蒲野沢字石持51-1,1,1,,1,,1,1,1,1,41.329841467565,141.29943254438,
1705,E0242400008201,山あいの里,青森県東通村大字蒲野沢字前田24-1,,1,,1,,1,,1,1,41.30565103411,141.32812537708,
1706,E0242400009201,東栄地区集会施設「大地の里」,青森県東通村大字蒲野沢字大久保76,1,1,,1,,1,1,1,1,41.343806087066,141.32424273759,
1707,E0242400010201,岩屋部落集会所,青森県東通村大字岩屋字往来135-5,1,1,,1,,1,1,1,1,41.386210132571,141.40755851802,
1708,E0242400011201,岩屋漁村センター,青森県東通村大字岩屋字往来173,1,1,,1,,1,1,1,1,41.389149087005,141.40961403837,
1709,E0242400012202,旧岩屋小学校,青森県東通村大字岩屋字小沢平1,1,1,1,1,1,1,1,1,,41.378011999471,141.4005789148,
1710,E0242400012201,旧岩屋小学校校庭,青森県東通村大字岩屋字小沢平1,1,1,1,1,1,1,1,1,,41.378618179754,141.39968978118,
1711,E0242400013201,袰部部落集会所,青森県東通村大字岩屋字田畑11-3,1,1,,1,,1,1,1,1,41.367293901343,141.39581335882,
1712,E0242400014201,桑原集会所,青森県東通村大字砂子又字新田29-12,1,1,,1,,1,1,1,1,41.294824922907,141.33523618329,
1713,E0242400015201,ふれあいの館,青森県東通村大字砂子又字川原10-1,1,1,,1,,1,1,1,1,41.266254956112,141.34104210414,
1714,E0242400016201,田代地区多目的集会施設,青森県東通村大字砂子又字大川目25-1,1,1,,1,,1,1,1,,41.269982063984,141.37798186783,
1715,E0242400017201,東通村体育館,青森県東通村大字砂子又字沢内5-34,1,1,1,1,1,1,1,1,1,41.278698936176,141.32895144734,
1716,E0242400057201,そでやま館,青森県東通村大字小田野沢字南通32-1,1,1,1,1,1,1,1,1,1,41.227144,141.394093,
1717,E0242400019201,水神の郷,青森県東通村大字尻屋字山根61-2,1,1,1,1,1,1,1,1,1,41.399949,141.4455,
1718,E0242400020201,旧尻屋小学校,青森県東通村大字尻屋字石倉58,1,1,1,1,1,1,1,1,1,41.405686975733,141.44783606273,
1719,E0242400021201,尻労漁村センター,青森県東通村大字尻労字小倉22,1,1,1,1,1,1,1,1,1,41.370798202847,141.44492260099,
1720,E0242400022201,旧尻労小学校,青森県東通村大字尻労字小倉38,1,1,1,1,1,1,1,1,1,41.362998430983,141.43923625538,
1721,E0242400024201,大利地区ふるさと伝承館,青森県東通村大字大利字冷水5-2,1,1,,1,,1,1,1,1,41.321362444275,141.23905895476,
1722,E0242400025201,下田屋集会所,青森県東通村大字田屋字トサミ沢44-1,1,1,,1,,1,1,1,1,41.28249915615,141.25573288241,
1723,E0242400026201,能舞の館たや,青森県東通村大字田屋字家ノ上8-2,1,1,,1,,1,1,1,1,41.270057537598,141.28543309074,
1724,E0242400027201,石蕨平開拓婦人ホーム,青森県東通村大字田屋字館古横道112-1,1,1,,1,,1,1,1,1,41.255369953556,141.25467887256,
1725,E0242400028201,豊栄集会所,青森県東通村大字田屋字館古横道221,1,1,,1,,1,1,1,1,41.267570206192,141.2547459278,
1726,E0242400029201,一里小屋集会所,青森県東通村大字田屋字館古横道32-8,1,1,,1,,1,1,1,1,41.251058693038,141.24856880043,
1727,E0242400030201,白糠地区避難施設,青森県東通村大字白糠字下馬坂81-1,1,1,1,1,1,1,1,1,1,41.136913233105,141.38822492757,
1728,E0242400031201,白糠地区多目的集会施設,青森県東通村大字白糠字向流109-2,1,1,,1,,1,1,1,1,41.134327040448,141.39135320854,
1729,E0242400032201,旧南部中学校体育館,青森県東通村大字白糠字赤平1,1,1,1,1,1,1,1,1,1,41.147608620548,141.38678446525,
1730,E0242400056201,老部ふるさと館,青森県東通村大字白糠字前田20,1,1,1,1,1,1,1,1,1,41.160708,141.384793,
1731,E0242400034201,布名見の里,青森県東通村大字目名字掛畑3-1,1,1,,1,,1,1,1,1,41.308809447046,141.26890975462,
1732,E0242400035201,向野ふれあいセンター,青森県東通村大字目名字向野38-1,1,1,,1,,1,1,1,1,41.299055757254,141.25970932123,
1733,E0242400036201,高間木集会所,青森県東通村大字目名字大所1-170,1,1,,1,,1,1,1,1,41.31913607137,141.2810747555,
1734,E0242400037201,稲崎の館,青森県東通村大字野牛字稲崎平21-1,1,1,1,1,1,1,1,1,1,41.353798697861,141.32818962459,
1735,E0242400038201,野牛部落会館,青森県東通村大字野牛字水上地内,1,1,,1,,1,1,1,1,41.335890550962,141.36502228469,
1736,E0242400040201,しおさいの館,青森県東通村大字野牛字釡ノ平5-9,1,1,1,1,1,1,1,1,,41.356938278135,141.35094973249,
1737,E0242400039201,入口かしわの館,青森県東通村大字野牛字釡ノ平53-2,1,1,1,1,1,1,1,1,,41.355681974787,141.33543583555,
1738,E0242400054201,岩屋漁村センター,青森県東通村大字啞岩屋字往来173,1,1,,1,,1,1,1,,41.389149,141.409653,
1739,E0240800001201,旭町地区コミュニティーセンター,青森県東北町旭南2-31-1000,1,1,,1,,1,1,,1,40.733471,141.272434,
1740,E0240800002201,町民運動場,青森県東北町旭南2-470-1,1,1,,1,,1,1,,,40.73265405,141.2720073,
1741,E0240800003202,美須々地区生涯学習センター,青森県東北町字ガス平1213,1,1,,1,,1,1,,1,40.90207437,141.2444643,
1742,E0240800003201,美須々地区生涯学習センター広場,青森県東北町字ガス平1213,1,1,,1,,1,1,,1,40.90123506,141.2442282,
1743,E0240800004202,甲地小学校,青森県東北町字往来ノ下50,1,1,,1,,1,1,,1,40.77452563,141.2851614,
1744,E0240800004201,甲地小学校グラウンド,青森県東北町字往来ノ下50,1,1,,1,,1,1,,1,40.77381065,141.2846249,
1745,E0240800006201,旧千曳小学校グラウンド,青森県東北町字家ノ下タ61-50,1,1,,1,,1,1,,,40.81436658,141.1292743,
1746,E0240800007203,北総合運動公園陸上競技場,青森県東北町字外蛯沢前平79-47,1,1,,1,,1,1,,1,40.77639019,141.2389314,
1747,E0240800007207,北総合運動公園合宿所,青森県東北町字外蛯沢前平79-47,1,1,,1,,1,1,,1,40.77602,141.24095,
1748,E0240800007205,北総合運動公園トレーニングセンター,青森県東北町字外蛯沢前平79-47,1,1,,1,,1,1,,1,40.77637394,141.2413346,
1749,E0240800007204,北総合運動公園野球場,青森県東北町字外蛯沢前平79-47,1,1,,1,,1,1,,1,40.77668268,141.2369787,
1750,E0240800007201,北総合運動公園管理棟周辺,青森県東北町字外蛯沢前平79-47,1,1,,1,,1,1,,1,40.77775511,141.2368071,
1751,E0240800007202,北総合運動公園多目的広場,青森県東北町字外蛯沢前平79-47,1,1,,1,,1,1,,1,40.77738138,141.2350046,
1752,E0240800008202,寒水地区生涯学習センター,青森県東北町字寒水下モ42-6,1,1,,1,,1,1,,1,40.80810127,141.2387537,
1753,E0240800008201,寒水地区生涯学習センター広場,青森県東北町字寒水下モ42-6,1,1,,1,,1,1,,1,40.807651,141.238412,
1754,E0240800010202,淋代地区生涯学習センター,青森県東北町字高森30-1,1,1,,1,,1,1,,1,40.8644293,141.2184076,
1755,E0240800010201,淋代地区生涯学習センター広場,青森県東北町字高森30-1,1,1,,1,,1,1,,1,40.86482687,141.2183754,
1756,E0240800011201,坂下・栄町集会所,青森県東北町字上笹橋29-6,,1,,1,,1,1,,1,40.78039162,141.2139794,
1757,E0240800012201,老人福祉センター,青森県東北町字上笹橋45-10,,1,,1,,1,1,,1,40.78123724,141.2119916,
1758,E0240800013201,清水目地区生涯学習センター広場,青森県東北町字上清水目38-1,1,1,,1,,1,1,,1,40.8280192,141.1184382,
1759,E0240800013202,清水目地区生涯学習センター,青森県東北町字上清水目38-1,1,1,,,,1,1,,1,40.82821404,141.1181378,
1760,E0240800014201,旧水喰小学校グラウンド,青森県東北町字切左坂道ノ上38,1,1,,1,,1,1,,,40.82662117,141.2700435,
1761,E0240800015201,水喰地区学習等供用センター,青森県東北町字切左坂道ノ上38-118,1,1,,1,,1,1,,1,40.82677136,141.2707677,
1762,E0240800016201,舟ヶ沢地区生涯学習センター,青森県東北町字船ケ沢57-2,1,1,,1,,1,1,,1,40.76157504,141.317706,
1763,E0240800017201,保健福祉センター,青森県東北町字膳前37-1,,1,,1,,1,1,,1,40.78147893,141.2119352,
1764,E0240800018202,中央公民館,青森県東北町字膳前48,1,1,,,,1,1,,1,40.78162195,141.2099831,
1765,E0240800018201,中央公民館駐車場,青森県東北町字膳前48,1,1,,1,,1,1,,1,40.78115889,141.2100475,
1766,E0240800019201,北農村環境改善センター,青森県東北町字素柄邸93-10,1,1,,1,,1,1,,1,40.780565,141.277757,
1767,E0240800020201,千曳地区学習等供用センター,青森県東北町字大平1-10,1,1,,1,,1,1,,1,40.81096125,141.1329058,
1768,E0240800021202,滝沢平地区生涯学習センター,青森県東北町字滝沢平2-502,1,1,,,,1,1,,1,40.8040647,141.2780628,
1769,E0240800022201,東北町武道館,青森県東北町字塔ノ沢山1-11,1,1,,1,,1,1,,1,40.784180846504,141.22433324186,
1770,E0240800022202,東北中学校グラウンド,青森県東北町字塔ノ沢山1-11,1,1,,1,,1,1,,1,40.78351065,141.2260016,
1771,E0240800022203,東北中学校,青森県東北町字塔ノ沢山1-11,1,1,,,,1,1,,1,40.783799,141.224494,
1772,E0240800024201,東北小学校,青森県東北町字塔ノ沢山1-484,1,1,,,,1,1,,1,40.782511662773,141.22455475722,
1773,E0240800025201,東北小学校グラウンド,青森県東北町字塔ノ沢山1-485,1,1,,1,,1,1,,,40.781585541377,141.22482834253,
1774,E0240800026201,蛯沢地区学習等供用センター,青森県東北町字塔ノ沢山1-487,1,1,,,,1,1,,1,40.78234604,141.225584,
1775,E0240800027201,コミュニティセンター未来館,青森県東北町字塔ノ沢山1-94,1,,,1,,1,1,,1,40.77831387,141.2186622,
1776,E0240800028202,夫雑原地区生涯学習センター,青森県東北町字夫雑原39-2,1,1,,1,,1,1,,1,40.82116029,141.1594891,
1777,E0240800028201,夫雑原地区生涯学習センター広場,青森県東北町字夫雑原39-2,1,1,,1,,1,1,,1,40.82102633,141.1596286,
1778,E0240800029201,元町集会所,青森県東北町字柳沢5-55,,1,,1,,1,1,,1,40.77533582,141.2089456,
1779,E0240800030201,南町集会所,青森県東北町上北南1-31-267,1,1,,1,,1,1,,1,40.73014,141.266879,
1780,E0240800031201,上北中学校グラウンド,青森県東北町上北南4-32-1,1,1,,1,,1,1,,1,40.72673738,141.2570893,
1781,E0240800031202,上北中学校,青森県東北町上北南4-32-1,1,1,,1,,1,1,,1,40.72712358,141.2559627,
1782,E0240800032201,本町集会所,青森県東北町上北北1-34-98,,1,,1,,1,1,,1,40.73540531,141.2595652,
1783,E0240800033201,新町集会所,青森県東北町上北北3-26-1,1,1,,1,,1,1,,1,40.72941397,141.2543351,
1784,E0240800034201,上野農村公園,青森県東北町大字上野字久保28,1,1,,1,,1,1,,,40.73025367,141.2451122,
1785,E0240800035201,南農村環境改善センター,青森県東北町大字上野字軍事屋敷3-1,1,1,,1,,1,1,,1,40.72603252,141.2432643,
1786,E0240800036203,町民体育館,青森県東北町大字上野字上野191-1,1,1,,1,,1,1,,1,40.72537738,141.2530119,
1787,E0240800036202,上北保健福祉センター,青森県東北町大字上野字上野191-1,1,1,,1,,1,1,,1,40.7258591,141.2532694,
1788,E0240800036201,上北地区公民館,青森県東北町大字上野字上野191-1,1,1,,,,1,1,,1,40.726518,141.253674,
1789,E0240800037201,町民文化センター,青森県東北町大字上野字上野191-15,1,1,,,,1,1,,1,40.725153,141.253583,
1790,E0240800038201,栄町集会所,青森県東北町大字上野字新堤向23,1,1,,1,,1,1,,1,40.72168446,141.2575678,
1791,E0240800039202,上北小学校グラウンド,青森県東北町大字上野字堤向22-1,1,1,,1,,1,1,,1,40.72055781,141.2567996,
1792,E0240800039201,上小ふれあい館,青森県東北町大字上野字堤向22-1,1,1,,1,,1,1,,1,40.719994710609,141.25778662455,
1793,E0240800039203,上北小学校,青森県東北町大字上野字堤向22-1,1,1,,1,,1,1,,1,40.72057204,141.2579583,
1794,E0240800040201,小川原湖交流センター「宝湖館」,青森県東北町大字上野字南谷地131,1,1,,1,,1,1,,1,40.729067634115,141.2763450884,
1795,E0240800041201,花向町集会所,青森県東北町大字上野字北谷地9-9,,1,,1,,1,1,,1,40.73778286,141.261493,
1796,E0240800042201,新舘公園,青森県東北町大字新舘字籠1-5,1,1,,1,,1,1,,1,40.69914692,141.1863911,
1797,E0240800042202,新舘地区集会所,青森県東北町大字新舘字籠1-5,1,1,,1,,1,1,,1,40.69932994,141.186493,
1798,E0240800043201,旧小川原小学校グラウンド,青森県東北町大字大浦字舘野41-3,1,1,,1,,1,1,,,40.70920926,141.2943268,
1799,E0240800046201,才市田集会所,青森県東北町大字大浦字古舘2-1,1,1,,1,,1,1,,1,40.71639981,141.2242987,
1800,E0240800047201,向山集会所,青森県東北町大字大浦字向山31-3,1,1,,1,,1,1,,1,40.71096375,141.3054307,
1801,E0240800066201,小川原湖ふれあい村,青森県東北町大字大浦字沼端120-1,1,1,,1,,1,1,,,40.727682,141.283464,
1802,E0240800048201,沼崎集会所,青森県東北町大字大浦字沼端13-4,1,1,,,,1,1,,1,40.72193685,141.2866845,
1803,E0240800049201,徳万才地区コミュニティーセンター,青森県東北町大字大浦字上久保1-10,1,1,,1,,1,1,,1,40.71284018,141.2150032,
1804,E0240800050201,大洞集会所,青森県東北町大字大浦字西淋代65-1,1,1,,1,,1,1,,1,40.69922124,141.2330325,
1805,E0240800051201,大浦地区多目的研修集会所,青森県東北町大字大浦字大浦21-1,1,1,,,,1,1,,1,40.71038976,141.2056222,
1806,E0240800052201,大浦ふれあい公園,青森県東北町大字大浦字大浦26-1,1,1,,1,,1,1,,,40.71039912,141.2061499,
1807,E0240800053201,大浦ソフトボール場,青森県東北町大字大浦字大浦山1-1,,1,,1,,1,1,,,40.71127173,141.2127452,
1808,E0240800054201,小川原地区コミュニティーセンター,青森県東北町大字大浦字中久根下108-9,1,1,,1,,1,1,,1,40.71059903,141.2980092,
1809,E0240800055201,菩提寺集会所,青森県東北町大字大浦字東道ノ上24-2,1,1,,1,,1,1,,1,40.70300088,141.2770189,
1810,E0240800067201,公立小川原湖青年の家,青森県東北町大字大浦字道ノ下104-6,1,1,,1,,1,1,,1,40.697186,141.280991,
1811,E0240800067202,公立小川原湖青年の家グラウンド,青森県東北町大字大浦字道ノ下104-6,1,1,,1,,1,1,,1,40.697186,141.280991,
1812,E0240800056201,徳万才地区ふれあい公園,青森県東北町大字大浦字徳万才7-1,1,1,,1,,1,1,,,40.71451243,141.2164234,
1813,E0240800057201,虫神公園,青森県東北町大字大浦字南家ノ裏48-3,1,1,,1,,1,1,,1,40.68303522,141.2762196,
1814,E0240800057202,虫神集会所,青森県東北町大字大浦字南家ノ裏48-3,1,1,,1,,1,1,,1,40.68323658,141.2759701,
1815,E0240800058201,旧第一小学校グラウンド,青森県東北町大字大浦字二津屋16-4,1,1,,1,,1,1,,,40.70844074,141.2008586,
1816,E0240800059201,南総合運動公園,青森県東北町大字大浦字明堂向106-91,1,1,,1,,1,1,,,40.71943678,141.2528622,
1817,E0240800060202,新山地区コミュニティーセンター,青森県東北町大字大浦字明堂向47-1,1,1,,1,,1,1,,1,40.711126,141.250251,
1818,E0240800060201,新山公園,青森県東北町大字大浦字明堂向47-1,1,1,,1,,1,1,,1,40.71087202,141.2498121,
1819,E0244500001201,南部公民館,青森県南部町沖田面字沖中51-2,,1,,1,,1,,,1,40.41289661,141.2809698,
1820,E0244500002201,町民体育館,青森県南部町沖田面字沖中80,,1,,1,,1,,,1,40.41342933,141.2812911,
1821,E0244500003201,南部小学校,青森県南部町沖田面字久保10-1,1,1,,1,,1,1,,1,40.41519509,141.2854265,
1822,E0244500006201,沖田面公民館,青森県南部町沖田面字北本村41-2,,1,,,,1,,,1,40.414758,141.288884,
1823,E0244500007201,助川、横沢研修センター,青森県南部町下名久井字乙坂1-9,1,1,,1,,1,1,1,1,40.403618225562,141.38713166203,
1824,E0244500009201,屋内ゲートボール場スパークながわ,青森県南部町下名久井字剣吉前川原1-17,,1,,1,,1,,1,1,40.44099372,141.3402284,
1825,E0244500013201,下名久井公民館ひだまり館,青森県南部町下名久井字台所屋敷10-3,1,1,,1,,1,1,1,1,40.427883987115,141.34153974632,
1826,E0244500015201,名川中学校,青森県南部町下名久井字白山81,,1,,1,,1,,1,1,40.425215,141.332182,
1827,E0244500016201,野場集会所,青森県南部町下名久井字野場53-11,1,,,1,,1,1,1,1,40.408382476002,141.34943551439,
1828,E0244500017201,福地第１０分団屯所,青森県南部町椛木字袖久保21-15,1,1,,1,,1,1,1,1,40.44186779,141.441265,
1829,E0244500018201,椛木集会所,青森県南部町椛木字渡場8-1,1,1,,,,1,1,1,1,40.446979,141.435881,
1830,E0244500019201,諏訪ノ平公民館,青森県南部町玉掛字諏訪ノ平49-1,1,1,,1,,1,1,1,1,40.41580122,141.304504,
1831,E0244500020201,玉掛コミュニティセンター,青森県南部町玉掛字前田44-1,1,,,1,,1,1,1,1,40.41829422,141.2938121,
1832,E0244500021201,剣吉公民館,青森県南部町剣吉字五合田29-1,,1,,,,1,,1,1,40.445022,141.346853,
1833,E0244500022201,上中町公民館,青森県南部町剣吉字上町9-1,,1,,1,,1,,1,1,40.443400863505,141.33820540462,
1834,E0244500023201,旧剣吉小学校,青森県南部町剣吉字大館10-1,1,1,,1,,1,1,1,1,40.445786,141.340677,
1835,E0244500024201,桜本町公民館,青森県南部町剣吉字大坊13-69,,1,,1,,1,,1,1,40.448620611207,141.34585282062,
1836,E0244500025201,名川第９分団屯所,青森県南部町虎渡字荒屋敷20-2,,,,1,,1,,1,1,40.43757791,141.3302637,
1837,E0244500026201,高橋集会所,青森県南部町高橋字横舘2-2,1,1,,1,,1,1,1,1,40.469687,141.389601,
1838,E0244500027201,福地第５分団屯所,青森県南部町高橋字中道1-8,1,1,,1,,1,1,1,1,40.469184575673,141.39118116586,
1839,E0244500028201,高瀬コミュニティセンター,青森県南部町高瀬字宮野21-6,1,1,,1,,1,1,1,1,40.414976328608,141.31887808834,
1840,E0244500029201,南部第３分団屯所,青森県南部町小向字古町116-4,1,1,,1,,1,1,,1,40.408686332822,141.26170077885,
1841,E0244500030201,史跡聖寿寺館跡案内所,青森県南部町小向字正寿寺81-2,1,,,1,,1,1,,1,40.413998158427,141.26735342341,
1842,E0244500031201,南部第１０分団屯所,青森県南部町小向字正寿寺85-4,1,1,,1,,1,1,,1,40.41398112,141.2664184,
1843,E0244500032201,小向町内会館,青森県南部町小向字村中6-1,1,1,,1,,1,1,,1,40.40973524,141.2656576,
1844,E0244500033201,二又町内会館,青森県南部町小向字二又75-3,1,1,,1,,1,1,,1,40.40173912,141.2359816,
1845,E0244500034201,小向集会所,青森県南部町小向字馬場71-2,1,1,,1,,1,1,,1,40.405692,141.261916,
1846,E0244500037201,小泉集会所,青森県南部町小泉字上舘野34-1,1,1,,1,,1,1,1,1,40.468787,141.396667,
1847,E0244500039201,上名久井公民館,青森県南部町上名久井字上町16-11,1,1,,1,,1,1,1,1,40.415377081086,141.32248362678,
1848,E0244500040201,名川第１分団屯所,青森県南部町上名久井字上町16-2,1,1,,1,,1,1,1,1,40.415788186402,141.32233343854,
1849,E0244500041201,農林漁業体験実習館チェリウス,青森県南部町上名久井字大渋民山23-141,1,1,,1,,1,1,1,1,40.39750295,141.3367497,
1850,E0244500042201,向山団地集会所,青森県南部町森越字衛門佐窪12-4,1,1,,1,,1,1,1,1,40.434634802821,141.35638664048,
1851,E0244500043201,森越公民館,青森県南部町森越字前田10-6,1,1,,1,,1,1,1,1,40.44146295,141.3514049,
1852,E0244500044201,あけぼの研修センター,青森県南部町杉沢字あけぼの1-108,1,1,,1,,1,1,1,1,40.452667,141.411069,
1853,E0244500045201,旧杉沢小学校,青森県南部町杉沢字杉沢6-4,1,1,,1,,1,1,1,1,40.452175,141.415877,
1854,E0244500046201,穴久保集会所,青森県南部町杉沢字大森10-5,1,1,,1,,1,1,1,1,40.428862,141.421303,
1855,E0244500047201,杉沢研修館,青森県南部町杉沢字木戸口17-2,1,1,,1,,1,1,1,1,40.45272753,141.4178301,
1856,E0244500048201,旧杉沢中学校,青森県南部町杉沢字木戸口27-1,1,1,,1,,1,1,1,1,40.454397,141.416432,
1857,E0244500049201,赤石集落農事集会所,青森県南部町赤石字待場10-2,1,1,,1,,1,1,1,1,40.410773,141.294534,
1858,E0244500050201,相内町内会館,青森県南部町相内字沢構78,1,1,,1,,1,1,1,1,40.42828995,141.3101304,
1859,E0244500055201,ふれあい交流プラザ,青森県南部町大向字泉山道9-87,,1,,1,,1,,,1,40.396482,141.272904,
1860,E0244500056201,旧向小学校,青森県南部町大向字飛鳥20-2,1,1,,1,,1,1,,1,40.402543736004,141.2721328885,
1861,E0244500057201,大向コミュニティ防災センター,青森県南部町大向字飛鳥39-3,,1,,1,,1,,,1,40.400458433934,141.27089926532,
1862,E0244500058201,鳥舌内すこやかセンター,青森県南部町鳥舌内字七ツ役8-1,1,1,,1,,1,1,1,1,40.38182194,141.3499792,
1863,E0244500059201,名川第６分団屯所,青森県南部町鳥谷字妻ノ神16,1,1,,1,,1,1,1,1,40.36322698,141.3592141,
1864,E0244500060201,鳥谷ふるさと館,青森県南部町鳥谷字青鹿長根27-1,1,1,,1,,1,1,1,1,40.365602236964,141.36039798046,
1865,E0244500061201,旧名川南小学校,青森県南部町鳥谷字太田3,1,1,,1,,1,1,1,1,40.377523,141.363089,
1866,E0244500064201,南部芸能伝承館,青森県南部町斗賀字水閊50,,1,,1,,1,,1,1,40.45069125,141.3460646,
1867,E0244500065201,上斗賀公民館,青森県南部町斗賀字村前41,,,,1,,1,,1,1,40.452380085441,141.34534042177,
1868,E0244500066201,介護予防拠点施設げんき館,青森県南部町斗賀字土口前26-2,,1,,1,,1,,1,1,40.4556984973986,141.3490027912237,
1869,E0244500067201,福地公民館,青森県南部町苫米地字下宿22-1,,1,,1,,1,,1,1,40.46678065,141.3822543,
1870,E0244500068201,苫米地駅前集会所,青森県南部町苫米地字四切42,,1,,1,,1,,1,1,40.46623236,141.3733525,
1871,E0244500069201,旧福地小学校,青森県南部町苫米地字寺ノ後15-1,,1,,1,,1,,1,1,40.47133161,141.3771478,
1872,E0244500070201,苫米地集会所,青森県南部町苫米地字焼屋敷1-42,,1,,1,,1,,1,1,40.46857177,141.37824,
1873,E0244500071201,バーデハウスふくち,青森県南部町苫米地字上根岸73-1,1,1,,1,,1,1,1,1,40.477706479366,141.37461633709,
1874,E0244500073201,苫米地下集会所,青森県南部町苫米地字殿村3-2,,1,,1,,1,,1,1,40.467856,141.382873,
1875,E0244500075201,麦沢集会所,青森県南部町麦沢字上木戸場9-1,1,1,,1,,1,1,1,1,40.489221,141.374413,
1876,E0244500077201,あかね集会所,青森県南部町福田字あかね3-89,1,1,,1,,1,1,1,1,40.456732,141.385141,
1877,E0244500078201,農村環境改善センター福寿館,青森県南部町福田字下平35-1,1,1,,1,,1,1,1,1,40.46062739,141.3802002,
1878,E0244500079201,福田集会所,青森県南部町福田字家ノ下3-4,1,1,,,,1,1,1,1,40.45953803,141.3785423,
1879,E0244500080201,総合保健福祉センターゆとりあ,青森県南部町福田字舘先25-1,,1,,1,,1,,1,1,40.46310406,141.3828441,
1880,E0244500081201,滝田研修館,青森県南部町福田字源次郎平36-1,,1,,1,,1,,1,1,40.461205,141.384044,
1881,E0244500082201,福地小学校,青森県南部町福田字源次郎平7-1,1,1,,1,,1,1,1,1,40.460785,141.38199,
1882,E0244500084201,福地中学校,青森県南部町福田字板橋1-2,1,1,,1,,1,1,1,1,40.453285,141.38199,
1883,E0244500085201,板橋集会所,青森県南部町福田字板橋14-34,1,1,,1,,1,1,1,1,40.45459322,141.3806219,
1884,E0244500087202,いちょうホール,青森県南部町平字広場28-1,1,1,,1,,1,1,1,1,40.420042,141.33002,
1885,E0244500087201,名川Ｂ＆Ｇ海洋センター,青森県南部町平字広場28-1,1,1,,1,,1,1,1,1,40.420828,141.331224,
1886,E0244500088201,広場集会所,青森県南部町平字広場45-2,1,1,,1,,1,1,1,1,40.420379976774,141.32983562889,
1887,E0244500089201,名川小学校,青森県南部町平字広場8,,1,,1,,1,,1,1,40.423011,141.331996,
1888,E0244500090201,平公民館,青森県南部町平字若宮前27-4,1,1,,1,,1,1,1,1,40.41752081,141.3372739,
1889,E0244500091201,片岸集会所,青森県南部町片岸字砂場18-2,,1,,1,,1,,1,1,40.469368,141.365429,
1890,E0244500092201,法光寺ふれあい館,青森県南部町法光寺字八幡14-2,1,1,,1,,1,1,1,1,40.390374,141.333233,
1891,E0244500093201,法師岡コミュニティ防災センター,青森県南部町法師岡字白掛77-1,1,1,,1,,1,1,1,1,40.46977928,141.4076998,
1892,E0244500098201,福地第８分団屯所,青森県南部町埖渡字御見抜平2-2,1,1,,1,,1,1,1,1,40.449633280802,141.40465081763,
1893,E0244500099201,東あかね集会所,青森県南部町埖渡字東あかね1-17,1,1,,1,,1,1,1,1,40.457736,141.395309,
1894,E0220300001201,旭ヶ丘会館,青森県八戸市旭ケ丘1-1-19,1,1,,1,1,1,,1,1,40.497991,141.535941,
1895,E0220300002201,旭ヶ丘小学校,青森県八戸市旭ケ丘1-1-6,1,1,,1,1,1,,1,1,40.495113,141.535377,
1896,E0220300003201,上長公民館,青森県八戸市一番町1-4-1,1,1,,1,1,1,,1,1,40.51099,141.435078,
1897,E0220300005201,下長公民館,青森県八戸市下長1-4-9,,1,,1,,1,,1,1,40.528255,141.467727,
1898,E0220300007201,県立八戸工科学院,青森県八戸市桔梗野工業団地2-5-30,1,1,,1,1,1,,1,1,40.566173,141.455065,
1899,E0220300008201,江陽中学校,青森県八戸市江陽1-1-33,1,1,,1,1,1,,1,1,40.517612,141.500367,
1900,E0220300009201,県立八戸工業高等学校,青森県八戸市江陽1-2-27,1,1,,1,,1,,1,1,40.518217,141.498994,
1901,E0220300011201,江陽公民館,青森県八戸市江陽2-18-34,1,1,,1,,1,,1,1,40.523981360602,141.50556682489,
1902,E0220300012201,江陽小学校,青森県八戸市江陽5-9-24,1,1,,1,1,1,,1,1,40.521712,141.510825,
1903,E0220300013201,根岸公民館,青森県八戸市高州2-23-19,1,1,,1,,1,,1,1,40.540135,141.483634,
1904,E0220300014201,根城公民館,青森県八戸市根城3-11-22,1,1,,1,1,1,,1,1,40.50402,141.475531,
1905,E0220300015201,根城小学校,青森県八戸市根城4-22-27,1,1,,1,1,1,,1,1,40.507437,141.473207,
1906,E0220300016201,根城中学校,青森県八戸市根城5-11-42,1,1,,1,1,1,,1,1,40.506813,141.468135,
1907,E0220300019201,江南小学校,青森県八戸市根城9-22-50,,1,,1,1,1,,1,1,40.51086,141.466951,
1908,E0220300022201,小中野中学校,青森県八戸市小中野3-9-26,1,1,,1,,1,,1,1,40.516136,141.512192,
1909,E0220300023202,小中野小学校,青森県八戸市小中野5-2-17,1,1,,1,,1,,1,1,40.520539,141.514124,
1910,E0220300023201,小中野公民館,青森県八戸市小中野5-2-17,1,1,,1,1,1,,1,1,40.520869,141.514193,
1911,E0220300026201,勤労青少年ホーム,青森県八戸市沼館2-13-20,1,1,,1,,1,,1,1,40.526276,141.488183,
1912,E0220300027201,八戸市津波防災センター,青森県八戸市沼館4-6-19,1,1,,1,1,1,,1,1,40.526994535532,141.49429989229,
1913,E0220300028201,三八城公民館,青森県八戸市城下3-1-17,1,1,,1,,1,,1,1,40.520404,141.487938,
1914,E0220300029201,城下小学校,青森県八戸市城下4-3-42,1,1,,1,1,1,,1,1,40.522234,141.489734,
1915,E0220300030201,県立八戸中央高等学校,青森県八戸市諏訪1-2-17,1,1,,1,1,1,,1,1,40.515522,141.517213,
1916,E0220300031201,総合教育センター,青森県八戸市諏訪1-2-41,1,1,,1,,1,,1,1,40.51507,141.516111,
1917,E0220300032201,吹上小学校,青森県八戸市吹上1-14-36,1,1,,1,1,1,,1,1,40.503533,141.497653,
1918,E0220300033201,第一中学校,青森県八戸市吹上2-17-1,1,1,,1,1,1,,1,1,40.500832,141.500619,
1919,E0220300034201,吹上公民館,青森県八戸市吹上3-17-3,1,1,,1,1,1,,1,1,40.499195,141.496642,
1920,E0220300036201,是川小学校,青森県八戸市是川4-1,1,1,,1,1,1,,1,1,40.467669,141.501218,
1921,E0220300037201,白山台中学校,青森県八戸市西白山台3-24-1,1,1,,1,1,1,,1,1,40.480296,141.455167,
1922,E0220300039201,西白山台小学校,青森県八戸市西白山台4-15-1,1,1,,1,1,1,,1,1,40.476812162076,141.454758759482,
1923,E0220300042201,柏崎小学校,青森県八戸市青葉2-7-1,1,1,,1,,1,,1,1,40.512521,141.511277,
1924,E0220300043201,第三中学校,青森県八戸市青葉3-13-36,1,1,,1,1,1,,1,1,40.510024,141.508731,
1925,E0220300044201,城北小学校,青森県八戸市石堂1-22-6,1,1,,1,1,1,,1,1,40.531013,141.477242,
1926,E0220300045201,多賀台小学校,青森県八戸市多賀台3-9,1,1,,1,1,1,,1,1,40.587803,141.442099,
1927,E0220300046201,下長中学校,青森県八戸市大字河原木字河原木後77-2,1,1,,1,,1,,1,1,40.531169,141.466344,
1928,E0220300047201,南部山健康運動センター体育館,青森県八戸市大字河原木字蝦夷館3-6,1,1,,1,1,1,,1,1,40.536933,141.451107,
1929,E0220300050201,高館小学校,青森県八戸市大字河原木字小田56-16,1,1,,1,1,1,,1,1,40.541744,141.466186,
1930,E0220300051201,八戸市屋内トレーニングセンター,青森県八戸市大字河原木字谷地田4,1,1,,1,,1,,1,1,40.536205,141.469434,
1931,E0220300052201,旧日計ヶ丘小学校,青森県八戸市大字河原木字日計上11-1,1,1,,1,1,1,,1,1,40.545796,141.477244,
1932,E0220300053201,北稜中学校,青森県八戸市大字河原木字八太郎山10-139,1,1,,1,1,1,,1,1,40.546059,141.485939,
1933,E0220300057201,金浜小学校,青森県八戸市大字金浜字外ノ久保43-3,1,1,,1,1,1,,1,1,40.477235,141.619843,
1934,E0220300060202,八戸市立図書館,青森県八戸市大字糠塚字下道2-1,1,1,,1,1,1,,1,1,40.505055,141.486551,
1935,E0220300060201,長者公民館,青森県八戸市大字糠塚字下道2-1,1,1,,1,1,1,,1,1,40.505294,141.487004,
1936,E0220300061201,図南小学校,青森県八戸市大字糠塚字大開4-1,1,1,,1,1,1,,1,1,40.486562,141.480285,
1937,E0220300064201,鮫中学校,青森県八戸市大字鮫町字古馬屋23-5,1,,,1,1,1,,1,1,40.531503,141.566589,
1938,E0220300065201,南浜中学校,青森県八戸市大字鮫町字子猪越15-2,1,1,,1,,1,,1,1,40.496482,141.622776,
1939,E0220300066201,鮫公民館,青森県八戸市大字鮫町字住吉町14-1,1,1,,1,,1,,1,1,40.530282,141.557757,
1940,E0220300069201,鮫小学校,青森県八戸市大字鮫町字上手代森19,1,1,,1,1,1,,1,1,40.530084,141.56103,
1941,E0220300070201,種差小学校,青森県八戸市大字鮫町字赤コウ55-59,1,1,,1,1,1,,1,1,40.513433,141.60406,
1942,E0220300071201,県立種差少年自然の家,青森県八戸市大字鮫町字膳並平2-26,1,1,,1,1,1,,1,1,40.497772,141.612638,
1943,E0220300073201,大久喜小学校,青森県八戸市大字鮫町字大作平44-29,1,1,,1,,1,,1,1,40.494209,141.628365,
1944,E0220300074201,南浜公民館,青森県八戸市大字鮫町字棚久保14-48,1,1,,1,,1,,1,1,40.506283,141.609911,
1945,E0220300075201,八戸ポータルミュージアム（はっち）,青森県八戸市大字三日町11-1,1,1,,1,1,1,,1,1,40.509952,141.490601,
1946,E0220300212201,長者まつりんぐ広場多目的施設,青森県八戸市大字山伏小路9,1,1,,1,1,1,,1,1,40.504791,141.492569,
1947,E0220300077201,多賀小学校,青森県八戸市大字市川町字古館30-1,1,1,,1,,1,,1,1,40.584527,141.461926,
1948,E0220300078201,桔梗野小学校,青森県八戸市大字市川町字尻引前山31-2,1,1,,1,1,1,,1,1,40.560003,141.447128,
1949,E0220300079201,市川公民館,青森県八戸市大字市川町字赤畑19-2,1,1,,1,,1,,1,1,40.578484,141.440941,
1950,E0220300080201,市川中学校,青森県八戸市大字市川町字赤畑34-2,1,1,,1,1,1,,1,1,40.578821,141.444159,
1951,E0220300082201,轟木小学校,青森県八戸市大字市川町字和野22-4,1,1,,1,,1,,1,1,40.576216,141.432225,
1952,E0220300085201,県立八戸商業高等学校,青森県八戸市大字十日市字塚ノ下3-1,1,1,,1,1,1,,1,1,40.476215,141.512027,
1953,E0220300086201,八戸公園緑の相談所,青森県八戸市大字十日市字天摩33,1,1,,1,1,1,,1,1,40.475831,141.513208,
1954,E0220300089201,旧松館小学校,青森県八戸市大字松館字門前6-2,1,1,,1,1,1,,1,1,40.4667,141.534752,
1955,E0220300091201,三条小学校,青森県八戸市大字尻内町字三条目4-4,1,1,,1,1,1,,1,1,40.513342,141.429214,
1956,E0220300092201,県立八戸西高等学校,青森県八戸市大字尻内町字中根市14,1,1,,1,1,1,,1,1,40.512076,141.423854,
1957,E0220300093201,三条中学校,青森県八戸市大字尻内町字中根市2,1,1,,1,1,1,,1,1,40.513572,141.425649,
1958,E0220300094201,西園小学校,青森県八戸市大字尻内町字島田24-1,1,1,,1,1,1,,1,1,40.509541,141.444585,
1959,E0220300095201,八戸市農業経営振興センター,青森県八戸市大字尻内町字毛合清水29,1,1,,1,1,1,,1,1,40.534003,141.425783,
1960,E0220300097201,新井田小学校,青森県八戸市大字新井田字館平20,1,1,,1,1,1,,1,1,40.490635,141.520746,
1961,E0220300099201,大館中学校,青森県八戸市大字新井田字市子林17-1,1,1,,1,1,1,,1,1,40.490673,141.523868,
1962,E0220300102201,大館公民館,青森県八戸市大字新井田字常光田17-1,1,1,,1,1,1,,1,1,40.496086,141.522532,
1963,E0220300105201,老人いこいの家臥牛荘,青森県八戸市大字新井田字八森平7-1,1,1,,1,1,1,,1,1,40.49978,141.53989,
1964,E0220300106201,東公民館,青森県八戸市大字新井田字八森平7-67,1,1,,1,1,1,,1,1,40.50028,141.539955,
1965,E0220300211201,是川縄文館,青森県八戸市大字是川字横山1,1,1,,1,1,1,,1,1,40.475548,141.488113,
1966,E0220300107201,旧是川東小学校,青森県八戸市大字是川字街道端1-4,1,1,,1,1,1,,1,1,40.439265,141.520861,
1967,E0220300108201,是川中学校,青森県八戸市大字是川字細越河原3-1,,1,,1,1,1,,1,1,40.458836,141.493251,
1968,E0220300109201,是川公民館,青森県八戸市大字是川字東前田3-11,,1,,1,1,1,,1,1,40.458465,141.49593,
1969,E0220300111201,旧番屋小学校,青森県八戸市大字是川字番屋3-8,1,1,,1,1,1,,1,1,40.450555,141.479056,
1970,E0220300113201,中居林小学校,青森県八戸市大字石手洗字一本木29,1,1,,1,1,1,,1,1,40.484981,141.496415,
1971,E0220300114201,町畑小学校,青森県八戸市大字大久保字下町畑29-2,1,1,,1,1,1,,1,1,40.493172,141.550968,
1972,E0220300115201,白銀南公民館,青森県八戸市大字大久保字行人坂36-6,1,1,,1,1,1,,1,1,40.510858,141.556668,
1973,E0220300116201,白銀南中学校,青森県八戸市大字大久保字生平1,1,1,,1,1,1,,1,1,40.511432,141.557395,
1974,E0220300123201,白銀南小学校,青森県八戸市大字大久保字鷹待場38-2,1,1,,1,1,1,,1,1,40.511925,141.555753,
1975,E0220300124201,県立八戸北高等学校,青森県八戸市大字大久保字町道8-3,1,1,,1,1,1,,1,1,40.510973,141.546589,
1976,E0220300125201,長者中学校,青森県八戸市大字沢里字休場28-1,1,,,1,1,1,,1,1,40.492323,141.478447,
1977,E0220300126201,中居林コミュニティセンター,青森県八戸市大字中居林字綿ノ端13-13,1,1,,1,1,1,,1,1,40.489359,141.50026,
1978,E0220300127201,下長小学校,青森県八戸市大字長苗代字太古殿1-1,1,1,,1,1,1,,1,1,40.52701,141.464973,
1979,E0220300128201,田面木小学校,青森県八戸市大字田面木字山道下タ13-2,1,1,,1,1,1,,1,1,40.497209,141.447934,
1980,E0220300129201,田面木公民館,青森県八戸市大字田面木字上野道下タ30-1,1,1,,1,1,1,,1,1,40.498033,141.447594,
1981,E0220300130201,独立行政法人国立高等専門学校機構八戸工業高等専門学校,青森県八戸市大字田面木字上野平16-1,1,1,,1,1,1,,1,1,40.4923876404724,141.449307897682,
1982,E0220300131201,八戸聖ウルスラ学院中学・高等学校第一体育館,青森県八戸市大字田面木字上野平53-2,1,1,,1,1,1,,1,1,40.4908411765759,141.449348391247,
1983,E0220300134201,湊中学校,青森県八戸市大字白銀町字右新井田道13-2,1,1,,1,1,1,,1,1,40.515727,141.533928,
1984,E0220300137201,白銀中学校,青森県八戸市大字白銀町字栗沢道38,1,1,,1,1,1,,1,1,40.518104,141.557795,
1985,E0220300139201,白銀小学校,青森県八戸市大字白銀町字大久保道1-1,1,1,,1,1,1,,1,1,40.520713,141.545883,
1986,E0220300141201,白鷗小学校,青森県八戸市大字白銀町字中平13-3,1,1,,1,1,1,,1,1,40.521028,141.55027,
1987,E0220300142201,館公民館,青森県八戸市大字八幡字下陳屋40-1,1,1,,1,1,1,,1,1,40.487363303955,141.43042676375,
1988,E0220300144201,明治小学校,青森県八戸市大字八幡字館ノ下12-2,1,1,,1,1,1,,1,1,40.486842,141.431762,
1989,E0220300145201,明治中学校,青森県八戸市大字八幡字上ミ沢23-1,1,1,,1,1,1,,1,1,40.48477,141.436772,
1990,E0220300210201,八戸市美術館,青森県八戸市大字番町10-4,1,1,,1,1,1,,1,1,40.511803,141.491653,
1991,E0220300149201,旧美保野小学校,青森県八戸市大字美保野2,1,1,,1,1,1,,1,1,40.483857,141.585054,
1992,E0220300150201,豊崎小学校,青森県八戸市大字豊崎町字下永福寺12-3,1,1,,1,1,1,,1,1,40.514809,141.382871,
1993,E0220300151201,農村環境改善センター瑞豊館,青森県八戸市大字豊崎町字上永福寺130-1,,1,,1,1,1,,1,1,40.514434,141.380119,
1994,E0220300152201,豊崎中学校,青森県八戸市大字豊崎町字上七崎1-1,1,,,1,1,1,,1,1,40.512606,141.366204,
1995,E0220300153201,八戸市みなと体験学習館,青森県八戸市大字湊町字館鼻67-7,1,1,,1,1,1,,1,1,40.5275119779064,141.522130161324,
1996,E0220300154201,青潮小学校,青森県八戸市大字湊町字鮫ノ口23-4,1,1,,1,1,1,,1,1,40.513754,141.529026,
1997,E0220300155201,湊公民館,青森県八戸市大字湊町字中道64-7,1,1,,1,1,1,,1,1,40.521836,141.530935,
1998,E0220300156201,湊小学校,青森県八戸市大字湊町字中道7-1,1,1,,1,1,1,,1,1,40.521416,141.529985,
1999,E0220300161201,第二中学校,青森県八戸市長根3-23-1,1,1,,1,1,1,,1,1,40.5164570310815,141.479340441221,
2000,E0220300162201,八戸小学校,青森県八戸市長根3-24-1,1,1,,1,1,1,,1,1,40.515867403819,141.477594466957,
2001,E0220300163201,長者小学校,青森県八戸市長者3-2-1,1,1,,1,1,1,,1,1,40.501654,141.484223,
2002,E0220300164201,県立八戸高等学校,青森県八戸市長者4-4-1,1,1,,1,1,1,,1,1,40.496788,141.483007,
2003,E0220300168201,白山台小学校,青森県八戸市東白山台2-31-1,1,1,,1,1,1,,1,1,40.4852,141.468132,
2004,E0220300170202,八戸市公会堂,青森県八戸市内丸1-1-1,1,1,,1,1,1,,1,1,40.513432,141.488131,
2005,E0220300170201,八戸市公民館,青森県八戸市内丸1-1-1,1,1,,1,1,1,,1,1,40.513023,141.488236,
2006,E0220300171201,文化教養センター南部会館,青森県八戸市内丸3-3-6,1,1,,1,1,1,,1,1,40.512922,141.490194,
2007,E0220300172201,中沢中学校,青森県八戸市南郷大字市野沢字黄檗7,1,1,,1,1,1,,1,1,40.399418,141.4365,
2008,E0220300173201,南郷公民館,青森県八戸市南郷大字市野沢字黒坂7-2,1,1,,1,1,1,,1,1,40.404429,141.435851,
2009,E0220300175201,南郷小学校,青森県八戸市南郷大字市野沢字石窪32-10,1,,,1,1,1,,1,1,40.404085222102,141.43970001041,
2010,E0220300176201,南郷体育館,青森県八戸市南郷大字市野沢字中市野沢44-10,1,1,,,1,1,,1,1,40.40448,141.435195,
2011,E0220300177201,泉清水集会所,青森県八戸市南郷大字泉清水字浜渡45-16,1,1,,1,1,1,,1,1,40.374193,141.390942,
2012,E0220300178201,旧鳩田小学校,青森県八戸市南郷大字大森字鳩田向14,1,,,1,1,1,,1,1,40.383217,141.407853,
2013,E0220300179201,鳩田農業研修センター,青森県八戸市南郷大字大森字鳩田向21-2,1,1,,1,1,1,,1,1,40.381757,141.407635,
2014,E0220300180201,旧中野小学校,青森県八戸市南郷大字中野字八ツ役5-1,1,1,,1,1,1,,1,1,40.40806,141.415681,
2015,E0220300181201,南郷公民館中野分館,青森県八戸市南郷大字中野字樋河ノ上1,1,1,,,1,1,,1,1,40.41076,141.418859,
2016,E0220300183201,農村婦人の家,青森県八戸市南郷大字島守字鮫ノ口4-1,1,1,,,1,1,,1,1,40.392505072003,141.52918999953,
2017,E0220300184201,島守コミュニティセンター,青森県八戸市南郷大字島守字小山田8,,1,,1,1,1,,1,1,40.414752,141.487163,
2018,E0220300185201,島守小学校,青森県八戸市南郷大字島守字小平15-1,1,1,,1,1,1,,1,1,40.416006,141.492324,
2019,E0220300186201,旧田代小・中学校,青森県八戸市南郷大字島守字赤羽6-25,1,1,,1,1,1,,1,1,40.391518,141.528376,
2020,E0220300187201,南郷公民館緑分館,青森県八戸市南郷大字島守字馳下り14-1,1,1,,,1,1,,1,1,40.38394,141.500541,
2021,E0220300188201,島守中学校,青森県八戸市南郷大字島守字馬場37,,1,,1,1,1,,1,1,40.418488,141.489114,
2022,E0220300192201,根岸小学校,青森県八戸市日計5-8-1,1,1,,1,1,1,,1,1,40.542258,141.48539,
2023,E0220300193201,根城コミュニティセンター,青森県八戸市売市4-7-6,1,1,,1,1,1,,1,1,40.512032,141.472018,
2024,E0220300195201,柏崎公民館,青森県八戸市柏崎3-13-5,1,1,,1,1,1,,1,1,40.513863,141.50071,
2025,E0220300196201,県立八戸盲学校・八戸聾学校,青森県八戸市柏崎6-29-24,1,1,,1,,1,,1,1,40.514782965936,141.50582801587,
2026,E0220300197201,白銀公民館,青森県八戸市白銀3-2-14,1,1,,1,,1,,1,1,40.522577,141.546193,
2027,E0220300198201,白山台公民館,青森県八戸市北白山台5-2-5,1,1,,1,1,1,,1,1,40.485394,141.462786,
2028,E0220300199201,東中学校,青森県八戸市湊高台2-14-8,1,1,,1,1,1,,1,1,40.504321,141.539424,
2029,E0220300202201,八戸市東体育館,青森県八戸市湊高台8-1-1,1,1,,1,1,1,,1,1,40.50188,141.544646,
2030,E0220300203201,県立八戸東高等学校,青森県八戸市類家1-4-47,1,1,,1,1,1,,1,1,40.507175,141.497883,
2031,E0220300204202,福祉公民館,青森県八戸市類家4-3-1,,1,,1,,1,,1,1,40.5072,141.505778,
2032,E0220300204201,福祉体育館,青森県八戸市類家4-3-1,,1,,1,,1,,1,1,40.507639,141.505917,
2033,E0238100001201,いたや町集会所,青森県板柳町いたや町1-40,1,,,1,,1,1,,1,40.70151016,140.4634834,
2034,E0238100002202,横沢会館,青森県板柳町大字横沢字東宮元2-1,,,,1,,1,1,,1,40.68238058,140.4783427,
2035,E0238100002201,横沢地区農村公園,青森県板柳町大字横沢字東宮元2-1,,,,1,,1,,,1,40.68203993,140.4785067,
2036,E0238100003201,牡丹森会館,青森県板柳町大字牡丹森字鴨泊221,1,,,1,,1,1,,1,40.74038097,140.4881588,
2037,E0238100024201,板柳町多目的ホールあぷる,青森県板柳町大字灰沼字岩井61,,,,1,,1,1,,1,40.70061907,140.4561538,
2038,E0238100024202,多目的ホールあぷる駐車場,青森県板柳町大字灰沼字岩井61,,,,1,,1,,,1,40.70101369,140.4558828,
2039,E0238100024203,板柳町老人憩いの家,青森県板柳町大字灰沼字岩井61,,,,1,,1,1,,1,40.70035419,140.4571806,
2040,E0238100005201,滝館運動場,青森県板柳町大字館野越字橋元46-3,,,,1,,1,,,,40.70229497,140.5118847,
2041,E0238100006201,狐森会館,青森県板柳町大字狐森字宮田76-3,1,,,1,,1,1,,1,40.7302406,140.478591,
2042,E0238100007201,五林平町民会館,青森県板柳町大字五林平字前橋1,1,,,1,,1,1,,1,40.74929899,140.5096383,
2043,E0238100008201,高増会館,青森県板柳町大字高増字前田70-1,1,,,1,,1,1,,1,40.72044126,140.4901129,
2044,E0238100009202,板柳中学校,青森県板柳町大字三千石字五十嵐103,1,,,1,,1,1,,1,40.71234535,140.4697525,
2045,E0238100009201,板柳中学校グランド,青森県板柳町大字三千石字五十嵐103,,,,1,,1,,,1,40.71335604,140.468248,
2046,E0238100016201,広栄町集会所,青森県板柳町大字三千石字木賊72-1,,,,1,,1,1,,1,40.70634173,140.4666213,
2047,E0238100010201,板柳東小学校グランド,青森県板柳町大字常海橋字稲葉197-21,,,,1,,1,,,1,40.72513136,140.5120596,
2048,E0238100010202,板柳東小学校,青森県板柳町大字常海橋字稲葉197-21,1,,,1,,1,1,,1,40.72479633,140.5108974,
2049,E0238100011201,下常海橋会館,青森県板柳町大字常海橋字松枝53,,,,1,,1,1,,1,40.72898278,140.5130959,
2050,E0238100012201,深味会館,青森県板柳町大字深味字深宮35-2,1,,,1,,1,1,,1,40.70227749,140.4768442,
2051,E0238100013201,上下水道課敷地,青森県板柳町大字深味字東西田54-1,,,,1,,1,,,,40.71004384,140.4772191,
2052,E0238100014201,石野構造改善センター,青森県板柳町大字石野字大柳11-4,1,,,1,,1,1,,1,40.71652595,140.4674734,
2053,E0238100015202,板柳北小学校,青森県板柳町大字赤田字田川13,1,,,1,,1,1,,1,40.71309813,140.4541937,
2054,E0238100015201,板柳北小学校グランド,青森県板柳町大字赤田字田川13,,,,1,,1,,,1,40.71250721,140.454612,
2055,E0238100017201,旧板柳高等学校グランド,青森県板柳町大字太田字西上林46,,,,1,,1,,,1,40.6989739,140.4671081,
2056,E0238100017202,旧板柳高等学校,青森県板柳町大字太田字西上林46,1,,,1,,1,1,,1,40.69832159,140.466155,
2057,E0238100018201,太長会館,青森県板柳町大字太田字前橋28-2,1,,,1,,1,1,,1,40.69742092,140.4751639,
2058,E0238100061201,小阿弥小学校グランド,青森県板柳町大字大俵字富永39-2,,,,1,,1,,,1,40.72432883,140.485331,
2059,E0238100061202,小阿弥小学校,青森県板柳町大字大俵字富永39-2,1,,,1,,1,1,,1,40.7249935,140.4850267,
2060,E0238100039201,大俵会館,青森県板柳町大字大俵字和田247-1,1,,,1,,1,1,,1,40.70758881,140.4906466,
2061,E0238100040201,日新構造改善センター,青森県板柳町大字大俵字和田392-9,1,,,1,,1,1,,1,40.71331935,140.4914635,
2062,E0238100042201,滝館会館,青森県板柳町大字滝井字西田19-1,,,,1,,1,1,,1,40.70207016,140.5135146,
2063,E0238100065201,板柳南小学校グランド,青森県板柳町大字辻字岸田75-1,,,,1,,1,,,1,40.69150228,140.4693538,
2064,E0238100065202,板柳南小学校,青森県板柳町大字辻字岸田75-1,1,,,1,,1,1,,1,40.6921006,140.4687548,
2065,E0238100045201,柏木会館,青森県板柳町大字柏木字片田野69-2,1,,,1,,1,1,,1,40.73871409,140.4836994,
2066,E0238100067201,岩木川河川公園,青森県板柳町大字板柳字川面地内,,,,1,,1,,,,40.69163686,140.4557213,
2067,E0238100046201,板柳町福祉センター,青森県板柳町大字板柳字土井239-3,1,,,1,,1,1,,1,40.69604407,140.4578961,
2068,E0238100069201,旧水道課敷地,青森県板柳町大字板柳字土井89-1,,,,1,,1,,,,40.69703957,140.4538043,
2069,E0238100070201,飯田会館前庭,青森県板柳町大字飯田字村元17-1,,,,1,,1,,,1,40.67258115,140.4728522,
2070,E0238100070202,飯田会館,青森県板柳町大字飯田字村元17-1,,,,1,,1,1,,1,40.67235401,140.4729021,
2071,E0238100071202,町営野球場,青森県板柳町大字福野田字実田11-7,,,,1,,1,,,1,40.69788039,140.4640478,
2072,E0238100071203,板柳町公民館,青森県板柳町大字福野田字実田11-7,1,,,1,,1,1,,1,40.69691813,140.4651102,
2073,E0238100071201,町営ソフトボール場,青森県板柳町大字福野田字実田11-7,,,,1,,1,,,1,40.69853128,140.4633693,
2074,E0238100072201,ふるさとセンター広場,青森県板柳町大字福野田字本泉34-6,,,,1,,1,,,1,40.68868489,140.4639896,
2075,E0238100072202,板柳町ふるさとセンター,青森県板柳町大字福野田字本泉34-6,1,,,1,,1,1,,1,40.68850577,140.463234,
2076,E0238100058201,野中町民会館,青森県板柳町大字野中字若松41-5,1,,,1,,1,1,,1,40.72022197,140.4606093,
2077,E0238100060201,沿川北部多目的多目的研修センター,青森県板柳町大字夕顔関字西田178,,,,1,,1,1,,1,40.73722636,140.5099027,
2078,E0242500014201,大石神社境内,青森県風間浦村大字易国間字家ノ上13,,,1,1,1,,,,,41.487128705945,140.996983585038,
2079,E0242500015201,風間浦中学校,青森県風間浦村大字易国間字古野18-1,1,1,1,1,1,,,,,41.4907559051081,140.989211760366,
2080,E0242500016201,桑畑温泉湯ん湯ん,青森県風間浦村大字易国間字湯ノ上1-1,1,1,1,1,1,,,,,41.4818701447823,141.035738274529,
2081,E0242500017201,旧下風呂小学校,青森県風間浦村大字下風呂字甲平ノ上18-1,1,1,1,1,1,,,,,41.4589225947204,141.105804806377,
2082,E0242500018201,旧下風呂小学校跡地,青森県風間浦村大字下風呂字落ノ上1-2,,,1,1,1,,,,,41.465981246374,141.095002885029,
2083,E0242500019201,旧蛇浦小学校,青森県風間浦村大字蛇浦字古釜谷平126,1,1,1,1,1,,,,,41.5090016877414,140.962317704521,
2084,E0242500020201,折戸神社境内,青森県風間浦村大字蛇浦字赤平24,,,1,1,1,,,,,41.504285378265,140.966641425449,
2085,E0221000020201,さるか交流館,青森県平川市猿賀遠林1-2,1,,,1,,,1,1,1,40.613447596391,140.56546686685,
2086,E0221000022201,平川市ふるさとセンター,青森県平川市猿賀石林94,1,,,1,,,1,1,1,40.615589517903,140.56466718213,
2087,E0221000024201,平川市尾上農村環境改善センター,青森県平川市猿賀池上45-1,1,,,1,,,1,1,1,40.615910508082,140.56543820582,
2088,E0221000025201,猿賀公園,青森県平川市猿賀池上45-3,,,,1,,1,,,1,40.61741662,140.5644946,
2089,E0221000026201,みなみの和み館,青森県平川市猿賀南田88-1,1,,,1,,,1,1,1,40.614241807129,140.57200748757,
2090,E0221000027201,平川市尾上地域福祉センター,青森県平川市猿賀南田96-3,1,,,1,,,1,1,1,40.614391948182,140.57266694218,
2091,E0221000028202,平川市立猿賀小学校,青森県平川市猿賀明堂136-2,1,,,1,,,1,1,1,40.616924634203,140.54963712764,
2092,E0221000028201,平川市立猿賀小学校グラウンド,青森県平川市猿賀明堂136-2,,,,1,,1,,,1,40.616466776945,140.54969939541,
2093,E0221000030201,平川市立竹館小学校グラウンド,青森県平川市沖館永田34-3,,,,1,,1,,,1,40.568031334062,140.59093199244,
2094,E0221000030202,平川市立竹館小学校,青森県平川市沖館永田34-3,1,1,,1,,,1,1,1,40.568499956951,140.59107683173,
2095,E0221000031201,向野町会集会所,青森県平川市沖館向野1-22,1,,,1,,,1,1,1,40.577344502619,140.57801054341,
2096,E0221000032201,鳥海会館,青森県平川市沖館長田21-4,1,,,1,,,1,1,1,40.571699904797,140.58021200363,
2097,E0221000034201,一本木コミュニティセンター,青森県平川市葛川一本木平30-1,,,,1,,,,1,1,40.528065201984,140.74003567278,
2098,E0221000036203,葛川集会所,青森県平川市葛川家岸13,1,1,,1,,,1,1,,40.522105,140.72603,
2099,E0221000037201,蒲田交流センター,青森県平川市蒲田元宮30-3,,,,1,,,,1,1,40.621347,140.531171,
2100,E0221000039201,平川市立松崎小学校グラウンド,青森県平川市館山上亀岡5-1,,,,1,,1,,,1,40.595578325469,140.53915132537,
2101,E0221000039202,平川市立松崎小学校,青森県平川市館山上亀岡5-1,,,,1,,,,1,1,40.596321701888,140.53892870202,
2102,E0221000138201,館山・松崎交流センター,青森県平川市館山上亀岡5-3,,,,1,,,,1,1,40.595006,140.539016,
2103,E0221000044201,苗生松多目的集会所,青森県平川市館田西和田205-3,,,,1,,,,1,1,40.588939953511,140.53901040492,
2104,E0221000045201,館田地区農業推進拠点施設,青森県平川市館田前田289-2,1,,,1,,,1,1,1,40.582049,140.538661,
2105,E0221000046201,平川市立大坊小学校グラウンド,青森県平川市岩館下り松72-2,,,,1,,1,,,1,40.565711617361,140.54354756352,
2106,E0221000046202,平川市立大坊小学校,青森県平川市岩館下り松72-2,,,,1,,,,1,1,40.56609875427,140.54309427019,
2107,E0221000047201,岩館地区構造改善センター,青森県平川市岩館下り松96,,,,1,,,,1,1,40.559745150428,140.54531659467,
2108,E0221000048201,金屋地区多目的研修施設,青森県平川市金屋上松元46-9,1,1,,1,,,1,1,1,40.61013,140.603888,
2109,E0221000050201,尾上南田会館,青森県平川市原大野34-2,1,,,1,,,1,1,1,40.615317335586,140.5775938552,
2110,E0221000051201,原田農業研修センター,青森県平川市原田今井121-2,,,,1,,,,1,1,40.565298312851,140.55107469932,
2111,E0221000052201,平川市文化センター,青森県平川市光城2-30-1,1,,,1,,,1,1,1,40.590335,140.562915,
2112,E0221000053201,光城コミュニティセンター,青森県平川市光城6-8,1,,,1,,,1,1,1,40.589618735517,140.5606361066,
2113,E0221000054201,広船地区構造改善センター,青森県平川市広船福田207,1,1,,,,,1,,1,40.569874972131,140.61269186476,
2114,E0221000055201,荒田農業研修センター,青森県平川市荒田駒田159-2,1,,,1,,,1,1,1,40.60113892324,140.57075879191,
2115,E0221000056201,向陽多目的研修集会施設,青森県平川市高畑前田117,1,,,1,,,1,1,1,40.567684373577,140.56878888485,
2116,E0221000057201,四ツ屋集会所,青森県平川市四ツ屋亀田78-2,,,,1,,,,1,1,40.575576421656,140.53215952852,
2117,E0221000058201,旧平川市立小国小中学校グラウンド,青森県平川市小国川原田12-1,,,,1,,1,,,1,40.545527912987,140.68509098446,
2118,E0221000059201,小国コミュニティセンター,青森県平川市小国川原田2-1,1,1,,1,,,1,1,1,40.544748727984,140.68636892923,
2119,E0221000060201,三町会農業研修センター,青森県平川市小杉稲村87-1,1,,,1,,,1,1,1,40.576641,140.538267,
2120,E0221000061201,小和森多目的研修集会施設,青森県平川市小和森松村4-1,1,,,1,,,1,1,1,40.592904744,140.565062985,
2121,E0221000062201,平成町コミュニティセンター,青森県平川市小和森上松岡184-2,1,,,1,,,1,1,1,40.589716,140.566136,
2122,E0221000063201,松館農業研修センター,青森県平川市松館浅井29-2,,,,1,,,,1,1,40.597596,140.531405,
2123,E0221000064201,新屋多目的集会所,青森県平川市新屋栄館54-6,1,1,,1,,,1,1,1,40.595209888017,140.597654301,
2124,E0221000065201,新屋町地区農村公園,青森県平川市新屋町松下86-1,,,,1,,1,,,1,40.6099032435,140.576186331,
2125,E0221000066201,新屋町会館,青森県平川市新屋町松下86-4,1,,,1,,,1,1,1,40.6100509,140.5756644,
2126,E0221000067201,Ｂ＆Ｇ尾上体育館,青森県平川市新屋町北鶉野15-1,1,,,1,,,1,1,1,40.613195121012,140.58569551721,
2127,E0221000068202,平川市立平賀東中学校,青森県平川市新館後野104-1,1,1,,1,,,1,1,1,40.580323878579,140.5847160686,
2128,E0221000068201,平川市立平賀東中学校グラウンド,青森県平川市新館後野104-1,,,,1,,1,,,1,40.579272714513,140.584952103,
2129,E0221000069201,平賀多目的広場,青森県平川市新館後野180-1,,,,1,,1,,,1,40.581867276957,140.57720633779,
2130,E0221000070201,ひらかわ市民の森,青森県平川市新館東山117-168,,,,1,,1,,,1,40.571122038355,140.59224788922,
2131,E0221000139201,新館集落センター,青森県平川市新館藤巻43-11,1,,,1,,,1,1,1,40.57697,140.582852,
2132,E0221000073201,平川市平賀農村環境改善センター,青森県平川市新館野木和20-1,1,,,1,,,1,1,1,40.582969,140.573208,
2133,E0221000074201,新山ふれあいセンター,青森県平川市新山岡部66-2,1,,,1,,,1,1,1,40.627876,140.535894,
2134,E0221000075201,杉館ふれあいセンター,青森県平川市杉館宮元72-2,,,,1,,,1,1,,40.60766,140.5383,
2135,E0221000076201,石郷集会所,青森県平川市石郷村元261,,,,1,,,,1,1,40.5756983002,140.551268998,
2136,E0221000077201,大木平集会所,青森県平川市切明温川沢1-28,1,,,1,,,1,1,1,40.509883841635,140.7755011573,
2137,E0221000078201,井戸沢集会所,青森県平川市切明上井戸42-6,,,,1,,,,1,1,40.527831364868,140.74635456093,
2138,E0221000080201,大光寺コミュニティセンター,青森県平川市大光寺三村井70-3,1,,,1,,,1,1,1,40.590005555592,140.55799508142,
2139,E0221000081201,平川市立小和森小学校グラウンド,青森県平川市大光寺二村井166,,,,1,,1,,,1,40.592974575964,140.55956989461,
2140,E0221000081202,平川市立小和森小学校,青森県平川市大光寺二村井166,1,,,1,,,1,1,1,40.592415,140.559556,
2141,E0221000082201,平川市立平賀西中学校グラウンド,青森県平川市大光寺白山13-2,,,,1,,1,,,1,40.58645941363,140.5514781345,
2142,E0221000082202,平川市立平賀西中学校,青森県平川市大光寺白山13-2,1,,,1,,,1,1,1,40.585749,140.551501,
2143,E0221000083201,大坊コミュニティセンター,青森県平川市大坊竹内225,,,,1,,,,1,1,40.571328,140.542136,
2144,E0221000085201,中佐渡集落会館,青森県平川市中佐渡前田32-1,1,,,1,,,1,1,1,40.609175,140.565152,
2145,E0221000086201,平川市立尾上中学校,青森県平川市中佐渡南田49,1,,,1,,,1,1,1,40.611849619754,140.57190893765,
2146,E0221000087201,平川市立尾上中学校グラウンド,青森県平川市中佐渡南田52,,,,1,,1,,,1,40.611238066314,140.57227286647,
2147,E0221000088201,平川市尾上体育館,青森県平川市中佐渡南田95-4,1,,,1,,,1,1,1,40.611283,140.57091,
2148,E0221000089201,飛鳥会館,青森県平川市町居横山341-2,1,,,1,,,1,1,1,40.588944552065,140.58628870258,
2149,E0221000092201,ひらかわドリームアリーナ,青森県平川市町居南田249,1,1,,1,,,1,1,1,40.583990291167,140.57641862529,
2150,E0221000093201,平川市陸上競技場,青森県平川市町居南田252-1,,,,1,,1,,,1,40.583883276007,140.57806474892,
2151,E0221000094201,長田地区担い手センター,青森県平川市長田沼田32-2,1,,,,,,1,,1,40.608175912592,140.55395842941,
2152,E0221000095201,中佐渡地区農村公園,青森県平川市長田野田53-2,,,,1,,1,,,1,40.6103531855,140.559514126,
2153,E0221000096201,久吉地区農村公園,青森県平川市碇ケ関久吉山岸17-1,,,,1,,1,,,1,40.443900054872,140.64940843033,
2154,E0221000097201,平川市碇ヶ関温泉会館,青森県平川市碇ケ関鯨森8-1,,,,1,,,,1,1,40.473952813848,140.62961047979,
2155,E0221000100201,古懸不動尊境内,青森県平川市碇ケ関古懸門前1-1,,,,1,,1,,,1,40.4883257584,140.628652423,
2156,E0221000101202,平川市立碇ヶ関小中学校,青森県平川市碇ケ関三笠山100-2,1,1,,1,,,1,1,1,40.475853533289,140.63029676376,
2157,E0221000101201,平川市立碇ヶ関小中学校グラウンド,青森県平川市碇ケ関三笠山100-2,,,,1,,1,,,1,40.475442555724,140.63071879792,
2158,E0221000102201,平川市碇ヶ関地域福祉センター,青森県平川市碇ケ関三笠山120-1,1,1,,1,,,1,1,1,40.4768469991,140.629776,
2159,E0221000104201,平川市碇ヶ関公民館,青森県平川市碇ケ関三笠山78,,1,,1,,,,1,1,40.473394,140.631008,
2160,E0221000105201,久吉地区集会所,青森県平川市碇ケ関水溜16-3,1,1,,1,,,1,1,1,40.446184715222,140.6472684584,
2161,E0221000106202,道の駅いかりがせき,青森県平川市碇ケ関碇石13-1,,1,,1,,,,1,1,40.481648857759,140.62306900939,
2162,E0221000106201,道の駅いかりがせき（屋外）,青森県平川市碇ケ関碇石13-1,,,,1,,1,,,1,40.481455,140.623297,
2163,E0221000136201,古懸地区集会所,青森県平川市碇ヶ関古懸南不動野8-3,1,1,,1,,,1,1,,40.48918,140.622575,
2164,E0221000109201,唐竹多目的集会所,青森県平川市唐竹苺原178-13,1,1,,1,,,1,1,1,40.559951611621,140.6040971854,
2165,E0221000111201,南田中ふれあいセンター,青森県平川市南田中西原130,1,,,1,,,1,1,1,40.610495,140.593377,
2166,E0221000112201,南田中地区公園,青森県平川市南田中東林元12,,,,1,,1,,,1,40.6085502521,140.59289368938,
2167,E0221000113201,平川市立金田小学校グラウンド,青森県平川市南田中北原120-1,,,,1,,1,,,1,40.613655056052,140.59047991055,
2168,E0221000113202,平川市立金田小学校,青森県平川市南田中北原120-1,1,1,,1,,,1,1,1,40.614358,140.590664,
2169,E0221000114201,日沼地区農村公園,青森県平川市日沼高田10-1,,,,1,,1,,,1,40.618920979076,140.52458138378,
2170,E0221000115201,日沼地区コミュニティ施設,青森県平川市日沼高田104-2,,,,1,,,,1,1,40.618126064216,140.52476454681,
2171,E0221000117201,柏木町コミュニティセンター,青森県平川市柏木町東田167-58,1,,,1,,,1,1,1,40.579566326412,140.56587909013,
2172,E0221000133201,平川市役所本庁舎（１階アヴェッサ）,青森県平川市柏木町藤山25-6,1,1,,1,,,1,1,,40.583779,140.567098,
2173,E0221000118201,中央公園,青森県平川市柏木町藤山27-22,,,,1,,1,,,1,40.58575031,140.56607188,
2174,E0221000121201,平川市立柏木小学校グラウンド,青森県平川市柏木町柳田8-2,,,,1,,1,,,1,40.574872313556,140.56493209491,
2175,E0221000121202,平川市立柏木小学校,青森県平川市柏木町柳田8-2,1,,,1,,,1,1,1,40.575393730338,140.56497069721,
2176,E0221000122201,八幡崎地区農業研修センター,青森県平川市八幡崎宮本85-3,1,,,1,,,1,1,1,40.616110530396,140.53958725371,
2177,E0221000123201,松野地区集会所,青森県平川市尾崎稲元38-20,1,1,,1,,,1,1,1,40.588116507857,140.59662869255,
2178,E0221000124201,平川市立平賀東小学校グラウンド,青森県平川市尾崎川合69,,,,1,,1,,,1,40.586280162951,140.59332059513,
2179,E0221000124202,平川市立平賀東小学校,青森県平川市尾崎川合69,1,1,,1,,,1,1,1,40.58702468734,140.59325095032,
2180,E0221000125201,尾崎多目的研修集会施設,青森県平川市尾崎浅井99-1,1,1,,1,,,1,1,1,40.586631202724,140.61197886612,
2181,E0221000126201,高木会館,青森県平川市尾上栄松37-1,1,,,1,,,1,1,1,40.615251185913,140.58244017514,
2182,E0221000127201,西の平団地集会所,青森県平川市苗生松下東田41-2,1,,,1,,,1,1,1,40.5917001096,140.543963058,
2183,E0221000128201,平田森多目的集会所,青森県平川市平田森稲村39-1,1,,,1,,,1,1,1,40.597369712036,140.58021444027,
2184,E0221000129201,本町コミュニティセンター,青森県平川市本町南柳田84-2,1,,,1,,,1,1,1,40.58554,140.55759,
2185,E0221000130201,李平町会センター,青森県平川市李平上安原62-1,1,,,1,,,1,1,1,40.614616,140.593627,
2186,E0230100001201,稲生漁民センター,青森県平内町大字稲生字稲生15-4,1,,,,,,,,1,40.978225560551,140.87335108734,
2187,E0230100002201,旧東栄小学校,青森県平内町大字外童子字葛派平8-3,1,1,,1,1,,,,1,40.892444766278,140.99127099804,
2188,E0230100003201,外童子コミュニティセンター,青森県平内町大字外童子字船越39-2,1,1,,1,1,,,,1,40.884403,140.978786,
2189,E0230100004201,口広林業村落コミュニティセンター,青森県平内町大字口広字口広沢154-5,1,1,,,,,,,1,40.915801132703,141.03888326049,
2190,E0230100005201,東小学校,青森県平内町大字口広字水須3-9,1,1,,1,1,,,,1,40.9186212331,141.0285652648,
2191,E0230100006201,山口コミュニティセンター,青森県平内町大字山口字小沢14-1,1,1,,1,1,,,,1,40.915692848254,140.91120646874,
2192,E0230100007201,山口小学校,青森県平内町大字山口字小沢20-1,1,1,,1,1,,,,1,40.915562089534,140.90740274912,
2193,E0230100008201,旧西平内中学校,青森県平内町大字山口字小沢44-3,1,1,,1,1,,,,1,40.915614788391,140.90585243232,
2194,E0230100009201,旧狩場沢小学校助白井分校,青森県平内町大字狩場沢字堀差94-5,,1,,,,,,,1,40.89170993035,141.04866841718,
2195,E0230100010201,狩場沢公民分館,青森県平内町大字狩場沢字檜沢24-11,1,1,,,,,,,1,40.898804712442,141.07613716391,
2196,E0230100011201,小豆沢公民分館,青森県平内町大字小豆沢字茂浦沢137-2,1,1,,1,1,,,,1,40.919633841199,140.91288793498,
2197,E0230100012201,山村開発センター,青森県平内町大字小湊字下槻12-1,1,1,,,,,,,1,40.926139011747,140.961773824,
2198,E0230100013201,町立体育館,青森県平内町大字小湊字下槻3-2,1,1,,,,,,,1,40.926219872659,140.96130626606,
2199,E0230100014201,小湊小学校,青森県平内町大字小湊字後萢15,,1,,1,1,,,,1,40.926847090516,140.95098715764,
2200,E0230100015201,旧小湊中学校,青森県平内町大字小湊字後萢21-1,,1,,1,1,,,,1,40.923397601755,140.95088839571,
2201,E0230100016201,勤労青少年ホーム,青森県平内町大字小湊字小湊79-3,1,1,,1,1,,,,1,40.928467433107,140.95424092112,
2202,E0230100017201,平内中学校（旧青森東高等学校平内校舎）,青森県平内町大字小湊字新道46-26,1,1,,1,1,,,,1,40.926212426552,140.96944358553,
2203,E0230100018201,東和コミュニティセンター,青森県平内町大字小湊字雷電際13-168,,1,,,,,,,1,40.934709280497,140.97111746761,
2204,E0230100019201,松野木公民分館,青森県平内町大字松野木字一本木1-1,1,1,,1,1,,,,1,40.900214,140.996853,
2205,E0230100020201,清水川コミュニティセンター,青森県平内町大字清水川字往来道添26-2,1,1,,,,,,,1,40.926126795024,141.02226814744,
2206,E0230100021201,旧東平内中学校,青森県平内町大字清水川字道巣5-1,1,1,,1,1,,,,1,40.919595741047,141.02608492504,
2207,E0230100022201,盛田公民分館,青森県平内町大字盛田字塚ノ越47,1,1,,,,,,,1,40.928611151061,140.9435245838,
2208,E0230100023201,中野コミュニティセンター,青森県平内町大字中野字稗田沢13,1,,,1,1,,,,1,40.923001588029,140.89161383742,
2209,E0230100024201,土屋コミュニティセンター,青森県平内町大字土屋字鍵懸地先,1,1,,,,,,,1,40.909028144321,140.86824820916,
2210,E0230100025201,東滝コミュニティセンター,青森県平内町大字東滝字滝7-7,1,,,1,1,,,,1,40.955947119331,140.98091658386,
2211,E0230100026201,間木コミュニティセンター,青森県平内町大字東滝字鷲ノ沢9-1,1,1,,1,1,,,,1,40.949430180135,140.97650969995,
2212,E0230100027201,東田沢集落圏防雪管理センター,青森県平内町大字東田沢字無沢14,1,1,,1,1,,,,1,40.991904932007,140.91495238069,
2213,E0230100028201,野内畑集会所,青森県平内町大字東田沢字野内畑6,1,,,,,,,,1,40.981134096255,140.90458197115,
2214,E0230100029201,藤沢コミュニティセンター,青森県平内町大字藤沢字八幡33,1,1,,1,1,,,,1,40.915530657454,140.93780554326,
2215,E0230100030201,町立体育館内童子分館,青森県平内町大字内童子字観音31-2,1,1,,,,,,,1,40.885694756676,140.95699923106,
2216,E0230100031201,内童子コミュニティセンター,青森県平内町大字内童子字観音34-1,1,1,,1,1,,,,1,40.886226036935,140.95707433292,
2217,E0230100032201,白砂コミュニティセンター,青森県平内町大字白砂字深沢4-6,1,1,,1,1,,,,1,40.987826778882,140.94837385405,
2218,E0230100033201,浜子地区総合研修センター,青森県平内町大字浜子字家岸10-1,1,1,,1,1,,,,1,40.932360302182,140.98994569947,
2219,E0230100034201,山の手コミュニティセンター,青森県平内町大字福館字平川家ノ下108-2,,1,,,,,,,1,40.940005430675,140.95973881925,
2220,E0230100035201,浅所コミュニティセンター,青森県平内町大字福館字雷電林1-50,,1,,,,,,,1,40.940736783414,140.97067419505,
2221,E0230100035202,旧浅所小学校,青森県平内町大字福館字雷電林1-50,,1,,,,,,,1,40.939946596618,140.96985343908,
2222,E0230100036201,浦田公民分館,青森県平内町大字茂浦字浦田沢114-3,1,1,,,,,,,1,40.961729448653,140.86427923479,
2223,E0230100037201,旧茂浦小学校,青森県平内町大字茂浦字向田24-1,1,1,,,,,,,1,40.941551019092,140.8728236118,
2224,E0230100038201,茂浦コミュニティセンター,青森県平内町大字茂浦字向田81,1,,,,,,,,1,40.943191334047,140.87227066666,
2225,E0230100039201,薬師野農業構造改善センター,青森県平内町大字薬師野字家岸61-2,1,1,,1,1,,,,1,40.917579766806,141.0102031019,
2226,E0230100040201,浪打コミュニティセンター,青森県平内町大字浪打字深沢86-1,1,1,,,,,,,1,40.922735861661,140.86878534592,
2227,E0230400024201,玉松台スポーツガーデン,青森県蓬田村瀬辺地字山田1-31,,,,1,1,1,,,,40.995982,140.648046,
2228,E0230400002201,よもっと団地集会場,青森県蓬田村大字阿弥陀川字汐干113-1,1,1,1,1,1,1,1,,1,40.97124710402,140.64999701952,
2229,E0230400003202,蓬田小学校,青森県蓬田村大字阿弥陀川字汐干198-148,1,1,1,1,1,1,1,,1,40.969546025424,140.64847949373,
2230,E0230400003201,蓬田小学校グラウンド,青森県蓬田村大字阿弥陀川字汐干198-148,,,,1,1,1,,,1,40.968796688338,140.64854923117,
2231,E0230400004201,阿弥陀川公民館,青森県蓬田村大字阿弥陀川字汐干56-11,1,1,1,1,,1,1,,1,40.96878259834,140.65581905852,
2232,E0230400005201,ふれあいセンター,青森県蓬田村大字郷沢字浜田136-4,,,,1,1,1,1,,1,40.994182495494,140.64746068251,
2233,E0230400006201,ふるさと総合センター,青森県蓬田村大字郷沢字浜田137-76,1,1,1,1,1,1,1,,1,40.994705259031,140.6482328893,
2234,E0230400007201,総合グラウンド,青森県蓬田村大字郷沢字浜田138-15,,,,1,1,1,,,,40.985746008264,140.64857993315,
2235,E0230400008202,蓬田中学校,青森県蓬田村大字郷沢字浜田138-24,1,1,1,1,1,1,1,,1,40.986256237381,140.65114948939,
2236,E0230400008201,蓬田中学校グラウンド,青森県蓬田村大字郷沢字浜田138-24,,,,1,1,1,,,1,40.986644980724,140.65104756545,
2237,E0230400009201,郷沢自治会館,青森県蓬田村大字郷沢字浜田153-11,1,1,,1,,1,1,,1,40.990139701919,140.65373948532,
2238,E0230400010201,文化伝承館前広場,青森県蓬田村大字広瀬字坂元24,,,,1,,1,,,,41.013100471932,140.64821668003,
2239,E0230400011201,文化伝承館,青森県蓬田村大字広瀬字坂元26-1,1,1,1,1,,1,1,,1,41.013367624401,140.64815767143,
2240,E0230400012201,広瀬公民館,青森県蓬田村大字広瀬字坂元608-1,1,1,1,1,,1,1,,1,41.015446,140.648357,
2241,E0230400013202,高根自治会公民館,青森県蓬田村大字広瀬字坂元672-1,1,1,1,1,1,1,1,,1,41.022863865425,140.61253589934,
2242,E0230400013201,高根農村公園広場,青森県蓬田村大字広瀬字坂元672-1,,,,1,1,1,,,1,41.023070270921,140.61253589934,
2243,E0230400014201,いきいき交流館,青森県蓬田村大字瀬辺地字山田35-84,,,,1,,1,1,,1,40.997413594134,140.65191992474,
2244,E0230400015201,瀬辺地民生会館,青森県蓬田村大字瀬辺地字田浦35-2,,1,,1,,1,1,,1,41.00637695267,140.6493935213,
2245,E0230400016201,中沢公民館,青森県蓬田村大字中沢字浪返4-1,1,1,1,1,,1,1,,1,40.953186302985,140.65810306844,
2246,E0230400017201,蓬田保育園,青森県蓬田村大字中沢字浪返48-3,,,,1,,1,1,,1,40.956824062232,140.65720209665,
2247,E0230400018201,蓬田保育園グラウンド,青森県蓬田村大字長科字浦田38-1,,,,1,,1,,,,40.956583622416,140.65740204139,
2248,E0230400020201,旧長科自治会公民館,青森県蓬田村大字長科字川瀬14-2,1,1,,1,,1,1,,1,40.960675251388,140.65766489789,
2249,E0230400021201,農業者トレーニングセンター,青森県蓬田村大字蓬田字宮本41-11,1,1,1,1,1,1,1,,1,40.984773938332,140.64907481852,
2250,E0230400022201,中央公民館,青森県蓬田村大字蓬田字汐越12,1,1,,1,,1,1,,1,40.973092889379,140.6565952843,
2251,E0230400023201,蓬田公民館,青森県蓬田村大字蓬田字汐越37-1,1,1,1,1,,1,1,,1,40.974656945887,140.6549179208,
2252,E0240100001202,まかどスポーツセンター,青森県野辺地町字家ノ上6-6,1,1,1,1,1,1,1,1,1,40.876204,141.094333,
2253,E0240100001201,旧馬門小学校グラウンド,青森県野辺地町字家ノ上6-6,1,1,1,1,1,1,1,1,1,40.87565553,141.0944941,
2254,E0240100002201,野辺地小学校グラウンド,青森県野辺地町字寺ノ沢42-4,1,1,1,1,1,1,1,1,1,40.86290542,141.1324022,
2255,E0240100002202,野辺地小学校,青森県野辺地町字寺ノ沢42-4,1,1,1,1,1,1,1,1,1,40.86310749,141.1311151,
2256,E0240100003201,有戸地区学習等供用センター,青森県野辺地町字小沢平10-8,1,1,1,1,1,1,1,1,1,40.91705215,141.1911538,
2257,E0240100004201,行政メモリアルセンター前広場,青森県野辺地町字小沢平2-2,1,1,1,1,1,1,1,1,,40.91798864,141.1911754,
2258,E0240100005201,青森県立野辺地高等学校,青森県野辺地町字松ノ木106-1,1,1,1,1,1,1,1,1,1,40.85529592,141.110029,
2259,E0240100006201,運動公園,青森県野辺地町字松ノ木114,1,1,1,1,1,1,1,1,,40.85653994,141.1050883,
2260,E0240100007202,若葉小学校,青森県野辺地町字石神裏16,1,1,1,1,1,1,1,1,1,40.87023796,141.133504,
2261,E0240100007201,若葉小学校グラウンド,青森県野辺地町字石神裏16,1,1,1,1,1,1,1,1,1,40.86983595,141.1333344,
2262,E0240100009201,野辺地中学校グラウンド,青森県野辺地町字浜掛11-5,1,1,1,1,1,1,1,1,1,40.86915776,141.1250153,
2263,E0240100009202,野辺地中学校,青森県野辺地町字浜掛11-5,1,1,1,1,1,1,1,1,1,40.86850323,141.1243218,
2264,E0240100010201,えぼしグラウンド,青森県野辺地町字浜掛79-6,1,1,1,1,1,1,1,1,,40.86995295,141.1220711,
2265,E0240100011201,中央公民館,青森県野辺地町字野辺地1-15,1,1,1,1,1,1,1,1,1,40.86493763,141.1251553,
2266,E0240100012201,木明地区農作業管理休養施設,青森県野辺地町字有戸鳥井平158-6,1,1,1,1,1,1,1,1,1,40.88507651,141.1665901,
2267,E0240100014201,木明地区屋外避難場所,青森県野辺地町字有戸鳥井平4-3,1,1,1,1,1,1,1,1,,40.88603,141.160983,
2268,E0241100002201,地域交流ホーム,青森県六ヶ所村出戸字棚沢130-17,1,1,1,1,1,,,,1,41.005190585911,141.36851554069,
2269,E0241100004201,石川集会所,青森県六ヶ所村出戸字棚沢62-74,1,,1,,1,,,,,41.040344125598,141.37809037642,
2270,E0241100005201,旧千歳中学校グラウンド,青森県六ヶ所村倉内字笹崎1021-1,1,1,1,1,1,1,,,1,40.885144670649,141.27131713785,
2271,E0241100006201,千歳平ひがし児童公園,青森県六ヶ所村倉内字笹崎288,1,1,1,1,1,1,,,,40.887262828804,141.29010703696,
2272,E0241100007201,千歳平はるき小公園,青森県六ヶ所村倉内字笹崎394,1,1,1,1,1,1,,,,40.890028618375,141.28721025123,
2273,E0241100008201,千歳平小学校グラウンド,青森県六ヶ所村倉内字笹崎396,1,1,1,1,1,1,,,1,40.889123577313,141.28661094457,
2274,E0241100009201,千歳平にし児童公園,青森県六ヶ所村倉内字笹崎435,1,1,1,1,1,1,,,,40.888690347534,141.28313329352,
2275,E0241100010201,第二中学校グラウンド,青森県六ヶ所村倉内字湯沢112-1,1,1,1,1,1,1,,,1,40.859802353318,141.33990753163,
2276,E0241100011201,南小学校グラウンド,青森県六ヶ所村倉内字湯沢12-8,1,1,1,1,1,1,,,1,40.858427061103,141.33744957081,
2277,E0241100012201,倉内コミュニティーセンター,青森県六ヶ所村倉内字道ノ上21-1,1,1,1,1,1,1,,,,40.848897859149,141.36191191977,
2278,E0241100013201,千歳平地区体育館,青森県六ヶ所村大字倉内字笹崎289-1,1,1,1,1,1,,,,1,40.888409096505,141.28436085684,
2279,E0241100014201,千歳平こども園,青森県六ヶ所村大字倉内字笹崎289-3,1,1,1,1,1,,,,1,40.88892591059,141.28388214176,
2280,E0241100015201,千歳平地区公民館,青森県六ヶ所村大字倉内字笹崎289-5,1,1,1,1,1,,,,1,40.888406683694,141.28360852714,
2281,E0241100016201,青森県立六ケ所高等学校グラウンド,青森県六ヶ所村大字倉内字笹崎305,1,1,1,1,1,1,,,1,40.887861701216,141.27549585587,
2282,E0241100042201,千歳平地区消防・防災拠点広場,青森県六ヶ所村大字倉内字笹崎400-2,1,1,1,1,1,1,,,,40.887749,141.286957,
2283,E0241100017201,南こども園,青森県六ヶ所村大字倉内字唐貝地5-328,1,1,1,1,1,,,,1,40.857706454132,141.33947081378,
2284,E0241100041201,千樽集会所,青森県六ヶ所村大字鷹架108,1,1,1,,1,,,,,40.934384,141.262131,
2285,E0241100043201,六ヶ所村老部川地区ゲートボール場,青森県六ヶ所村大字尾駮字猿子沢2-78,1,1,1,1,1,1,,,,40.985424,141.3706,
2286,E0241100019201,戸鎖小公園,青森県六ヶ所村鷹架字久保ノ内46-2,,1,1,1,,1,,,,40.937359785209,141.29832363062,
2287,E0241100020201,児童厚生体育施設,青森県六ヶ所村鷹架字久保ノ内77-1,,1,1,1,,,,,1,40.9372449414,141.29617803698,
2288,E0241100021201,スパハウスろっかぽっか,青森県六ヶ所村鷹架字内子内337,1,1,1,1,1,,,,,40.918575304641,141.33491216451,
2289,E0241100022201,旧泊中学校グラウンド,青森県六ヶ所村泊字焼山611-1,1,,1,,1,1,,,1,41.102902043556,141.38998126246,
2290,E0241100023201,泊小中学校グラウンド,青森県六ヶ所村泊字川原75-17,1,1,1,1,1,1,,,1,41.086973645733,141.38852214076,
2291,E0241100024201,泊避難所,青森県六ヶ所村泊滝川53-1,1,1,1,1,1,,,,,41.094829173337,141.39382218576,
2292,E0241100025201,室ノ久保地区学習等供用センター（講堂）,青森県六ヶ所村尾駮字川向30-12,1,1,1,1,,,,,1,40.941988084363,141.29090437367,
2293,E0241100026201,二又夢はぐ館,青森県六ヶ所村尾駮字二又83-26,1,1,1,1,1,,,,,40.987652078934,141.3043100399,
2294,E0241100033201,文化交流プラザ（スワニー）,青森県六ヶ所村尾駮字野附1-8,1,1,1,1,1,,,,1,40.964635196878,141.36385534846,
2295,E0241100027201,第一中学校グラウンド,青森県六ヶ所村尾駮字野附1054,1,1,1,1,1,1,,,1,40.967316315843,141.36610818702,
2296,E0241100028201,尾駮コミュニティーセンター,青森県六ヶ所村尾駮字野附1161-1,1,1,1,1,1,1,,,,40.965636612416,141.37256846801,
2297,E0241100029201,尾駮小学校グラウンド,青森県六ヶ所村尾駮字野附1304-1,1,1,1,1,1,1,,,1,40.969390182571,141.36661244232,
2298,E0241100030201,尾駮レイクタウン北１号公園,青森県六ヶ所村尾駮字野附1320-1,1,1,1,1,1,1,,,,40.971881455032,141.36002516679,
2299,E0241100031201,尾駮レイクタウン北３号公園,青森県六ヶ所村尾駮字野附1335,1,1,1,1,1,1,,,,40.970698755558,141.36373734407,
2300,E0241100032201,尾駮レイクタウン北２号公園,青森県六ヶ所村尾駮字野附1336,1,1,1,1,1,1,,,,40.972335087561,141.3653252118,
2301,E0241100035201,大石総合運動公園,青森県六ヶ所村尾駮字野附533-1,1,1,1,1,1,1,,,,40.982020453192,141.33815076483,
2302,E0241100036201,熊野近隣公園,青森県六ヶ所村平沼字追舘123-6,1,1,1,1,1,1,,,,40.88409527321,141.36499172297,
2303,E0241100037201,青森宝栄工業株式会社,青森県六ヶ所村平沼字田面木246,1,1,1,1,1,,,,,40.884249527652,141.35977473392,
2304,E0240500005201,旧長谷小学校　グラウンド,青森県六戸町大字下吉田字下沼田111-1,1,1,,1,,1,1,,1,40.5896499840788,141.352810698212,
2305,E0240500006201,六戸町総合運動公園,青森県六戸町大字犬落瀬字下久保174-1,1,1,,1,,1,1,,,40.6176311168005,141.321180473353,
2306,E0240500007201,旧開知小学校　グラウンド,青森県六戸町大字犬落瀬字権現沢14-159,1,1,,1,,1,1,,1,40.6419693367779,141.30050201652,
2307,E0240500008201,旧七百中学校　グラウンド,青森県六戸町大字犬落瀬字権現沢54-41,1,1,,1,,1,1,,1,40.6461373888156,141.301746561496,
2308,E0240500011201,ふれあい昭陽館　グラウンド,青森県六戸町大字犬落瀬字四木77-97,1,1,,1,,1,1,,,40.6667747932599,141.301871662985,
2309,E0240500012201,旧六戸中学校　グラウンド,青森県六戸町大字犬落瀬字柴山2-90,1,1,,1,,1,1,,1,40.6124436133631,141.327903463807,
2310,E0240500017201,町営野球場,青森県六戸町大字犬落瀬字前谷地61,1,1,,1,,1,1,,1,40.6096007010287,141.327574859636,
2311,E0240500022201,旧六戸小学校　グラウンド,青森県六戸町大字犬落瀬字明土63,1,1,,1,,1,1,,1,40.5997042748217,141.324792101354,
2312,E0240500023201,旧大曲小学校　グラウンド,青森県六戸町大字犬落瀬字柳沢91-86,1,1,,1,,1,1,,1,40.6438580176075,141.336035921543,
2313,E0240500028201,旧折茂小学校　グラウンド,青森県六戸町大字折茂字前田136-3,1,1,,1,,1,1,,,40.6034291149413,141.294733485786,
2314,E0240500030201,旧柳町小学校　グラウンド,青森県六戸町大字柳町字百役31-1,1,1,,1,,1,1,,,40.5924165082,141.293772484,
2315,E0232100002201,芦萢へき地保健福祉館,青森県鰺ヶ沢町芦萢町字鹿子石82-5,1,1,1,,1,1,1,,,40.692777182661,140.22673950219,
2316,E0232100086201,姥袋町近くの高台,青森県鰺ヶ沢町姥袋町字霜坂熊ヶ沢,,,,,1,,,,,40.75076,140.16277,
2317,E0232100087201,牛島近くの高台,青森県鰺ヶ沢町姥袋町字大磯,,,,,1,,,,,40.751995,140.151891,
2318,E0232100005201,アグリビジネスホール,青森県鰺ヶ沢町建石町字成沢77,1,1,1,1,1,1,1,1,,40.761989238704,140.30627538296,
2319,E0232100006201,鳴沢農業実習センター,青森県鰺ヶ沢町建石町字大曲44-17,1,1,1,,1,,1,1,,40.771717474059,140.28434575917,
2320,E0232100007201,（旧）建石小学校,青森県鰺ヶ沢町建石町字島田150,1,1,1,1,1,1,1,1,,40.762082557909,140.31286444908,
2321,E0232100008201,石上神社,青森県鰺ヶ沢町七ツ石町140,,,,,1,,,,,40.776830946007,140.21393843604,
2322,E0232100009201,小森林業センター,青森県鰺ヶ沢町小森町字野田99-3,1,1,1,,1,,1,1,,40.700594172217,140.16923511487,
2323,E0232100010201,松源寺,青森県鰺ヶ沢町赤石町字宇名原117,,,,,1,,,,,40.761287486391,140.16925481423,
2324,E0232100011201,赤石公民館,青森県鰺ヶ沢町赤石町字宇名原232-2,1,1,1,1,1,1,1,1,,40.762783945501,140.16415548088,
2325,E0232100012201,鰺ヶ沢中学校,青森県鰺ヶ沢町赤石町字大和田27,1,1,,1,,1,1,1,,40.773718434869,140.18190628836,
2326,E0232100013201,大和田貯水池,青森県鰺ヶ沢町赤石町字大和田35-62,,,,,1,,,,,40.779724775126,140.19087695655,
2327,E0232100015202,（旧）一ツ森小学校,青森県鰺ヶ沢町大字一ツ森町字上禿88-2,1,1,1,,1,,1,1,1,40.69001035245,140.1508302665,
2328,E0232100015201,一ツ森林業センター,青森県鰺ヶ沢町大字一ツ森町字上禿88-2,1,1,1,,1,,1,1,1,40.690486781077,140.15149874221,
2329,E0232100041201,青森県立鰺ヶ沢高等学校,青森県鰺ヶ沢町大字舞戸町字小夜72,1,,,1,1,1,,,1,40.7762649486334,140.203915218062,
2330,E0232100053201,中下農村婦人の家,青森県鰺ヶ沢町中村町字下清水崎142-1,1,1,1,,1,,1,1,,40.762142785612,140.23864087923,
2331,E0232100054201,（旧）中村小学校,青森県鰺ヶ沢町中村町字上山ノ井62,1,,1,,1,1,1,1,,40.752524502871,140.22875082937,
2332,E0232100055201,中村公民館,青森県鰺ヶ沢町中村町字中山ノ井109,1,1,1,1,1,,1,1,,40.757774427573,140.22973485655,
2333,E0232100056201,長平生活改善センター,青森県鰺ヶ沢町長平町字甲音羽山65-123,1,1,1,,1,,1,,,40.711616803004,140.274408478,
2334,E0232100089201,長平青少年旅行村研修センター,青森県鰺ヶ沢町長平町字甲音羽地内,1,1,1,,1,,1,,1,40.704570802512,140.2727097065,
2335,E0232100057201,山寺子,青森県鰺ヶ沢町田中町28-1,,,,,1,,,,,40.777564083539,140.2162694044,
2336,E0232100058201,南金沢生活改善センター,青森県鰺ヶ沢町南金沢町字床夏204-3,1,1,1,,1,,1,1,,40.723652175019,140.18196897165,
2337,E0232100059201,（旧）南金沢小学校,青森県鰺ヶ沢町南金沢町字晴間20-8,1,1,1,,1,1,1,1,,40.722609082061,140.18372895701,
2338,E0232100060201,南浮田農業センター,青森県鰺ヶ沢町南浮田町字早田83-2,1,1,1,,1,,1,1,,40.779548005627,140.25216687501,
2339,E0232100090201,南浮田町近くの高台,青森県鰺ヶ沢町南浮田町字米山,,,,,1,,,,,40.778648,140.256113,
2340,E0232100061201,浜横沢生活改善センター,青森県鰺ヶ沢町浜横沢町字金沢7-2,1,1,1,,1,,1,1,,40.733715211309,140.23231304926,
2341,E0232100062201,小ノ畑生活改善センター,青森県鰺ヶ沢町浜横沢町字深沢8-1,1,1,1,,1,,1,,,40.719296409884,140.228374907211,
2342,E0232100063201,舞戸小学校,青森県鰺ヶ沢町舞戸町字久富27,1,1,1,1,,1,1,1,,40.776233546069,140.22465964518,
2343,E0232100064201,鰺ヶ沢町総合保健福祉センター,青森県鰺ヶ沢町舞戸町字後家屋敷9-4,1,1,1,1,1,1,1,1,,40.770535914619,140.22908639671,
2344,E0232100091201,舞戸町近くの高台,青森県鰺ヶ沢町舞戸町字三ツ沢・西阿部野,,,,,1,,,,,40.766461,140.217692,
2345,E0232100092201,新地稲荷神社,青森県鰺ヶ沢町舞戸町字小夜,,,,,1,,,,,40.781662995368,140.20042526012,
2346,E0232100067201,勤労者体育センター,青森県鰺ヶ沢町舞戸町字小夜151,1,1,1,,1,1,1,1,,40.775590088271,140.20739900356,
2347,E0232100067202,勤労青少年ホーム,青森県鰺ヶ沢町舞戸町字小夜151,1,1,1,,1,1,1,1,,40.775480405246,140.2069644857,
2348,E0232100068201,西海小学校,青森県鰺ヶ沢町舞戸町字小夜190,1,,1,1,1,1,1,1,,40.777992808412,140.2069838049,
2349,E0232100069201,室内温水プール,青森県鰺ヶ沢町舞戸町字小夜51-1,,,,,1,,,,,40.776195372818,140.20710932499,
2350,E0232100070201,天童山公園管理棟,青森県鰺ヶ沢町舞戸町字小夜616,1,,1,,1,1,1,1,,40.782321029551,140.20205604321,
2351,E0232100071201,舞戸公民館,青森県鰺ヶ沢町舞戸町字上富田149-2,,1,,,,1,,,,40.776551495051,140.22035156428,
2352,E0232100072201,鰺ヶ沢ファッション,青森県鰺ヶ沢町舞戸町字北禿146,,,,,1,,,,,40.779457041424,140.22998128118,
2353,E0232100073201,日本海拠点館,青森県鰺ヶ沢町舞戸町字北禿181,,,,,1,,,,,40.78185947766,140.22650095688,
2354,E0232100074201,鰺ヶ沢中学校第二体育館,青森県鰺ヶ沢町舞戸町字鳴戸390,1,1,1,,1,1,1,1,,40.7831500020999,140.234811984706,
2355,E0232100093201,館稲荷神社,青森県鰺ヶ沢町舞戸町字鷲見,,,,,1,,,,,40.77278034887,140.22503217757,
2356,E0232100094201,神明宮,青森県鰺ヶ沢町米町,,,,,1,,,,,40.778153,140.210215,
2357,E0232100077201,（旧）鳴沢小学校,青森県鰺ヶ沢町北浮田町字外馬屋51-3,1,1,1,,1,1,1,1,,40.779253820014,140.27284062699,
2358,E0232100078201,鳴沢公民館,青森県鰺ヶ沢町北浮田町字外馬屋83-3,1,1,1,1,1,1,1,1,,40.781280789482,140.26889795701,
2359,E0232100095201,川尻近くの高台,青森県鰺ヶ沢町北浮田町字今須,,,,,1,,,,,40.791575,140.251629,
2360,E0232100079201,川尻営農総合研修所,青森県鰺ヶ沢町北浮田町字今須154-178,1,1,1,,1,,1,1,,40.79074265098,140.24795284877,
2361,E0232100081201,北浮田集会所,青森県鰺ヶ沢町北浮田町字今須前田57-1,1,1,1,,1,1,1,1,,40.784668519141,140.25172412641,
2362,E0232100096201,北浮田町近くの高台,青森県鰺ヶ沢町北浮田町字今須浜田,,,,,1,,,,,40.78678,140.252774,
2363,E0232100083201,中央公民館,青森県鰺ヶ沢町本町209-2,1,1,,,,1,1,1,,40.779760119617,140.20908464595,
2364,E0232100083202,山村開発センター,青森県鰺ヶ沢町本町209-2,1,1,,,,1,1,1,,40.779654524822,140.20953495055,
2365,E0232100084201,鰺ヶ沢こども園,青森県鰺ヶ沢町本町51-2,1,1,1,,,,1,1,,40.779632577422,140.20645693205,
2366,E0232100085201,白八幡宮,青森県鰺ヶ沢町本町69,,,,,1,,,,,40.781802311599,140.20494782869,
