NO,共通ID,施設・場所名,住所,指定緊急避難場所との住所同一,その他市町村長が必要と認める事項,受入対象者,緯度,経度,備考
1,E0241200001122,ショートステイ阿光坊の郷,青森県おいらせ町阿光坊105-110,,,高齢者（要介護1以上）,40.6070432376043,141.370618938574,
2,E0241200001123,デイサービスセンター阿光坊の郷,青森県おいらせ町阿光坊105-110,,,高齢者（要介護1以上）,40.6071043268694,141.370602845327,
3,E0241200001121,特別養護老人ホーム阿光坊の郷,青森県おいらせ町阿光坊105-110,,,高齢者（要介護1以上）,40.6071857791352,141.370543836721,
4,E0241200003111,阿光坊地区農事集会所,青森県おいらせ町阿光坊13-7,1,,,40.605906942912,141.3743505536,
5,E0241200005111,一川目地区生活会館,青森県おいらせ町一川目2-65-441,1,,,40.635194959793,141.44200649997,
6,E0241200006111,甲洋小学校,青森県おいらせ町一川目4-6-10,1,,,40.6452713069055,141.438604065447,
7,E0241200090111,本町地区北コミュニティセンター,青森県おいらせ町下前田104-6,1,,,40.603739,141.431168,
8,E0241200007111,みなくる館,青森県おいらせ町下前田145-1,1,,,40.6043961855097,141.43358742447,
9,E0241200008111,いきいき館,青森県おいらせ町下前田158-1,1,,,40.604579548582,141.434638665418,
10,E0241200091111,七軒町集会所,青森県おいらせ町下明堂54-3,1,,,40.597576,141.431654,
11,E0241200009111,下田小学校,青森県おいらせ町舘越38-1,1,,,40.5972993800235,141.373493270604,
12,E0241200010111,本村地区コミュニティセンター伝承館,青森県おいらせ町舘越40-1,1,,,40.598231099595,141.37374941934,
13,E0241200011111,百石小学校,青森県おいらせ町牛込平20-1,1,,,40.6015854673034,141.437245207255,
14,E0241200014121,デイサービスセンター木崎野,青森県おいらせ町向山東2-2-1262,,,高齢者（要介護1以上）,40.6303539721374,141.392128971434,
15,E0241200015121,ショートステイ特別養護老人ホーム木崎野荘,青森県おいらせ町向山東2-2-1263,,,高齢者（要介護1以上）,40.6304191112852,141.392300632811,
16,E0241200015122,特別養護老人ホーム木崎野荘,青森県おいらせ町向山東2-2-1263,,,高齢者（要介護1以上）,40.6308995105289,141.392204073278,
17,E0241200016111,老人福祉センター,青森県おいらせ町向川原3-12,,,,40.5979798153219,141.401809034524,
18,E0241200022122,介護老人保健施設しもだ,青森県おいらせ町山崎2592-7,,,高齢者（要介護1以上）,40.6137848842494,141.401625189208,
19,E0241200022121,グループホームわたぼうし,青森県おいらせ町山崎2592-7,,,高齢者（認知症　日常生活自立度Ⅲ以上）,40.6141758151378,141.401930961034,
20,E0241200023121,有料老人ホームしらとり荘,青森県おいらせ町山崎2595-1,,,高齢者（要介護1以上）,40.6132514227854,141.40182367268,
21,E0241200029111,明神山コミュニティ防災センター,青森県おいらせ町松原1-73-460,1,,,40.607915716722,141.45589624737,
22,E0241200030111,横道生活館,青森県おいらせ町松原２－１３２－４６地先,1,,,40.614450527621,141.45549972362,
23,E0241200031111,いちょう公園体育館,青森県おいらせ町沼端14-161,1,,,40.6080164522922,141.437713849086,
24,E0241200032111,勤労者研修センター,青森県おいらせ町沼端14-165,1,,,40.6078774082363,141.4389840894,
25,E0241200032112,いちょう公園交流館,青森県おいらせ町沼端14-165,1,,,40.6075434567703,141.439525895615,
26,E0241200033123,特別養護老人ホーム百石荘,青森県おいらせ町沼端370-1,,,高齢者（要介護1以上）,40.6121073345496,141.44605066956,
27,E0241200033122,ショートステイ百石荘,青森県おいらせ町沼端370-1,,,高齢者（要介護1以上）,40.611211420145,141.445385481725,
28,E0241200033121,デイサービスセンターたんぽぽ,青森県おいらせ町沼端370-1,,,高齢者（要介護1以上）,40.6120829006798,141.446533467178,
29,E0241200034121,ケアハウス百石荘ゆうゆう庵,青森県おいらせ町沼端377-1,,,高齢者（要介護1以上）,40.6118609753903,141.445996471288,
30,E0241200035111,木ノ下中学校,青森県おいらせ町上久保22-2,1,,,40.6457514902163,141.377714415649,
31,E0241200036111,木ノ下ふれあい館,青森県おいらせ町上久保44-5,1,,,40.648634369971,141.38016907687,
32,E0241200037121,住宅型有料老人ホームマリーゴールド,青森県おいらせ町上久保61-161,,,高齢者（要介護1以上）,40.651793,141.378439,
33,E0241200038122,医療法人正恵会ショートステイいしだ,青森県おいらせ町上前田21-1,,,高齢者（要介護1以上）,40.6022017197404,141.431709461469,
34,E0241200038123,療養医療施設医療法人正恵会石田温泉病院,青森県おいらせ町上前田21-1,,,高齢者（要介護1以上）,40.6023239070655,141.431366138716,
35,E0241200038121,医療法人正恵会石田温泉病院デイケアセンターわの里,青森県おいらせ町上前田21-1,,,高齢者（要介護1以上）,40.6026904676978,141.431612901954,
36,E0241200042111,東公民館,青森県おいらせ町上明堂88-2,1,,,40.5960516611917,141.428905857376,
37,E0241200044111,藤ヶ森地区生活会館,青森県おいらせ町新助川原46-2,1,,,40.59779563456,141.43968651891,
38,E0241200092111,本町地区コミュニティ消防センター,青森県おいらせ町新助川原8-8,1,,,40.594407,141.433147,
39,E0241200045111,川口地区コミュニティセンター,青森県おいらせ町新田17-2,1,,,40.602905636973,141.45993260459,
40,E0241200046111,深沢地区コミュニティセンター,青森県おいらせ町深沢2-11-8,1,,,40.628048652686,141.44369257312,
41,E0241200049111,北公民館,青森県おいらせ町青葉2-50-1395,1,,,40.6561174230803,141.372323142345,
42,E0241200050111,木ノ下児童センターみらい館,青森県おいらせ町青葉2-50-72,1,,,40.6564035852619,141.371885117677,
43,E0241200051111,木ノ下小学校,青森県おいらせ町青葉6-50-184,1,,,40.653405807889,141.369602244631,
44,E0241200052111,根岸いちょう会館,青森県おいらせ町千刈田25-27,1,,,40.606749049851,141.42971145151,
45,E0241200053111,洗平地区農業構造改善センター,青森県おいらせ町洗平41-2,1,,,40.602492,141.349662,
46,E0241200054111,木内々小学校,青森県おいらせ町染屋101-7,1,,,40.6010929883095,141.408160491003,
47,E0241200056111,木内々児童センターひまわり館,青森県おいらせ町染屋71,,,,40.6000983860607,141.406277302196,
48,E0241200057111,町民交流センター,青森県おいらせ町中下田125-2,1,,,40.5997308273896,141.39730095094,
49,E0241200059111,中央公民館,青森県おいらせ町中下田159,1,,,40.599225342181,141.398577300562,
50,E0241200064111,百石中学校,青森県おいらせ町東下谷地116,1,,,40.61713012877,141.427982351283,
51,E0241200066122,グループホームあゆみの里,青森県おいらせ町東下谷地618,,,高齢者（認知症　日常生活自立度Ⅲ以上）,40.612995092428,141.446179415585,
52,E0241200066121,デイサービスセンターあゆみの里,青森県おいらせ町東下谷地618,,,高齢者（要介護1以上）,40.613133549016,141.445707346798,
53,E0241200067121,有料老人ホームあゆみの里,青森県おいらせ町東下谷地622,,,高齢者（要介護1以上）,40.6130195259643,141.445428397067,
54,E0241200072111,二川目地区生活会館,青森県おいらせ町二川目3-53-1,1,,,40.656034952569,141.43568715402,
55,E0241200078111,百石高等学校,青森県おいらせ町苗平谷地46,1,,,40.5992426507799,141.432044505671,
56,E0241200079121,障害者支援施設あかしや寮,青森県おいらせ町浜道133-3,,,知的障がい者,40.6474277390718,141.391184667744,
57,E0241200080111,豊栄地区コミュニティセンター,青森県おいらせ町豊栄1-159-1,1,,,40.639951809188,141.41035234461,
58,E0241200082111,堀切川地区コミュニティセンター,青森県おいらせ町堀ノ内205-3,1,,,40.603150484265,141.45389960839,
59,E0241200084111,洋光台地区コミュニティセンター,青森県おいらせ町洋光台5-44-22,1,,,40.61287064706,141.43825668565,
60,E0241200085111,下田中学校,青森県おいらせ町立蛇114-3,1,,,40.6033773604145,141.387536367584,
61,E0241200087122,グループホームいこいの森,青森県おいらせ町緑ケ丘1-50-2077,,,高齢者（認知症　日常生活自立度Ⅲ以上）,40.6662701406903,141.365798182647,
62,E0241200088121,デイサービスセンターガーデンプレイスおいらせ,青森県おいらせ町鶉久保3-42,,,高齢者（要介護1以上）,40.657764,141.375304,
63,E0241200088122,住宅型有料老人ホームガーデンプレイスおいらせ,青森県おいらせ町鶉久保3-42,,,高齢者（要介護1以上）,40.657661,141.375551,
64,E0241200089111,鶉久保地区農業構造改善センター,青森県おいらせ町鶉久保山112-4,1,,,40.661052054757,141.37936043681,
65,E0220900001111,吉出コミュニティセンター消防センター,青森県つがる市稲垣町吉出高崎33,1,,,40.865883010856,140.38494495025,
66,E0220900002111,沼館コミュニティセンター,青森県つがる市稲垣町沼館友開45-14,1,,,40.881818538673,140.3838737988,
67,E0220900003111,沼崎コミュニティ消防センター,青森県つがる市稲垣町沼崎幾代崎49,1,,,40.875152405179,140.39386565733,
68,E0220900004111,繁田地区コミュニティ消防センター,青森県つがる市稲垣町繁田若竹11-3,1,,,40.90754466655,140.41527738268,
69,E0238700001121,ディサービスセンター武田の湯,青森県つがる市稲垣町繁田袋井109-19,,,施設等の入所基準に該当又は該当すると認められる避難行動要支援者等,40.93775705,140.4138502,
70,E0220900005111,福富コミュニティセンター,青森県つがる市稲垣町福富笹崎10-1,1,,,40.889655918823,140.39644057799,
71,E0220900006111,穂積コミュニティセンター,青森県つがる市稲垣町穂積酒田66-3,,,,40.890446188292,140.40779717873,
72,E0220900111115,稲垣交流センター,青森県つがる市稲垣町豊川宮川141,1,,,40.879832,140.397117,
73,E0220900008121,特別養護老人ホーム　安住の里,青森県つがる市稲垣町豊川宮川143-1,,,高齢者,40.879662,140.397769,
74,E0220900009111,稲穂いこいの里,青森県つがる市稲垣町豊川宮川145-1,1,,,40.880942981574,140.39570107016,
75,E0220900010111,稲垣ふれあいセンター,青森県つがる市稲垣町豊川宮川145-3,1,,,40.880598663625,140.39697279703,
76,E0220900012111,稲垣中学校,青森県つがる市稲垣町豊川宮川45-1,1,,,40.882621572671,140.39640725836,
77,E0220900013111,豊川コミュニティ消防センター,青森県つがる市稲垣町豊川宮川51-7,1,,,40.883194995348,140.39925376939,
78,E0220900014111,稲垣小学校,青森県つがる市稲垣町豊川宮藤27,1,,,40.881573872401,140.40169301063,
79,E0220900016111,下牛潟保健福祉館,青森県つがる市下牛潟町靏舞岬10,1,,,40.922381807232,140.36819927595,
80,E0220900017111,牛潟公民館,青森県つがる市牛潟町鷲野沢29-789,1,,,40.925037529259,140.34821141768,
81,E0220900018111,車力高齢者コミュニティセンター,青森県つがる市牛潟町鷲野沢73-72,1,,,40.929017485317,140.35229572695,
82,E0220900019111,車力ふれあい会館,青森県つがる市車力町花林48,1,,,40.948479813096,140.35896419145,
83,E0220900021111,車力中学校,青森県つがる市車力町屏風山1-214,1,,,40.95121647939,140.35482523209,
84,E0220900021112,車力小学校,青森県つがる市車力町屏風山1-214,1,,,40.951100649235,140.35389305836,
85,E0220900022111,車力地区コミュニティセンター,青森県つがる市車力町屏風山529,1,,,40.950169320985,140.35599450274,
86,E0232100001121,青森県立森田養護学校,青森県つがる市森田町床舞鶴喰104-5,,,要配慮者,40.76654,140.318089,
87,E0220900023111,森田農村環境改善センター,青森県つがる市森田町上相野若緑61,1,,,40.792951612981,140.37989848423,
88,E0220900024112,森田公民館,青森県つがる市森田町森田月見野119-2,1,,,40.780815394432,140.33438176978,
89,E0220900025111,森田高齢農業者生きがいセンター,青森県つがる市森田町森田月見野123-20,1,,,40.777788012755,140.34804223291,
90,E0220900026121,森田保健福祉センター　あーすとぴあ,青森県つがる市森田町森田月見野277-3,,,高齢者、障がい者（肢体）、妊婦、乳幼児,40.776698,140.346941,
91,E0220900027111,森田コミュニティ消防センター,青森県つがる市森田町森田月見野294-1,1,,,40.777637355203,140.34595654561,
92,E0220900028111,森田中学校,青森県つがる市森田町森田屏風山2-1,1,,,40.777309097259,140.33928273167,
93,E0220900030111,森田小学校,青森県つがる市森田町森田屏風山2-2,1,,,40.778218565858,140.33643405141,
94,E0220900031121,特別養護老人ホーム明光園,青森県つがる市森田町大館勝山142-3,,,高齢者,40.778845,140.292757,
95,E0220900032111,大館コミュニティ消防センター,青森県つがる市森田町大館千歳136-2,1,,,40.78155255516,140.32053806661,
96,E0220900035111,柏第３農業研修センター,青森県つがる市柏下古川絹川134-3,1,,,40.798548723594,140.43100748124,
97,E0220900036111,玉水コミュニティセンター,青森県つがる市柏玉水岸田23-9,1,,,40.807015879785,140.40989818509,
98,E0220900037111,柏農村環境改善センター,青森県つがる市柏桑野木田花崎69,1,,,40.792321271801,140.4108415443,
99,E0220900037112,柏総合体育センター,青森県つがる市柏桑野木田花崎69,1,,,40.792118064484,140.40982717076,
100,E0220900038121,特別養護老人ホーム桑寿園,青森県つがる市柏桑野木田若宮255-1,,,高齢者、障がい者（肢体）、妊婦、乳幼児,40.7795,140.404546,
101,E0220900039111,柏ふるさと交流センター,青森県つがる市柏広須松元102-1,1,,,40.793574951588,140.41090282217,
102,E0220900040111,柏小学校,青森県つがる市柏広須福島126-2,1,,,40.791683426416,140.40890801145,
103,E0220900041111,柏中学校,青森県つがる市柏広須福島82,1,,,40.78622525584,140.4066971649,
104,E0220900042111,上古川コミュニティ消防センター,青森県つがる市柏上古川幾山12-1,1,,,40.791597,140.42017,
105,E0220900043121,サービス付高齢者向け住宅　ニュータウン柏,青森県つがる市柏上古川八重崎223-1,,,高齢者,40.802,140.414962,
106,E0220900044111,清水保健福祉館,青森県つがる市富萢町清水17-22,1,,,41.002353791004,140.3420620986,
107,E0220900045111,権現・深沢地区コミュニティセンター,青森県つがる市富萢町清水4-5,1,,,40.99262696118,140.35791632678,
108,E0220900046112,富萢地区コミュニティセンターアリーナ,青森県つがる市富萢町屏風山1-831,1,,,40.98198,140.369267,
109,E0220900047111,豊富地区コミュニティセンター,青森県つがる市豊富町千貫39-5,1,,,40.971951847693,140.37151791525,
110,E0220900048112,車力農民研修センター,青森県つがる市豊富町屏風山1-377,1,,,40.967691511359,140.36282520276,
111,E0220900048121,特別養護老人ホーム　ゆうあいの里,青森県つがる市豊富町屏風山1-377,1,,高齢者,40.967011013506,140.36269645673,
112,E0220900049111,芦沼コミュニティ消防センター,青森県つがる市木造芦沼12-1,1,,,40.824628462349,140.40145927182,
113,E0220900050111,永田コミュニティ消防センター,青森県つがる市木造永田稲村120-2,1,,,40.831410585188,140.36835322747,
114,E0220900051111,広岡コミュニティ消防センター,青森県つがる市木造越水稲村35-8,,,,40.794196859035,140.29078477654,
115,E0220900053111,越水コミュニティ消防センター,青森県つがる市木造越水神山35-2,1,,,40.806415138882,140.29861988201,
116,E0220900054111,駒田コミュニティ消防センター,青森県つがる市木造越水屏風山3-11,1,,,40.812827271426,140.30124356589,
117,E0220900056111,吉見コミュニティ消防センター,青森県つがる市木造下福原篠田176-4,,,,40.809401549309,140.32962462636,
118,E0220900057111,館岡コミュニティ消防センター,青森県つがる市木造館岡上稲元182,1,,,40.880226231071,140.33518410475,
119,E0220900060111,丸山コミュニティ消防センター,青森県つがる市木造丸山竹鼻1-2,1,,,40.836356684157,140.31626802686,
120,E0220900061111,穂波小学校,青森県つがる市木造菊川喜久野43,1,,,40.811533523196,140.34124065499,
121,E0220900113112,菊川コミュニティ消防センター,青森県つがる市木造菊川植野1-16,1,,,40.809111,140.341232,
122,E0220900063111,近野・十文字コミュニティ消防センター,青森県つがる市木造菊川平岡87,1,,,40.79856524759,140.34844579444,
123,E0220900064111,木造ふれ愛センター,青森県つがる市木造宮崎1-2,1,,,40.802664,140.3883,
124,E0220900065111,兼館コミュニティ消防センター,青森県つがる市木造兼館佐野22-5,1,,,40.847669882874,140.3786986338,
125,E0220900066111,出崎コミュニティ消防センター,青森県つがる市木造兼館袖懸17-1,1,,,40.857421524651,140.38482634014,
126,E0220900067111,菰槌コミュニティ消防センター,青森県つがる市木造菰槌江野島21-1,1,,,40.859937174209,140.33429958128,
127,E0220900068111,三ッ館コミュニティセンター「はすの館」,青森県つがる市木造三ツ館寿抱11-1,1,,,40.79461384344,140.31679420618,
128,E0220900070111,柴田コミュニティ消防センター,青森県つがる市木造柴田弥生田1-2,1,,,40.805406487192,140.3583324299,
129,E0220900071121,つがる市木造福祉センター,青森県つがる市木造若緑52,1,,高齢者、障がい者（肢体、視覚、聴覚、内部、知的）、妊婦、乳幼児,40.80731,140.380842,
130,E0220900071111,生涯学習交流センター「松の館」,青森県つがる市木造若緑52,1,,,40.808319085119,140.38155257377,
131,E0220900072111,木造体育センター,青森県つがる市木造若緑59-1,1,,,40.809337591009,140.38067350826,
132,E0220900108111,つがる市総合体育館,青森県つがる市木造若緑64,1,,,40.809465,140.379335,
133,E0220900073111,出野里コミュニティ消防センター,青森県つがる市木造出野里山吹26,1,,,40.856521452584,140.39693141263,
134,E0220900074111,出来島コミュニティ消防センター,青森県つがる市木造出来島雉子森25,1,,,40.845941267467,140.28067245232,
135,E0220900078111,吹原コミュニティ消防センター,青森県つがる市木造吹原中山51-4,1,,,40.818711572294,140.30656497477,
136,E0220900080111,南広森コミュニティ消防センター,青森県つがる市木造吹原屏風山1-80,1,,,40.824292579886,140.3037006687,
137,E0220900082111,遠山コミュニティ消防センター,青森県つがる市木造千代田米盛65-2,1,,,40.822600139578,140.33518253683,
138,E0220900083111,千代田コミュニティ消防センター,青森県つがる市木造千代田末長40-1,1,,,40.82135635887,140.33853539715,
139,E0220900084111,木造農村環境改善センター,青森県つがる市木造千年33,1,,,40.814456338099,140.37872295839,
140,E0220900085111,川除コミュニティ消防センター,青森県つがる市木造川除栄盛87-3,1,,,40.82769005775,140.40958602549,
141,E0220900086111,石館・堅固コミュニティ消防センター,青森県つがる市木造善積藤田36-1,1,,,40.855185830842,140.36333744715,
142,E0220900087111,善積コミュニティ消防センター,青森県つがる市木造善積萩田51-3,1,,,40.855821719929,140.37208701232,
143,E0220900088111,大湯町コミュニティ消防センター,青森県つがる市木造大湯町清水24-1,1,,,40.869451830206,140.33549738162,
144,E0220900089111,林コミュニティ消防センター,青森県つがる市木造大畑宮崎32-3,1,,,40.840700182409,140.35639587716,
145,E0220900090111,大畑コミュニティ消防センター,青森県つがる市木造大畑朽葉222,1,,,40.836988956711,140.36059948321,
146,E0220900091111,瑞穂小学校,青森県つがる市木造大畑座八1,1,,,40.838971320488,140.35817185886,
147,E0220900092111,土滝コミュニティ消防センター,青森県つがる市木造土滝稲葉192-2,1,,,40.827218928062,140.35932403443,
148,E0220900093111,筒木坂コミュニティ消防センター,青森県つがる市木造筒木坂松本181-1,1,,,40.901352456456,140.33994429258,
149,E0220900094122,特別養護老人ホーム柏風園,青森県つがる市木造筒木坂鳥谷沢18-9,,,高齢者、障がい者（肢体、視覚、聴覚、内部）,40.914147,140.345798,
150,E0220900094121,デイサービスセンター柏風園,青森県つがる市木造筒木坂鳥谷沢18-9,,,妊婦、乳幼児,40.914085,140.346264,
151,E0220900095121,グリーンハウス　和み,青森県つがる市木造藤田44-1,,,高齢者、障がい者（肢体、視覚、聴覚、内部、知的、精神、発達）妊婦、乳幼児,40.817039,140.384541,
152,E0220900096111,ひなた児童会館,青森県つがる市木造日向61-4,1,,,40.810552900333,140.38980776015,
153,E0220900097111,向陽小学校,青森県つがる市木造日向62-1,1,,,40.812066897815,140.39028173365,
154,E0220900098111,木造高等学校,青森県つがる市木造日向73-2,1,,,40.810527278534,140.39262487337,
155,E0220900099111,木造中学校,青森県つがる市木造浮巣20,1,,,40.812813054099,140.38957091921,
156,E0220900100111,福原コミュニティ消防センター,青森県つがる市木造福原妻元33-1,1,,,40.793176226862,140.33098069488,
157,E0220900101111,平滝コミュニティ消防センター,青森県つがる市木造平滝宝滝3-1,1,,,40.911016510304,140.34790952559,
158,E0220900102111,今市コミュニティ消防センター,青森県つがる市木造豊田網代31-2,1,,,40.842441082512,140.40197521536,
159,E0220900104121,有料老人ホームゆうらく,青森県つがる市木造有楽町15-1,,,高齢者,40.809886,140.383572,
160,E0220900105111,蓮花田コミュニティ消防センター,青森県つがる市木造蓮花田駒ケ宿38-2,1,,,40.826973052542,140.37419307419,
161,E0220900106111,蓮川コミュニティ消防センター,青森県つがる市木造蓮川宝船3-13,1,,,40.832703985722,140.39375990822,
162,E0220800003111,みどりのさきもり館,青森県むつ市宇田町21-25,,,,41.25699843,141.139734,
163,E0220800005111,金谷沢生活改善センター,青森県むつ市奥内字金谷沢1-191,,,,41.22901244,141.248705,
164,E0220800007111,近川中学校体育館,青森県むつ市奥内字江豚沢1-2,1,,,41.19687441,141.2737189,
165,E0220800008111,奥内小学校体育館,青森県むつ市奥内字中野40,1,,,41.205892865557,141.27415266072,
166,E0220800010111,田名部高等学校第１・第２体育館,青森県むつ市海老川町6-18,1,,,41.28791805,141.2018138,
167,E0220800012111,関根浜漁民研修センター川代分館,青森県むつ市関根字川代30-1,,,,41.37650222,141.2041121,
168,E0220800013111,関根浜漁民研修センター烏沢分館,青森県むつ市関根字前浜42-27,,,,41.38272577,141.1981221,
169,E0220800014111,関根小学校体育館,青森県むつ市関根字北関根100-1,1,,,41.35586147,141.2027878,
170,E0220800016111,関根浜漁民研修センター,青森県むつ市関根字北関根313-61,1,,,41.37031681,141.2210064,
171,E0220800017111,苫生小学校体育館,青森県むつ市金曲1-5-10,1,,,41.28397815,141.2091894,
172,E0220800018111,下北文化会館,青森県むつ市金谷1-10-1,,,,41.29539534,141.1978134,
173,E0220800020111,むつ中学校体育館,青森県むつ市栗山町17-2,1,,,41.30705642,141.2066477,
174,E0220800021111,大湊中学校体育館,青森県むつ市桜木町19-1,1,,,41.25531266,141.1344754,
175,E0220800023111,小川町第二白百合保育園,青森県むつ市小川町1-15-13,1,,,41.295380635455,141.2041515238,
176,E0220800024111,第二田名部小学校体育館,青森県むつ市小川町1-18-10,1,,,41.29811013,141.200535,
177,E0220800026111,角違公民館（中央公民館分館）,青森県むつ市城ケ沢字角違25,,,,41.205475389219,141.083314,
178,E0220800149111,城ヶ沢地区集会所,青森県むつ市城ヶ沢字早崎15-3,,,,41.226195,141.131299,
179,E0220800152111,旧田名部カトリック幼稚園,青森県むつ市新町11-28,,,,41.291048,141.209027,
180,E0220800031111,禄寿荘,青森県むつ市新町32-36,1,,,41.289376,141.212822,
181,E0220800033111,福寿荘,青森県むつ市川守町5-9,,,,41.266704,141.151412,
182,E0220800034111,下小倉平地区公民館,青森県むつ市川内町下小倉平98,,,,41.223587,140.985489,
183,E0220800035111,大湊高等学校川内校舎第１・第２体育館,青森県むつ市川内町家ノ上48,1,,,41.19675465,140.9720232,
184,E0220800037111,畑地区公民館,青森県むつ市川内町家ノ辺97,,,,41.29731706,140.9607073,
185,E0220800039111,蛎崎地区公民館,青森県むつ市川内町蛎崎寺ノ前148-36,,,,41.16858356,140.9035972,
186,E0220800040111,初見地区公民館,青森県むつ市川内町休所42-140,,,,41.19959182,140.9786583,
187,E0220800041111,エビナ保育園,青森県むつ市川内町休所42-184,,,,41.199435,140.979307,
188,E0220800042111,川内小学校体育館,青森県むつ市川内町休所5-1,1,,,41.201268597948,140.98324552804,
189,E0220800042112,川内中学校体育館,青森県むつ市川内町休所5-1,1,,,41.201619009012,140.98438696561,
190,E0220800043111,銀杏木地区公民館,青森県むつ市川内町銀杏木31,,,,41.24111172,140.9927471,
191,E0220800045111,新町集会所,青森県むつ市川内町熊ケ平1-5,,,,41.19824045,141.0088321,
192,E0220800046111,宿野部地区公民館,青森県むつ市川内町宿野部106-1,,,,41.1756516,140.9334676,
193,E0220800150111,上小倉平地区公民館,青森県むつ市川内町上小倉平104-1,,,,41.230914,140.987372,
194,E0220800049111,安部城地区公民館,青森県むつ市川内町新田290-44,,,,41.2502942,140.9884987,
195,E0220800050111,石倉地区公民館,青森県むつ市川内町石倉沢75-2,,,,41.21362855,141.0384419,
196,E0220800051111,戸沢地区公民館,青森県むつ市川内町川代15-1,,,,41.191199,141.0623264,
197,E0220800054111,仲崎コミュニティセンター,青森県むつ市川内町川内424,,,,41.19848717,140.9907494,
198,E0220800055111,中浦集会所,青森県むつ市川内町川内435-2,,,,41.197657932298,140.9972605742,
199,E0220800056111,あたご幼稚園,青森県むつ市川内町川内87,,,,41.19772283,140.999424,
200,E0220800058111,田野沢地区公民館,青森県むつ市川内町田野沢126,,,,41.19315432,141.0210244,
201,E0220800059111,湯野川地区公民館,青森県むつ市川内町湯野川25-1,,,,41.31694135,140.9596048,
202,E0220800151111,桧川地区公民館,青森県むつ市川内町桧川川代4-1,,,,41.192766,140.965592,
203,E0220800062111,袰川地区公民館,青森県むつ市川内町袰川103-80,,,,41.18548452,141.0397585,
204,E0220800063111,川内公民館,青森県むつ市川内町榀木153,1,,,41.2010758,141.0009181,
205,E0220800063112,川内体育館,青森県むつ市川内町榀木153,1,,,41.20121098,141.0017292,
206,E0220800064111,大曲コミュニティセンター,青森県むつ市大曲2-1-1,1,,,41.26473922,141.2236473,
207,E0220800065111,大畑小学校体育館,青森県むつ市大畑町伊勢堂1-1,1,,,41.40377932,141.1689677,
208,E0220800066111,総合福祉センター,青森県むつ市大畑町観音堂25-1,1,,,41.40010068,141.1575979,
209,E0220800067111,関根橋地区公民館,青森県むつ市大畑町関根橋14,1,,,41.379160796507,141.1482811086,
210,E0220800068111,本町町内会館,青森県むつ市大畑町庚申堂9-7,1,,,41.40165585,141.1615146,
211,E0220800069111,高橋川コミュニティセンター,青森県むつ市大畑町高橋川30-7,1,,,41.39438338,141.1330628,
212,E0220800071111,木野部地区公民館,青森県むつ市大畑町佐助川29-3,1,,,41.44220335,141.126902,
213,E0220800072111,下北自然の家体育館,青森県むつ市大畑町佐助川399,1,,,41.44797721,141.1150034,
214,E0220800074111,小目名地区公民館,青森県むつ市大畑町小目名村54,1,,,41.39189227,141.1240221,
215,E0220800075111,上野町内会館,青森県むつ市大畑町上野85,1,,,41.4043256,141.1722588,
216,E0220800076111,新町町内会館,青森県むつ市大畑町新町99-1,1,,,41.4045085,141.1607612,
217,E0220800080111,正津川小学校体育館,青森県むつ市大畑町正津川平114-20,1,,,41.39309542,141.1818294,
218,E0220800082111,正津川地区公民館,青森県むつ市大畑町正津川平87-10,1,,,41.39040479,141.1843947,
219,E0220800083111,赤川地区公民館,青森県むつ市大畑町赤川3-4,1,,,41.45475397,141.1157269,
220,E0220800085111,孫次郎間地区公民館,青森県むつ市大畑町孫次郎間19-24,1,,,41.41417069,141.1628458,
221,E0220800086112,大畑公民館,青森県むつ市大畑町中島108-5,1,,,41.40503833,141.168291,
222,E0220800086111,大畑体育館,青森県むつ市大畑町中島108-5,1,,,41.40475927,141.1678244,
223,E0220800087111,大畑中央保育園,青森県むつ市大畑町中島4-4,1,,,41.40722512,141.1645807,
224,E0220800089111,中島町内会館,青森県むつ市大畑町中島80-16,1,,,41.40519881,141.1656742,
225,E0220800090111,二枚橋地区公民館,青森県むつ市大畑町釣屋浜16-2,1,,,41.41970031,141.1529353,
226,E0220800092111,二枚橋小学校体育館,青森県むつ市大畑町釣屋浜22-72,1,,,41.4199935,141.1504473,
227,E0220800093111,大畑中学校体育館,青森県むつ市大畑町兎沢17-7,1,,,41.39278887,141.1560135,
228,E0220800094111,湯坂下町内会館,青森県むつ市大畑町湯坂下9-4,1,,,41.40662584,141.1584199,
229,E0220800095111,東町町内会館,青森県むつ市大畑町筒万坂56-7,1,,,41.40357263,141.1672713,
230,E0220800096111,大安寺,青森県むつ市大畑町本町80,,,,41.39757707,141.1636369,
231,E0220800098111,湊町内会館,青森県むつ市大畑町湊村159-4,1,,,41.40696552,141.1701055,
232,E0220800099111,大畑コミュニティセンター,青森県むつ市大畑町湊村165-8,1,,,41.410237447646,141.16724426865,
233,E0220800102111,大平小学校体育館,青森県むつ市大平町8-6,1,,,41.28502638,141.1697803,
234,E0220800104111,大湊高等学校第１・第２体育館,青森県むつ市大湊字大近川44-84,1,,,41.25102545,141.1278428,
235,E0220800105111,大湊小学校体育館,青森県むつ市大湊上町43-32,1,,,41.26885096,141.153737,
236,E0220800107111,むつ市中央公民館講堂,青森県むつ市大湊浜町13-1,,,,41.275532,141.157006,
237,E0220800153111,むつ市危機管理センター多目的ホール,青森県むつ市中央1-8-1,,,,41.292778,141.183434,
238,E0220800110111,旧中野沢小学校体育館,青森県むつ市中野沢字上山道8-25,1,,,41.18199384,141.2887209,
239,E0220800111111,第三田名部小学校体育館,青森県むつ市田名部字赤川ノ内並木14-196,1,,,41.272085722452,141.22139772646,
240,E0220800112111,土手内集会所,青森県むつ市田名部字土手内74-922,,,,41.3022253,141.2293063,
241,E0220800113111,むつ来さまい館,青森県むつ市田名部町10-1,,,,41.29663385,141.216898,
242,E0220800115111,むつ工業高等学校第１・第２体育館,青森県むつ市文京町22-7,1,,,41.28895566,141.1663611,
243,E0220800116111,大平中学校体育館,青森県むつ市並川町2-4,1,,,41.28633879,141.1652502,
244,E0220800120111,柳町ひまわり保育園,青森県むつ市柳町1-9-13,1,,,41.297481,141.215529,
245,E0220800122111,第一田名部小学校体育館,青森県むつ市柳町2-7-1,1,,,41.3008923,141.2120135,
246,E0220800123111,田名部中学校体育館,青森県むつ市緑町22-8,1,,,41.28536286,141.2001742,
247,E0220800124111,海老川コミュニティセンター,青森県むつ市緑町3-1,1,,,41.29002497,141.1953459,
248,E0220800126111,寄浪地区生活福祉センター,青森県むつ市脇野沢寄浪41,,,,41.129909876551,140.80292353558,
249,E0220800129111,九艘泊地区生活福祉センター,青森県むつ市脇野沢九艘泊167,,,,41.14416191,140.7741911,
250,E0220800131111,旧脇野沢小学校体育館,青森県むつ市脇野沢桂沢71-1,1,,,41.14580938,140.8216596,
251,E0220800133111,小沢地区生活福祉センター,青森県むつ市脇野沢鹿間平61-4,,,,41.16729488,140.8744684,
252,E0220800136111,新井田地区生活改善センター,青森県むつ市脇野沢新井田12,,,,41.13399946,140.8152197,
253,E0220800140111,瀬野地区コミュニティセンター,青森県むつ市脇野沢瀬野川目65,,,,41.1397904,140.8170871,
254,E0220800141111,脇野沢中学校体育館,青森県むつ市脇野沢瀬野川目85-2,1,,,41.14186106,140.8146401,
255,E0220800142111,滝山地区生活福祉センター,青森県むつ市脇野沢滝山150,,,,41.176613247845,140.79971155093,
256,E0220800144111,蛸田地区生活福祉センター,青森県むつ市脇野沢蛸田86,,,,41.13367768,140.7936374,
257,E0220800146111,地域交流センターアリーナ,青森県むつ市脇野沢渡向107-1,,,,41.146982919727,140.81430938465,
258,E0240600001111,鶏沢老人憩の家,青森県横浜町字夷ケ沢平1-1,,,,41.124454,141.275993,
259,E0240600003111,トレーニングセンター・洗心閣,青森県横浜町字三保野148-1,,,,41.0784501258386,141.248358989853,
260,E0240600004111,横浜中学校,青森県横浜町字上イタヤノ木91-17,1,,,41.078513,141.259928,
261,E0240600005113,旧南部小学校,青森県横浜町字吹越82-1,1,,,41.03163,141.245985,
262,E0240600006111,桧木生活改善センター,青森県横浜町字川尻37-4,,,,41.1072949156518,141.254030289313,
263,E0240600008111,有畑町内会館,青森県横浜町字苗代川目34-1,,,,41.1310654688253,141.275691568931,
264,E0240600009111,浜田生活改善センター,青森県横浜町字浜田76-2,,,,41.1399697765227,141.278972950425,
265,E0240600010111,南地区老人憩の家,青森県横浜町字豊栄平310,,,,41.017891,141.247858,
266,E0240600011111,烏帽子平自然の家,青森県横浜町字明神平183,1,,,41.012209,141.288281,
267,E0240600012111,松栄婦人ホーム,青森県横浜町字明神平361,,,,41.034273208349,141.27279218518,
268,E0240600013111,横浜小学校,青森県横浜町字林ノ後32-1,1,,,41.0857356739551,141.254113180062,
269,E0240600016111,菜の花にこにこセンター,青森県横浜町字林ノ脇79-82,,,,41.082138,141.260376,
270,E0240600015111,コミュニティセンター和の里,青森県横浜町大豆田96-10,,,,41.1187481003776,141.255588049789,
271,E0244600001111,蒼前集会所,青森県階上町蒼前西3-9-1108,1,,,40.4761254969485,141.575315066831,
272,E0244600002111,石鉢ふれあい交流館,青森県階上町蒼前東7-9-4,1,,,40.4665747486275,141.579837550876,
273,E0244600003111,石鉢小学校,青森県階上町大字角柄折字石鉢14-2,1,,,40.4597411707303,141.578042310882,
274,E0244600004111,新田集会所,青森県階上町大字金山沢字新田1-9,1,,,40.4414370871795,141.564182026749,
275,E0244600005111,金山沢水郷館,青森県階上町大字金山沢字大畑17-1,1,,,40.4390847176167,141.538926347092,
276,E0244600006111,赤保内小学校,青森県階上町大字赤保内字耳ケ吠6-1,1,,,40.4499518923062,141.614505186764,
277,E0244600007111,階上中学校,青森県階上町大字赤保内字柳沢15-2,1,,,40.4489567884575,141.613160469563,
278,E0244600008111,中央体育館,青森県階上町大字鳥屋部字狐平8,1,,,40.4319255959573,141.577353747123,
279,E0244600009111,森の交流館,青森県階上町大字鳥屋部字行人17-2,1,,,40.4274679371369,141.578472376899,
280,E0244600010111,階上小学校,青森県階上町大字鳥屋部字大鶴音1-2,1,,,40.4357539188981,141.57759751669,
281,E0244600011111,田代集会所,青森県階上町大字田代字蛇平19-11,1,,,40.3980487573181,141.526581756264,
282,E0244600012112,道仏公民館,青森県階上町大字道仏字横沢15-4,1,,,40.4534645650058,141.661893251786,
283,E0244600012111,道仏交流センター,青森県階上町大字道仏字横沢15-4,1,,,40.453186990897,141.66166794623,
284,E0244600014111,道仏小学校,青森県階上町大字道仏字外窪21-1,1,,,40.4482883268993,141.652735538068,
285,E0244600016111,赤保内集会所,青森県階上町大字道仏字耳ケ吠31-3,1,,,40.452438262202,141.614942952537,
286,E0244600017111,耳ヶ吠東集会所,青森県階上町大字道仏字耳ケ吠6-677,1,,,40.4580452657496,141.617898030643,
287,E0244600022111,大蛇三地区集会所,青森県階上町大字道仏字大蛇32-22,1,,,40.4676924470147,141.64879323518,
288,E0244600024111,町民体育館,青森県階上町大字道仏字天当平1-150,1,,,40.4536092414522,141.622781822988,
289,E0244600025111,ハートフルプラザ・はしかみ,青森県階上町大字道仏字天当平1-182,1,,,40.4530296013479,141.622926662269,
290,E0244600030111,道仏中学校,青森県階上町大字道仏字蓬窪4-7,1,,,40.452212351252,141.656489184792,
291,E0244600031111,わっせ交流センター,青森県階上町大字平内字上道1-1,1,,,40.4130271771724,141.546203439776,
292,E0230700001111,外ヶ浜町介護老人保健施設たんぽぽ,青森県外ヶ浜町字下蟹田42-1,,,,41.041775328513,140.64016218221,
293,E0230700002111,蟹田体育館,青森県外ヶ浜町字下蟹田42-2,,,,41.042443592225,140.64007902889,
294,E0230700003111,外ヶ浜町社会福祉協議会蟹田通所介護事務所,青森県外ヶ浜町字下蟹田43-2,,,,41.042815928157,140.63963731938,
295,E0230700004111,蟹田公民館,青森県外ヶ浜町字蟹田60,,,,41.040998126409,140.64361671188,
296,E0230700005111,桜町会館,青森県外ヶ浜町字蟹田丑ケ沢地内,,,,41.033199468041,140.64398030388,
297,E0230700006111,塩越会館,青森県外ヶ浜町字蟹田塩越41,,,,41.065119547469,140.63732842148,
298,E0230700007111,外黒山会館,青森県外ヶ浜町字蟹田外黒山103-3,,,,41.041765231662,140.6095171643,
299,E0230700008111,外ヶ浜町役場,青森県外ヶ浜町字蟹田高銅屋44-2,,,,41.04315838046,140.63222540836,
300,E0230700009111,山本会館,青森県外ヶ浜町字蟹田山本野脇16-4,,,,41.064668768158,140.56715111889,
301,E0230700010111,おぐにふるさと体験館,青森県外ヶ浜町字蟹田小国岩井338,,,,41.051525496152,140.58965163975,
302,E0230700011111,下小国会館,青森県外ヶ浜町字蟹田小国山﨑108-5,,,,41.049180650639,140.60502463338,
303,E0230700012111,上小国集会所,青森県外ヶ浜町字蟹田小国谷田50-1,,,,41.060830283483,140.58033151732,
304,E0230700013111,中小国会館,青森県外ヶ浜町字蟹田小国南田55-9,,,,41.050981090292,140.59386275328,
305,E0230700014111,石浜会館,青森県外ヶ浜町字蟹田石浜地内,,,,41.057339868835,140.6414396229,
306,E0230700015111,特別養護老人ホームはまゆう,青森県外ヶ浜町字蟹田川原添2-3,,,,41.045120305059,140.63739345288,
307,E0230700016111,大平会館,青森県外ヶ浜町字蟹田大平山元74-2,,,,41.065353347663,140.55387362935,
308,E0230700017111,風のまち交流プラザ（トップマスト）,青森県外ヶ浜町字蟹田中師宮本160,,,,41.049154438061,140.64448717181,
309,E0230700018111,中央公民館,青森県外ヶ浜町字蟹田中師宮本80-1,,,,41.04846766136,140.63996346965,
310,E0230700019111,蟹田中学校,青森県外ヶ浜町字蟹田田ノ沢78,1,,,41.036383689008,140.64266976215,
311,E0230700020111,グループホームいきがいの里,青森県外ヶ浜町字蟹田内黒山12-164,,,,41.040377757691,140.61598012425,
312,E0230700021111,南沢集会所,青森県外ヶ浜町字蟹田南沢舘下155-1,,,,41.049026384497,140.58456136093,
313,E0230700022111,蟹田小学校,青森県外ヶ浜町字蟹田鰐ケ淵24-2,1,,,41.04320284588,140.6345061704,
314,E0230700023111,地域活動支援センター,青森県外ヶ浜町字蟹田鰐ケ淵7-4,,,,41.041960964634,140.63811396881,
315,E0230700024111,三厩中学校,青森県外ヶ浜町字三厩下平5-1,1,,,41.228204332645,140.39950891871,
316,E0230700025111,義経寺,青森県外ヶ浜町字三厩家の上76-2,,,,41.199477417384,140.42891711619,
317,E0230700026111,釜野澤親睦会館,青森県外ヶ浜町字三厩釜野澤22-1,,,,41.224219614764,140.40209093294,
318,E0230700027111,元宇鉄地区会館,青森県外ヶ浜町字三厩元宇鉄35,,,,41.231019650647,140.39795078131,
319,E0230700028111,ふるさとセンター,青森県外ヶ浜町字三厩元宇鉄84-1,,,,41.227824722741,140.40122698192,
320,E0230700029111,四枚橋漁成会館（四枚橋地区会館）,青森県外ヶ浜町字三厩四枚橋62-1,,,,41.218105819602,140.40800139803,
321,E0230700030111,上宇鉄共栄会館,青森県外ヶ浜町字三厩上宇鉄12-1,,,,41.234802377333,140.3941083501,
322,E0230700031111,老人憩の家,青森県外ヶ浜町字三厩上宇鉄72-1,,,,41.238230936589,140.3892677775,
323,E0230700032111,三厩体育館,青森県外ヶ浜町字三厩新町2,,,,41.193813228039,140.43787648796,
324,E0230700033111,三厩高齢者生活福祉センター寿楽園,青森県外ヶ浜町字三厩新町7,,,,41.194742621409,140.43523933916,
325,E0230700034111,特別養護老人ホームあじさい,青森県外ヶ浜町字三厩新町8,,,,41.195094035758,140.4348370377,
326,E0230700035111,増川地区会館（松傘閣）,青森県外ヶ浜町字三厩増川126-1,,,,41.191480896196,140.44101344202,
327,E0230700036111,中浜地区会館,青森県外ヶ浜町字三厩中浜91,,,,41.20321770938,140.42754616101,
328,E0230700037111,総合交流推進センター（かぶと）,青森県外ヶ浜町字三厩中浜地内,,,,41.203267547034,140.42845591721,
329,E0230700038111,旧三厩小学校,青森県外ヶ浜町字三厩桃ケ丘1,1,,,41.193625990098,140.43365488973,
330,E0230700039111,グループホームみんまや,青森県外ヶ浜町字三厩桃ケ丘209-1,,,,41.188762428046,140.4371688398,
331,E0230700040111,藤嶋共和会館（藤嶋地区会館）,青森県外ヶ浜町字三厩藤嶋沢1-2,,,,41.21541717183,140.41398958357,
332,E0230700041111,本町地区会館,青森県外ヶ浜町字三厩本町139-1,,,,41.194316593943,140.4327633691,
333,E0230700042111,竜飛備蓄倉庫,青森県外ヶ浜町字三厩龍浜54-18,,,,41.258789397307,140.34401975091,
334,E0230700043111,ホテル竜飛,青森県外ヶ浜町字三厩龍浜54-274,,,,41.257200517673,140.34770778829,
335,E0230700044111,六條間地区コミュニティセンター,青森県外ヶ浜町字三厩六條間66-1,,,,41.212478784701,140.41825442917,
336,E0230700045111,梹榔コミュニティセンター（龍飛・梹榔地区コミュニティセンター）,青森県外ヶ浜町字三厩梹榔地内,,,,41.250120170098,140.36219730947,
337,E0230700046111,鐇泊地区会館,青森県外ヶ浜町字三厩鐇泊地内,,,,41.239354095719,140.3839603791,
338,E0230700047111,龍飛地区コミュニティセンター,青森県外ヶ浜町字字三厩龍浜1-1,,,,41.259216878131,140.34527628728,
339,E0230700048111,特別養護老人ホーム桜良,青森県外ヶ浜町字上蟹田62-23,,,,41.039716449462,140.63945906014,
340,E0230700049111,磯山コミュニティセンター,青森県外ヶ浜町字平舘磯山191,,,,41.085881662261,140.63361080815,
341,E0230700050111,今津コミュニティセンター,青森県外ヶ浜町字平舘今津才の神49,,,,41.12174147927,140.63165051554,
342,E0230700051111,障害者支援施設かもめ苑,青森県外ヶ浜町字平舘根岸小川20-1,,,,41.143058532918,140.63143264973,
343,E0230700052111,平舘交流センター（旧平舘小学校）,青森県外ヶ浜町字平舘根岸小川251,1,,,41.146462826458,140.63504093644,
344,E0230700053111,グループホームよつば,青森県外ヶ浜町字平舘根岸小川258-2,,,,41.148073192526,140.63159850357,
345,E0230700054111,平舘体育館,青森県外ヶ浜町字平舘根岸湯の沢123-17,,,,41.150254062887,140.63457798366,
346,E0230700055111,根岸構造改善センター（根岸会館）,青森県外ヶ浜町字平舘根岸湯の沢292,,,,41.153705446867,140.63705854459,
347,E0230700056111,旧平舘中学校,青森県外ヶ浜町字平舘根岸湯の沢55-1,1,,,41.148796143718,140.63403315119,
348,E0230700057111,舟岡コミュニティセンター,青森県外ヶ浜町字平舘舟岡27,,,,41.100584806646,140.63054979473,
349,E0230700058111,石崎浜自治会館,青森県外ヶ浜町字平舘石崎沢108-1,,,,41.186766320942,140.63484190705,
350,E0230700059111,介護予防センター（平舘会館）,青森県外ヶ浜町字平舘門の沢25,,,,41.162525070933,140.63920044463,
351,E0230700060112,外ヶ浜町社会福祉協議会平舘通所介護事務所,青森県外ヶ浜町字平舘野田鳴川208-1,,,,41.141475415844,140.6306245705,
352,E0230700060111,特別養護老人ホームあんじんの郷,青森県外ヶ浜町字平舘野田鳴川208-1,,,,41.141822844197,140.63145069089,
353,E0230700061111,玉川コミュニティ消防センター,青森県外ヶ浜町字平舘野田鳴川477-1,,,,41.138945538101,140.6342690781,
354,E0230700062111,弥蔵釜コミュニティセンター,青森県外ヶ浜町字平舘弥蔵釜155-1,,,,41.194913268479,140.62186098724,
355,E0244200001111,町立公民館（体育センター含む）,青森県五戸町字下モ沢向8-2,1,,,40.5233774797421,141.303445516375,
356,E0244200002111,図書館,青森県五戸町字舘1-1,1,,,40.5228721762904,141.298547209087,
357,E0244200005111,五戸高等学校,青森県五戸町字根岸6,1,,,40.5307580700018,141.291396439853,
358,E0244200009111,五戸小学校,青森県五戸町字天満後22-1,1,,,40.5262774198299,141.303334640877,
359,E0244200019111,上市川団地集会所,青森県五戸町大字上市川字外ノ沢250,,,,40.55872,141.402506,
360,E0244200020111,上市川小学校,青森県五戸町大字上市川字御兵糧3,1,,,40.5634732946287,141.398103754146,
361,E0244200022111,川内中学校,青森県五戸町大字上市川字赤川々原1,1,,,40.5541903266637,141.379164976947,
362,E0244200025111,農村環境改善センター瑞穂館,青森県五戸町大字上市川字中坪1-1,1,,,40.552385600696,141.378615578773,
363,E0244200031111,切谷内小学校,青森県五戸町大字切谷内字高田川原24-1,1,,,40.550126019492,141.35707360341,
364,E0244200044111,浅水活性化センター,青森県五戸町大字浅水字浅水119,1,,,40.4758294022075,141.302047328089,
365,E0244200053111,石沢駒踊伝承館,青森県五戸町大字倉石石沢字石沢72-1,,,,40.5154970191191,141.282358909382,
366,E0244200057111,倉石スポーツセンター,青森県五戸町大字倉石中市字幸神94-1,1,,,40.5050377538242,141.247621744557,
367,E0244200059111,明幸園,青森県五戸町大字倉石中市字小渡88-2,1,,,40.5044723554079,141.27817912792,
368,E0244200062111,倉石コミュニティセンター,青森県五戸町大字倉石中市字上ミ平20-4,,,,40.5070710911114,141.253025120252,
369,E0244200063111,倉石中学校,青森県五戸町大字倉石中市字上ミ平36,1,,,40.5058497600319,141.251229023526,
370,E0244200066111,倉石小学校,青森県五戸町大字倉石中市字田茂平40,1,,,40.5065588389476,141.254399556677,
371,E0244200075111,倉石温泉,青森県五戸町大字倉石又重字上川原150,,,,40.4820656336834,141.217470902965,
372,E0244200088111,五戸中学校,青森県五戸町大字豊間内字地蔵平1-276,1,,,40.5101477141411,141.326094266796,
373,E0244200089111,五戸ドーム,青森県五戸町大字豊間内字地蔵平1-398,1,,,40.5086957612114,141.328355444989,
374,E0244200090111,ひばり野団地集会所,青森県五戸町大字豊間内字地蔵平1-776,1,,,40.510513,141.314521,
375,E0244200091111,豊間内地区コミュニティセンター,青森県五戸町大字豊間内字豊間内2-1,1,,,40.5025326671991,141.347898784484,
376,E0220500001121,みどりの風こども園ひろた,青森県五所川原市みどり町2-45-1,,,乳幼児,40.787666287986,140.4516098904,
377,E0220500003121,みどりの風オアシス,青森県五所川原市みどり町3-93-1,,,乳幼児,40.786427910126,140.45451956044,
378,E0220500004121,認定こども園なおみ園,青森県五所川原市みどり町4-126-1,,,乳幼児,40.78282334,140.4584285,
379,E0220500005111,コミュニティセンター栄,青森県五所川原市みどり町4-130,1,,,40.782986,140.459262,
380,E0220500008111,磯松コミュニティセンター,青森県五所川原市磯松磯野186-1,1,,,41.07577326,140.3255141,
381,E0220500009111,もや会館,青森県五所川原市磯松山の井115-138,1,,,41.083923,140.324722,
382,E0220500031121,グループホーム　夢の森かなぎ,青森県五所川原市金木町芦野200-122,,,障がい者（肢体・知的）,40.91147468,140.4599558,
383,E0220500031122,ライフサポート　夢の森,青森県五所川原市金木町芦野200-122,,,障がい者（肢体・知的）,40.91120712,140.4598486,
384,E0220500032121,住宅型有料老人ホーム　たんぽぽの家,青森県五所川原市金木町芦野200-263,,,高齢者,40.91159505,140.4559994,
385,E0220500033121,有限会社ケアサービスたんぽぽ,青森県五所川原市金木町芦野200-267,,,高齢者,40.91182726,140.4560423,
386,E0220500034121,グループホームたんぽぽ,青森県五所川原市金木町芦野200-269,,,高齢者,40.91202186,140.456053,
387,E0220500035111,金木東部地区コミュニティセンター,青森県五所川原市金木町芦野318,1,,,40.90516855,140.4663332,
388,E0220500036121,グループホーム大東ケ丘,青森県五所川原市金木町芦野363-141,,,高齢者,40.92548022,140.4953513,
389,E0220500037121,大東ヶ丘サントピアホーム,青森県五所川原市金木町芦野363-58,,,障がい者（すべて）,40.92505562,140.4947488,
390,E0220500039111,金木小学校,青森県五所川原市金木町芦野84-54,1,,,40.90928391,140.4527678,
391,E0220500040111,金木中学校,青森県五所川原市金木町芦野84-9,1,,,40.90523596,140.4622623,
392,E0220500044111,嘉瀬コミュニティセンター,青森県五所川原市金木町嘉瀬端山崎76-1,1,,,40.8825082,140.4618404,
393,E0220500048111,喜良市コミュニティセンター,青森県五所川原市金木町喜良市千苅196-3,1,,,40.892695,140.4840881,
394,E0220500052111,金木公民館,青森県五所川原市金木町菅原367-1,1,,,40.89681661,140.4537884,
395,E0220500244121,みどりの風こども園かなぎ,青森県五所川原市金木町菅原369-1,,,乳幼児,40.8964,140.454167,
396,E0220500053122,金木中央老人福祉センター,青森県五所川原市金木町川倉七夕野426-11,,,高齢者,40.91843546,140.4629137,
397,E0220500053121,金木生活支援ハウス,青森県五所川原市金木町川倉七夕野426-11,,,高齢者,40.91818008,140.4631793,
398,E0220500054121,住宅型有料老人ホーム　パンション湯の川,青森県五所川原市金木町川倉七夕野84-1605,,,高齢者,40.92272339,140.4579079,
399,E0220500055122,グループホーム　さくら園,青森県五所川原市金木町川倉七夕野84-367,,,高齢者,40.92262611,140.4579615,
400,E0220500055121,さくら園デイサービスセンター,青森県五所川原市金木町川倉七夕野84-367,,,高齢者,40.92250857,140.4580098,
401,E0220500056121,デイサービスセンター　あしの園,青森県五所川原市金木町川倉七夕野84-442,,,高齢者,40.92146829,140.45665,
402,E0220500061111,川倉ふれあいセンター,青森県五所川原市金木町川倉米出100-1,1,,,40.927888537219,140.45218326563,
403,E0220500063111,蒔田コミュニティ消防センター,青森県五所川原市金木町沢部396-1,1,,,40.9083149,140.4337131,
404,E0220500065121,えいぷりる,青森県五所川原市金木町朝日山85-4,,,障がい者（知的・精神・発達）,40.90602702,140.4545325,
405,E0220500190111,中央公民館,青森県五所川原市字一ツ谷504-1,1,,,40.80807992,140.4490211,
406,E0220500075121,高齢者グループホーム憩いの家,青森県五所川原市字一ツ谷554-10,,,高齢者,40.80956739,140.455652,
407,E0220500076121,デイサービスセンター　ほほえみ,青森県五所川原市字烏森572-1,,,高齢者,40.80441426,140.451443,
408,E0220500077121,グループホーム　エルムの里,青森県五所川原市字烏森572-2,,,高齢者,40.80432899,140.4518936,
409,E0220500198111,市民体育館,青森県五所川原市字栄町20-1,1,,,40.79905535,140.4433058,
410,E0220500241121,認定こども園第二さつき,青森県五所川原市字下平井町21,,,乳幼児,40.81769977,140.4486475,
411,E0220500202111,コミュニティ防災センター,青森県五所川原市字鎌谷町16,1,,,40.80556011,140.4467462,
412,E0220500242121,こども園かまや,青森県五所川原市字鎌谷町510-16,,,乳幼児,40.8058075,140.4483239,
413,E0220500079121,さかもとデイサービスセンター,青森県五所川原市字鎌谷町519-5,,,高齢者,40.80781692,140.4539614,
414,E0220500080121,あずましや支援ハウス,青森県五所川原市字鎌谷町520-4,,,障がい者（肢体）,40.8069431,140.453678,
415,E0220500082121,五所川原市養護老人ホーム　くるみ園,青森県五所川原市字幾世森165-1,,,高齢者,40.82110142,140.4472697,
416,E0220500084121,五所川原市地域福祉センター,青森県五所川原市字幾世森24-38,,,高齢者・障がい者（すべて）・妊婦,40.82046754,140.4473411,
417,E0220500085111,北部コミュニティセンター,青森県五所川原市字幾世森51-1,1,,,40.81931591,140.4509706,
418,E0220500215111,中央コミュニティセンター,青森県五所川原市字上平井町16,1,,,40.81159601,140.443042,
419,E0220500217111,働く婦人の家,青森県五所川原市字新町33-1,1,,,40.80635884,140.4438175,
420,E0220500086121,増田病院,青森県五所川原市字新町41,,,高齢者,40.80725359,140.4437577,
421,E0220500245121,認定こども園第一さつき,青森県五所川原市字雛田162-34,,,乳幼児,40.81610009,140.4489804,
422,E0220500088121,地域活動支援センター　ラ・プリマベラ,青森県五所川原市字芭蕉48-2,,,障がい者（精神）,40.8179119,140.4359497,
423,E0220500246121,自立訓練（生活訓練）ほほえみハウス,青森県五所川原市字不魚住75-10,,,障がい者（知的・精神）,40.79908804,140.4407688,
424,E0220500089121,デイサービス　けやき,青森県五所川原市字敷島町1-3,,,高齢者,40.81208295,140.4454697,
425,E0220500233111,しきしまコミュニティセンター,青森県五所川原市字敷島町36-28,1,,,40.81521483,140.4465951,
426,E0220500237111,富士見コミュニティセンター,青森県五所川原市字蓮沼14,1,,,40.80038033,140.442479,
427,E0220500238111,南小学校,青森県五所川原市字蓮沼2,1,,,40.8020851,140.4433688,
428,E0220500247121,認定こども園さくら保育園,青森県五所川原市字蓮沼60-2,,,乳幼児,40.79835954,140.4416206,
429,E0220500096121,新宮団地こども園,青森県五所川原市若葉2-1-8,,,乳幼児,40.81699238,140.4431144,
430,E0220500097121,びーた支援センター,青森県五所川原市若葉3-4-3,,,障がい者（知的・精神・発達）,40.82034304,140.4421808,
431,E0220500099111,十三コミュニティセンター,青森県五所川原市十三深津210,1,,,41.030072398713,140.3272000086,
432,E0220500103111,松島会館,青森県五所川原市松島町2-89,1,,,40.80728,140.459458,
433,E0220500104111,中央小学校,青森県五所川原市松島町2-94,1,,,40.80623633,140.456128,
434,E0220500105111,第一中学校,青森県五所川原市松島町3-1,1,,,40.80757159,140.4553223,
435,E0220500106121,ケアホームのりた,青森県五所川原市松島町4-55,,,高齢者,40.8093319,140.4629933,
436,E0220500119122,みどりの風こども園あとむ,青森県五所川原市相内258-1,,,乳幼児,41.056282,140.348246,
437,E0220500120121,市浦生活支援ハウス,青森県五所川原市相内321,,,高齢者,41.05450938,140.3473251,
438,E0220500121111,市浦中学校,青森県五所川原市相内岩井81,1,,,41.06025122,140.3494004,
439,E0220500122111,市浦コミュニティセンター,青森県五所川原市相内岩井81-384,1,,,41.059761,140.351506,
440,E0220500124111,基幹集落センター,青森県五所川原市相内岩井81-429,1,,,41.05426858,140.3559892,
441,E0220500125111,市浦小学校,青森県五所川原市相内岩井85,1,,,41.05405302,140.354343,
442,E0220500126111,桂川集会所,青森県五所川原市相内桂川288,1,,,41.0650085,140.3787836,
443,E0220500128111,太田集会所,青森県五所川原市太田山の井597,1,,,41.05313318,140.3993616,
444,E0220500191111,一野坪コミュニティセンター,青森県五所川原市大字一野坪字早蕨7-4,1,,,40.82376172,140.4631142,
445,E0220500192111,青森県立五所川原農林高等学校,青森県五所川原市大字一野坪字朝日田12-37,1,,,40.81875564,140.4854027,
446,E0220500194111,コミュニティセンター七和,青森県五所川原市大字羽野木沢字隈無13,1,,,40.75604735,140.5216212,
447,E0220500195111,第二中学校,青森県五所川原市大字羽野木沢字隈無179-2,1,,,40.7557611,140.5257374,
448,E0220500129121,七和保育園,青森県五所川原市大字羽野木沢字実吉66-3,,,乳幼児,40.753814,140.5203729,
449,E0220500130121,特定非営利活動法人　ＭＥＧＯ,青森県五所川原市大字姥萢字桜木276-1,,,障がい者（肢体・知的）,40.78514091,140.4395529,
450,E0220500131121,地域密着型特別養護老人ホームさくらの里,青森県五所川原市大字姥萢字桜木424-1,,,高齢者,40.788171577636,140.44489026862,
451,E0220500197111,栄小学校,青森県五所川原市大字姥萢字船橋156-2,1,,,40.789335,140.456778,
452,E0220500132121,認定こども園五所川原こども園,青森県五所川原市大字姥萢字船橋52-214,,,乳幼児,40.79516176,140.4549834,
453,E0220500133121,特別養護老人ホーム　祥光苑,青森県五所川原市大字沖飯詰字帯刀357-1,,,高齢者,40.83586583,140.4525243,
454,E0220500200111,第四中学校,青森県五所川原市大字沖飯詰字男鹿274-1,1,,,40.83327419,140.46914,
455,E0220500243123,特別養護老人ホーム　青山荘,青森県五所川原市大字金山字盛山42-8,,,高齢者,40.80890014,140.4995981,
456,E0220500243121,青山荘グループホーム,青森県五所川原市大字金山字盛山42-8,,,高齢者,40.8084738,140.4994426,
457,E0220500243122,青山荘デイサービスセンター,青森県五所川原市大字金山字盛山42-8,,,高齢者,40.80856313,140.4992923,
458,E0220500134121,障害者支援施設　青松園,青森県五所川原市大字金山字千代鶴142,,,障がい者（知的・精神）,40.81726459,140.5065781,
459,E0220500135121,ケアハウス　あじさい,青森県五所川原市大字金山字竹崎203-3,,,高齢者,40.80872862,140.4740831,
460,E0220500136121,介護老人保健施設　緑風苑,青森県五所川原市大字金山字竹崎254,,,高齢者,40.80761724,140.4747107,
461,E0220500204111,コミュニティセンター松島,青森県五所川原市大字金山字竹崎48-10,1,,,40.80657,140.477868,
462,E0220500137121,サコージュさかもと,青森県五所川原市大字広田字榊森51-8,,,高齢者,40.78464868,140.4672675,
463,E0220500206111,第三中学校,青森県五所川原市大字広田字藤浦105-1,1,,,40.78183254,140.463478,
464,E0220500138122,自立訓練（生活訓練）訓練はばたけ,青森県五所川原市大字広田字柳沼115-5,,,障がい者（知的・精神・発達）,40.78496266,140.4665404,
465,E0220500138121,ニューはばたけ,青森県五所川原市大字広田字柳沼115-5,,,障がい者（知的・精神・発達）,40.78492204,140.4663901,
466,E0220500208111,コミュニティセンター三好,青森県五所川原市大字高瀬字鷹ノ爪190-1,1,,,40.84221496417,140.4169511344,
467,E0220500211111,三輪小学校,青森県五所川原市大字七ツ館字虫流6-5,1,,,40.77943308,140.474052,
468,E0220500139121,シルバービレッジ憩いの杜,青森県五所川原市大字漆川字清水流2-3,,,高齢者,40.813432811935,140.46180115705,
469,E0220500188121,まつしま団地こども園,青森県五所川原市大字漆川字浅井12-1,,,乳幼児,40.810927,140.461938,
470,E0220500140121,ケアホームうるしかわ,青森県五所川原市大字漆川字浅井122-1,,,障がい者（肢体・視覚・聴覚・内部）,40.81166788,140.4637052,
471,E0220500141121,障がい者支援施設　第二うちがた,青森県五所川原市大字漆川字浅井124-1,,,障がい者（肢体・視覚・聴覚・内部）,40.81218954,140.4637542,
472,E0220500142121,ふれあいホームいこい,青森県五所川原市大字漆川字浅井143-4,,,高齢者,40.812994667279,140.46080426553,
473,E0220500143121,グループホーム　第２さくら,青森県五所川原市大字漆川字鍋懸131-1,,,障がい者（知的）,40.8179106,140.4544962,
474,E0220500212111,漆川体育館,青森県五所川原市大字漆川字鍋懸151-30,1,,,40.817844447198,140.46341545984,
475,E0220500213111,小曲集会所,青森県五所川原市大字小曲字豊里176,1,,,40.81356637,140.430381,
476,E0220500216111,五所川原小学校,青森県五所川原市大字新宮字岡田161,1,,,40.82180367,140.4389344,
477,E0220500218111,東峰小学校,青森県五所川原市大字神山字山越1-26,1,,,40.787947,140.517051,
478,E0220500240111,コミュニティセンター長橋,青森県五所川原市大字神山字鶉野34-2,1,,,40.79084768,140.5133337,
479,E0220500144121,アミスタ五所川原,青森県五所川原市大字水野尾字懸樋218-1,,,高齢者・障がい者（すべて）・妊婦,40.790735265038,140.48280421952,
480,E0220500145121,ラポール五所川原,青森県五所川原市大字水野尾字懸樋219-3,,,高齢者・障がい者（すべて）・妊婦,40.790577538583,140.48217259885,
481,E0220500146122,さかえデイサービスセンター,青森県五所川原市大字水野尾字懸樋222-3,,,高齢者,40.79026534,140.4816859,
482,E0220500146123,ケアハウスハルニレ,青森県五所川原市大字水野尾字懸樋222-3,,,高齢者,40.79042797,140.4816032,
483,E0220500146121,五所川原リハビリ倶楽部,青森県五所川原市大字水野尾字懸樋222-3,,,障がい者（肢体・視覚・聴覚・内部・知的）,40.78948961,140.4821956,
484,E0220500147121,グループホームわらび・よりあい処わらび,青森県五所川原市大字水野尾字懸樋222-5,,,高齢者,40.78988632,140.4818472,
485,E0220500221111,コミュニティセンター中川,青森県五所川原市大字川山字森内395,1,,,40.83756985,140.4390275,
486,E0220500148121,中川保育園,青森県五所川原市大字川山字千本29-2,,,乳幼児,40.83463713,140.4464375,
487,E0220500149121,あかねデイサービスセンター,青森県五所川原市大字前田野目字長峰112-2,,,高齢者,40.76019161,140.5563657,
488,E0220500149122,特別養護老人ホーム　あかね荘,青森県五所川原市大字前田野目字長峰112-2,,,高齢者,40.75985842,140.5561619,
489,E0220500222111,前田野目集会所,青森県五所川原市大字前田野目字長峰28,1,,,40.754145,140.551535,
490,E0220500150121,こども園もがわ,青森県五所川原市大字藻川字川袋281-58,,,乳幼児,40.86968152,140.4080635,
491,E0220500151121,三好保育所,青森県五所川原市大字鶴ケ岡字川袋26,,,乳幼児,40.84329656,140.4163827,
492,E0220500239111,三好小学校,青森県五所川原市大字鶴ケ岡字唐橋25-2,1,,,40.84885999,140.4100395,
493,E0220500152122,サポートセンターステラ,青森県五所川原市大字唐笠柳字村崎242,,,障がい者（知的・精神・発達）,40.79376313,140.464923,
494,E0220500152121,児童デイサービス八晃園,青森県五所川原市大字唐笠柳字村崎242,,,障がい者（知的・精神・発達）,40.79369816,140.4643893,
495,E0220500152123,ジョブサポート八晃園,青森県五所川原市大字唐笠柳字村崎242,,,障がい者（知的・精神・発達）,40.7936413,140.4647084,
496,E0220500152124,ワークサポート八晃園,青森県五所川原市大字唐笠柳字村崎242,,,障がい者（知的・精神・発達）,40.79372252,140.4643544,
497,E0220500153121,デイサービスセンターまごころ,青森県五所川原市大字唐笠柳字藤巻478-17,,,高齢者,40.79388292,140.4627854,
498,E0220500154111,サンビレッジ五所川原,青森県五所川原市大字唐笠柳字藤巻507-6,1,,,40.797103852321,140.45779553587,
499,E0220500226111,梅沢コミュニティセンター,青森県五所川原市大字梅田字燕口118-3,1,,,40.765566,140.4775,
500,E0220500155121,障害者支援施設　栄幸園,青森県五所川原市大字梅田字燕口257,,,障がい者（知的・精神）,40.76481508,140.4814478,
501,E0220500156121,うめたこども園,青森県五所川原市大字梅田字福浦144-5,,,乳幼児,40.77504359,140.4727517,
502,E0220500157121,うめたデイサービスセンター,青森県五所川原市大字梅田字福浦405-2,,,高齢者,40.77534416,140.4722287,
503,E0220500227111,青森職業能力開発短期大学校,青森県五所川原市大字飯詰字狐野171-2,1,,,40.81949671,140.4961596,
504,E0220500158121,幼保連携型認定こども園たかたての森,青森県五所川原市大字飯詰字狐野70-1,,,乳幼児,40.82229264,140.4922169,
505,E0220500159121,若葉こども園,青森県五所川原市大字飯詰字石田172,,,乳幼児,40.83578745,140.4924831,
506,E0220500229111,いずみ小学校,青森県五所川原市大字飯詰字石田184,1,,,40.8352564,140.491974,
507,E0220500230111,コミュニティセンター飯詰,青森県五所川原市大字飯詰字福泉166-1,1,,,40.830615,140.487637,
508,E0220500231111,毘沙門・長富コミュニティセンター,青森県五所川原市大字毘沙門字熊石30-2,1,,,40.85221,140.457451,
509,E0220500160121,デイサービス　ライラック,青森県五所川原市大字福山字実吉72-3,,,高齢者,40.7786169,140.4974134,
510,E0220500161121,幼保連携型認定こども園津軽野,青森県五所川原市大字米田字八ッ橋67-2,,,乳幼児,40.8061998,140.4733052,
511,E0220500235111,松島小学校,青森県五所川原市大字米田字八ツ橋8,1,,,40.80475,140.47433,
512,E0220500162121,幼保連携型認定こども園長橋,青森県五所川原市大字豊成字田子ノ浦70-5,,,乳幼児,40.77633256,140.517367,
513,E0220500189111,青森県立五所川原工科高等学校,青森県五所川原市大字湊字船越192,1,,,40.791279,140.446501,
514,E0220500163121,幼保連携型認定こども園さかえ,青森県五所川原市大字湊字船越224-3,,,乳幼児,40.79252426,140.4459682,
515,E0220500164111,南部コミュニティセンター,青森県五所川原市中央4-130,1,,,40.796481222386,140.45120801164,
516,E0220500184121,特別養護老人ホーム　すわんの里,青森県五所川原市脇元磯辺365-1,,,高齢者,41.09548168,140.3194775,
517,E0220200002111,西小学校,青森県弘前市茜町3-2-1,1,,,40.601017276954,140.444895814028,
518,E0220200003111,青柳小学校,青森県弘前市悪戸字村元7-2,1,,,40.5912271720357,140.427098381055,
519,E0220200013111,市民会館,青森県弘前市下白銀町1-6,1,,,40.60489414,140.4622519,
520,E0220200014111,弘前文化センター,青森県弘前市下白銀町19-4,1,,,40.60699565,140.46929,
521,E0220200015111,弘前市立観光館,青森県弘前市下白銀町2-1,1,,,40.60307461,140.465289,
522,E0220200017111,岩木総合支所,青森県弘前市賀田1-1-1,1,,,40.61618414,140.4216451,
523,E0220200018111,中央公民館岩木館,青森県弘前市賀田1-18-3,1,,,40.6167120704931,140.419487735947,
524,E0220200019111,岩木文化センター,青森県弘前市賀田1-18-4,1,,,40.616774,140.420249,
525,E0220200022111,弘前大学教育学部附属小学校屋内運動場,青森県弘前市学園町1-1,,,,40.5798974257999,140.48287418873,
526,E0220200027111,自得小学校,青森県弘前市鬼沢字菖蒲沢109-4,1,,,40.68575472,140.414067,
527,E0221000001121,グループホーム　バンドー弘前公園,青森県弘前市亀甲町70,,左記のうち、事前に市が特定し、環境調整を事前に行った者,要配慮者,40.612158425905,140.4684958945,
528,E0220200030111,桔梗野小学校,青森県弘前市桔梗野2-21,1,,,40.5922491609192,140.462948702904,
529,E0220200032111,時敏小学校,青森県弘前市宮園1-5-1,1,,,40.614076,140.476784,
530,E0221000002121,グループホーム　アップルハウス,青森県弘前市境関亥ノ宮29-1,,左記のうち、事前に市が特定し、環境調整を事前に行った者,要配慮者,40.615394,140.504881,
531,E0220200041111,岩木Ｂ＆Ｇ海洋センター,青森県弘前市兼平字猿沢32-11,1,,,40.605345,140.4137,
532,E0220200045111,千年交流センター,青森県弘前市原ケ平5-1-13,1,,,40.56515338,140.4722042,
533,E0220200047111,南中学校,青森県弘前市原ケ平字山中20-13,1,,,40.56736583,140.4664475,
534,E0220200048111,市民体育館,青森県弘前市五十石町7,1,,,40.60830753,140.4588648,
535,E0220200049111,相馬総合支所,青森県弘前市五所字野沢41-1,1,,,40.58549994,140.3967372,
536,E0220200050111,長慶閣,青森県弘前市五所字野沢44-3,,,,40.5847243866348,140.398398778216,
537,E0220200053111,岩木小学校,青森県弘前市五代字前田451,1,,,40.61322553,140.4187169,
538,E0220200054111,津軽中学校,青森県弘前市五代字早稲田478,1,,,40.61824,140.414289,
539,E0220200055111,大成小学校,青森県弘前市御幸町13-1,1,,,40.59464774,140.4761606,
540,E0220200061111,北辰中学校,青森県弘前市高杉字五反田191,1,,,40.6625838027228,140.435630637987,
541,E0220200063111,高杉小学校,青森県弘前市高杉字神原7-1,1,,,40.65771729,140.4343302,
542,E0220200066111,ＳＡＰＰＡ－Ｄｏ,青森県弘前市高田4-3-4,,,,40.5994901749561,140.507854742191,
543,E0220200071111,相馬小学校,青森県弘前市黒滝字二ノ松本2-4,1,,,40.583799,140.399569,
544,E0220200074111,船沢小学校,青森県弘前市細越字早稲田42,1,,,40.64057358,140.4137123,
545,E0220200075111,朝陽小学校,青森県弘前市在府町36,1,,,40.59809201,140.4609498,
546,E0220200083111,相馬中学校,青森県弘前市紙漉沢字山越48,1,,,40.5793967370912,140.388252124984,
547,E0220200086111,新和中学校,青森県弘前市種市字小島57-2,1,,,40.706487,140.4299796,
548,E0220200087111,新和地区体育文化交流センター,青森県弘前市種市字木幡387,1,,,40.70357168,140.4300662,
549,E0220200088111,第四中学校,青森県弘前市樹木5-2-6,1,,,40.58868869,140.459326,
550,E0220200091111,裾野小学校,青森県弘前市十面沢字轡293,1,,,40.7177630400529,140.356925668663,
551,E0220200093111,裾野地区体育文化交流センター,青森県弘前市十面沢字轡8-9,1,,,40.7186941165818,140.357821526471,
552,E0220200095111,裾野中学校,青森県弘前市十面沢字湯ケ森40,1,,,40.720081088542,140.36070325219,
553,E0220200096111,南部清掃工場,青森県弘前市小金崎字川原田54,1,,,40.5426745523997,140.548703472046,
554,E0220200099111,千年公民館,青森県弘前市小栗山字川合115-1,1,,,40.56551831,140.4845882,
555,E0220200100111,千年小学校,青森県弘前市小栗山字川合119-7,1,,,40.56746318,140.4869677,
556,E0220200101111,清水公民館,青森県弘前市小沢字御笠見46-10,1,,,40.56068676,140.4348025,
557,E0220200254111,弘前医療福祉大学,青森県弘前市小比内3-18-1,,,,40.588799,140.500473,
558,E0220200106111,松原小学校,青森県弘前市松原東2-17,1,,,40.5741129,140.4818656,
559,E0220200107111,柴田学園大学短期大学部,青森県弘前市上瓦ケ町25,,,,40.6006322941475,140.4768510943,
560,E0220200108111,弘前市役所,青森県弘前市上白銀町1-1,1,,,40.60304972,140.4640702,
561,E0220200118111,東小学校,青森県弘前市城東中央5-6-1,1,,,40.60143652,140.4987863,
562,E0220200122111,岩木青少年スポーツセンター,青森県弘前市常盤野字湯段萢1-2,1,,,40.626404,140.264911,
563,E0220200124111,弘前高校,青森県弘前市新寺町1-1,1,,,40.595189,140.467619,
564,E0220200125111,城西小学校,青森県弘前市新町236-1,1,,,40.61035563,140.4587216,
565,E0220200127111,柴田学園大学,青森県弘前市清原1-1-16,,,,40.5803437636857,140.485330414509,
566,E0220200135111,北小学校,青森県弘前市青山3-15-1,1,,,40.623241,140.479561,
567,E0220200138111,新和小学校,青森県弘前市青女子字桜苅292-4,1,,,40.69517671,140.4438304,
568,E0220200139113,石川小・中学校,青森県弘前市石川字庄司川添19-1,1,,,40.550899,140.550211,
569,E0220200141111,東奥義塾高等学校,青森県弘前市石川字長者森61-1,,,,40.5536065033929,140.524696970579,
570,E0236200001121,グループホームやすらぎ,青森県弘前市石川大仏下53,,,避難行動要支援者,40.5516240944661,140.542891420182,
571,E0220200142111,河西体育センター,青森県弘前市石渡1-19-1,1,,,40.63131977,140.4496479,
572,E0220200143111,すぱーく弘前,青森県弘前市石渡1-19-2,,,,40.6316313509687,140.450284771251,
573,E0220200150111,第五中学校,青森県弘前市川先2-4-1,1,,,40.586857,140.493729,
574,E0220200152111,弘前東高等学校,青森県弘前市川先4-4-1,,,,40.5897597102777,140.490198843714,
575,E0220200156111,泉野多目的コミュニティ施設,青森県弘前市泉野3-6-2,1,,,40.5748354846393,140.493445990547,
576,E0220200160111,相馬ふれあい館,青森県弘前市相馬字八反田25,1,,,40.56343229,140.3685357,
577,E0220200161111,弘前中央高校,青森県弘前市蔵主町7-1,1,,,40.6088194193263,140.469366124174,
578,E0220200162111,和徳小学校,青森県弘前市代官町107-3,1,,,40.60397714,140.4810883,
579,E0220200163111,清水交流センター,青森県弘前市大開2-1-2,1,,,40.57569687,140.4473598,
580,E0220200164111,小沢小学校,青森県弘前市大開2-5-1,1,,,40.57400245,140.4443698,
581,E0220200165111,弘前南高校,青森県弘前市大開4-1-1,1,,,40.580467,140.445399,
582,E0220200166111,城東小学校,青森県弘前市大久保字西田105-40,1,,,40.62952685,140.4922319,
583,E0221000003121,弘前リカバリーセンター（弘前城東医院　併設）,青森県弘前市大字高田1-10-7,,左記のうち、事前に市が特定し、環境調整を事前に行った者,要配慮者,40.598191,140.49957,
584,E0221000004121,特別養護老人ホーム　弘前大清水ホーム,青森県弘前市大字清原4-9-2,,左記のうち、事前に市が特定し、環境調整を事前に行った者,要配慮者,40.577942,140.490399,
585,E0221000005121,グループホーム　やすらぎ,青森県弘前市大字石川字大仏下53,,左記のうち、事前に市が特定し、環境調整を事前に行った者,要配慮者,40.551699,140.542916,
586,E0221000006121,有料老人ホーム　ほのぼの,青森県弘前市大字石川字大仏下55-1,,左記のうち、事前に市が特定し、環境調整を事前に行った者,要配慮者,40.55144,140.542743,
587,E0221000007121,特別養護老人ホーム　白寿園,青森県弘前市大字大沢字稲元3-2,,左記のうち、事前に市が特定し、環境調整を事前に行った者,要配慮者,40.558371,140.516425,
588,E0221000008121,特別養護老人ホーム　福寿園,青森県弘前市大字福村字新舘添50-8,,左記のうち、事前に市が特定し、環境調整を事前に行った者,要配慮者,40.60641834893,140.51636842264,
589,E0221000009121,グループホームサンライフ堀越,青森県弘前市大字堀越字柳元293,,左記のうち、事前に市が特定し、環境調整を事前に行った者,要配慮者,40.565794383234,140.5252816849,
590,E0221000010121,グループホーム太陽の里,青森県弘前市大字堀越字柳田3-12,,左記のうち、事前に市が特定し、環境調整を事前に行った者,要配慮者,40.569913,140.523937,
591,E0236200002121,特別養護老人ホーム白寿園,青森県弘前市大沢字稲元3-2,,,避難行動要支援者,40.5583190736504,140.516401595165,
592,E0220200177111,三省小学校,青森県弘前市中崎字野脇142-2,1,,,40.65537518,140.4589019,
593,E0220200180111,文京小学校,青森県弘前市中野1-1-1,1,,,40.5838365275428,140.474715929826,
594,E0220200182111,弘前実業高校,青森県弘前市中野3-6-10,1,,,40.57821973,140.4746564,
595,E0220200183111,東目屋ふれあいセンター,青森県弘前市中野字中豊田20,1,,,40.58933853,140.3227912,
596,E0220200184111,町田地区ふれあいセンター,青森県弘前市町田1-4-1,1,,,40.63596315,140.4595042,
597,E0220200185111,弘前地区環境整備センター,青森県弘前市町田字筒井6-2,1,,,40.6429541083772,140.464397314111,
598,E0220200197111,北辰学区高杉ふれあいセンター,青森県弘前市独狐字山辺72-1,1,,,40.65620486,140.4368118,
599,E0220200207111,弘前Ｂ＆Ｇ海洋センター,青森県弘前市八幡町1-9-1,1,,,40.61598739,140.4781305,
600,E0220200217111,致遠小学校,青森県弘前市浜の町北1-7-1,1,,,40.62536738,140.4605381,
601,E0220200219111,船沢中学校,青森県弘前市富栄字浅井名1,1,,,40.642262733314,140.41482360489,
602,E0220200222111,第三大成小学校,青森県弘前市富田町47,1,,,40.58685424,140.4820673,
603,E0220200223111,福村小学校,青森県弘前市福村1-1-1,1,,,40.60768,140.511738,
604,E0220200224111,弘前大学第一体育館および第二体育館,青森県弘前市文京町1,,,,40.5884965309947,140.471053855906,
605,E0220200226111,第二中学校,青森県弘前市平岡町72,1,,,40.60919292,140.4539282,
606,E0220200227111,第三中学校,青森県弘前市豊原1-3-3,1,,,40.58341466,140.4761107,
607,E0220200228111,豊田小学校,青森県弘前市豊田1-4-1,1,,,40.5939765963076,140.498049446216,
608,E0220200229111,サンライフ弘前,青森県弘前市豊田1-8-1,,,,40.5944028113118,140.499156136438,
609,E0220200230111,青森県武道館,青森県弘前市豊田2-3,1,,,40.5936938749335,140.503573070791,
610,E0220200231111,克雪トレーニングセンター,青森県弘前市豊田2-3-1,1,,,40.59276419,140.5042308,
611,E0236200003121,グループホームサンライフ堀越,青森県弘前市堀越柳元293,,,避難行動要支援者,40.5660607362204,140.524823647093,
612,E0236200004121,グループホーム太陽の里,青森県弘前市堀越柳田3-12,,,避難行動要支援者,40.5698961798733,140.523925298589,
613,E0220200234111,東中学校,青森県弘前市末広3-2-1,1,,,40.60299998,140.5034862,
614,E0220200235111,総合学習センター,青森県弘前市末広4-10-1,1,,,40.6041971,140.5037698,
615,E0220200239111,堀越小学校,青森県弘前市門外1-3-3,1,,,40.5808295,140.4989656,
616,E0220200240111,堀越公民館,青森県弘前市門外2-3-11,1,,,40.57895325,140.5043294,
617,E0220200241111,ラグリー,青森県弘前市野田1-4-1,,,,40.6079606152589,140.480238965411,
618,E0220200245111,大和沢小学校,青森県弘前市狼森字天王12-1,1,,,40.55678494,140.4707974,
619,E0220200246111,フォルトーナ,青森県弘前市和徳町140,,,,40.6069555720329,140.48149001657,
620,E0220200248111,第一中学校,青森県弘前市和徳町363-13,1,,,40.60861974,140.4771982,
621,E0220400050111,黒石市立武道場,青森県黒石市あけぼの町97-4,1,,,40.655344,140.607914,
622,E0220400050112,黒石市全天候型トレーニングセンター,青森県黒石市あけぼの町97-4,1,,,40.655753,140.607828,
623,E0220400001111,スポカルイン黒石,青森県黒石市ぐみの木3-65,1,,,40.6505971585094,140.594163146187,
624,E0221000011121,グループホームサンライフ浦町,青森県黒石市浦町1-82,,左記のうち、事前に市が特定し、環境調整を事前に行った者,要配慮者,40.643200587561,140.59788436014,
625,E0220400005111,厚目内多目的集会施設,青森県黒石市沖浦字青荷澤22,1,,,40.542211209857,140.72770537307,
626,E0220400008112,牡丹平地区センター,青森県黒石市牡丹平字諏訪野平9,1,,,40.632305,140.628138,
627,E0220400009111,山形地区センター,青森県黒石市温湯字派15-1,1,,,40.609135,140.664584,
628,E0220400010112,黒石小学校,青森県黒石市株梗木字中渡1-1,1,,,40.6555143998941,140.591531557667,
629,E0220400010111,中郷中学校,青森県黒石市株梗木字中渡1-1,1,,,40.6559158693026,140.591011362357,
630,E0220400011111,社会福祉センター体育館,青森県黒石市境松1-1-1,1,,,40.6473276592481,140.581713063887,
631,E0220400013111,黒石中学校,青森県黒石市柵ノ木4-1,1,,,40.6395066367748,140.612066750091,
632,E0220400014111,六郷小学校,青森県黒石市三島字宮元380-1,1,,,40.6712902388011,140.619679398801,
633,E0220400015111,東地区センター,青森県黒石市春日町20-9,1,,,40.644222342815,140.60374692761,
634,E0220400016111,黒石東小学校,青森県黒石市春日町70,1,,,40.6448833956267,140.605693439147,
635,E0220400018112,北地区センター,青森県黒石市小屋敷字馬場尻道添12-2,1,,,40.677202,140.594949,
636,E0220400020111,東英小学校,青森県黒石市上山形字築館9-1,,,,40.6112023621333,140.663066636235,
637,E0220400022111,派立コミュニティセンター,青森県黒石市上十川字村元一番71-1,1,,,40.6626263891605,140.615356007079,
638,E0220400023111,上十川地区センター,青森県黒石市上十川字留岡一番17-2,1,,,40.65718083867,140.61613364323,
639,E0220400024111,西部地区センター,青森県黒石市西ケ丘189-1,1,,,40.649586,140.585246,
640,E0220400025111,黒石高等学校体育館,青森県黒石市西ケ丘65,1,,,40.6474516631185,140.5866030779,
641,E0220400026111,一心友会館,青森県黒石市石名坂字櫻清水49-3,1,,,40.627209,140.631259,
642,E0220400027111,六郷地区センター,青森県黒石市赤坂字野崎1,1,,,40.670332,140.62385,
643,E0220400030112,浅瀬石地区センター,青森県黒石市浅瀬石字村上160,1,,,40.628662,140.610886,
644,E0220400047111,津軽伝承工芸館,青森県黒石市袋字富山65-1,1,,,40.60574,140.676117,
645,E0220400048111,津軽こけし館,青森県黒石市袋字富山72-1,1,,,40.606552,140.675827,
646,E0220400052111,黒石市役所わのまちセンター,青森県黒石市大字市ノ町2-1,1,,,40.643368,140.594467,
647,E0221000012121,黒石特別養護老人ホーム,青森県黒石市大字赤坂字池田136,,左記のうち、事前に市が特定し、環境調整を事前に行った者,要配慮者,40.66652911823,140.60948900801,
648,E0220400034111,沖揚平活性化施設,青森県黒石市大川原字蛭貝沢203,1,,,40.641675990072,140.80009743935,
649,E0220400036111,大川原活性化施設,青森県黒石市大川原字萢森下6-1,1,,,40.6338726429,140.715302972,
650,E0220400037111,黒石自動車教習所,青森県黒石市竹田町5,,,,40.656479,140.612098,
651,E0221000013121,グループホーム　バンドー黒石,青森県黒石市追子野木1-190-2,,左記のうち、事前に市が特定し、環境調整を事前に行った者,要配慮者,40.633922,140.596086,
652,E0220400039111,追子野木会館,青森県黒石市追子野木1-92,1,,,40.6389990001,140.590045241,
653,E0220400040112,追子野木地区センター,青森県黒石市追子野木3-145-1,1,,,40.6371,140.588242,
654,E0220400041112,スポーツ交流センター,青森県黒石市内町24-1,1,,,40.6424688739,140.59268083216,
655,E0220400041111,黒石市みんなのホール,青森県黒石市内町24-1,1,,,40.642681,140.592712,
656,E0220400043111,中部地区センター,青森県黒石市北美町1-65-1,1,,,40.654243416121,140.60177266314,
657,E0220400049111,老人福祉センター,青森県黒石市北美町一丁目65-1,1,,,40.653984,140.60231,
658,E0221000014121,介護老人保健施設　あしたばの里・黒石,青森県黒石市末広6-1,,左記のうち、事前に市が特定し、環境調整を事前に行った者,要配慮者,40.661804,140.595793,
659,E0230300001111,体験交流センター,青森県今別町今別山国有林,,,,41.171532614363,140.46525244486,
660,E0230300003111,奥平部集会所,青森県今別町大字奥平部字奥村元95-13,,,,41.222131,140.577508,
661,E0230300004111,奥平部避難所,青森県今別町大字奥平部字赤坂20,,,,41.220583520777,140.57864020423,
662,E0230300007111,今別町中央公民館,青森県今別町大字今別字今別166,,,,41.182237292589,140.48146988384,
663,E0230300008111,参集殿,青森県今別町大字今別字今別2-30,,,,41.182519869678,140.48668630722,
664,E0230300009121,社会福祉法人　双樹苑,青森県今別町大字今別字西田248-205,,,高齢者・障害者（区分なし）,41.178034,140.479219,
665,E0230300010111,今別小学校,青森県今別町大字今別字西田258-90,,,,41.179627605239,140.47087881921,
666,E0230300011111,西田コミュニティハウス,青森県今別町大字今別字西田385-2,,,,41.180158,140.47371,
667,E0230300012111,今別こども園,青森県今別町大字今別字中沢165-1,,,,41.175565996939,140.49028684152,
668,E0230300013111,今別町開発センター,青森県今別町大字今別字中沢165-12,,,,41.175813563793,140.49089515005,
669,E0230300014111,旧今別小学校,青森県今別町大字今別字中沢205,,,,41.18020671256,140.48379052584,
670,E0230300016111,八幡町集会所,青森県今別町大字今別字中沢8-6,,,,41.180332464833,140.48868613273,
671,E0230300017111,浜名公民館,青森県今別町大字今別字浜名沢14-21,,,,41.181874369088,140.46328609894,
672,E0230300019111,多目的集会所,青森県今別町大字砂ケ森字砂村元91,,,,41.224704976987,140.55922718311,
673,E0230300020111,山﨑文化会館,青森県今別町大字山崎字山元58,,,,41.193815543112,140.50637238852,
674,E0230300021111,村元集会所,青森県今別町大字山崎字山崎107-11,,,,41.183859175382,140.49189915795,
675,E0230300022111,今別中学校,青森県今別町大字山崎字山崎108-1,,,,41.184728260665,140.49140163067,
676,E0230300024111,大川平文化会館,青森県今別町大字大川平字熊沢40-5,,,,41.161956967648,140.50630066857,
677,E0230300025111,旧大川平小学校,青森県今別町大字大川平字熊沢67,,,,41.159781628797,140.50607331398,
678,E0230300026111,いまべつ総合体育館,青森県今別町大字大川平字清川121-3,,,,41.146761233347,140.51297197353,
679,E0230300027111,荒馬の里活性化センター,青森県今別町大字大川平字清川384-4,,,,41.173835116661,140.50577157368,
680,E0230300028111,道の駅いまべつ半島プラザアスクル,青森県今別町大字大川平字清川87-16,,,,41.145565024736,140.51425870338,
681,E0230300030111,旧二股小学校,青森県今別町大字大川平字二股2,,,,41.137944982665,140.51384693509,
682,E0230300031111,二股福祉館,青森県今別町大字大川平字二股8-3,,,,41.136876888213,140.51441956855,
683,E0230300033111,大泊文化会館,青森県今別町大字大泊字大村元32-1,,,,41.213637473371,140.52287099565,
684,E0230300036111,鍋田会館,青森県今別町大字鍋田字関口1,,,,41.176443198308,140.50629345979,
685,E0230300037111,関口コミュニティハウス,青森県今別町大字鍋田字関口140-1,,,,41.180263088486,140.5224981453,
686,E0230300039111,海峡の家ほろづき,青森県今別町大字袰月字袰村下70-2,,,,41.22155807447,140.54711196716,
687,E0230300040111,袰月会館,青森県今別町大字袰月字袰村元85,,,,41.218987768259,140.54077122506,
688,E0242600001111,磯谷地区漁民研修センター,青森県佐井村大字佐井字磯谷,,,,41.398031384129,140.83105860456,
689,E0242600002111,旧磯谷小中学校校庭,青森県佐井村大字佐井字磯谷10-2,1,,,41.40162072087,140.8351167868,
690,E0242600003111,磯谷防災公園,青森県佐井村大字佐井字磯谷111-4,1,,,41.398478018983,140.83340555401,
691,E0242600004121,ゆうなぎの里,青森県佐井村大字佐井字原田55-2,1,,要配慮者,41.455120409859,140.8808118332,
692,E0242600004111,ゆうなぎの里駐車場,青森県佐井村大字佐井字原田55-2,1,,,41.454995774406,140.881168567,
693,E0242600004112,ゆうなぎの里,青森県佐井村大字佐井字原田55-2,1,,,41.455120409859,140.8808118332,
694,E0242600005111,常信寺,青森県佐井村大字佐井字古佐井100-1,1,,,41.433514480787,140.86841745198,
695,E0242600006111,長福寺,青森県佐井村大字佐井字古佐井112-1,1,,,41.434968287208,140.8671004189,
696,E0242600007111,発信寺,青森県佐井村大字佐井字古佐井25-1,1,,,41.432481477052,140.86693179287,
697,E0242600008111,法性寺,青森県佐井村大字佐井字古佐井30,1,,,41.432199943613,140.86747896351,
698,E0242600009111,児童交流センター,青森県佐井村大字佐井字古佐井川目14-77,,,,41.431654592724,140.86737254445,
699,E0242600010111,保育所,青森県佐井村大字佐井字古佐井川目4,,,,41.431707238229,140.86880162459,
700,E0242600011111,佐井小学校校庭,青森県佐井村大字佐井字糠森103-3,1,,,41.431417800392,140.85857660742,
701,E0242600011112,佐井小学校,青森県佐井村大字佐井字糠森103-3,1,,,41.431795863857,140.85845859022,
702,E0242600012111,矢越地区生活改善センター,青森県佐井村大字佐井字糠森130-2,,,,41.424189511929,140.85137045691,
703,E0242600013111,振興センター,青森県佐井村大字佐井字糠森20,,,,41.42969829678,140.85913397412,
704,E0242600014111,津軽海峡文化館アルサス,青森県佐井村大字佐井字大佐井112-1,1,,,41.433051481376,140.86154501759,
705,E0242600015111,商工会,青森県佐井村大字佐井字大佐井114-1,,,,41.433354670868,140.86206279037,
706,E0242600016111,川目地区生活改善センター,青森県佐井村大字佐井字大佐井川目125-2,,,,41.404510991321,140.85680296874,
707,E0242600017121,高齢者生活福祉センター,青森県佐井村大字佐井字大佐井川目39-12,,,要配慮者,41.429599692462,140.8623467642,
708,E0242600017111,高齢者生活福祉センター,青森県佐井村大字佐井字大佐井川目39-12,,,,41.429599692462,140.8623467642,
709,E0242600018111,佐井中学校校庭,青森県佐井村大字佐井字中道75,1,,,41.442849034252,140.87172402155,
710,E0242600018112,佐井中学校,青森県佐井村大字佐井字中道75,1,,,41.441759264954,140.87093545209,
711,E0242600019111,原田地区生活改善センター,青森県佐井村大字佐井字中道83-40,,,,41.450509086136,140.87515135416,
712,E0242600020111,八幡宮,青森県佐井村大字佐井字八幡堂37,1,,,41.431514260567,140.86442790572,
713,E0242600021111,願掛公園駐車場,青森県佐井村大字佐井字矢越,1,,,41.416002,140.83781,
714,E0242600022111,牛滝地区交流促進センター,青森県佐井村大字長後字牛滝川目100-1,,,,41.290124487503,140.80447482345,
715,E0242600023111,牛滝小中学校校庭,青森県佐井村大字長後字牛滝川目99,1,,,41.289595658199,140.80501864905,
716,E0242600023112,牛滝小中学校,青森県佐井村大字長後字牛滝川目99,1,,,41.289692395833,140.8046431398,
717,E0242600024111,長後地区生活改善センター,青森県佐井村大字長後字長後川目22,1,,,41.367238851378,140.82928229742,
718,E0242600024112,旧長後小中学校校庭,青森県佐井村大字長後字長後川目22,1,,,41.367085865587,140.82948078088,
719,E0242600025112,旧福浦小中学校,青森県佐井村大字長後字福浦川目69,1,,,41.327874741397,140.81416434148,
720,E0242600025111,旧福浦小中学校校庭,青森県佐井村大字長後字福浦川目69,1,,,41.327592754754,140.81440037588,
721,E0242600026111,歌舞伎の館,青森県佐井村大字長後字福浦川目70-1,,,,41.327923081842,140.81312364439,
722,E0244100001111,杉沢小中学校,青森県三戸町大字貝守字杉沢向平50,1,,,40.3797978162267,141.101531950037,
723,E0244100002111,杉沢ふるさと会館,青森県三戸町大字貝守字杉沢向平57-2,,,,40.3812512802118,141.099580418078,
724,E0244100003111,ウッド・ロフトかいもり,青森県三戸町大字貝守字村ノ上11-1,,,,40.3782907784183,141.157041021135,
725,E0244100004111,基幹集落センター,青森県三戸町大字貝守字北向下田32,,,,40.3795492494767,141.169288002757,
726,E0244100006111,袴田生活改善センター,青森県三戸町大字袴田字下屋敷35-2,,,,40.3833596307169,141.21055473978,
727,E0244100007111,総合福祉センターふくじゅそう,青森県三戸町大字在府小路町17,,,,40.3786875741728,141.259501221085,
728,E0244100008111,保健センター,青森県三戸町大字在府小路町43,,,,40.378086855582,141.258449795156,
729,E0244100009111,蛇沼やまびこ会館,青森県三戸町大字蛇沼字馬場平88,1,,,40.3963218825424,141.190853480356,
730,E0244100010121,有料老人ホームいちばん星,青森県三戸町大字川守田字沖中73-4,,,要配慮者及びその家族,40.3934963037755,141.267664971741,
731,E0244100011111,勤労者体育センター（武道館）,青森県三戸町大字川守田字関根4-1,,,,40.3808652432673,141.254514891233,
732,E0244100012111,三戸共同福祉施設（ジョイ・ワーク三戸）,青森県三戸町大字川守田字関根4-11,1,,,40.3809186426546,141.255709937878,
733,E0244100013111,中央公民館,青森県三戸町大字川守田字関根川原55,1,,,40.3801326648367,141.254980280453,
734,E0244100013112,町民体育館,青森県三戸町大字川守田字関根川原55,1,,,40.3799365166236,141.254486753995,
735,E0244100015111,スポーツ文化福祉複合施設（アップルドーム）,青森県三戸町大字川守田字元木平8-1,1,,,40.3901510827351,141.265871547601,
736,E0244100017121,有料老人ホームこのはずく,青森県三戸町大字川守田字大明地17-1,,,要配慮者及びその家族,40.384413749731,141.260636529431,
737,E0244100018122,ショートステイ桜,青森県三戸町大字川守田字大明地18-4,,,要配慮者,40.3838736968508,141.260481845773,
738,E0244100018121,デイサービスセンター桜,青森県三戸町大字川守田字大明地18-4,,,要配慮者,40.3838124039991,141.260562312059,
739,E0244100019111,三戸高等学校,青森県三戸町大字川守田字白坂ノ上3-1,,,,40.3840525250786,141.255552073789,
740,E0244100021121,グループホームひまわり,青森県三戸町大字川守田字冷水68,,,要配慮者及びその家族,40.400815906395,141.264059920917,
741,E0244100022111,泉山あすなろ会館,青森県三戸町大字泉山字泉山44,1,,,40.382377846733,141.280644873443,
742,E0244100023111,農村環境改善センター,青森県三戸町大字斗内字清水田14,,,,40.358494799463,141.207082582413,
743,E0244100024111,斗川小学校,青森県三戸町大字斗内字清水田50,,,,40.3576541323313,141.206364114008,
744,E0244100025111,大舌交流センター,青森県三戸町大字斗内字大舌9-2,,,,40.3175319493487,141.194924050063,
745,E0244100026122,特別養護老人ホーム鶴亀荘,青森県三戸町大字斗内字和田60-1,,,要配慮者及びその家族,40.3623194563084,141.220658944308,
746,E0244100026121,グループホーム鶴亀,青森県三戸町大字斗内字和田60-1,,,要配慮者及びその家族,40.362409381148,141.22058920688,
747,E0244100028121,老人保健施設ほほえみ三戸,青森県三戸町大字同心町字諏訪内10,,,要配慮者及びその家族,40.3758450276204,141.253390478562,
748,E0244100031121,グループホームしろやま,青森県三戸町大字梅内字桐萩162-8,,,要配慮者及びその家族,40.3794613546887,141.264590016505,
749,E0244100032111,三戸小中学校,青森県三戸町大字梅内字権現林1,,,,40.3770034487549,141.268305725085,
750,E0244100033111,老人福祉センター,青森県三戸町大字梅内字権現林158,,,,40.3750868037687,141.268616861336,
751,E0244100034111,梅内ふれあい会館,青森県三戸町大字梅内字村中114-2,1,,,40.3758919086765,141.280437234809,
752,E0244100035111,豊川ほうえい会館,青森県三戸町大字豊川字上村中13-1,1,,,40.3651043011657,141.229221548046,
753,E0244100036111,目時さわやか会館,青森県三戸町大字目時字中道80-1,1,,,40.3484371476203,141.278657020018,
754,E0220700002121,栄町ぬくもりの家,青森県三沢市栄町3-125-1,,,高齢者,40.6707630171073,141.361265413072,
755,E0220700002122,栄町コラボケアセンター,青森県三沢市栄町3-125-1,,,高齢者,40.670701986069,141.361168853548,
756,E0220700003121,グループホーム　木崎野の家,青森県三沢市栄町3-140-621,,,知的障害者,40.6711727473698,141.362758200955,
757,E0220700004121,グループホーム　あぐりの家,青森県三沢市栄町3-140-622,,,知的障害者,40.6710588234207,141.362785023041,
758,E0220700007122,岡三沢ぬくもりの家,青森県三沢市岡三沢1-1-97,,,高齢者,40.6905160646563,141.375886541774,
759,E0220700007121,岡三沢コラボケアセンター,青森県三沢市岡三沢1-1-97,,,高齢者,40.69042657897,141.375913363861,
760,E0220700010111,三沢市立岡三沢小学校,青森県三沢市岡三沢3-1-1,1,,,40.6877903596818,141.373702792969,
761,E0220700013121,グループホーム赤とんぼ花園,青森県三沢市花園町1-5-16,,,高齢者,40.6826510326499,141.359288990206,
762,E0220700014111,三沢市立古間木小学校,青森県三沢市古間木1-152-139,1,,,40.6717561692388,141.347058330128,
763,E0220700015121,グループホームクローバー,青森県三沢市古間木2-181-13,,,高齢者,40.6720330414183,141.340154986548,
764,E0220700016111,三沢市働く婦人の家,青森県三沢市幸町1-7-15,,,,40.685059,141.368352,
765,E0220700017111,三沢市勤労青少年ホーム,青森県三沢市幸町1-7-5,,,,40.684906,141.368079,
766,E0220700021111,三沢市立第五中学校,青森県三沢市字古間木山141-111,1,,,40.6708711190625,141.358596485395,
767,E0220700023111,三沢市立三川目小学校※津波の場合を除く。,青森県三沢市鹿中2-145-459,1,,,40.6818857025601,141.427616428095,
768,E0220700024121,春日台介護センター,青森県三沢市春日台2-152-413,,,高齢者,40.669701528485,141.346430876629,
769,E0220700025111,青森県立三沢商業高等学校,青森県三沢市春日台2-154,1,,,40.6683114534565,141.344334513823,
770,E0220700027111,青森県立三沢高等学校,青森県三沢市松園町1-1,1,,,40.6782789946719,141.371525445568,
771,E0220700029111,三沢市立第一中学校,青森県三沢市松園町2-1-34,1,,,40.6795805952418,141.366472292773,
772,E0220700030121,松園ひばり苑,青森県三沢市松園町2-21-7,,,高齢者,40.6754829359562,141.366595180076,
773,E0220700031122,松園ケアラウンジ・スカイ,青森県三沢市松園町2-7-7,,,高齢者,40.6773773788786,141.367797757191,
774,E0220700031121,松園グループホーム・スカイ,青森県三沢市松園町2-7-7,,,高齢者,40.6773204222287,141.367781663935,
775,E0220700031123,松園デイサービス・スカイ,青森県三沢市松園町2-7-7,,,高齢者,40.6774465404591,141.367717290922,
776,E0220700033121,グループホームにこにこプラザみさわ,青森県三沢市松園町3-2-1,,,高齢者,40.6765006880211,141.365709216124,
777,E0220700034121,松原コラボケアセンター,青森県三沢市松原町1-31-3704,,,高齢者,40.6736356690576,141.374170703509,
778,E0220700034122,松原ぬくもりの家,青森県三沢市松原町1-31-3704,,,高齢者,40.6735298864469,141.374141199224,
779,E0220700042121,クオーレ深谷,青森県三沢市深谷1-178-13,,,障害者,40.6761965639842,141.39646533986,
780,E0220700044121,特別養護老人ホーム　うるわしの杜,青森県三沢市千代田町4-140-851,,,高齢者,40.6665815114542,141.360208996265,
781,E0220700049122,三沢老人ホーム,青森県三沢市大字三沢字園沢156-8,,,高齢者,40.6776614850587,141.411402928795,
782,E0220700049121,三沢デイサービスセンター,青森県三沢市大字三沢字園沢156-8,,,高齢者,40.6777024890329,141.411547473941,
783,E0220700050111,三沢市立三沢小学校,青森県三沢市大字三沢字園沢93-2,1,,,40.6837984741401,141.400414145831,
784,E0220700051111,三沢市立第二中学校,青森県三沢市大字三沢字園沢97-2,1,,,40.6849121556499,141.406698467346,
785,E0220700054121,シニアパンション三沢・下久保,青森県三沢市大字三沢字下久保41-39,,,高齢者,40.6868207166156,141.384253010426,
786,E0220700055121,就労継続支援Ｂ型事業所ワークランドつばさ,青森県三沢市大字三沢字戸崎101-1552,,,知的障害者,40.7465090337559,141.382834911395,
787,E0220700059111,三沢市立おおぞら小学校三沢市立第三中学校※津波の場合を除く。,青森県三沢市大字三沢字庭構1084-33,1,,,40.7812170399426,141.400041664483,
788,E0220700061121,グループホーム赤とんぼ,青森県三沢市大字三沢字南山85-10,,,高齢者,40.6871668007639,141.390755577414,
789,E0220700062121,障害者就労トライアルセンターボイス,青森県三沢市大字三沢字堀口164-1,,,障害者,40.6697743808535,141.393404546673,
790,E0220700063121,シルバーピュア三沢,青森県三沢市大字三沢字堀口164-13,,,高齢者,40.6706086719339,141.387947829896,
791,E0220700064121,堀口ひばり苑,青森県三沢市大字三沢字堀口164-291,,,高齢者,40.6693024581039,141.392503298066,
792,E0220700065111,三沢市立堀口中学校,青森県三沢市大字三沢字堀口94-143,1,,,40.6829777515909,141.383118570409,
793,E0220700067121,介護老人保健施設　やすらぎ苑,青森県三沢市大字三沢字淋代平116-3097,,,高齢者,40.7455483609368,141.374523749914,
794,E0220700069111,三沢市立上久保小学校,青森県三沢市大町1-3-9,1,,,40.6784487624791,141.358222825026,
795,E0220700070121,大町児童デイサービスセンター　ひかり,青森県三沢市大町2-2-1,,,障害児,40.6786709707311,141.360808076215,
796,E0220700073121,シニアライフ大津,青森県三沢市大津2-12-374,,,高齢者,40.6821555435436,141.419746271263,
797,E0220700078111,三沢市武道館,青森県三沢市中央町1-4-20,,,,40.6833249906939,141.366790107756,
798,E0220700081111,三沢市立木崎野小学校,青森県三沢市東町4-2,1,,,40.6775622333737,141.377293112033,
799,E0220700082111,三沢市国際交流スポーツセンター,青森県三沢市南山1-138-2,,,,40.6810671191429,141.399304740379,
800,E0220700086121,ハナハナ,青森県三沢市南町4-31-3736,,,障害者,40.6670502094125,141.371821751343,
801,E0220700089121,シニアパンション三沢・平畑,青森県三沢市平畑1-1-29,,,高齢者,40.6864160432537,141.366183285073,
802,E0240200059111,七戸町総合アリーナ,青森県七戸町荒熊内67-170,1,,,40.717225,141.146381,
803,E0240200001111,李沢地区集会所,青森県七戸町字姥沢2-2,1,,,40.765633,141.239905,
804,E0240200003111,榎林地区農産物加工等施設,青森県七戸町字榎林家ノ前40-1,1,,,40.737288185936,141.21920210186,
805,E0240200004111,白石地区コミュニティセンター,青森県七戸町字堰代6-2,1,,,40.778091,141.122058,
806,E0240200005111,七戸町天間林宿泊交流施設かだれ天間林,青森県七戸町字花松林ノ根35-1,1,,,40.722367229606,141.20175237302,
807,E0240200005112,四ヶ村集会所,青森県七戸町字花松林ノ根35-1,1,,,40.722723,141.201731,
808,E0240200006111,美土里荘グループホーム櫟,青森県七戸町字寒水70-17,,,,40.716882,141.174854,
809,E0240200006112,美土里荘デイサービスセンター梓,青森県七戸町字寒水70-17,,,,40.716939,141.174849,
810,E0240200006113,特別養護老人ホーム美土里荘,青森県七戸町字寒水70-17,,,,40.716922,141.174854,
811,E0240200006121,美土里荘グループホーム櫟,青森県七戸町字寒水70-17,,町が確認し、一般避難所での生活が困難と認められる者,要配慮者（介護が必要な方）,40.716882,141.174854,
812,E0240200006122,美土里荘デイサービスセンター梓,青森県七戸町字寒水70-17,,町が確認し、一般避難所での生活が困難と認められる者,要配慮者（介護が必要な方）,40.716939,141.174849,
813,E0240200006123,特別養護老人ホーム美土里荘,青森県七戸町字寒水70-17,,町が確認し、一般避難所での生活が困難と認められる者,要配慮者（介護が必要な方）,40.716922,141.174854,
814,E0240200007111,七戸町立城南小学校,青森県七戸町字舘野32-58,1,,,40.687121,141.157962,
815,E0240200008112,県立七戸高等学校（第一体育館）,青森県七戸町字舘野47-31,1,,,40.688769,141.154477,
816,E0240200008111,県立七戸高等学校（第二体育館）,青森県七戸町字舘野47-31,1,,,40.689159,141.15423,
817,E0240200009111,農村交流施設絵馬の里交流館,青森県七戸町字見町48-1,1,,,40.671485,141.136355,
818,E0240200010111,坪地区農産物加工等施設,青森県七戸町字後平112,1,,,40.774493,141.143526,
819,E0240200011111,障がい者支援施設一誠園,青森県七戸町字後平597-1,,,,40.794505202427,141.14924618385,
820,E0240200011121,障がい者支援施設一誠園,青森県七戸町字後平597-1,,町が確認し、一般避難所での生活が困難と認められる者,障がい者,40.794497080079,141.14925691269,
821,E0240200012111,七戸町観光交流センター,青森県七戸町字荒熊内207,1,,,40.719708,141.15305,
822,E0240200013111,道の駅しちのへ　物産館,青森県七戸町字荒熊内67-94,1,,,40.716656,141.15524,
823,E0240200013112,道の駅しちのへ　七彩館,青森県七戸町字荒熊内67-94,1,,,40.716811,141.154827,
824,E0240200014111,道の駅しちのへ　情報館,青森県七戸町字荒熊内67-997,1,,,40.717100287108,141.15520090235,
825,E0240200015111,農産物加工開発研修センター,青森県七戸町字山舘25-1,1,,,40.695708295802,141.10031055952,
826,E0240200015112,中山間活性化センター,青森県七戸町字山舘25-1,1,,,40.695960296879,141.10022493254,
827,E0240200016111,七戸農村環境改善センター柏葉館,青森県七戸町字七戸22-8,1,,,40.696337,141.150734,
828,E0240200018111,県立七戸養護学校（体育館）,青森県七戸町字蛇坂57-31,1,,,40.711089,141.151997,
829,E0240200019111,七戸町立武道館,青森県七戸町字蛇坂57-59,1,,,40.712141,141.154367,
830,E0240200020111,中野地区コミュニティセンター,青森県七戸町字手代森52-2,1,,,40.734742,141.153177,
831,E0240200021111,特別養護老人ホーム天寿園,青森県七戸町字舟場向川久保308,,,,40.757884,141.179171,
832,E0240200021121,特別養護老人ホーム天寿園,青森県七戸町字舟場向川久保308,,町が確認し、一般避難所での生活が困難と認められる者,要配慮者（介護が必要な方）,40.757884,141.179171,
833,E0240200022111,農村交流センター駒踊り伝承館,青森県七戸町字沼ノ沢39-7,1,,,40.652396,141.137776,
834,E0240200023111,七戸町立七戸小学校,青森県七戸町字上町野130,1,,,40.706005,141.153741,
835,E0240200025111,天間林農村環境改善センター,青森県七戸町字森ノ下48-2,1,,,40.745245967633,141.17448433862,
836,E0240200027121,天間林老人福祉センター,青森県七戸町字森ノ上16-4,1,町が確認し、一般避難所での生活が困難と認められる者,高齢者,40.745407,141.169603,
837,E0240200027111,天間林老人福祉センター,青森県七戸町字森ノ上16-4,1,,,40.745424,141.169418,
838,E0240200027112,七戸町立天間林中学校体育館,青森県七戸町字森ノ上16-4,1,,,40.745808,141.169651,
839,E0240200028111,七戸町立天間林小学校,青森県七戸町字森ノ上180-1,1,,,40.747172,141.16166,
840,E0240200029121,天間西児童センター,青森県七戸町字森ノ上180-7,,町が確認し、一般避難所での生活が困難と認められる者,妊婦・乳幼児,40.748216495137,141.16118185715,
841,E0240200029111,天間西児童センター,青森県七戸町字森ノ上180-7,,,,40.748216495137,141.16118185715,
842,E0240200030111,中央公民館,青森県七戸町字森ノ上210,1,,,40.745428121282,141.156724610084,
843,E0240200031121,天間林児童センター,青森県七戸町字森ノ上284-14,,町が確認し、一般避難所での生活が困難と認められる者,妊婦・乳幼児,40.748287492021,141.16134148171,
844,E0240200031111,天間林児童センター,青森県七戸町字森ノ上284-14,,,,40.748287492021,141.16134148171,
845,E0240200032111,天間林保健センター,青森県七戸町字森ノ上359-5,1,,,40.745161,141.159188,
846,E0240200032121,天間林保健センター,青森県七戸町字森ノ上359-5,1,町が確認し、一般避難所での生活が困難と認められる者,妊婦・乳幼児,40.745161,141.159188,
847,E0240200033111,障害者支援施設あぜりあ苑,青森県七戸町字清水頭71-80,,,,40.666042,141.122161,
848,E0240200033121,障害者支援施設あぜりあ苑,青森県七戸町字清水頭71-80,,町が確認し、一般避難所での生活が困難と認められる者,障がい者,40.666042,141.122161,
849,E0240200034111,七戸町文化交流センター,青森県七戸町字前田32,1,,,40.685892,141.125677,
850,E0240200036111,七戸町立七戸第二体育館,青森県七戸町字前田32-6,1,,,40.685587,141.126417,
851,E0240200038121,城南福祉プラザ,青森県七戸町字太田野19-4,,町が確認し、一般避難所での生活が困難と認められる者,要配慮者（介護が必要な方）,40.691348,141.162848,
852,E0240200038111,城南福祉プラザ,青森県七戸町字太田野19-4,,,,40.691348,141.162848,
853,E0240200039111,県営農大学校（体育館）,青森県七戸町字大沢48-8,1,,,40.721358,141.160724,
854,E0240200041112,屋内スポーツセンター,青森県七戸町字中野16-1,1,,,40.739046,141.165129,
855,E0240200041111,ふれあいセンター,青森県七戸町字中野16-1,1,,,40.73886,141.165701,
856,E0240200042111,森ノ上地区コミュニティセンター,青森県七戸町字中野96-1,1,,,40.742708,141.164131,
857,E0240200047111,七戸町立七戸中学校,青森県七戸町字鶴児平191,1,,,40.704167,141.13077,
858,E0240200048111,城北児童センター,青森県七戸町字天王67-2,,,,40.70585414716,141.15267972637,
859,E0240200048121,城北児童センター,青森県七戸町字天王67-2,,町が確認し、一般避難所での生活が困難と認められる者,妊婦・乳幼児,40.70585414716,141.15267972637,
860,E0240200050111,道ノ上地区コミュニティセンター,青森県七戸町字道ノ上133-2,1,,,40.751005192002,141.14980003439,
861,E0240200052111,パリアティブケアセンターこだま,青森県七戸町字道ノ上54-72,,,,40.745342,141.154991,
862,E0240200052121,パリアティブケアセンターこだま,青森県七戸町字道ノ上54-72,,町が確認し、一般避難所での生活が困難と認められる者,要配慮者（介護が必要な方）,40.745342,141.154991,
863,E0240200054111,二ツ森地区コミュニティセンター,青森県七戸町字二ツ森家ノ後3-2,1,,,40.745306,141.233919,
864,E0240200056111,七戸町総合福祉センターゆうずらんど,青森県七戸町字立野頭139-1,1,,,40.705997,141.16882,
865,E0240200056121,七戸町総合福祉センターゆうずらんど,青森県七戸町字立野頭139-1,1,町が確認し、一般避難所での生活が困難と認められる者,高齢者,40.705997,141.16882,
866,E0240200057111,哘地区集会所,青森県七戸町字哘平47-20,1,,,40.749061,141.119171,
867,E0220600002111,ちとせ小学校,青森県十和田市元町西6-2-1,,,,40.62598757,141.1990612,
868,E0220600004111,三本木高等学校,青森県十和田市西五番町7-1,,,,40.60358393,141.2201302,
869,E0220600007111,市総合体育センター,青森県十和田市西三番町6-6,,,,40.61117685,141.2108012,
870,E0220600008111,北園小学校,青森県十和田市西十一番町50-18,,,,40.61482732,141.2003168,
871,E0220600009111,南小学校,青森県十和田市西十五番町3-1,,,,40.6029697,141.213331,
872,E0220600010111,三本木中学校,青森県十和田市西十三番町5-24,,,,40.60920097,141.2036475,
873,E0220600015111,南コミュニティセンター,青森県十和田市西六番町5-10,,,,40.59891252,141.2186817,
874,E0220600016111,東小学校,青森県十和田市大字一本木沢1-1-1,,,,40.62874381,141.2281934,
875,E0220600017111,法奥小学校,青森県十和田市大字奥瀬字下川目102-2,,,,40.58639017,141.0973276,
876,E0220600018111,十和田湖小学校十和田湖中学校,青森県十和田市大字奥瀬字十和田湖畔宇樽部420,,,,40.440714650792,140.93326148562,
877,E0220600019111,十和田湖観光交流センター　ぷらっと,青森県十和田市大字奥瀬字十和田湖畔休屋486,,,,40.42601,140.893153,
878,E0220600021111,旧地域包括支援センター,青森県十和田市大字奥瀬字中平61-6,,,,40.58617215,141.1073672,
879,E0220600022111,西コミュニティセンター,青森県十和田市大字奥瀬字中平70-3,,,,40.586258360075,141.10942552417,
880,E0220600023111,十和田工業高等学校,青森県十和田市大字三本木字下平215-1,,,,40.62854492,141.2299704,
881,E0220600024111,西小学校,青森県十和田市大字三本木字西金崎6-2,,,,40.60959184,141.1780125,
882,E0220600025111,甲東中学校,青森県十和田市大字深持字南平330,,,,40.61542025,141.1711758,
883,E0220600026111,深持小学校,青森県十和田市大字深持字林12-3,,,,40.61851331,141.1463598,
884,E0220600027111,夏間木地区会館,青森県十和田市大字切田字夏間木46-2,,,,40.55509483,141.1407618,
885,E0220600028111,切田中学校,青森県十和田市大字切田字平林387,,,,40.58022979,141.1859198,
886,E0220600029111,三本木農業恵拓高等学校,青森県十和田市大字相坂字高清水78-92,,,,40.63963855,141.2662758,
887,E0220600031111,藤坂小学校,青森県十和田市大字相坂字小林355-1,,,,40.59430016,141.2383457,
888,E0220600032111,沢田悠学館,青森県十和田市大字沢田字下洗21-1,,,,40.58433842,141.1567561,
889,E0220600033112,第一中学校,青森県十和田市大字沢田字下洗53-3,,,,40.585865,141.155849,
890,E0220600034111,沢田小学校,青森県十和田市大字沢田字田屋29,,,,40.58463292,141.1523969,
891,E0220600035111,道の駅　とわだ,青森県十和田市大字伝法寺字平窪37-2,,,,40.574741417041,141.264645754,
892,E0220600037111,大深内小学校大深内中学校,青森県十和田市大字洞内字千刈田24-6,,,,40.66972752,141.2151218,
893,E0220600040111,四和小学校四和中学校,青森県十和田市大字米田字高谷140,,,,40.54799343,141.2348529,
894,E0220600041111,月日山林業会館,青森県十和田市大字米田字森ノ越19-1,,,,40.5151468,141.139023,
895,E0220600058112,奥入瀬渓流温泉　灯と楓,青森県十和田市大字法量字焼山64-108,,,,40.579026,140.995137,
896,E0220600045111,三本木小学校,青森県十和田市東三番町36-1,,,,40.61411227,141.2220883,
897,E0220600049111,十和田中学校,青森県十和田市東十六番町27-1,,,,40.60338589,141.2327033,
898,E0220600053111,東中学校,青森県十和田市東二十二番町29-1,,,,40.62685411,141.2381218,
899,E0245000001111,都市農村交流センター美郷館,青森県新郷村大字戸来字風呂前10,1,,,40.466537371465,141.173804814786,
900,E0245000002111,旧西越小学校体育館,青森県新郷村大字西越字佐野平57,1,,,40.4388879336561,141.203359344685,
901,E0232300112111,大戸瀬中学校体育館,青森県深浦大字北金ヶ沢字榊原上野208-23,,,,40.752641,140.078397,
902,E0232300087111,横磯集落センター,青森県深浦町大字横磯字下岡崎85-1,1,,,40.628531,139.886276,
903,E0232300088111,北金ヶ沢総合防災センター,青森県深浦町大字関字栃沢260-1,1,,,40.74512999,140.0937205,
904,E0232300089111,関福祉センター,青森県深浦町大字関字栃沢34,1,,,40.743274,140.101965,
905,E0232300090111,大戸瀬支所,青森県深浦町大字関字栃沢78-2,1,,,40.744671571244,140.09765989048,
906,E0232300091111,修道小学校体育館,青森県深浦町大字関字栃沢85-1,1,,,40.745496,140.096492,
907,E0232300092111,岩坂福祉センター,青森県深浦町大字岩坂字長谷野20-2,1,,,40.718854,140.112713,
908,E0232300093111,漁業振興センター,青森県深浦町大字岩崎字玉坂370-2,1,,,40.586819,139.912848,
909,E0232300094111,高齢者センター,青森県深浦町大字岩崎字松原104-1,1,,,40.585494,139.921763,
910,E0232300095111,岩崎上地区コミュニティセンター,青森県深浦町大字岩崎字松原57,1,,,40.582944,139.926159,
911,E0232300048121,社会福祉法人はくしん会,青森県深浦町大字岩崎字松原57-2,,,町が必要と判断した避難行動要支援者等,40.583259,139.924745,
912,E0232300096111,広戸福祉センター,青森県深浦町大字広戸字家野上101-121,1,,,40.667116,139.947716,
913,E0232300097111,東野福祉センター,青森県深浦町大字広戸字家野上176,1,,,40.656853,139.950811,
914,E0232300098112,町民体育館,青森県深浦町大字広戸字家野上95-201,1,,,40.663395,139.942963,
915,E0232300098111,武道館,青森県深浦町大字広戸字家野上95-201,1,,,40.663716,139.94277,
916,E0232300099111,やまびこハウス,青森県深浦町大字黒崎字小浜243-1,1,,,40.51598,139.948834,
917,E0232300100111,松神地区コミュニティセンター,青森県深浦町大字松神字中浜松92-2,1,,,40.540011,139.947325,
918,E0232300075111,森山集会所,青森県深浦町大字森山字松浦68-1,,,,40.560359,139.934176,
919,E0232300076111,岡町福祉センター「御仮屋舘」,青森県深浦町大字深浦字岡町172-1,1,,,40.647322,139.932174,
920,E0232300049121,社会福祉法人治省会,青森県深浦町大字深浦字吾妻沢146-65,,,町が必要と判断した避難行動要支援者等,40.656601,139.941037,
921,E0232300078111,深浦町福祉センター「元城舘」,青森県深浦町大字深浦字藻戸深浦165-1,,,,40.636991,139.924039,
922,E0232300079111,深浦公民館,青森県深浦町大字深浦字中沢14-1,1,,,40.639032,139.930055,
923,E0232300080111,深浦町介護予防世代間交流施設「さくら館」,青森県深浦町大字深浦字中沢2-5,,,,40.640839,139.929535,
924,E0232300081111,深浦小学校体育館,青森県深浦町大字深浦字寅平62-6,1,,,40.639742,139.92779,
925,E0232300082111,深浦町ふれあいプラザ「恵比須」,青森県深浦町大字深浦字苗代沢77-28,1,,,40.648922,139.927671,
926,E0232300083111,深浦町福祉センター「猿神鼻」,青森県深浦町大字深浦字苗代沢85-3,1,,,40.646049,139.928325,
927,E0232300084111,深浦町生きがいプラザ「春光舘」,青森県深浦町大字深浦字浜町346-6,,,,40.64376,139.922873,
928,E0232300086111,深浦中学校体育館,青森県深浦町大字深浦字蓙野60,1,,,40.651237,139.935481,
929,E0232300101111,正久地区多目的センター,青森県深浦町大字正道尻字小礒109-5,1,,,40.574213835717,139.93146006879,
930,E0232300102112,いわさき小学校,青森県深浦町大字正道尻字小礒13-2,1,,,40.577084715316,139.9319880195,
931,E0232300102111,岩崎中学校体育館,青森県深浦町大字正道尻字小礒13-2,1,,,40.578373,139.931659,
932,E0232300103111,大間越地区コミュニティセンター,青森県深浦町大字大間越字上小屋野70,1,,,40.486638,139.948254,
933,E0232300104111,沢辺地区コミュニティセンター,青森県深浦町大字沢辺字吉花133,1,,,40.585495,139.890257,
934,E0232300105111,長慶平福祉センター,青森県深浦町大字長慶平字西芦萢20-1,1,,,40.625469,139.999337,
935,E0232300106111,松原集落センター,青森県深浦町大字追良瀬字初瀬山草分62,1,,,40.658639,140.012186,
936,E0232300107111,追良瀬福祉センター,青森県深浦町大字追良瀬字相野山48-1,1,,,40.682027,139.976046,
937,E0232300108111,田野沢福祉センター,青森県深浦町大字田野沢字清滝44,1,,,40.761478,140.04362,
938,E0232300109111,風合瀬農業環境改善センター,青森県深浦町大字風合瀬字上砂子川21-1,1,,,40.730991,140.01391,
939,E0232300110111,晴山福祉センター,青森県深浦町大字風合瀬字大磯188-1,1,,,40.74515,140.023161,
940,E0232300111111,農村環境改善センター,青森県深浦町大字北金ヶ沢字塩見形406-1,1,,,40.750722786369,140.09136206878,
941,E0232300114111,柳田農業環境改善センター,青森県深浦町大字柳田字宮崎158-2,1,,,40.744036,140.132467,
942,E0232300115111,舮作福祉センター,青森県深浦町大字舮作字上清滝7,1,,,40.609621,139.870283,
943,E0232300116111,驫木多目的集落センター,青森県深浦町大字驫木字亀ヶ崎164-2,1,,,40.698129,139.978174,
944,E0232300050121,社会福祉法人西寿会,青森県深浦町大字驫木字津山118-44,,,町が必要と判断した避難行動要支援者等,40.702474,139.981785,
945,E0234300006111,西目屋村中央公民館,青森県西目屋村大字田代字稲元143,1,,,40.577077,140.295488,
946,E0221000015121,グループホームユートピア白神,青森県西目屋村大字田代字稲本3-1,,左記のうち、事前に市が特定し、環境調整を事前に行った者,要配慮者,40.5764855963,140.29743277437,
947,E0220100002111,片岡福祉館,青森県青森市旭町3-7-20,1,,,40.811292,140.738717,
948,E0220100003122,児童養護施設藤聖母園,青森県青森市奥野3-7-1,,,障害者,40.8137011691881,140.764511054131,
949,E0220100004121,青森藤こども園,青森県青森市奥野3-7-2,,,小児,40.81396913,140.7645379,
950,E0220100005111,造道中学校,青森県青森市岡造道2-14-1,1,,,40.8254749,140.7887986,
951,E0220100006111,沖館市民センター,青森県青森市沖館1-1-11,1,,,40.83246203,140.7244453,
952,E0220100009111,沖館中学校,青森県青森市沖館5-19-1,1,,,40.8359212,140.7169472,
953,E0220100010111,沖館小学校,青森県青森市沖館5-3-1,1,,,40.83209375,140.7215532,
954,E0220100012111,古川中学校,青森県青森市久須志2-9-1,1,,,40.82017703,140.7286532,
955,E0220100013111,久須志福祉館,青森県青森市久須志2-9-5,1,,,40.8185414,140.7287305,
956,E0220100014111,橋本小学校,青森県青森市橋本1-9-17,1,,,40.82458152,140.7530554,
957,E0220100016111,青森少年鑑別所,青森県青森市金沢1-5-38,1,,,40.813946866765,140.73485164039,
958,E0220100017111,甲田小学校,青森県青森市金沢1-6-1,1,,,40.81419036,140.7340239,
959,E0220100018111,甲田中学校,青森県青森市金沢3-11-1,1,,,40.80896542,140.7331073,
960,E0220100019111,金沢小学校,青森県青森市金沢4-5-1,1,,,40.80946835,140.7286718,
961,E0220100023111,戸山西小学校,青森県青森市蛍沢3-1-1,1,,,40.80185376,140.8002407,
962,E0220100025111,戸山市民センター,青森県青森市蛍沢4-1-4,1,,,40.79905986,140.8046548,
963,E0220100028111,青森東高等学校,青森県青森市原別3-1-1,1,,,40.83471119,140.8050767,
964,E0220100029111,東部市民センター,青森県青森市原別3-8-1,1,,,40.83722491,140.8071455,
965,E0220100030112,古川市民センター,青森県青森市古川3-7-14,1,,,40.82204262,140.7341278,
966,E0220100030111,古川小学校,青森県青森市古川3-7-14,1,,,40.82217253,140.7337684,
967,E0220100031111,青森商業高等学校,青森県青森市戸山字安原7-1,1,,,40.811449021991,140.79820042446,
968,E0220100033111,幸畑福祉館,青森県青森市幸畑2-2-2,1,,,40.781755,140.782303,
969,E0220100034111,青森大学,青森県青森市幸畑2-3-1,1,,,40.78333104,140.781236,
970,E0220100039121,介護老人保健施設みちのく青海荘,青森県青森市港町3-6-3,,,高齢者,40.83098014,140.7689016,
971,E0220100040111,青森刑務所,青森県青森市荒川藤戸88,,,,40.793986301212,140.73843885055,
972,E0220100041111,浪打中学校,青森県青森市合浦1-11-10,1,,,40.82791489,140.7721943,
973,E0220100042111,オカでんアリーナ（青森市スポーツ会館）,青森県青森市合浦1-13-1,1,,,40.82841748,140.7740608,
974,E0220100049111,青森高等学校,青森県青森市桜川8-1-2,1,,,40.80908366,140.7674719,
975,E0220100051111,筒井中学校,青森県青森市桜川8-15-1,1,,,40.80781614,140.7704758,
976,E0220100057111,篠田福祉館,青森県青森市篠田2-20-25,1,,,40.82709981,140.7244964,
977,E0220100058111,篠田小学校,青森県青森市篠田3-16-2,1,,,40.82816446,140.7194479,
978,E0220100060111,高等看護学院,青森県青森市勝田1-16-16,1,,,40.8151319,140.7559112,
979,E0220100063121,地域密着型特別養護老人ホーム　勝田三思園,青森県青森市勝田2-20-12,,,高齢者,40.8188958819585,140.75898116899,
980,E0220100064111,浦町中学校,青森県青森市勝田2-25-12,1,,,40.81593615,140.7599394,
981,E0220100066121,グループホームふれあい,青森県青森市小柳1-17-17,,,高齢者,40.8214374784564,140.790803581092,
982,E0220100067121,デイサービスセンターふれあい,青森県青森市小柳1-17-18,,,高齢者,40.821254799528,140.791189819186,
983,E0220100067122,居宅介護支援事業所ふれあい,青森県青森市小柳1-17-18,,,高齢者,40.8211086560233,140.790728479239,
984,E0220100068111,中央市民センター小柳分館,青森県青森市小柳3-3-5,1,,,40.81928133,140.7923012,
985,E0220100070111,小柳小学校,青森県青森市小柳4-6-1,1,,,40.81902968,140.7946559,
986,E0220100071111,ほろがけ福祉館,青森県青森市小柳6-2-7,1,,,40.81851,140.787039,
987,E0220100072111,中央市民センター,青森県青森市松原1-6-15,1,,,40.82072288,140.7608103,
988,E0220100074111,北斗高等学校,青森県青森市松原2-1-24,1,,,40.81897735,140.7604864,
989,E0220100075111,堤小学校,青森県青森市松原2-4-4,1,,,40.81901756,140.7615901,
990,E0220100082111,青森南高等学校,青森県青森市西大野2-12-40,1,,,40.80296338,140.7229906,
991,E0220100086121,特別養護老人ホーム大野和幸園,青森県青森市西大野5-16-10,,,高齢者,40.79908092,140.7238262,
992,E0220100348121,障害者支援施設こぶし園,青森県青森市西大野5-24-11,,,障害者,40.798346,140.725398,
993,E0220100087111,莨町小学校,青森県青森市青柳2-7-25,1,,,40.82738395,140.7583825,
994,E0220100088111,浜田福祉館,青森県青森市青葉3-8-1,1,,,40.80268131,140.7559376,
995,E0220100093111,戸山中学校,青森県青森市赤坂1-1-1,1,,,40.80174378,140.8058432,
996,E0220100097111,千刈小学校,青森県青森市千刈1-10-20,1,,,40.8237907,140.7274305,
997,E0220100100111,造道小学校,青森県青森市造道3-4-16,1,,,40.8290302,140.7860725,
998,E0220100102111,中央市民センター安田分館,青森県青森市大字安田字近野370-4,1,,,40.80188015,140.7127015,
999,E0220100103111,油川中学校,青森県青森市大字羽白字沢田471,1,,,40.85442403,140.6877586,
1000,E0220100104111,油川市民センター,青森県青森市大字羽白字池上197-1,1,,,40.85223679,140.6831072,
1001,E0220100105111,青森北高等学校,青森県青森市大字羽白字富田80-7,1,,,40.85011459,140.6888687,
1002,E0220100106121,介護老人保健施設　青照苑,青森県青森市大字羽白字野木和45,,,高齢者,40.84781069,140.6785508,
1003,E0220100342111,カクヒログループスーパーアリーナ（青森市総合体育館）,青森県青森市大字浦町字橋本335-17,1,,,40.81396,140.745909,
1004,E0220100109121,特別養護老人ホーム雲谷ホーム,青森県青森市大字雲谷字山吹92-170,,,高齢者,40.73947927,140.7832263,
1005,E0220100110111,北部地区農村環境改善センター,青森県青森市大字奥内字宮田41-3,1,,,40.88614097,140.6758948,
1006,E0220100111121,特別養護老人ホーム外ヶ浜荘,青森県青森市大字奥内字宮田564-2,,,高齢者,40.8892974,140.6709431,
1007,E0220100112121,特別養護老人ホーム朝光苑,青森県青森市大字横内字亀井245-1,,,高齢者,40.77116931,140.7668044,
1008,E0220100113111,横内市民センター,青森県青森市大字横内字亀井28-2,1,,,40.77778538,140.7659793,
1009,E0220100114121,障害児入所施設八甲学園,青森県青森市大字横内字桜峰63-1,,,障害者,40.76776688,140.7647841,
1010,E0220100115121,特別養護老人ホーム三思園,青森県青森市大字横内字若草1-1,,,高齢者,40.7846546,140.7609577,
1011,E0220100116111,青森中央学院大学,青森県青森市大字横内字神田12-1,1,,,40.78363025,140.7618605,
1012,E0220100117111,中央市民センター岡町分館,青森県青森市大字岡町字松本7-4,1,,,40.83999465,140.6837148,
1013,E0220100119121,特別養護老人ホームかいふう,青森県青森市大字久栗坂字山辺89-10,,,高齢者,40.877881968196,140.85174736799,
1014,E0220100121111,東陽小学校,青森県青森市大字宮田字玉水181-1,1,,,40.84070841,140.8291992,
1015,E0220100122111,マエダアリーナ（新青森県総合運動公園総合体育館）,青森県青森市大字宮田字高瀬22-2,1,,,40.84281466,140.8403732,
1016,E0220100124111,牛館ふれあいセンター,青森県青森市大字牛館字松枝84-3,1,,,40.7841015,140.750072,
1017,E0220100125111,荒川小・中学校金浜分教室,青森県青森市大字金浜字伊吹22-1,1,,,40.7633704,140.7321548,
1018,E0220100126111,荒川中学校,青森県青森市大字金浜字稲田107,1,,,40.78050008,140.740336,
1019,E0220100128121,特別養護老人ホーム藤の園,青森県青森市大字駒込字蛍沢387-1,,,高齢者,40.79271413,140.8131455,
1020,E0220100129121,養護老人ホーム藤ホーム,青森県青森市大字駒込字蛍沢387-3,,,高齢者,40.79190593,140.8133118,
1021,E0220100130121,青森月見寮,青森県青森市大字駒込字月見野918-3,,,障害者,40.78934203,140.8126183,
1022,E0220100131111,中央市民センター駒込分館,青森県青森市大字駒込字見吉159-1,1,,,40.79878619,140.7913537,
1023,E0220100132111,原別小学校,青森県青森市大字原別字袖崎8,1,,,40.83479382,140.8114358,
1024,E0220100134111,中央市民センター戸門分館,青森県青森市大字戸門字山部106-3,1,,,40.80866141,140.6422705,
1025,E0220100136111,中央市民センター後潟分館,青森県青森市大字後潟字平野17-7,1,,,40.94225088,140.6609984,
1026,E0220100137111,幸畑小学校,青森県青森市大字幸畑字松元50-2,1,,,40.78791769,140.7835415,
1027,E0220100138111,荒川市民センター,青森県青森市大字荒川字柴田129-1,1,,,40.78512575,140.7395861,
1028,E0220100139111,荒川小学校,青森県青森市大字荒川字柴田92-5,1,,,40.78791228,140.7408011,
1029,E0220100140111,青森県総合社会教育センター,青森県青森市大字荒川字藤戸119-7,1,,,40.79589257,140.7389155,
1030,E0220100141121,介護医療院カトレア,青森県青森市大字高田字川瀬110-1,,,高齢者,40.76173792,140.7211231,
1031,E0220100142121,特別養護老人ホーム寿幸園,青森県青森市大字高田字川瀬186,,,高齢者,40.76800317,140.723564,
1032,E0220100143111,高田小学校,青森県青森市大字高田字川瀬200-5,1,,,40.77049887,140.724867,
1033,E0220100144111,太陽台市民館,青森県青森市大字高田字朝日山809-334,1,,,40.75872009,140.7098278,
1034,E0220100145111,高田教育福祉センター,青森県青森市大字高田字日野229-1,1,,,40.76783939,140.7211781,
1035,E0220100146111,青森公立大学,青森県青森市大字合子沢字山崎153-4,1,,,40.75252131,140.7721979,
1036,E0220100148111,中央市民センター左堰分館,青森県青森市大字左堰字野田35,1,,,40.91563572,140.6680843,
1037,E0220100151111,滝内福祉館,青森県青森市大字三内字稲元122-1,1,,,40.821332,140.707903,
1038,E0220100152111,三内中学校,青森県青森市大字三内字丸山108-4,1,,,40.8156694,140.7041671,
1039,E0220100154111,三内西小学校,青森県青森市大字三内字丸山86-1,1,,,40.81668843,140.7057335,
1040,E0220100156111,横内中学校,青森県青森市大字四ツ石字里見64-6,1,,,40.77799992,140.7724002,
1041,E0220100157121,障害者支援施設徳誠園,青森県青森市大字四戸橋字磯部243-582,,,障害者,40.9439296,140.6355925,
1042,E0220100162121,あいす,青森県青森市大字新城字平岡102,,,障害者,40.825541075038,140.66976152367,
1043,E0220100163121,くりぃむ,青森県青森市大字新城字平岡102-2,,,障害者,40.825427415241,140.6700082869,
1044,E0220100165111,新城中央小学校,青森県青森市大字新城字平岡141-1,1,,,40.82563518,140.6746926,
1045,E0220100166111,新城中学校,青森県青森市大字新城字平岡160,1,,,40.82148342,140.6807147,
1046,E0220100167111,西部市民センター,青森県青森市大字新城字平岡163-22,1,,,40.82612975,140.6781468,
1047,E0220100168111,新城小学校,青森県青森市大字新城字平岡266-14,1,,,40.8291057,140.6874547,
1048,E0220100169111,青森西高等学校,青森県青森市大字新城字平岡266-20,1,,,40.82880934,140.6842856,
1049,E0220100170121,特別養護老人ホーム鶴ヶ丘苑,青森県青森市大字新城字平岡746,,,高齢者,40.80238464,140.6651579,
1050,E0220100171111,中央市民センター瀬戸子分館,青森県青森市大字瀬戸子字磯田25,1,,,40.88280271,140.6780569,
1051,E0220100172111,北中学校,青森県青森市大字清水字浜元135-1,1,,,40.90439424,140.6690226,
1052,E0220100173111,北小学校,青森県青森市大字清水字浜元181,1,,,40.90058095,140.6744455,
1053,E0220100174111,中央市民センター内真部分館,青森県青森市大字清水字浜元45-1,1,,,40.90630174,140.6720554,
1054,E0220100175111,中央市民センター西田沢分館,青森県青森市大字西田沢字浜田105,1,,,40.86237947,140.6867095,
1055,E0220100176121,障害者支援施設津麦園,青森県青森市大字西田沢字浜田379,,,障害者,40.86062174,140.6819304,
1056,E0220100177111,中央市民センター石江分館,青森県青森市大字石江字江渡25-1,1,,,40.82584178,140.6952368,
1057,E0220100178121,国立療養所松丘保養園,青森県青森市大字石江字平山19,,,障害者,40.82113214,140.6833787,
1058,E0220100179121,障害者支援施設　幸養苑,青森県青森市大字泉野字野脇46-61,,,障害者,40.83867721,140.8210002,
1059,E0220100182111,ユーサ浅虫,青森県青森市大字浅虫字蛍谷341-19,1,,,40.8915892,140.8613832,
1060,E0220100185121,軽費老人ホーム和幸園,青森県青森市大字浅虫字内野48-1,,,高齢者,40.88714312,140.8665491,
1061,E0220100186111,孫内農村センター,青森県青森市大字孫内字北原140-1,1,,,40.75854473,140.6342306,
1062,E0220100187121,障害者支援施設金浜療護園,青森県青森市大字大別内字葛野180,,,障害者,40.75790763,140.7335038,
1063,E0220100188111,大野市民センター,青森県青森市大字大野字若宮71,1,,,40.8044687,140.7343082,
1064,E0220100191111,青森県総合学校教育センター,青森県青森市大字大矢沢字野田80-2,1,,,40.78927516,140.773347,
1065,E0220100192111,中央市民センター鶴ヶ坂分館,青森県青森市大字鶴ケ坂字田川148-2,1,,,40.78808716,140.6301763,
1066,E0220100193121,特別養護老人ホームつるがさか,青森県青森市大字鶴ケ坂字田川187-94,,,高齢者,40.78737955,140.6284577,
1067,E0220100194111,浜館小学校,青森県青森市大字田屋敷字下り松17,1,,,40.80555523,140.7897669,
1068,E0220100196121,特別養護老人ホーム正寿園,青森県青森市大字田茂木野字阿部野63-2,,,高齢者,40.76707728,140.8000793,
1069,E0220100198111,中央市民センター中筒井分館,青森県青森市大字筒井字桜川87-4,1,,,40.80253854,140.7763128,
1070,E0220100199111,筒井南小学校,青森県青森市大字筒井字八ッ橋46-1,1,,,40.79727846,140.7700513,
1071,E0220100203111,青森工業高等学校,青森県青森市大字馬屋尻字清水流204-1,1,,,40.84416113,140.8214344,
1072,E0220100204111,東中学校,青森県青森市大字八幡林字熊谷28,1,,,40.83455608,140.8176025,
1073,E0220100208111,県立保健大学,青森県青森市大字浜館字間瀬58-1,1,,,40.81413421,140.7920966,
1074,E0220100209121,養護老人ホーム安生園,青森県青森市大字浜館字間瀬85-1,,,高齢者,40.81228763,140.7914316,
1075,E0220100210111,浜田小学校,青森県青森市大字浜田字豊田36-2,1,,,40.80570894,140.7568909,
1076,E0220100211111,盛運輸アリーナ（青森県営スケート場）,青森県青森市大字浜田字豊田地内,,,,40.79732512,140.7512086,
1077,E0220100212111,青森高等技術専門校,青森県青森市大字野尻字今田43-1,1,,,40.78263245,140.7660682,
1078,E0220100213111,青森県身体障がい者福祉センターねむのき会館,青森県青森市大字野尻字今田52-4,1,,,40.78412042,140.7653927,
1079,E0220100214111,横内小学校,青森県青森市大字野尻字野田60,1,,,40.78165555,140.7706637,
1080,E0220100215111,青森市小牧野遺跡保護センター「縄文の学び舎・小牧野館」（旧野沢小学校）,青森県青森市大字野沢字沢部108,1,,,40.74776794,140.7234354,
1081,E0220100216111,野内小学校,青森県青森市大字野内字菊川155,1,,,40.84938722,140.818849,
1082,E0220100217111,野木ふるさと館,青森県青森市大字野木字山口140-2,1,,,40.76226334,140.7404674,
1083,E0220100219121,特別養護老人ホーム和幸園,青森県青森市大字矢田字下野尻48-3,,,高齢者,40.8470523,140.8484699,
1084,E0220100220121,介護老人保健施設青森ナーシングライフ,青森県青森市大字矢田前字弥生田47-2,,,高齢者,40.82917971,140.8083401,
1085,E0220100221111,油川小学校,青森県青森市大字油川字船岡36,1,,,40.85051381,140.6919693,
1086,E0220100222111,西中学校,青森県青森市大字浪館字志田36,1,,,40.80878204,140.7192538,
1087,E0220100223111,泉川小学校,青森県青森市大字浪館字泉川1-1,1,,,40.80678887,140.7216003,
1088,E0220100224111,中央市民センター浪館分館,青森県青森市大字浪館字平岡66-1,1,,,40.80963001,140.7134519,
1089,E0220100226111,中央市民センター大矢沢分館,青森県青森市大矢沢字里見35-2,1,,,40.78024002,140.7739852,
1090,E0220100229111,合浦小学校,青森県青森市茶屋町32-17,1,,,40.82768724,140.7676975,
1091,E0220100231111,浦町小学校,青森県青森市中央2-17-13,1,,,40.81899873,140.7488827,
1092,E0220100233111,青森市総合福祉センター,青森県青森市中央3-16-1,1,,,40.81632986,140.7475681,
1093,E0220100234111,アピオあおもり,青森県青森市中央3-17-1,1,,,40.81676832,140.7474286,
1094,E0220100235121,サービス付き高齢者向け住宅　和幸セントラルハウス,青森県青森市中央3-20-10,,,高齢者,40.8175154775491,140.749950153228,
1095,E0220100236111,県民福祉プラザ,青森県青森市中央3-20-30,1,,,40.81674843,140.7500446,
1096,E0220100237111,佃中学校,青森県青森市中佃2-7-1,1,,,40.81604772,140.7806877,
1097,E0220100239121,和幸保育園,青森県青森市長島2-1-12,,,小児,40.8232601124718,140.739687271365,
1098,E0220100240111,長島小学校,青森県青森市長島3-8-1,1,,,40.82164816,140.7405772,
1099,E0220100243111,佃小学校,青森県青森市佃2-6-1,1,,,40.81950414,140.7781486,
1100,E0220100245111,リンクステーションホール青森（青森市文化会館）,青森県青森市堤町1-4-1,1,,,40.82439307,140.7568883,
1101,E0220100248111,青森中央高等学校,青森県青森市東大野1-22-1,1,,,40.80215303,140.7443965,
1102,E0220100249111,大野小学校,青森県青森市東大野1-3-1,1,,,40.80418433,140.7424815,
1103,E0220100250111,筒井小学校,青森県青森市筒井1-1-1,1,,,40.80847914,140.7649916,
1104,E0220100258111,中央市民センター相野分館,青森県青森市富田2-14-12,1,,,40.83014201,140.715495,
1105,E0220100264111,福祉増進センター,青森県青森市本町4-1-3,1,,,40.82928055,140.7513598,
1106,E0220100266111,青森市はまなす会館,青森県青森市問屋町1-10-10,1,,,40.78876983,140.7546179,
1107,E0220100267111,リンクモア平安閣市民ホール（青森市民ホール）,青森県青森市柳川1-2-14,1,,,40.82661129,140.7333779,
1108,E0220100268111,三内小学校,青森県青森市里見1-9-1,1,,,40.81754181,140.712182,
1109,E0220100269121,老人保健施設すずかけの里,青森県青森市里見2-13-1,,,高齢者,40.81562132,140.7134978,
1110,E0220100272111,南中学校,青森県青森市緑2-6-1,1,,,40.80743919,140.7465107,
1111,E0220100275111,浪岡女鹿沢公民館,青森県青森市浪岡大字下十川字宮本36-1,1,,,40.68977427,140.5565827,
1112,E0220100276111,女鹿沢小学校,青森県青森市浪岡大字下十川字扇田19-2,1,,,40.69808982,140.5644041,
1113,E0220100277111,下石川ふれあいセンター,青森県青森市浪岡大字下石川字岡田143-1,1,,,40.73431435,140.5329646,
1114,E0220100278111,浪岡野沢小学校,青森県青森市浪岡大字吉野田字平野51-2,1,,,40.72142345,140.550554,
1115,E0220100279111,吉野田農村センター,青森県青森市浪岡大字吉野田字木戸口10-1,1,,,40.72352549,140.5447582,
1116,E0220100281111,郷山前農村センター,青森県青森市浪岡大字郷山前字上野62-5,1,,,40.71604411,140.5535816,
1117,E0220100282111,銀農村センター,青森県青森市浪岡大字銀字杉田151,1,,,40.70545513,140.5618839,
1118,E0220100283111,五本松農村センター,青森県青森市浪岡大字五本松字羽黒平40-1,1,,,40.72291384,140.6158765,
1119,E0220100287111,杉高児童館,青森県青森市浪岡大字高屋敷字後田32-1,1,,,40.73122748,140.5861882,
1120,E0220100288111,浪岡細野山の家,青森県青森市浪岡大字細野字沢井37-3,1,,,40.69342684,140.6599135,
1121,E0220100292112,健康の森花岡プラザ,青森県青森市浪岡大字女鹿沢字野尻14-1,1,,,40.7120004,140.5730009,
1122,E0220100292111,花岡農村環境改善センター,青森県青森市浪岡大字女鹿沢字野尻14-1,1,,,40.71191166,140.5724782,
1123,E0220100295111,増館農村センター,青森県青森市浪岡大字増館字富岡140-2,1,,,40.67990583,140.5483487,
1124,E0220100296111,旧大栄小学校,青森県青森市浪岡大字大釈迦字前田5-2,1,,,40.75663028,140.5897224,
1125,E0220100299121,障害者支援施設りんどう苑,青森県青森市浪岡大字樽沢字上野74-1,,,障害者,40.7160428,140.5705001,
1126,E0220100301121,特別養護老人ホームゆうゆう荘,青森県青森市浪岡大字樽沢字村元330-7,,,高齢者,40.71266527,140.5582835,
1127,E0220100303111,徳長農村センター,青森県青森市浪岡大字徳才子字福田4-1,1,,,40.75190777,140.590277,
1128,E0220100306111,浪岡南小学校,青森県青森市浪岡大字北中野字北畠3,1,,,40.70838607,140.5980091,
1129,E0220100307111,本郷小学校,青森県青森市浪岡大字本郷字一本柳4,1,,,40.69640856,140.6142049,
1130,E0220100310111,浪岡中学校,青森県青森市浪岡大字浪岡字稲盛1,1,,,40.70554125,140.5880337,
1131,E0220100312111,浪岡体育館,青森県青森市浪岡大字浪岡字稲盛93,1,,,40.70633777,140.5881755,
1132,E0220100313111,浪岡中央公民館,青森県青森市浪岡大字浪岡字稲村101-1,1,,,40.70958085,140.595647,
1133,E0220100314111,浪岡高等学校,青森県青森市浪岡大字浪岡字稲村101-2,1,,,40.70905866,140.5941478,
1134,E0220100315111,中世の館,青森県青森市浪岡大字浪岡字岡田43,1,,,40.71416705,140.5971658,
1135,E0220100319111,浪岡茶屋町会館,青森県青森市浪岡大字浪岡字林本79-2,1,,,40.71460219,140.5926675,
1136,E0220100320111,浪岡北小学校,青森県青森市浪岡大字浪岡字淋城29,1,,,40.71951364,140.5932179,
1137,E0220100321111,なごやかプラザ福田,青森県青森市浪岡福田2-4-3,1,,,40.7193532,140.5843265,
1138,E0220100322111,浪館小学校,青森県青森市浪館前田3-23-1,1,,,40.81112502,140.7162403,
1139,E0220100323111,浪打小学校,青森県青森市浪打1-4-1,1,,,40.82371481,140.777005,
1140,E0220100324111,青森明の星短期大学,青森県青森市浪打2-6-32,1,,,40.823771025673,140.7811710252,
1141,E0242300001111,奥戸小学校,青森県大間町奥戸字館ノ上96,1,,,41.489127058277,140.90621279061,
1142,E0242300002111,旧奥戸中学校,青森県大間町奥戸字館ノ上96-7,1,,,41.486776259792,140.90714083492,
1143,E0242300003111,農村婦人の家,青森県大間町奥戸字材木川目32-2,1,,,41.471307092418,140.8916434728,
1144,E0242300007111,奥戸交流館,青森県大間町奥戸字浜町通48-1,1,,,41.489728500229,140.90580280984,
1145,E0242300008111,大間町総合開発センター,青森県大間町大間字奥戸下道20-1,1,,,41.523363228988,140.9043590681,
1146,E0242300010111,大間幼稚園,青森県大間町大間字大間平20-38,1,,,41.526851963063,140.92336783082,
1147,E0242300011111,大間高等学校,青森県大間町大間字大間平20-43,1,,,41.527654782873,140.92746276029,
1148,E0242300012111,大間中学校,青森県大間町大間字大間平31-1,1,,,41.528268967155,140.92341575086,
1149,E0242300013111,大間町勤労青少年ホーム,青森県大間町大間字大間平41-7,1,,,41.542560874237,140.91368682997,
1150,E0242300014111,大間町海峡保養センター,青森県大間町大間字内山48-1,,,,41.521076018651,140.92091213953,
1151,E0242300015111,大間小学校,青森県大間町大間字狼丁37-2,1,,,41.528127885823,140.91264697053,
1152,E0242300017111,大間町健康福祉センタースマイリー,青森県大間町大字大間字寺道16,,,,41.5267,140.907709,
1153,E0236200005121,大鰐療育センター,青森県大鰐町苦木野尻170-1,,,避難行動要支援者,40.510923,140.59732,
1154,E0236200006121,グループホーム月のうさぎ,青森県大鰐町鯖石字広田13-3,,,避難行動要支援者,40.537202,140.554543,
1155,E0236200007121,あずみ野グループホーム,青森県大鰐町鯖石字浅瀬渕35-5,,,避難行動要支援者,40.531765,140.55589,
1156,E0236200009111,居土多目的集会センター,青森県大鰐町大字居土字宮本53-5,1,,,40.503776,140.530235,
1157,E0236200010111,高野新田多目的集会センター,青森県大鰐町大字居土字高野新田27-4,1,,,40.487116,140.529861,
1158,E0236200011111,折紙多目的集会センター,青森県大鰐町大字居土字沢田74-2,1,,,40.508085,140.515281,
1159,E0236200012111,苦木多目的集会センター,青森県大鰐町大字苦木字豊田8-2,1,,,40.516095,140.600001,
1160,E0221000016121,障害者支援施設　大鰐療育センター,青森県大鰐町大字苦木字野尻170-1,,左記のうち、事前に市が特定し、環境調整を事前に行った者,要配慮者,40.510832,140.597228,
1161,E0236200013111,大鰐町農家高齢者創作館,青森県大鰐町大字駒木字駒木平124-1,1,,,40.518431,140.629874,
1162,E0236200014111,旧大鰐第二小学校,青森県大鰐町大字三ツ目内字大堰口3-2,1,,,40.509926,140.538092,
1163,E0236200015111,三ツ目内生活改善センター,青森県大鰐町大字三ツ目内字福清水46,1,,,40.519187,140.546079,
1164,E0236200016111,宿川原生活改善センター,青森県大鰐町大字宿川原字川崎81-2,1,,,40.525426,140.55814,
1165,E0236200017111,森山多目的研修センター,青森県大鰐町大字森山字東舘51,1,,,40.537442,140.54697,
1166,E0236200018111,早瀬野多目的集会センター,青森県大鰐町大字早瀬野字小金沢142-2,1,,,40.479115,140.554014,
1167,E0236200020111,大鰐町総合福祉センター,青森県大鰐町大字蔵館字川原田37-6,1,,,40.51881,140.582,
1168,E0236200021111,大鰐小学校,青森県大鰐町大字大鰐字羽黒館54,1,,,40.517007,140.566883,
1169,E0236200023111,大鰐町中央公民館,青森県大鰐町大字大鰐字前田51-8,1,,,40.520318,140.57035,
1170,E0236200024121,グループホーム大鰐温泉保養館,青森県大鰐町大字大鰐字湯野川原8-4,,,避難行動要支援者,40.520717,140.574544,
1171,E0221000017121,グループホーム大鰐温泉保養館,青森県大鰐町大字大鰐字湯野川原8-4,,左記のうち、事前に市が特定し、環境調整を事前に行った者,要配慮者,40.520679927208,140.57454313822,
1172,E0221000018121,特別養護老人ホーム　大鰐ホーム,青森県大鰐町大字大鰐字萢頭9-2,,左記のうち、事前に市が特定し、環境調整を事前に行った者,要配慮者,40.512356,140.577187,
1173,E0236200025111,九十九森公民館,青森県大鰐町大字長峰字九十九森76-3,1,,,40.5127300544496,140.604992403152,
1174,E0236200026111,駒の台へき地保健福祉館,青森県大鰐町大字長峰字駒ノ台193,1,,,40.520133,140.646008,
1175,E0236200027111,元長峰多目的集会センター,青森県大鰐町大字長峰字前田23-1,1,,,40.520077,140.596205,
1176,E0236200028111,旧長峰小学校,青森県大鰐町大字長峰字沢田1,1,,,40.513499,140.60278,
1177,E0236200029111,長峰多目的研修センター,青森県大鰐町大字長峰字沢田2-3,1,,,40.513954,140.602651,
1178,E0236200030111,唐牛構造改善センター,青森県大鰐町大字唐牛字沼田133-23,1,,,40.498525,140.614516,
1179,E0236200031111,森林浴交流センターしまだ,青森県大鰐町大字島田字ゾベコ沢71-1,1,,,40.471291,140.581048,
1180,E0236200032111,大鰐中学校,青森県大鰐町大字虹貝字篠塚24-1,1,,,40.519727,140.560823,
1181,E0236200033121,特別養護老人ホームあじゃら,青森県大鰐町大字虹貝字篠塚33-7,,,避難行動要支援者,40.519746,140.562692,
1182,E0236200036111,虹貝コミュニティセンター,青森県大鰐町大字虹貝字清川95-1,1,,,40.514857,140.56167,
1183,E0236200037111,虹貝新田へき地保健福祉館,青森県大鰐町大字虹貝字大熊沢73-3,1,,,40.503308,140.559849,
1184,E0236200038111,八幡館社会福祉館,青森県大鰐町大字八幡館字沢田65-1,1,,,40.541686,140.55835,
1185,E0236200039121,特別養護老人ホーム大鰐ホーム,青森県大鰐町大鰐萢頭9-2,,,避難行動要支援者,40.512142,140.577163,
1186,E0238700002111,福寿荘,青森県中泊町芦野字堤の袖153-9,,,,40.938409,140.40964,
1187,E0238700003111,宮野沢総合研修センター,青森県中泊町宮野沢字浦島46,,,,40.96131647,140.4534789,
1188,E0238700004111,高寿荘,青森県中泊町高根字小金石205-4,,,,40.98741,140.425995,
1189,E0238700005111,下高根公民館,青森県中泊町高根字小金石916,,,,41.00630093,140.4229004,
1190,E0238700006111,泉寿荘,青森県中泊町今泉字布引115-1,,,,41.02995262,140.4197712,
1191,E0238700007111,稲荷山避難所,青森県中泊町小泊字稲荷20-1,,,,41.129748,140.3019727,
1192,E0238700008111,熊野神社,青森県中泊町小泊字下前175-1,,,,41.12186347,140.2755857,
1193,E0238700009111,すくすくしたまえ館,青森県中泊町小泊字下前207-2,,,,41.121076,140.273087,
1194,E0238700011111,老人憩いの家,青森県中泊町小泊字砂山1158,,,,41.13034112,140.3090114,
1195,E0238700014111,すくすくこどまり館,青森県中泊町小泊字小泊423,,,,41.13143591,140.305388,
1196,E0238700015111,日本海漁火センター,青森県中泊町小泊字小泊488,,,,41.130587,140.300206,
1197,E0238700016111,港老人憩いの家,青森県中泊町小泊字水澗17-1,,,,41.131201,140.294085,
1198,E0238700017111,折戸避難所,青森県中泊町小泊字折戸51-12,,,,41.11381095,140.2995033,
1199,E0238700018111,すくすく折戸館,青森県中泊町小泊字折戸65,,,,41.115207,140.296295,
1200,E0238700019111,基幹集落センター,青森県中泊町小泊字大山長根114,,,,41.13189344,140.2929089,
1201,E0238700020111,小泊克雪センター,青森県中泊町小泊字築上104-2,,,,41.11867,140.304299,
1202,E0238700021111,高齢者福祉センター,青森県中泊町小泊字朝間25,,,,41.12751694,140.309807,
1203,E0238700022111,深寿荘,青森県中泊町深郷田字富森84-17,,,,40.95908031,140.4409262,
1204,E0238700027122,グループホーム泉の里,青森県中泊町大字今泉字神山141,,,施設等の入所基準に該当又は該当すると認められる避難行動要支援者等,41.033518,140.423185,
1205,E0238700027121,竹山荘ディサービスセンター,青森県中泊町大字今泉字神山141,,,施設等の入所基準に該当又は該当すると認められる避難行動要支援者等,41.033639,140.423432,
1206,E0238700028121,グループホームやまなみ,青森県中泊町大字今泉字神山144-1,,,施設等の入所基準に該当又は該当すると認められる避難行動要支援者等,41.033684,140.424108,
1207,E0220900107111,下車力保健福祉館,青森県中泊町大字田茂木字若緑72-34,,,,40.941226897872,140.38107954395,
1208,E0238400001111,旧梅沢小学校,青森県鶴田町大字横萢字松倉16-1,1,,,40.755657860934,140.4725606492,
1209,E0238400002111,横萢ふれあいセンター,青森県鶴田町大字横萢字松倉2-1,1,,,40.754267692416,140.4716447134,
1210,E0238400049121,グループホーム　アップル鶴の里,青森県鶴田町大字横萢字矢留崎97,,,高齢者,40.752597,140.483033,
1211,E0238400003111,沖ふれあいセンター,青森県鶴田町大字沖字岡田289-1,1,,,40.746909764395,140.46926317186,
1212,E0238400004111,松倉文化センター,青森県鶴田町大字沖字藤巻99-5,1,,,40.757091207658,140.46417940798,
1213,E0238400005111,廻堰ふれあいセンター,青森県鶴田町大字廻堰字下桂井58-3,1,,,40.759584712468,140.39244948838,
1214,E0238400041121,特別養護老人ホーム　鶴松園,青森県鶴田町大字廻堰字上野尻146,,町が特定した者,高齢者,40.765689,140.398056,
1215,E0238400044121,グループホーム　ひら岡,青森県鶴田町大字廻堰字東下山1-1,,,高齢者,40.757656,140.392671,
1216,E0238400042121,介護老人保健施設　湖水荘,青森県鶴田町大字廻堰字東下山91-2,,町が特定した者,高齢者、障がい者,40.758148,140.387637,
1217,E0238400050121,鶴東館,青森県鶴田町大字境字宮内1-1,,,高齢者,40.735308,140.452654,
1218,E0238400006111,境・胡桃舘ふれあいセンター,青森県鶴田町大字胡桃舘字池田1-1,1,,,40.735683028091,140.45310514951,
1219,E0238400007111,旧胡桃舘小学校,青森県鶴田町大字胡桃舘字北田171,1,,,40.741495760587,140.45450590733,
1220,E0238400008111,中野文化センター,青森県鶴田町大字胡桃舘字北田21,1,,,40.742136316281,140.45512306699,
1221,E0238400048121,グループホーム　さくら荘,青森県鶴田町大字山道字小泉301,,,高齢者,40.757429,140.447741,
1222,E0238400009111,山道文化センター,青森県鶴田町大字山道字小泉371,1,,,40.755149610432,140.45143480763,
1223,E0238400010111,あやめふれあいセンター,青森県鶴田町大字菖蒲川字一本柳321-3,1,,,40.737144370358,140.42613775623,
1224,E0238400011111,旧菖蒲川小学校,青森県鶴田町大字菖蒲川字一本柳71-1,1,,,40.733164642141,140.42583029523,
1225,E0238400012111,瀬良沢ふれあいセンター,青森県鶴田町大字瀬良沢字篠田40-2,1,,,40.750427329233,140.49190612573,
1226,E0238400013111,大巻ふれあいセンター,青森県鶴田町大字大巻字柳葉309,1,,,40.778410683648,140.42228494555,
1227,E0238400014111,大性ふれあいセンター,青森県鶴田町大字大性字一本柳30-3,1,,,40.726944485971,140.42593902511,
1228,E0238400051121,多機能型事業所　飛翔食房,青森県鶴田町大字鶴田字押上52,,,障がい者,40.770093,140.42567,
1229,E0238400015111,鶴田町公民館,青森県鶴田町大字鶴田字沖津189-1,1,,,40.750023159299,140.42860135516,
1230,E0238400016111,鶴田町保健福祉センター「鶴遊館」,青森県鶴田町大字鶴田字沖津193,1,,,40.749097091502,140.42777564615,
1231,E0238400016121,保健福祉センター　鶴遊館,青森県鶴田町大字鶴田字沖津193,1,,高齢者　障がい者,40.74907,140.427849,
1232,E0238400052121,地域生活援助　はばたけ寮,青森県鶴田町大字鶴田字沖津194-3,,2,障がい者,40.74705,140.428171,
1233,E0238400017111,鶴田町体育センター,青森県鶴田町大字鶴田字沖津203-1,1,,,40.749961163561,140.4292018086,
1234,E0238400018111,鶴田町武徳館,青森県鶴田町大字鶴田字沖津204-1,1,,,40.750321560695,140.42941676336,
1235,E0238400019111,みどり町集会所,青森県鶴田町大字鶴田字沖津237-54,1,,,40.746350560926,140.43073843536,
1236,E0238400045121,グループホーム　たなか,青森県鶴田町大字鶴田字小泉304-1,,,高齢者,40.752824,140.44183,
1237,E0238400020111,下山学園高等学校,青森県鶴田町大字鶴田字小泉369-1,1,,,40.754164628085,140.43934422744,
1238,E0238400021111,駅東町営住宅集会所,青森県鶴田町大字鶴田字小泉441-1,1,,,40.75567803496,140.43794878076,
1239,E0238400022111,鶴田町農村環境改善センター「豊明館」,青森県鶴田町大字鶴田字早瀬184-1,1,,,40.757918833204,140.42942745472,
1240,E0238400023111,亀田・新田子ふれあいセンター,青森県鶴田町大字鶴田字大泉79-1,1,,,40.773713474306,140.43939704643,
1241,E0238400024112,鶴田小学校,青森県鶴田町大字鶴田字鷹ノ尾11-2,1,,,40.7629753938609,140.430109659013,
1242,E0238400024111,鶴田小学校体育館,青森県鶴田町大字鶴田字鷹ノ尾11-2,1,,,40.762258,140.429451,
1243,E0238400025111,強巻文化センター,青森県鶴田町大字鶴田字鷹ノ尾99-3,1,,,40.764545,140.428303,
1244,E0238400026111,鶴田町立柔剣道場,青森県鶴田町大字鶴田字渡舟20-1,1,,,40.752274710546,140.42492118716,
1245,E0238400027111,鶴田中学校,青森県鶴田町大字鶴田字渡舟80-1,1,,,40.75139083769,140.42514917491,
1246,E0238400046121,グループホーム　福寿荘,青森県鶴田町大字鶴田字柳元276-1,,,高齢者,40.772653,140.435866,
1247,E0238400047121,グループホーム　鶴泊の家,青森県鶴田町大字鶴泊字前田99-1,,,高齢者,40.733023,140.432561,
1248,E0238400028111,鶴泊ふれあいセンター,青森県鶴田町大字鶴泊字東田15,1,,,40.735838414352,140.43236252201,
1249,E0238400029111,田の尻文化センター,青森県鶴田町大字尾原字下亀甲26-7,1,,,40.769813158501,140.40824408804,
1250,E0238400030111,尾原文化センター,青森県鶴田町大字尾原字上亀甲52,1,,,40.757433978972,140.40671147085,
1251,E0238400043121,グループホーム　さきしり,青森県鶴田町大字妙堂崎字崎尻44-1,,,高齢者,40.783612,140.365106,
1252,E0238400031111,妙堂崎担い手センター,青森県鶴田町大字妙堂崎字上林34-8,1,,,40.7746491500695,140.384178616735,
1253,E0238400032111,旧水元中央小学校,青森県鶴田町大字妙堂崎字杉元75,1,,,40.767609359144,140.38864477326,
1254,E0238400033111,共栄文化センター,青森県鶴田町大字妙堂崎字米山267-3,1,,,40.760935207411,140.34282547667,
1255,E0238400034111,西中野文化センター,青森県鶴田町大字木筒字上掛橋48,1,,,40.755891053617,140.41433537567,
1256,E0238400035111,前中野集落農事集会所,青森県鶴田町大字木筒字上藤代71-1,1,,,40.74992069112,140.40984735699,
1257,E0238400036111,木筒文化センター,青森県鶴田町大字木筒字上柳川31-4,1,,,40.756055409213,140.42211943432,
1258,E0238400037111,鶴寿町営住宅集会所,青森県鶴田町大字木筒字上柳川46-1,1,,,40.758697953642,140.42217304148,
1259,E0238400038111,間山文化センター,青森県鶴田町大字野木字下糺57-1,1,,,40.750980821255,140.39806808596,
1260,E0238400039111,野木ふれあいセンター,青森県鶴田町大字野木字西松虫27-1,1,,,40.743214918894,140.41503426465,
1261,E0238400040111,旧富士見小学校,青森県鶴田町大字野木字西鶴見90,1,,,40.749390887122,140.41159084744,
1262,E0244300008111,都市農村交流センター,青森県田子町大字原字飛鳥平26-1,1,,,40.3157693136101,141.130963549173,
1263,E0244300011111,上郷公民館,青森県田子町大字山口字道前80,1,,,40.2905826350114,141.077377510874,
1264,E0244300024111,清水頭地区総合研修センター,青森県田子町大字田子字清水頭下モ久保78-1,1,,,40.3608648935469,141.111128504471,
1265,E0244300033111,中央公民館,青森県田子町大字田子字柏木田169,1,,,40.3421665249184,141.156229323027,
1266,E0236700001111,境森集会所,青森県田舎館村大字境森字佃87-8,1,,,40.654952192517,140.53891864942,
1267,E0236700003111,高樋老人福祉センター,青森県田舎館村大字高樋字深山林17-4,1,,,40.637150234716,140.57335467459,
1268,E0236700005111,枝川集会所,青森県田舎館村大字枝川字狐森28-1,1,,,40.642853383664,140.56503535245,
1269,E0236700006111,十二川原集会所,青森県田舎館村大字十二川原字石盛56,1,,,40.640183093248,140.56979628781,
1270,E0236700008111,諏訪堂集会所,青森県田舎館村大字諏訪堂字村元33-2,1,,,40.632131224947,140.52718639266,
1271,E0236700009111,垂柳公民館,青森県田舎館村大字垂柳字永田33-1,1,,,40.636817093542,140.56602483048,
1272,E0236700013111,田舎館村ふれあいセンター,青森県田舎館村大字川部字村元33-1,1,,,40.645473794385,140.52423093535,
1273,E0236700014111,川部和泉交流センター,青森県田舎館村大字川部字村元34-9,1,,,40.645124529392,140.52413767419,
1274,E0236700016111,光田寺コミュニティセンター,青森県田舎館村大字前田屋敷字東中野35-1,1,,,40.649215510143,140.55262092637,
1275,E0236700017111,前田屋敷会館,青森県田舎館村大字前田屋敷字南一本柳2-8,1,,,40.648221353575,140.55010791565,
1276,E0236700019111,大曲会館,青森県田舎館村大字大曲字早稲田158-8,1,,,40.632176811023,140.53480631786,
1277,E0236700022111,大根子公民館,青森県田舎館村大字大根子字松森34-1,1,,,40.636341896184,140.5200569455,
1278,E0236700023112,田舎館小学校,青森県田舎館村大字大根子字牧ヶ袋80,1,,,40.640786360394,140.51872257361,
1279,E0236700023111,田舎館小学校体育館,青森県田舎館村大字大根子字牧ヶ袋80,1,,,40.640772113424,140.51783476242,
1280,E0236700024111,田舎館村農村婦人の家,青森県田舎館村大字大袋字樋田141,1,,,40.621373351282,140.51286422038,
1281,E0236700026111,総合研修施設（田舎舘）,青森県田舎館村大字田舎舘字東田188-1,1,,,40.630020242027,140.55625096554,
1282,E0236700028111,土矢倉集会所,青森県田舎館村大字土矢倉字富岡10-1,1,,,40.642136974206,140.53766407188,
1283,E0236700030111,二津屋会館,青森県田舎館村大字東光寺字村井6-1,1,,,40.658086346131,140.55993136321,
1284,E0236700031111,東光寺会館,青森県田舎館村大字東光寺字村井93-1,1,,,40.657278544021,140.55481907285,
1285,E0236700032111,高田公民館,青森県田舎館村大字東光寺字林元39-8,1,,,40.665259811654,140.56523783206,
1286,E0236700034111,新町会館,青森県田舎館村大字堂野前字種井119,1,,,40.652814357826,140.5681598772,
1287,E0236700048111,堂野前会館,青森県田舎館村大字堂野前字種井37,1,,,40.650541920688,140.56260505069,
1288,E0236700039112,田舎館中学校,青森県田舎館村大字畑中字観妙寺40-1,1,,,40.638831886942,140.55126998048,
1289,E0236700039111,田舎館中学校体育館,青森県田舎館村大字畑中字観妙寺40-1,1,,,40.639067986065,140.55075499635,
1290,E0236700040111,畑中会館,青森県田舎館村大字畑中字上野184-1,1,,,40.631236614292,140.54898620085,
1291,E0236700041112,田舎館村中央公民館,青森県田舎館村大字畑中字藤本159-1,1,,,40.631975522991,140.54932008217,
1292,E0236700041111,田舎館村民体育館,青森県田舎館村大字畑中字藤本159-1,1,,,40.632016233977,140.54992089699,
1293,E0236700043111,老人憩の家,青森県田舎館村大字畑中字藤本169,1,,,40.632666433473,140.55082926878,
1294,E0236700044111,八反田会館,青森県田舎館村大字八反田字古舘139-4,1,,,40.636338879234,140.54896631193,
1295,E0236700046111,豊蒔公民館,青森県田舎館村大字豊蒔字北前田204,1,,,40.63561509405,140.50744472242,
1296,E0221000019121,グループホーム　岩木望,青森県田舎館村畑中樋口158,,左記のうち、事前に市が特定し、環境調整を事前に行った者,要配慮者,40.631433445596,140.54469062868,
1297,E0242400001111,田代地区多目的集会所,青森県東通村砂子又字大川目25-1,,,,41.269982063984,141.37798186783,
1298,E0242400002111,東通中学校,青森県東通村砂子又字沢内9-4,,,,41.273842499674,141.3335293713,
1299,E0242400002112,東通小学校,青森県東通村砂子又字沢内9-4,,,,41.275809944902,141.33346499828,
1300,E0242400004111,猿ヶ森農民研修所,青森県東通村大字猿ケ森字村中15,1,,,41.292472820022,141.39536336704,
1301,E0242400005111,旧北部中学校,青森県東通村大字蒲野沢字外畑9-7,1,,,41.326736582573,141.2893824852,
1302,E0242400006111,鹿橋集会所,青森県東通村大字蒲野沢字鹿橋山2-12,1,,,41.323061240046,141.31310500661,
1303,E0242400007111,石持地区活力倍増センター,青森県東通村大字蒲野沢字石持51-1,1,,,41.329841467565,141.29943254438,
1304,E0242400008111,山あいの里,青森県東通村大字蒲野沢字前田24-1,1,,,41.30565103411,141.32812537708,
1305,E0242400009111,東栄地区集会施設「大地の里」,青森県東通村大字蒲野沢字大久保76,1,,,41.343806087066,141.32424273759,
1306,E0242400010111,岩屋部落集会所,青森県東通村大字岩屋字往来135-5,1,,,41.386210132571,141.40755851802,
1307,E0242400011111,岩屋漁村センター,青森県東通村大字岩屋字往来173,1,,,41.389149087005,141.40961403837,
1308,E0242400051111,岩屋地区避難施設,青森県東通村大字岩屋字小沢平1-15,,,,41.378837,141.400144,
1309,E0242400013111,袰部部落集会所,青森県東通村大字岩屋字田畑11-3,1,,,41.367293901343,141.39581335882,
1310,E0242400014111,桑原集会所,青森県東通村大字砂子又字新田29-12,1,,,41.294824922907,141.33523618329,
1311,E0242400015111,ふれあいの館,青森県東通村大字砂子又字川原10-1,1,,,41.266254956112,141.34103673972,
1312,E0242400017111,東通村体育館,青森県東通村大字砂子又字沢内5-34,1,,,41.278698936176,141.32895144734,
1313,E0242400053121,東通村地域医療センター,青森県東通村大字砂子又字里17,,,村が必要と判断した避難行動要支援者等,41.276964,141.337325,
1314,E0242400057111,そでやま館,青森県東通村大字小田野沢字南通32-1,1,,,41.227144,141.394093,
1315,E0242400019111,水神の郷,青森県東通村大字尻屋字山根61-2,1,,,41.399902,141.445591,
1316,E0242400020111,旧尻屋小学校,青森県東通村大字尻屋字石倉58,1,,,41.405686975733,141.44783606273,
1317,E0242400021111,尻労漁村センター,青森県東通村大字尻労字小倉22,1,,,41.370798202847,141.44492260099,
1318,E0242400022111,旧尻労小学校,青森県東通村大字尻労字小倉38,1,,,41.362998430983,141.43923625538,
1319,E0242400052111,早掛平集会施設「白桜の郷」,青森県東通村大字大利字早掛平1-25,,,,41.313036,141.231683,
1320,E0242400024111,大利地区ふるさと伝承館,青森県東通村大字大利字冷水5-2,1,,,41.321362444275,141.23905895476,
1321,E0242400025111,下田屋集会所,青森県東通村大字田屋字トサミ沢44-1,1,,,41.28249915615,141.25573288241,
1322,E0242400026111,能舞の館たや,青森県東通村大字田屋字家ノ上8-2,1,,,41.270057537598,141.28543309074,
1323,E0242400027111,石蕨平開拓婦人ホーム,青森県東通村大字田屋字館古横道112-1,1,,,41.255369953556,141.25467887256,
1324,E0242400028111,豊栄集会所,青森県東通村大字田屋字館古横道221,1,,,41.267570206192,141.2547459278,
1325,E0242400029111,一里小屋集会所,青森県東通村大字田屋字館古横道32-8,1,,,41.251058693038,141.24856880043,
1326,E0242400030111,白糠地区避難施設,青森県東通村大字白糠字下馬坂81-1,1,,,41.136913233105,141.38822492757,
1327,E0242400031111,白糠地区多目的集会施設,青森県東通村大字白糠字向流109-2,1,,,41.134327040448,141.39135320854,
1328,E0242400032111,旧南部中学校体育館,青森県東通村大字白糠字赤平1,1,,,41.147608620548,141.38678446525,
1329,E0242400056111,老部ふるさと館,青森県東通村大字白糠字前田20,1,,,41.160708,141.384793,
1330,E0242400034111,布名見の里,青森県東通村大字目名字掛畑3-1,1,,,41.308809447046,141.26890975462,
1331,E0242400035111,向野ふれあいセンター,青森県東通村大字目名字向野38-1,1,,,41.299055757254,141.25970932123,
1332,E0242400036111,高間木集会所,青森県東通村大字目名字大所1-170,1,,,41.31913607137,141.2810747555,
1333,E0242400037111,稲崎の館,青森県東通村大字野牛字稲崎平21-1,1,,,41.353798697861,141.32818962459,
1334,E0242400038111,野牛部落会館,青森県東通村大字野牛字水上地内,1,,,41.335890550962,141.36502228469,
1335,E0242400042111,しおさいの館,青森県東通村野牛字釜ノ平5-9,,,,41.356938278135,141.35094973249,
1336,E0242400041111,入口かしわの館,青森県東通村野牛字釜ノ平53-2,,,,41.355681974787,141.33543583555,
1337,E0240800001111,旭町地区コミュニティーセンター,青森県東北町旭南2-31-1000,1,,,40.733471,141.272434,
1338,E0240800061121,乙供文化保育園,青森県東北町字ほとけ沢5-160,,,一般避難所での生活に支障がある児童及びその介助者,40.784238,141.215203,
1339,E0240800003111,美須々地区生涯学習センター,青森県東北町字ガス平1213,1,,,40.902074367743,141.24446426405,
1340,E0240800004111,甲地小学校,青森県東北町字往来ノ下50,1,,,40.774525632476,141.28516138563,
1341,E0240800005121,松風荘,青森県東北町字乙供123,,,要配慮者,40.765944635071,141.19454359418,
1342,E0240800007112,北総合運動公園合宿所,青森県東北町字外蛯沢前平79-47,1,,,40.77602,141.24095,
1343,E0240800007111,北総合運動公園トレーニングセンター,青森県東北町字外蛯沢前平79-47,1,,,40.77637394426,141.24133464355,
1344,E0240800008111,寒水地区生涯学習センター,青森県東北町字寒水下モ42-6,1,,,40.808101270364,141.23875370168,
1345,E0240800009121,けやき寮,青森県東北町字古屋敷45-1,,,要配慮者,40.756865482413,141.29425092996,
1346,E0240800010111,淋代地区生涯学習センター,青森県東北町字高森30-1,1,,,40.864429298358,141.21840755156,
1347,E0240800011111,坂下・栄町集会所,青森県東北町字上笹橋29-6,1,,,40.780391622077,141.21397935922,
1348,E0240800012111,老人福祉センター,青森県東北町字上笹橋45-10,1,,,40.781237238618,141.21199155322,
1349,E0240800013111,清水目地区生涯学習センター,青森県東北町字上清水目38-1,1,,,40.828214035206,141.11813779518,
1350,E0240800015111,水喰地区学習等供用センター,青森県東北町字切左坂道ノ上38-118,1,,,40.826771363146,141.27076765642,
1351,E0240800016111,舟ヶ沢地区生涯学習センター,青森県東北町字船ケ沢57-2,1,,,40.761575040131,141.31770599264,
1352,E0240800017111,保健福祉センター,青森県東北町字膳前37-1,1,,,40.781478926319,141.21193522683,
1353,E0240800018111,中央公民館,青森県東北町字膳前48,1,,,40.781621953795,141.20998309221,
1354,E0240800019111,北農村環境改善センター,青森県東北町字素柄邸93-10,1,,,40.780565,141.277757,
1355,E0240800020111,千曳地区学習等供用センター,青森県東北町字大平1-10,1,,,40.810961252184,141.13290579363,
1356,E0240800021111,滝沢平地区生涯学習センター,青森県東北町字滝沢平2-502,1,,,40.804064696085,141.27806284549,
1357,E0240800022111,東北町武道館,青森県東北町字塔ノ沢山1-11,1,,,40.78418085122,141.22433326151,
1358,E0240800022112,東北中学校,青森県東北町字塔ノ沢山1-11,1,,,40.7834276858872,141.224432805337,
1359,E0240800024111,東北小学校,青森県東北町字塔ノ沢山1-484,1,,,40.7823517719926,141.224441090256,
1360,E0240800026111,蛯沢地区学習等供用センター,青森県東北町字塔ノ沢山1-487,1,,,40.7823192766452,141.225567618046,
1361,E0240800027111,コミュニティセンター未来館,青森県東北町字塔ノ沢山1-94,1,,,40.77831387331,141.21866217911,
1362,E0240800028111,夫雑原地区生涯学習センター,青森県東北町字夫雑原39-2,1,,,40.821160291666,141.15948912325,
1363,E0240800029111,元町集会所,青森県東北町字柳沢5-55,1,,,40.775335818151,141.20894555119,
1364,E0240800062121,カナリヤ保育園,青森県東北町字和山平11-1,,,一般避難所での生活に支障がある児童及びその介助者,40.778015,141.2793,
1365,E0240800030111,南町集会所,青森県東北町上北南1-31-267,1,,,40.73014,141.266879,
1366,E0240800031111,上北中学校,青森県東北町上北南4-32-1,1,,,40.727123583752,141.25596272242,
1367,E0240800032111,本町集会所,青森県東北町上北北1-34-98,1,,,40.735405311449,141.25956520315,
1368,E0240800033111,新町集会所,青森県東北町上北北3-26-1,1,,,40.729413970144,141.25433511483,
1369,E0240800035111,南農村環境改善センター,青森県東北町大字上野字軍事屋敷3-1,1,,,40.7260325214,141.243264348,
1370,E0240800063121,上野保育園,青森県東北町大字上野字軍事屋敷3-5,,,一般避難所での生活に支障がある児童及びその介助者,40.725836,141.244152,
1371,E0240800036113,町民体育館,青森県東北町大字上野字上野191-1,1,,,40.725453837032,141.2529372989,
1372,E0240800036111,上北地区公民館,青森県東北町大字上野字上野191-1,1,,,40.726518,141.253674,
1373,E0240800036112,上北保健福祉センター,青森県東北町大字上野字上野191-1,1,,,40.725859098818,141.25326942994,
1374,E0240800037111,町民文化センター,青森県東北町大字上野字上野191-15,1,,,40.725153,141.253583,
1375,E0240800038111,栄町集会所,青森県東北町大字上野字新堤向23,1,,,40.7216844589,141.257567787,
1376,E0240800039112,上北小学校,青森県東北町大字上野字堤向22-1,1,,,40.720572041553,141.25795828592,
1377,E0240800039111,上小ふれあい館,青森県東北町大字上野字堤向22-1,1,,,40.719998781049,141.25777055095,
1378,E0240800064121,わかさぎ保育園,青森県東北町大字上野字堤向35,,一般避難所での生活に支障がある児童及びその介助者,10,40.718965,141.256396,
1379,E0240800040111,小川原湖交流センター「宝湖館」,青森県東北町大字上野字南谷地131,1,,,40.729067638826,141.27634510807,
1380,E0240800041111,花向町集会所,青森県東北町大字上野字北谷地9-9,1,,,40.737782861683,141.26149301317,
1381,E0240800042111,新舘地区集会所,青森県東北町大字新舘字籠1-5,1,,,40.69932993677,141.1864929872,
1382,E0240800044121,彩香園アルテリーベ,青森県東北町大字大浦字境ノ沢127,,,要配慮者,40.712457189574,141.23493655981,
1383,E0240800045121,上北療護園,青森県東北町大字大浦字境ノ沢6-1,,,要配慮者,40.716342991744,141.23317936125,
1384,E0240800046111,才市田集会所,青森県東北町大字大浦字古舘2-1,1,,,40.716399807146,141.22429871713,
1385,E0240800047111,向山集会所,青森県東北町大字大浦字向山31-3,1,,,40.710963747851,141.3054307356,
1386,E0240800048111,沼崎集会所,青森県東北町大字大浦字沼端13-4,1,,,40.721936849348,141.28668446389,
1387,E0240800049111,徳万才地区コミュニティーセンター,青森県東北町大字大浦字上久保1-10,1,,,40.712840179681,141.2150032186,
1388,E0240800050111,大洞集会所,青森県東北町大字大浦字西淋代65-1,1,,,40.699203,141.233037,
1389,E0240800051111,大浦地区多目的研修集会所,青森県東北町大字大浦字大浦21-1,1,,,40.710389762132,141.20562220254,
1390,E0240800054111,小川原地区コミュニティーセンター,青森県東北町大字大浦字中久根下108-9,1,,,40.710599027724,141.29800924691,
1391,E0240800055111,菩提寺集会所,青森県東北町大字大浦字東道ノ上24-2,1,,,40.70300087856,141.27701887012,
1392,E0240800067111,公立小川原湖青年の家,青森県東北町大字大浦字道ノ下104-6,1,,,40.697186,141.280991,
1393,E0240800057111,虫神集会所,青森県東北町大字大浦字南家ノ裏48-3,1,,,40.683236583263,141.2759701345,
1394,E0240800060111,新山地区コミュニティーセンター,青森県東北町大字大浦字明堂向47-1,1,,,40.711126,141.250251,
1395,E0244500001111,南部公民館,青森県南部町沖田面字沖中51-2,1,,,40.41289661,141.2809698,
1396,E0244500002111,町民体育館,青森県南部町沖田面字沖中80,1,,,40.41342933,141.2812911,
1397,E0244500003111,南部小学校,青森県南部町沖田面字久保10-1,1,,,40.41519509,141.2854265,
1398,E0244500004121,介護老人保健施設なんぶ,青森県南部町沖田面字千刈32-1,,,高齢者要介護度 1以上,40.411331388442,141.28087015203,
1399,E0244500005121,ぼたんの里デイサービスセンター,青森県南部町沖田面字千刈45,,,高齢者要介護度1以上 認知症日常生活自立度Ⅲ以上,40.410903279366,141.2797177042,
1400,E0244500006111,沖田面公民館,青森県南部町沖田面字北本村41-2,1,,,40.414758,141.288884,
1401,E0244500007111,助川、横沢研修センター,青森県南部町下名久井字乙坂1-9,1,,,40.403618225562,141.38713166203,
1402,E0244500008122,特別養護老人ホーム　ハピネスながわ,青森県南部町下名久井字剣吉前川原1-1,,,高齢者要介護度1以上 認知症日常生活自立度Ⅲ以上,40.441365246892,141.34145904516,
1403,E0244500008121,グループホーム　ハピネスながわ,青森県南部町下名久井字剣吉前川原1-1,,,高齢者要介護度1以上 認知症日常生活自立度Ⅲ以上,40.441201938747,141.34145904516,
1404,E0244500009111,屋内ゲートボール場スパークながわ,青森県南部町下名久井字剣吉前川原1-17,1,,,40.44099372,141.3402284,
1405,E0244500010121,デイサービスセンター　あじさい,青森県南部町下名久井字剣吉前川原1-20,,,高齢者要介護度 1以上,40.440808444912,141.34075532367,
1406,E0244500011121,指定障害者支援施設　清岳園,青森県南部町下名久井字高森57-7,,,障がい者,40.410589362616,141.36048565336,
1407,E0244500012121,看護多機能サービス　如来苑,青森県南部町下名久井字青柳4-1,,,高齢者要介護度1以上 認知症日常生活自立度Ⅲ以上,40.423340180497,141.33508007157,
1408,E0244500013111,下名久井公民館ひだまり館,青森県南部町下名久井字台所屋敷10-3,1,,,40.427883987115,141.34153974632,
1409,E0244500014121,在宅型有料老人ホーム桜桃庵,青森県南部町下名久井字如来堂5-6,,,高齢者要介護度1以上 認知症日常生活自立度Ⅲ以上,40.423133124521,141.33562003376,
1410,E0244500015111,名川中学校,青森県南部町下名久井字白山81,1,,,40.425215,141.332182,
1411,E0244500016111,野場集会所,青森県南部町下名久井字野場53-11,1,,,40.408382476002,141.34943551439,
1412,E0244500017111,福地第１０分団屯所,青森県南部町椛木字袖久保21-15,1,,,40.44186779,141.441265,
1413,E0244500018111,椛木集会所,青森県南部町椛木字渡場8-1,1,,,40.446979,141.435881,
1414,E0244500019111,諏訪ノ平公民館,青森県南部町玉掛字諏訪ノ平49-1,1,,,40.41580122,141.304504,
1415,E0244500020111,玉掛コミュニティセンター,青森県南部町玉掛字前田44-1,1,,,40.41829422,141.2938121,
1416,E0244500021111,剣吉公民館,青森県南部町剣吉字五合田29-1,1,,,40.44494647859,141.34681841586,
1417,E0244500022111,上中町公民館,青森県南部町剣吉字上町9-1,1,,,40.443400863505,141.33820540462,
1418,E0244500023111,剣吉小学校,青森県南部町剣吉字大館10-1,1,,,40.446132424455,141.34088240274,
1419,E0244500024111,桜本町公民館,青森県南部町剣吉字大坊13-69,1,,,40.448492596701,141.34581611247,
1420,E0244500025111,名川第９分団屯所,青森県南部町虎渡字荒屋敷20-2,1,,,40.43757791,141.3302637,
1421,E0244500026111,高橋集会所,青森県南部町高橋字横舘2-2,1,,,40.469687,141.389601,
1422,E0244500027111,福地第５分団屯所,青森県南部町高橋字中道1-8,1,,,40.469184575673,141.39118116586,
1423,E0244500028111,高瀬コミュニティセンター,青森県南部町高瀬字宮野21-6,1,,,40.414976328608,141.31887808834,
1424,E0244500029111,南部第３分団屯所,青森県南部町小向字古町116-4,1,,,40.408686332822,141.26170077885,
1425,E0244500030111,史跡聖寿寺館跡案内所,青森県南部町小向字正寿寺81-2,1,,,40.413998158427,141.26735342341,
1426,E0244500031111,南部第１０分団屯所,青森県南部町小向字正寿寺85-4,1,,,40.41398112,141.2664184,
1427,E0244500032111,小向町内会館,青森県南部町小向字村中6-1,1,,,40.40973524,141.2656576,
1428,E0244500033111,二又町内会館,青森県南部町小向字二又75-3,1,,,40.40173912,141.2359816,
1429,E0244500034111,小向集会所,青森県南部町小向字馬場71-2,1,,,40.405692,141.261916,
1430,E0244500035122,三老ショートステイ八幡のゆ,青森県南部町小向字八幡19-1,,,高齢者要介護度1以上 認知症日常生活自立度Ⅲ以上,40.407754173641,141.27013896428,
1431,E0244500035121,三老デイサービスセンター八幡のゆ,青森県南部町小向字八幡19-1,,,高齢者要介護度1以上 認知症日常生活自立度Ⅲ以上,40.407579167436,141.2701289833,
1432,E0244500036121,グループホーム　あいの里,青森県南部町小泉字下舘野7-6,,,高齢者要介護度1以上 認知症日常生活自立度Ⅲ以上,40.469418523754,141.39681885633,
1433,E0244500037111,小泉集会所,青森県南部町小泉字上舘野34-1,1,,,40.4687877,141.3966676,
1434,E0244500038121,グループホーム　ながわ荘,青森県南部町上名久井字伊勢堂下21-7,,,高齢者要介護度1以上 認知症日常生活自立度Ⅲ以上,40.417501362516,141.32143269006,
1435,E0244500039111,上名久井公民館,青森県南部町上名久井字上町16-11,1,,,40.415377081086,141.32248362678,
1436,E0244500040111,名川第１分団屯所,青森県南部町上名久井字上町16-2,1,,,40.415788186402,141.32233343854,
1437,E0244500041111,農林漁業体験実習館チェリウス,青森県南部町上名久井字大渋民山23-141,1,,,40.397511120722,141.33680334418,
1438,E0244500042111,向山団地集会所,青森県南部町森越字衛門佐窪12-4,1,,,40.4352391,141.3564832,
1439,E0244500043111,森越公民館,青森県南部町森越字前田10-6,1,,,40.44146295,141.3514049,
1440,E0244500044111,あけぼの研修センター,青森県南部町杉沢字あけぼの1-108,1,,,40.452667,141.411069,
1441,E0244500045111,杉沢小学校,青森県南部町杉沢字杉沢6-4,1,,,40.452175,141.415877,
1442,E0244500046111,穴久保集会所,青森県南部町杉沢字大森10-5,1,,,40.428862,141.421303,
1443,E0244500047111,杉沢研修館,青森県南部町杉沢字木戸口17-2,1,,,40.45272753,141.4178301,
1444,E0244500048111,杉沢中学校,青森県南部町杉沢字木戸口27-1,1,,,40.454397,141.416432,
1445,E0244500049111,赤石集落農事集会所,青森県南部町赤石字待場10-2,1,,,40.410773,141.294534,
1446,E0244500050111,相内町内会館,青森県南部町相内字沢構78,1,,,40.42828995,141.3101304,
1447,E0244500051121,グループホーム　赤ずきん三番館,青森県南部町大向字森合20-1,,,高齢者要介護度1以上 認知症日常生活自立度Ⅲ以上,40.393563493121,141.27524661809,
1448,E0244500052121,三老デイサービスセンター,青森県南部町大向字仙ノ木平31-1,,,高齢者要介護度1以上 認知症日常生活自立度Ⅲ以上,40.398291045726,141.28549403985,
1449,E0244500052122,特別養護老人ホーム　三戸老人ホーム,青森県南部町大向字仙ノ木平31-1,,,高齢者要介護度1以上 認知症日常生活自立度Ⅲ以上,40.398094950391,141.28548331102,
1450,E0244500053121,グループホーム三老,青森県南部町大向字仙ノ木平42,,,高齢者要介護度1以上 認知症日常生活自立度Ⅲ以上,40.39850306475,141.28551001587,
1451,E0244500054121,グループホーム　赤ずきん一番館・二番館,青森県南部町大向字泉山道28-1,,,高齢者要介護度1以上 認知症日常生活自立度Ⅲ以上,40.393823247608,141.27451163286,
1452,E0244500055111,ふれあい交流プラザ,青森県南部町大向字泉山道9-87,1,,,40.396482,141.272904,
1453,E0244500056111,向小学校,青森県南部町大向字飛鳥20-2,1,,,40.402543736004,141.2721328885,
1454,E0244500057111,大向コミュニティ防災センター,青森県南部町大向字飛鳥39-3,1,,,40.400458433934,141.27089926532,
1455,E0244500058111,鳥舌内すこやかセンター,青森県南部町鳥舌内字七ツ役8-1,1,,,40.38182194,141.3499792,
1456,E0244500059111,名川第６分団屯所,青森県南部町鳥谷字妻ノ神16,1,,,40.36322698,141.3592141,
1457,E0244500060111,鳥谷ふるさと館,青森県南部町鳥谷字青鹿長根27-1,1,,,40.365602236964,141.36039798046,
1458,E0244500061111,名川南小学校,青森県南部町鳥谷字太田3,1,,,40.377523,141.363089,
1459,E0244500062122,グループホーム絆,青森県南部町斗賀字沼田71-1,,,高齢者要介護度1以上 認知症日常生活自立度Ⅲ以上,40.455579790505,141.34668130464,
1460,E0244500062121,在宅型有料老人ホームサポートハウス絆,青森県南部町斗賀字沼田71-1,,,高齢者要介護度1以上 認知症日常生活自立度Ⅲ以上,40.455751227366,141.34667057581,
1461,E0244500063121,住宅型有料老人ホーム南部の里あっぷる園,青森県南部町斗賀字上町焼1,,,高齢者要介護度1以上 認知症日常生活自立度Ⅲ以上,40.4586800879,141.34823122096,
1462,E0244500064111,南部芸能伝承館,青森県南部町斗賀字水閊50,1,,,40.450768810467,141.34608069325,
1463,E0244500065111,上斗賀公民館,青森県南部町斗賀字村前41,1,,,40.452380085441,141.34534042177,
1464,E0244500066111,介護予防拠点施設げんき館,青森県南部町斗賀字土口前26-2,1,,,40.455689625786,141.34896558402,
1465,E0244500067111,福地公民館,青森県南部町苫米地字下宿22-1,1,,,40.46678065,141.3822543,
1466,E0244500068111,苫米地駅前集会所,青森県南部町苫米地字四切42,1,,,40.46623236,141.3733525,
1467,E0244500069111,福地小学校,青森県南部町苫米地字寺ノ後15-1,1,,,40.47133161,141.3771478,
1468,E0244500070111,苫米地集会所,青森県南部町苫米地字焼屋敷1-42,1,,,40.46857177,141.37824,
1469,E0244500071111,バーデハウスふくち,青森県南部町苫米地字上根岸73-1,1,,,40.477706479366,141.37461633709,
1470,E0244500072121,介護老人保健施設　孔明荘,青森県南部町苫米地字蒼前11-1,,,高齢者要介護度 1以上,40.466672052952,141.38818682299,
1471,E0244500073111,苫米地下集会所,青森県南部町苫米地字殿村3-2,1,,,40.467856,141.382873,
1472,E0244500074121,ケアホーム福の里,青森県南部町苫米地字白山堂11-2,,,高齢者要介護度 1以上,40.467897176407,141.38604974418,
1473,E0244500075111,麦沢集会所,青森県南部町麦沢字上木戸場9-1,1,,,40.489221,141.374413,
1474,E0244500076121,エスコートあかね,青森県南部町福田字あかね12-1,,,高齢者要介護度1以上 認知症日常生活自立度Ⅲ以上,40.458996600948,141.3815103425,
1475,E0244500076122,あいたすデイサービスセンター,青森県南部町福田字あかね12-1,,,高齢者要介護度1以上 認知症日常生活自立度Ⅲ以上,40.459172010511,141.38151496855,
1476,E0244500077111,あかね集会所,青森県南部町福田字あかね3-89,1,,,40.456732,141.385141,
1477,E0244500078111,農村環境改善センター福寿館,青森県南部町福田字下平35-1,1,,,40.46062739,141.3802002,
1478,E0244500079111,福田集会所,青森県南部町福田字家ノ下3-4,1,,,40.45953803,141.3785423,
1479,E0244500080111,総合保健福祉センターゆとりあ,青森県南部町福田字舘先25-1,1,,,40.463557091443,141.38288701534,
1480,E0244500081111,滝田研修館,青森県南部町福田字源次郎平36-1,1,,,40.46131607,141.3843224,
1481,E0244500082111,福田小学校,青森県南部町福田字源次郎平7-1,1,,,40.460785,141.38199,
1482,E0244500083121,グループホーム　ふくち,青森県南部町福田字町頭8-1,,,高齢者要介護度1以上 認知症日常生活自立度Ⅲ以上,40.457381361938,141.37190113466,
1483,E0244500084111,福地中学校,青森県南部町福田字板橋1-2,1,,,40.453285,141.38199,
1484,E0244500085111,板橋集会所,青森県南部町福田字板橋14-34,1,,,40.45459322,141.3806219,
1485,E0244500086121,グループホーム　せせらぎ荘,青森県南部町平虚空蔵29-2,,,高齢者要介護度1以上 認知症日常生活自立度Ⅲ以上,40.418322650932,141.33119023831,
1486,E0244500087111,名川Ｂ＆Ｇ海洋センター,青森県南部町平字広場28-1,1,,,40.42064830615,141.33128837301,
1487,E0244500087112,いちょうホール,青森県南部町平字広場28-1,1,,,40.42002158003,141.33012192395,
1488,E0244500087121,デイサービスセンター　ひろば,青森県南部町平字広場28-1,1,,高齢者要介護度 1以上,40.420901510982,141.33082703306,
1489,E0244500088111,広場集会所,青森県南部町平字広場45-2,1,,,40.420535167564,141.32980344238,
1490,E0244500089111,名久井小学校,青森県南部町平字広場8,1,,,40.422790473728,141.33188871164,
1491,E0244500090111,平公民館,青森県南部町平字若宮前27-4,1,,,40.41752081,141.3372739,
1492,E0244500091111,片岸集会所,青森県南部町片岸字砂場18-2,1,,,40.469368,141.365429,
1493,E0244500092111,法光寺ふれあい館,青森県南部町法光寺字八幡14-2,1,,,40.390374,141.333233,
1494,E0244500093111,法師岡コミュニティ防災センター,青森県南部町法師岡字白掛77-1,1,,,40.46977928,141.4076998,
1495,E0244500094121,グループホーム「スマイル荘」,青森県南部町埖渡字下外窪12-67,,,高齢者要介護度 1以上,40.460528590609,141.40244260978,
1496,E0244500094122,デイサービスセンタースマイル,青森県南部町埖渡字下外窪12-67,,,高齢者要介護度1以上 認知症日常生活自立度Ⅲ以上,40.460724503984,141.40233532142,
1497,E0244500095121,住宅型有料老人ホーム　サン・スマイル,青森県南部町埖渡字館13-11,,,高齢者要介護度1以上 認知症日常生活自立度Ⅲ以上,40.461907710274,141.39848719038,
1498,E0244500096121,グループホーム「スマイル荘２号館」,青森県南部町埖渡字館13-13,,,高齢者要介護度 1以上,40.462075188433,141.39848167894,
1499,E0244500097121,グループホーム　ひだまりの里,青森県南部町埖渡字舘2-7,,,認知症日常生活自立度Ⅲ以上,40.462149280433,141.39769325651,
1500,E0244500098111,福地第８分団屯所,青森県南部町埖渡字御見抜平2-2,1,,,40.449600623222,141.40465081763,
1501,E0244500099111,東あかね集会所,青森県南部町埖渡字東あかね1-17,1,,,40.45780689,141.3955664,
1502,E0244500100121,特別養護老人ホーム　長老園,青森県南部町埖渡字東あかね5-125,,,高齢者要介護度1以上 認知症日常生活自立度Ⅲ以上,40.458441174352,141.38850204137,
1503,E0220300001111,旭ヶ丘会館,青森県八戸市旭ケ丘1-1-19,1,,,40.497991,141.535941,
1504,E0220300002111,旭ヶ丘小学校,青森県八戸市旭ケ丘1-1-6,1,,,40.495113,141.535377,
1505,E0220300003111,上長公民館,青森県八戸市一番町1-4-1,1,,,40.51099,141.435078,
1506,E0220300004121,ケア・ステーション淨信館,青森県八戸市一番町2-3-12,,左記の者のうち、事前に市と施設が調整し認めた者,高齢者（要介護1以上）,40.509351,141.435189,
1507,E0220300005111,下長公民館,青森県八戸市下長1-4-9,1,,,40.528255,141.467727,
1508,E0220300006121,サービス付き住宅　しもなが,青森県八戸市下長3-5-3,,左記の者のうち、事前に市と施設が調整し認めた者。原則として、当該施設利用者。,高齢者（認知症〔日常生活自立度Ⅲ以上〕、要介護1以上）、障がい者（肢体）,40.536226,141.473569,
1509,E0220300007111,県立八戸工科学院,青森県八戸市桔梗野工業団地2-5-30,1,,,40.566173,141.455065,
1510,E0220300008111,江陽中学校,青森県八戸市江陽1-1-33,1,,,40.517612,141.500367,
1511,E0220300009111,県立八戸工業高等学校,青森県八戸市江陽1-2-27,1,,,40.518217,141.498994,
1512,E0220300010121,クローバーズ・ピア　こうよう,青森県八戸市江陽2-1-32,,左記の者のうち、事前に市と施設が調整し認めた者,高齢者（認知症〔日常生活自立度Ⅲ以上〕、要介護1以上）、障がい者（肢体、視覚、聴覚、内部、知的、精神、発達）,40.519279111558,141.49896336687,
1513,E0220300011111,江陽公民館,青森県八戸市江陽2-18-34,1,,,40.523981360602,141.50556682489,
1514,E0220300012111,江陽小学校,青森県八戸市江陽5-9-24,1,,,40.521712,141.510825,
1515,E0220300013111,根岸公民館,青森県八戸市高州2-23-19,1,,,40.540135,141.483634,
1516,E0220300014111,根城公民館,青森県八戸市根城3-11-22,1,,,40.50402,141.475531,
1517,E0220300015111,根城小学校,青森県八戸市根城4-22-27,1,,,40.507437,141.473207,
1518,E0220300016111,根城中学校,青森県八戸市根城5-11-42,1,,,40.506813,141.468135,
1519,E0220300017121,八戸市総合福祉会館,青森県八戸市根城8-8-155,,市が確認し、一般避難所での生活が困難と認められる者,要配慮者,40.503462,141.465107,
1520,E0220300018121,柿の木苑,青森県八戸市根城9-18-23,,左記の者のうち、事前に市と施設が調整し認めた者。原則として、当該施設利用者。,高齢者（認知症〔日常生活自立度Ⅲ以上〕）、障がい者（肢体、視覚、聴覚、知的）,40.508185,141.465554,
1521,E0220300019111,江南小学校,青森県八戸市根城9-22-50,1,,,40.51086,141.466951,
1522,E0220300020121,ワーク柿の木苑,青森県八戸市根城9-24-10,,左記の者のうち、事前に市と施設が調整し認めた者。原則として、当該施設利用者。,障がい者（精神、発達）,40.510815,141.468251,
1523,E0220300021121,介護老人保健施設リハビリパーク,青森県八戸市小中野1-1-14,,左記の者のうち、事前に市と施設が調整し認めた者,高齢者（認知症〔日常生活自立度Ⅲ以上〕、要介護1以上）,40.518493,141.506176,
1524,E0220300022111,小中野中学校,青森県八戸市小中野3-9-26,1,,,40.516136,141.512192,
1525,E0220300023112,小中野小学校,青森県八戸市小中野5-2-17,1,,,40.520539,141.514124,
1526,E0220300023111,小中野公民館,青森県八戸市小中野5-2-17,1,,,40.520869,141.514193,
1527,E0220300024121,ケアハウスこなかの,青森県八戸市小中野8-8-8,,左記の者のうち、事前に市と施設が調整し認めた者,高齢者（認知症〔日常生活自立度Ⅲ以上〕、要介護1以上）,40.522701,141.51974,
1528,E0220300025121,ケアプラザさざなみ,青森県八戸市小中野8-9-20,,左記の者のうち、事前に市と施設が調整し認めた者。原則として、当該施設利用者。,高齢者（認知症〔日常生活自立度Ⅲ以上〕、要介護1以上）,40.523102,141.518408,
1529,E0220300026111,勤労青少年ホーム,青森県八戸市沼館2-13-20,1,,,40.526276,141.488183,
1530,E0220300027111,八戸市津波防災センター,青森県八戸市沼館4-6-19,1,,,40.526994535532,141.49429989229,
1531,E0220300028111,三八城公民館,青森県八戸市城下3-1-17,1,,,40.520404,141.487938,
1532,E0220300029111,城下小学校,青森県八戸市城下4-3-42,1,,,40.522234,141.489734,
1533,E0220300030111,県立八戸中央高等学校,青森県八戸市諏訪1-2-17,1,,,40.515522,141.517213,
1534,E0220300031111,総合教育センター,青森県八戸市諏訪1-2-41,1,,,40.51507,141.516111,
1535,E0220300032111,吹上小学校,青森県八戸市吹上1-14-36,1,,,40.503533,141.497653,
1536,E0220300033111,第一中学校,青森県八戸市吹上2-17-1,1,,,40.500832,141.500619,
1537,E0220300034111,吹上公民館,青森県八戸市吹上3-17-3,1,,,40.499195,141.496642,
1538,E0220300035121,デイサービスセンターふれあい,青森県八戸市吹上6-10-32,,左記の者のうち、事前に市と施設が調整し認めた者。原則として、当該施設利用者。,高齢者（要介護1以上）,40.494336,141.493514,
1539,E0220300036111,是川小学校,青森県八戸市是川4-1,1,,,40.467669,141.501218,
1540,E0220300209121,住宅型有料老人ホーム　れんげ荘,青森県八戸市西白山台1-1-7,,左記の者のうち、事前に市と施設が調整し認めた者,高齢者（認知症〔日常生活自立度Ⅲ以上〕、要介護1以上）,40.48334,141.457673,
1541,E0220300208121,住宅型有料老人ホーム　いなほ荘,青森県八戸市西白山台1-14-12,,左記の者のうち、事前に市と施設が調整し認めた者,高齢者（認知症〔日常生活自立度Ⅲ以上〕、要介護1以上）,40.483066,141.453729,
1542,E0220300207121,グループホーム杜の館明倫Ａ棟、Ｂ棟,青森県八戸市西白山台1-14-13,,左記の者のうち、事前に市と施設が調整し認めた者,障がい者（知的、精神、発達）,40.483099,141.454598,
1543,E0220300037111,白山台中学校,青森県八戸市西白山台3-24-1,1,,,40.480296,141.455167,
1544,E0220300038121,みどりのかぜ北ウィング,青森県八戸市西白山台4-1-16,,左記の者のうち、事前に市と施設が調整し認めた者,妊産婦、乳幼児,40.479568,141.454148,
1545,E0220300039111,西白山台小学校,青森県八戸市西白山台4-15-1,1,,,40.476784188267,141.45475933258,
1546,E0220300040121,みどりのかぜエデュカーレ,青森県八戸市西白山台4-3-5,,左記の者のうち、事前に市と施設が調整し認めた者,妊産婦、乳幼児,40.479121,141.454103,
1547,E0220300041121,ふれ愛プラザあおば,青森県八戸市青葉2-16-17,,左記の者のうち、事前に市と施設が調整し認めた者,障がい者（肢体）,40.511539,141.513567,
1548,E0220300042111,柏崎小学校,青森県八戸市青葉2-7-1,1,,,40.512521,141.511277,
1549,E0220300043111,第三中学校,青森県八戸市青葉3-13-36,1,,,40.510024,141.508731,
1550,E0220300044111,城北小学校,青森県八戸市石堂1-22-6,1,,,40.531013,141.477242,
1551,E0220300045111,多賀台小学校,青森県八戸市多賀台3-9,1,,,40.587803,141.442099,
1552,E0220300046111,下長中学校,青森県八戸市大字河原木字河原木後77-2,1,,,40.531169,141.466344,
1553,E0220300047111,南部山健康運動センター体育館,青森県八戸市大字河原木字蝦夷館3-6,1,,,40.536933,141.451107,
1554,E0220300048121,特別養護老人ホームリハビリパークえんぶり物語,青森県八戸市大字河原木字見立山6-209,,左記の者のうち、事前に市と施設が調整し認めた者,高齢者（認知症〔日常生活自立度Ⅲ以上〕、要介護1以上）,40.541352,141.45025,
1555,E0220300049121,いろどり,青森県八戸市大字河原木字高館66-130,,左記の者のうち、事前に市と施設が調整し認めた者。原則として、当該施設利用者。,障がい者（知的、発達）,40.540740068491,141.4603956708,
1556,E0220300050111,高館小学校,青森県八戸市大字河原木字小田56-16,1,,,40.541744,141.466186,
1557,E0220300051111,八戸市屋内トレーニングセンター,青森県八戸市大字河原木字谷地田4,1,,,40.536205,141.469434,
1558,E0220300205121,認定こども園　高館幼稚園,青森県八戸市大字河原木字二階堀12-1,,左記の者のうち、事前に市と施設が調整し認めた者。,妊産婦、乳幼児,40.545661,141.460363,
1559,E0220300052111,旧日計ヶ丘小学校,青森県八戸市大字河原木字日計上11-1,1,,,40.545796,141.477244,
1560,E0220300053111,北稜中学校,青森県八戸市大字河原木字八太郎山10-139,1,,,40.546059,141.485939,
1561,E0220300054121,八太郎山療護園,青森県八戸市大字河原木字八太郎山3-138,,左記の者のうち、事前に市と施設が調整し認めた者,高齢者（認知症〔日常生活自立度Ⅲ以上〕、要介護1以上）、障がい者（肢体、視覚、聴覚、内部、知的、精神、発達）,40.544062,141.48879,
1562,E0220300055121,介護老人保健施設はくじゅ,青森県八戸市大字河原木字北沼22-39,,左記の者のうち、事前に市と施設が調整し認めた者。原則として、当該施設利用者。,高齢者（認知症〔日常生活自立度Ⅲ以上〕、要介護1以上）、障がい者（肢体）,40.552342,141.484954,
1563,E0220300056121,グループホーム彩苑,青森県八戸市大字河原木小田上5-145,,左記の者のうち、事前に市と施設が調整し認めた者。原則として、当該施設利用者。,障がい者（知的、発達）,40.543784,141.470441,
1564,E0220300057111,金浜小学校,青森県八戸市大字金浜字外ノ久保43-3,1,,,40.477235,141.619843,
1565,E0220300058121,特定非営利活動法人　コスモス園　友愛の会,青森県八戸市大字櫛引字高田8,,左記の者のうち、事前に市と施設が調整し認めた者,障がい者（知的、精神）,40.508094820278,141.42110152513,
1566,E0220300059121,青森ワークキャンパス,青森県八戸市大字櫛引字上矢倉2-1,,左記の者のうち、事前に市と施設が調整し認めた者,障がい者(肢体）,40.472083,141.430861,
1567,E0220300060112,八戸市立図書館,青森県八戸市大字糠塚字下道2-1,1,,,40.505079,141.486584,
1568,E0220300060111,長者公民館,青森県八戸市大字糠塚字下道2-1,1,,,40.505294,141.487004,
1569,E0220300061111,図南小学校,青森県八戸市大字糠塚字大開4-1,1,,,40.486562,141.480285,
1570,E0220300062121,あんずの里小規模多機能ホームおりあい,青森県八戸市大字鮫町字居合6-3,,左記の者のうち、事前に市と施設が調整し認めた者,高齢者（要介護1以上）,40.53396,141.560008,
1571,E0220300063121,特別養護老人ホーム光葉園,青森県八戸市大字鮫町字金屎35-90,,左記の者のうち、事前に市と施設が調整し認めた者。原則として、当該施設利用者。,高齢者（要介護1以上）,40.514129,141.577547,
1572,E0220300064111,鮫中学校,青森県八戸市大字鮫町字古馬屋23-5,1,,,40.531503,141.566589,
1573,E0220300065111,南浜中学校,青森県八戸市大字鮫町字子猪越15-2,1,,,40.496482,141.622776,
1574,E0220300066111,鮫公民館,青森県八戸市大字鮫町字住吉町14-1,1,,,40.530282,141.557757,
1575,E0220300068121,うみねこ学園,青森県八戸市大字鮫町字小舟渡平9-50,,左記の者のうち、事前に市と施設が調整し認めた者,障がい者（知的）,40.53806,141.56972,
1576,E0220300069111,鮫小学校,青森県八戸市大字鮫町字上手代森19,1,,,40.530084,141.56103,
1577,E0220300070111,種差小学校,青森県八戸市大字鮫町字赤コウ55-59,1,,,40.513433,141.60406,
1578,E0220300071111,県立種差少年自然の家,青森県八戸市大字鮫町字膳並平2-26,1,,,40.497772,141.612638,
1579,E0220300072121,住宅型有料老人ホームおおひらき,青森県八戸市大字鮫町字大開15-2,,左記の者のうち、事前に市と施設が調整し認めた者,高齢者（認知症〔日常生活自立度Ⅲ以上〕、要介護1以上）,40.530523,141.562759,
1580,E0220300073111,大久喜小学校,青森県八戸市大字鮫町字大作平44-29,1,,,40.494209,141.628365,
1581,E0220300074111,南浜公民館,青森県八戸市大字鮫町字棚久保14-48,1,,,40.506283,141.609911,
1582,E0220300075111,八戸ポータルミュージアム（はっち）,青森県八戸市大字三日町11-1,1,,,40.509952,141.490601,
1583,E0220300212111,長者まつりんぐ広場多目的施設,青森県八戸市大字山伏小路9,1,,,40.504791,141.492569,
1584,E0220300076121,特別養護老人ホーム寿楽荘,青森県八戸市大字市川町字夏秋4,,左記の者のうち、事前に市と施設が調整し認めた者,高齢者（認知症〔日常生活自立度Ⅲ以上〕、要介護1以上）,40.579049,141.446498,
1585,E0220300077111,多賀小学校,青森県八戸市大字市川町字古館30-1,1,,,40.584527,141.461926,
1586,E0220300078111,桔梗野小学校,青森県八戸市大字市川町字尻引前山31-2,1,,,40.560003,141.447128,
1587,E0220300079111,市川公民館,青森県八戸市大字市川町字赤畑19-2,1,,,40.578484,141.440941,
1588,E0220300080111,市川中学校,青森県八戸市大字市川町字赤畑34-2,1,,,40.578821,141.444159,
1589,E0220300081121,グループホーム市川,青森県八戸市大字市川町字南尻引84-1,,左記の者のうち、事前に市と施設が調整し認めた者。原則として、当該施設利用者。,高齢者（認知症〔日常生活自立度Ⅲ以上〕、要介護1以上）,40.571245,141.438735,
1590,E0220300082111,轟木小学校,青森県八戸市大字市川町字和野22-4,1,,,40.576216,141.432225,
1591,E0220300083121,特別養護老人ホーム修光園,青森県八戸市大字十日市字黒坂35,,左記の者のうち、事前に市と施設が調整し認めた者。原則として、当該施設利用者。,高齢者（要介護1以上）,40.48282,141.521015,
1592,E0220300084121,レストこだま,青森県八戸市大字十日市字塚ノ下1-17,,左記の者のうち、事前に市と施設が調整し認めた者。原則として、当該施設利用者。,障がい者(知的）,40.472436,141.512182,
1593,E0220300085111,県立八戸商業高等学校,青森県八戸市大字十日市字塚ノ下3-1,1,,,40.476215,141.512027,
1594,E0220300086111,八戸公園緑の相談所,青森県八戸市大字十日市字天摩33,1,,,40.475831,141.513208,
1595,E0220300087121,いちい寮,青森県八戸市大字松館字在家山谷19-3,,左記の者のうち、事前に市と施設が調整し認めた者,障がい者（知的、精神）,40.462596,141.519314,
1596,E0220300088121,松舘療護園,青森県八戸市大字松館字田ノ平19-1,,左記の者のうち、事前に市と施設が調整し認めた者,障がい者（肢体）,40.478216,141.529014,
1597,E0220300089111,旧松館小学校,青森県八戸市大字松館字門前6-2,1,,,40.4667,141.534752,
1598,E0220300090121,特別養護老人ホームほっとハウス,青森県八戸市大字尻内町字熊ノ沢35-2,,左記の者のうち、事前に市と施設が調整し認めた者,高齢者（認知症〔日常生活自立度Ⅲ以上〕、要介護1以上）,40.521998,141.426121,
1599,E0220300091111,三条小学校,青森県八戸市大字尻内町字三条目4-4,1,,,40.513342,141.429214,
1600,E0220300092111,県立八戸西高等学校,青森県八戸市大字尻内町字中根市14,1,,,40.512076,141.423854,
1601,E0220300093111,三条中学校,青森県八戸市大字尻内町字中根市2,1,,,40.513572,141.425649,
1602,E0220300094111,西園小学校,青森県八戸市大字尻内町字島田24-1,1,,,40.509541,141.444585,
1603,E0220300095111,八戸市農業経営振興センター,青森県八戸市大字尻内町字毛合清水29,1,,,40.534003,141.425783,
1604,E0220300096121,特別養護老人ホーム　八戸素心苑,青森県八戸市大字尻内町字矢沢62-1,,左記の者のうち、事前に市と施設が調整し認めた者,高齢者（認知症〔日常生活自立度Ⅲ以上〕、要介護1以上）,40.507122951984,141.4258673315,
1605,E0220300097111,新井田小学校,青森県八戸市大字新井田字館平20,1,,,40.490635,141.520746,
1606,E0220300098121,あんずの里小規模多機能ホームにいだ,青森県八戸市大字新井田字坂9-1,,左記の者のうち、事前に市と施設が調整し認めた者,高齢者（認知症〔日常生活自立度Ⅲ以上〕、要介護1以上）,40.494841,141.524952,
1607,E0220300099111,大館中学校,青森県八戸市大字新井田字市子林17-1,1,,,40.490673,141.523868,
1608,E0220300100121,ベル・エポック,青森県八戸市大字新井田字出口平32-2,,左記の者のうち、事前に市と施設が調整し認めた者。原則として、当該施設利用者。,障がい者（精神）,40.490905,141.543544,
1609,E0220300101121,清里,青森県八戸市大字新井田字松山下野場7-9,,左記の者のうち、事前に市と施設が調整し認めた者,障がい者(精神）,40.504712,141.532679,
1610,E0220300102111,大館公民館,青森県八戸市大字新井田字常光田17-1,1,,,40.496086,141.522532,
1611,E0220300103121,来夢の里,青森県八戸市大字新井田字常光田25-1,,左記の者のうち、事前に市と施設が調整し認めた者,障がい者（知的、精神）,40.495201,141.524643,
1612,E0220300104121,児童発達支援センター　桂堂学園,青森県八戸市大字新井田字長塚28-1,,左記の者のうち、事前に市と施設が調整し認めた者,障がい者（知的、発達）,40.501272516658,141.52885174584,
1613,E0220300105111,老人いこいの家臥牛荘,青森県八戸市大字新井田字八森平7-1,1,,,40.49978,141.53989,
1614,E0220300106111,東公民館,青森県八戸市大字新井田字八森平7-67,1,,,40.50028,141.539955,
1615,E0220300211111,是川縄文館,青森県八戸市大字是川字横山1,1,,,40.475607,141.488397,
1616,E0220300107111,旧是川東小学校,青森県八戸市大字是川字街道端1-4,1,,,40.439265,141.520861,
1617,E0220300108111,是川中学校,青森県八戸市大字是川字細越河原3-1,1,,,40.458836,141.493251,
1618,E0220300109111,是川公民館,青森県八戸市大字是川字東前田3-11,1,,,40.458465,141.49593,
1619,E0220300110121,こだまの園,青森県八戸市大字是川字楢館平30-22,,左記の者のうち、事前に市と施設が調整し認めた者。原則として、当該施設利用者。,障がい者(知的）,40.473036,141.510878,
1620,E0220300111111,旧番屋小学校,青森県八戸市大字是川字番屋3-8,1,,,40.450555,141.479056,
1621,E0220300112121,長生園,青森県八戸市大字是川字犾森33,,左記の者のうち、事前に市と施設が調整し認めた者,高齢者（要介護1以上）,40.473712,141.501507,
1622,E0220300113111,中居林小学校,青森県八戸市大字石手洗字一本木29,1,,,40.484981,141.496415,
1623,E0220300114111,町畑小学校,青森県八戸市大字大久保字下町畑29-2,1,,,40.493172,141.550968,
1624,E0220300115111,白銀南公民館,青森県八戸市大字大久保字行人坂36-6,1,,,40.510858,141.556668,
1625,E0220300116111,白銀南中学校,青森県八戸市大字大久保字生平1,1,,,40.511432,141.557395,
1626,E0220300117121,障害者支援施設　東幸園,青森県八戸市大字大久保字生平44-77,,左記の者のうち、事前に市と施設が調整し認めた者,障がい者(知的）,40.50787,141.564338,
1627,E0220300118121,のぞみ園,青森県八戸市大字大久保字大山22-10,,左記の者のうち、事前に市と施設が調整し認めた者,障がい者(知的）,40.502429,141.578528,
1628,E0220300119121,デイサービスみほの,青森県八戸市大字大久保字大山31-2,,左記の者のうち、事前に市と施設が調整し認めた者,高齢者（要介護1以上）,40.488576183403,141.57767551514,
1629,E0220300120122,瑞光園デイサービスセンターもも,青森県八戸市大字大久保字大山32-1,,左記の者のうち、事前に市と施設が調整し認めた者,高齢者（要介護1以上）,40.48912,141.578493,
1630,E0220300121121,特別養護老人ホーム瑞光園,青森県八戸市大字大久保字大山35-1,,左記の者のうち、事前に市と施設が調整し認めた者,高齢者（要介護1以上）,40.488779,141.57917,
1631,E0220300122121,青森県立はまなす医療療育センター,青森県八戸市大字大久保字大塚17-729,,左記の者のうち、事前に市と施設が調整し認めた者,障がい者(肢体、発達）,40.491026,141.564162,
1632,E0220300123111,白銀南小学校,青森県八戸市大字大久保字鷹待場38-2,1,,,40.511925,141.555753,
1633,E0220300124111,県立八戸北高等学校,青森県八戸市大字大久保字町道8-3,1,,,40.510973,141.546589,
1634,E0220300125111,長者中学校,青森県八戸市大字沢里字休場28-1,1,,,40.492323,141.478447,
1635,E0220300126111,中居林コミュニティセンター,青森県八戸市大字中居林字綿ノ端13-13,1,,,40.489359,141.50026,
1636,E0220300127111,下長小学校,青森県八戸市大字長苗代字太古殿1-1,1,,,40.52701,141.464973,
1637,E0220300128111,田面木小学校,青森県八戸市大字田面木字山道下タ13-2,1,,,40.497209,141.447934,
1638,E0220300129111,田面木公民館,青森県八戸市大字田面木字上野道下タ30-1,1,,,40.498033,141.447594,
1639,E0220300130111,独立行政法人国立高等専門学校機構八戸工業高等専門学校,青森県八戸市大字田面木字上野平16-1,1,,,40.492051,141.449265,
1640,E0220300131111,八戸聖ウルスラ学院中学・高等学校第一体育館,青森県八戸市大字田面木字上野平53-2,1,,,40.490832032029,141.44933531273,
1641,E0220300133121,介護老人保健施設　南山苑,青森県八戸市大字田面木字赤坂24-1,,左記の者のうち、事前に市と施設が調整し認めた者,高齢者（認知症〔日常生活自立度Ⅲ以上〕、要介護1以上）,40.500002,141.455256,
1642,E0220300134111,湊中学校,青森県八戸市大字白銀町字右新井田道13-2,1,,,40.515727,141.533928,
1643,E0220300135121,特別養護老人ホーム瑞光園ハイツ白銀台,青森県八戸市大字白銀町字姥久保25-1,,左記の者のうち、事前に市と施設が調整し認めた者,高齢者（要介護1以上）,40.517332790647,141.55493311303,
1644,E0220300136121,ジョイフルパーク　ユートピア,青森県八戸市大字白銀町字姥畑2-4,,左記の者のうち、事前に市と施設が調整し認めた者。原則として、当該施設利用者。,障がい者（知的）,40.51449,141.543978,
1645,E0220300137111,白銀中学校,青森県八戸市大字白銀町字栗沢道38,1,,,40.518104,141.557795,
1646,E0220300138121,グループホーム　オーランド,青森県八戸市大字白銀町字佐部長根24-317,,左記の者のうち、事前に市と施設が調整し認めた者,高齢者（要介護1以上）,40.513577,141.572687,
1647,E0220300139111,白銀小学校,青森県八戸市大字白銀町字大久保道1-1,1,,,40.520713,141.545883,
1648,E0220300140121,八戸グリーンハイツデイサービスセンター,青森県八戸市大字白銀町字沢向15-2,,左記の者のうち、事前に市と施設が調整し認めた者,高齢者（認知症〔日常生活自立度Ⅲ以上〕、要介護1以上）,40.518936,141.54678,
1649,E0220300141111,白鷗小学校,青森県八戸市大字白銀町字中平13-3,1,,,40.521028,141.55027,
1650,E0220300142111,館公民館,青森県八戸市大字八幡字下陳屋40-1,1,,,40.487363303955,141.43042676375,
1651,E0220300143121,特別養護老人ホーム　ハピネスやくら,青森県八戸市大字八幡字下樋田1-1,,左記の者のうち、事前に市と施設が調整し認めた者,高齢者（認知症〔日常生活自立度Ⅲ以上〕、要介護1以上）,40.494922,141.436531,
1652,E0220300144111,明治小学校,青森県八戸市大字八幡字館ノ下12-2,1,,,40.486842,141.431762,
1653,E0220300145111,明治中学校,青森県八戸市大字八幡字上ミ沢23-1,1,,,40.48477,141.436772,
1654,E0220300146121,デイサービスセンターやわた,青森県八戸市大字八幡字林崎27-2,,左記の者のうち、事前に市と施設が調整し認めた者。原則として、当該施設利用者。,高齢者（要介護1以上）,40.488751,141.43828,
1655,E0220300210111,八戸市美術館,青森県八戸市大字番町10-4,1,,,40.51174,141.491469,
1656,E0220300147121,デイサービスセンターばんちょう,青森県八戸市大字番町7-1,,左記の者のうち、事前に市と施設が調整し認めた者,高齢者（認知症〔日常生活自立度Ⅲ以上〕、要介護1以上）,40.510857,141.489453,
1657,E0220300148121,リヴェール　ユートピア,青森県八戸市大字美保野13-2132,,左記の者のうち、事前に市と施設が調整し認めた者。原則として、当該施設利用者。,障がい者（知的）,40.484354,141.578941,
1658,E0220300149111,旧美保野小学校,青森県八戸市大字美保野2,1,,,40.483857,141.585054,
1659,E0220300150111,豊崎小学校,青森県八戸市大字豊崎町字下永福寺12-3,1,,,40.514809,141.382871,
1660,E0220300151111,農村環境改善センター瑞豊館,青森県八戸市大字豊崎町字上永福寺130-1,1,,,40.514434,141.380119,
1661,E0220300152111,豊崎中学校,青森県八戸市大字豊崎町字上七崎1-1,1,,,40.512606,141.366204,
1662,E0220300153111,八戸市みなと体験学習館,青森県八戸市大字湊町字館鼻67-7,1,,,40.527500290502,141.52213465294,
1663,E0220300154111,青潮小学校,青森県八戸市大字湊町字鮫ノ口23-4,1,,,40.513754,141.529026,
1664,E0220300155111,湊公民館,青森県八戸市大字湊町字中道64-7,1,,,40.521836,141.530935,
1665,E0220300156111,湊小学校,青森県八戸市大字湊町字中道7-1,1,,,40.521416,141.529985,
1666,E0220300157121,特別養護老人ホーム福寿草インスプリング,青森県八戸市大字妙字西平6-27,,左記の者のうち、事前に市と施設が調整し認めた者。原則として、当該施設利用者。,高齢者（認知症〔日常生活自立度Ⅲ以上〕、要介護1以上）,40.489247,141.544109,
1667,E0220300158121,妙光園,青森県八戸市大字妙字分枝27-1,,左記の者のうち、事前に市と施設が調整し認めた者,高齢者（認知症〔日常生活自立度Ⅲ以上〕、要介護1以上）、障がい者（肢体、視覚、聴覚、知的、精神、発達）,40.486117,141.532816,
1668,E0220300159121,妙水苑デイサービスセンター,青森県八戸市大字妙字分枝39-1,,左記の者のうち、事前に市と施設が調整し認めた者,高齢者（要介護1以上）,40.485436,141.534465,
1669,E0220300160121,小規模多機能ホーム長根の森,青森県八戸市長根1-2-8,,左記の者のうち、事前に市と施設が調整し認めた者,高齢者（認知症〔日常生活自立度Ⅲ以上〕、要介護1以上）,40.509998137722,141.4799678701,
1670,E0220300161111,第二中学校,青森県八戸市長根3-23-1,1,,,40.516443977126,141.47936327262,
1671,E0220300162111,八戸小学校,青森県八戸市長根3-24-1,1,,,40.515830026328,141.47760780756,
1672,E0220300163111,長者小学校,青森県八戸市長者3-2-1,1,,,40.501654,141.484223,
1673,E0220300164111,県立八戸高等学校,青森県八戸市長者4-4-1,1,,,40.496788,141.483007,
1674,E0220300165121,小規模多機能ホーム　りんごっこ寿楽荘,青森県八戸市田向2-2-1,,左記の者のうち、事前に市と施設が調整し認めた者,高齢者（認知症〔日常生活自立度Ⅲ以上〕、要介護1以上）,40.497368,141.50999,
1675,E0220300166121,修光園サテライト,青森県八戸市田向5-7-1,,左記の者のうち、事前に市と施設が調整し認めた者。原則として、当該施設利用者。,高齢者（要介護1以上）,40.489878,141.514474,
1676,E0220300167121,特別養護老人ホーム　サンシャイン,青森県八戸市東白山台2-2-1,,左記の者のうち、事前に市と施設が調整し認めた者,高齢者（認知症〔日常生活自立度Ⅲ以上〕、要介護1以上）,40.489489,141.471227,
1677,E0220300168111,白山台小学校,青森県八戸市東白山台2-31-1,1,,,40.4852,141.468132,
1678,E0220300169121,こども発達支援センター虹,青森県八戸市東白山台3-13-26,,左記の者のうち、事前に市と施設が調整し認めた者。原則として、当該施設利用者。,障がい者（聴覚、知的、発達）,40.486408972559,141.47144130962,
1679,E0220300170111,八戸市公民館,青森県八戸市内丸1-1-1,1,,,40.513023,141.488236,
1680,E0220300170112,八戸市公会堂,青森県八戸市内丸1-1-1,1,,,40.513432,141.488131,
1681,E0220300171111,文化教養センター南部会館,青森県八戸市内丸3-3-6,1,,,40.512922,141.490194,
1682,E0220300172111,中沢中学校,青森県八戸市南郷大字市野沢字黄檗7,1,,,40.399418,141.4365,
1683,E0220300173111,南郷公民館,青森県八戸市南郷大字市野沢字黒坂7-2,1,,,40.404429,141.435851,
1684,E0220300174121,特別養護老人ホーム　クローバーズ・ピア,青森県八戸市南郷大字市野沢字山陣屋36-50,,左記の者のうち、事前に市と施設が調整し認めた者,高齢者（認知症〔日常生活自立度Ⅲ以上〕、要介護1以上）,40.405563,141.452537,
1685,E0220300175111,南郷小学校,青森県八戸市南郷大字市野沢字石窪32-10,1,,,40.404085222102,141.43970001041,
1686,E0220300176111,南郷体育館,青森県八戸市南郷大字市野沢字中市野沢44-10,1,,,40.40448,141.435195,
1687,E0220300177111,泉清水集会所,青森県八戸市南郷大字泉清水字浜渡45-16,1,,,40.374193,141.390942,
1688,E0220300178111,旧鳩田小学校,青森県八戸市南郷大字大森字鳩田向14,1,,,40.383217,141.407853,
1689,E0220300179111,鳩田農業研修センター,青森県八戸市南郷大字大森字鳩田向21-2,1,,,40.381757,141.407635,
1690,E0220300180111,旧中野小学校,青森県八戸市南郷大字中野字八ツ役5-1,1,,,40.40806,141.415681,
1691,E0220300181111,南郷公民館中野分館,青森県八戸市南郷大字中野字樋河ノ上1,1,,,40.41076,141.418859,
1692,E0220300182121,南郷デイサービスセンター,青森県八戸市南郷大字島守字阿庄内15-2,,左記の者のうち、事前に市と施設が調整し認めた者,高齢者（認知症〔日常生活自立度Ⅲ以上〕、要介護1以上）、障がい者（肢体、視覚、聴覚、内部）,40.406591,141.453941,
1693,E0220300183111,農村婦人の家,青森県八戸市南郷大字島守字鮫ノ口4-1,1,,,40.392505072003,141.52918999953,
1694,E0220300184111,島守コミュニティセンター,青森県八戸市南郷大字島守字小山田8,1,,,40.414752,141.487163,
1695,E0220300185111,島守小学校,青森県八戸市南郷大字島守字小平15-1,1,,,40.416006,141.492324,
1696,E0220300186111,旧田代小・中学校,青森県八戸市南郷大字島守字赤羽6-25,1,,,40.391518,141.528376,
1697,E0220300187111,南郷公民館緑分館,青森県八戸市南郷大字島守字馳下り14-1,1,,,40.38394,141.500541,
1698,E0220300188111,島守中学校,青森県八戸市南郷大字島守字馬場37,1,,,40.418488,141.489114,
1699,E0220300189121,デイサービスセンター虹,青森県八戸市南白山台2-17-20,,左記の者のうち、事前に市と施設が調整し認めた者。原則として、当該施設利用者。,障がい者（肢体）,40.476664,141.461298,
1700,E0220300190121,サポートセンター虹,青森県八戸市南白山台3-17-14,,左記の者のうち、事前に市と施設が調整し認めた者。原則として、当該施設利用者。,障がい者(知的）,40.476221717541,141.46042533583,
1701,E0220300191121,生協小規模多機能ホームみなみるいけの家,青森県八戸市南類家1-16-1,,左記の者のうち、事前に市と施設が調整し認めた者。原則として、当該施設利用者。,高齢者（要介護1以上）,40.504736,141.503522,
1702,E0220300192111,根岸小学校,青森県八戸市日計5-8-1,1,,,40.542258,141.48539,
1703,E0220300193111,根城コミュニティセンター,青森県八戸市売市4-7-6,1,,,40.512032,141.472018,
1704,E0220300194121,サービス付き高齢者向け住宅セリシール柏崎,青森県八戸市柏崎1-8-8,,左記の者のうち、事前に市と施設が調整し認めた者,高齢者（要介護1以上）,40.513435311863,141.49552764403,
1705,E0220300195111,柏崎公民館,青森県八戸市柏崎3-13-5,1,,,40.513863,141.50071,
1706,E0220300196111,県立八戸盲学校・八戸聾学校,青森県八戸市柏崎6-29-24,1,,,40.514782965936,141.50582801587,
1707,E0220300197111,白銀公民館,青森県八戸市白銀3-2-14,1,,,40.522577,141.546193,
1708,E0220300206121,認定こども園　こもれびのもり幼稚園,青森県八戸市北インター工業団地1-3-72,,左記の者のうち、事前に市と施設が調整し認めた者。,妊産婦、乳幼児,40.546375,141.438419,
1709,E0220300198111,白山台公民館,青森県八戸市北白山台5-2-5,1,,,40.485394,141.462786,
1710,E0220300199111,東中学校,青森県八戸市湊高台2-14-8,1,,,40.504321,141.539424,
1711,E0220300200121,デイサービスセンター　フェニックス,青森県八戸市湊高台2-3-10,,左記の者のうち、事前に市と施設が調整し認めた者,高齢者（要介護1以上）,40.506575,141.537059,
1712,E0220300201121,テレサの丘デイサービスセンター,青森県八戸市湊高台7-26-6,,左記の者のうち、事前に市と施設が調整し認めた者,高齢者（認知症〔日常生活自立度Ⅲ以上〕、要介護1以上）、障がい者（知的）,40.505978,141.550211,
1713,E0220300202111,八戸市東体育館,青森県八戸市湊高台8-1-1,1,,,40.50188,141.544646,
1714,E0220300203111,県立八戸東高等学校,青森県八戸市類家1-4-47,1,,,40.507175,141.497883,
1715,E0220300204122,八戸市福祉体育館,青森県八戸市類家4-3-1,1,市が確認し、一般避難所での生活が困難と認められる者,要配慮者,40.5072,141.505778,
1716,E0220300204123,八戸市福祉公民館,青森県八戸市類家4-3-1,1,市が確認し、一般避難所での生活が困難と認められる者,要配慮者,40.5072,141.505778,
1717,E0220300204121,八戸市身体障害者更生館,青森県八戸市類家4-3-1,1,市が確認し、一般避難所での生活が困難と認められる者,要配慮者,40.5072,141.505778,
1718,E0220300204112,福祉公民館,青森県八戸市類家4-3-1,1,,,40.5072,141.505778,
1719,E0220300204111,福祉体育館,青森県八戸市類家4-3-1,1,,,40.507639,141.505917,
1720,E0238100001111,いたや町集会所,青森県板柳町いたや町1-40,1,,,40.70151016,140.4634834,
1721,E0238100021121,シニアガーデン板柳,青森県板柳町大字横沢字宮元146-6,,,要配慮者,40.6863088,140.4728226,
1722,E0238100002111,横沢会館,青森県板柳町大字横沢字東宮元2-1,1,,,40.68238058,140.4783427,
1723,E0238100003111,牡丹森会館,青森県板柳町大字牡丹森字鴨泊221,1,,,40.74038097,140.4881588,
1724,E0238100024112,板柳町多目的ホールあぷる,青森県板柳町大字灰沼字岩井61,1,,,40.70061907,140.4561538,
1725,E0238100024111,板柳町老人憩いの家,青森県板柳町大字灰沼字岩井61,1,,,40.70035419,140.4571806,
1726,E0238100025121,板柳第一保育所鶴住,青森県板柳町大字灰沼字東1-6,,,要配慮者,40.70449653,140.4524167,
1727,E0238100026121,デイサービスセンターひばの里,青森県板柳町大字掛落林字前田140-1,,,要配慮者,40.71849273,140.4403211,
1728,E0238100027121,有料老人ホームライラック,青森県板柳町大字掛落林字前田262-2,,,要配慮者,40.71783133,140.4404127,
1729,E0238100006111,狐森会館,青森県板柳町大字狐森字宮田76-3,1,,,40.7302406,140.478591,
1730,E0238100007111,五林平町民会館,青森県板柳町大字五林平字前橋1,1,,,40.74929899,140.5096383,
1731,E0238100008111,高増会館,青森県板柳町大字高増字前田70-1,1,,,40.72044126,140.4901129,
1732,E0238100009111,板柳中学校,青森県板柳町大字三千石字五十嵐103,1,,,40.71234535,140.4697525,
1733,E0238100016111,広栄町集会所,青森県板柳町大字三千石字木賊72-1,1,,,40.70634173,140.4666213,
1734,E0238100010111,板柳東小学校,青森県板柳町大字常海橋字稲葉197-21,1,,,40.72479633,140.5108974,
1735,E0238100011111,下常海橋会館,青森県板柳町大字常海橋字松枝53,1,,,40.72898278,140.5130959,
1736,E0238100012111,深味会館,青森県板柳町大字深味字深宮35-2,1,,,40.70227749,140.4768442,
1737,E0238100014111,石野構造改善センター,青森県板柳町大字石野字大柳11-4,1,,,40.71652595,140.4674734,
1738,E0238100015111,板柳北小学校,青森県板柳町大字赤田字田川13,1,,,40.71309813,140.4541937,
1739,E0238100017111,旧板柳高等学校,青森県板柳町大字太田字西上林46,1,,,40.69832159,140.466155,
1740,E0238100018111,太長会館,青森県板柳町大字太田字前橋28-2,1,,,40.69742092,140.4751639,
1741,E0238100061111,小阿弥小学校,青森県板柳町大字大俵字富永39-2,1,,,40.7249935,140.4850267,
1742,E0238100039111,大俵会館,青森県板柳町大字大俵字和田247-1,1,,,40.70758881,140.4906466,
1743,E0238100040111,日新構造改善センター,青森県板柳町大字大俵字和田392-9,1,,,40.71331935,140.4914635,
1744,E0238100041121,ライフケア高増,青森県板柳町大字大俵字和田423-6,,,要配慮者,40.71739251,140.4893033,
1745,E0238100042111,滝館会館,青森県板柳町大字滝井字西田19-1,1,,,40.70207016,140.5135146,
1746,E0238100043121,デイサービスセンターいたや荘,青森県板柳町大字辻字岸田66,,,要配慮者,40.69072703,140.4701836,
1747,E0238100065111,板柳南小学校,青森県板柳町大字辻字岸田75-1,1,,,40.6921006,140.4687548,
1748,E0238100045111,柏木会館,青森県板柳町大字柏木字片田野69-2,1,,,40.73871409,140.4836994,
1749,E0238100046111,板柳町福祉センター,青森県板柳町大字板柳字土井239-3,1,,,40.69604407,140.4578961,
1750,E0238100047121,いたやの樹,青森県板柳町大字板柳字土井354,,,要配慮者,40.69255824,140.4577196,
1751,E0238100070111,飯田会館,青森県板柳町大字飯田字村元17-1,1,,,40.67235401,140.4729021,
1752,E0238100071111,板柳町公民館,青森県板柳町大字福野田字実田11-7,1,,,40.69691813,140.4651102,
1753,E0238100050121,まちだハウス１号,青森県板柳町大字福野田字実田43-1,,,要配慮者,40.69652648,140.459987,
1754,E0238100051121,まちだホーム,青森県板柳町大字福野田字実田44-1,,,要配慮者,40.69666471,140.4598531,
1755,E0238100051122,まちだハウス２号,青森県板柳町大字福野田字実田44-1,,,要配慮者,40.69688301,140.4596812,
1756,E0238100052121,グループホームみどり２,青森県板柳町大字福野田字実田45-20,,,要配慮者,40.6970378,140.4600388,
1757,E0238100053121,みどりデイサービスセンター,青森県板柳町大字福野田字実田54-3,,,要配慮者,40.69721005,140.4598106,
1758,E0238100054121,グループホームみどり１,青森県板柳町大字福野田字実田54-4,,,要配慮者,40.69714328,140.4594946,
1759,E0238100055121,まちだ館,青森県板柳町大字福野田字実田72-4,,,要配慮者,40.69843124,140.4593591,
1760,E0238100072111,板柳町ふるさとセンター,青森県板柳町大字福野田字本泉34-6,1,,,40.68850577,140.463234,
1761,E0238100057121,有料老人ホームやよい,青森県板柳町大字福野田字本泉63-3,,,要配慮者,40.6922021,140.4615278,
1762,E0238100058111,野中町民会館,青森県板柳町大字野中字若松41-5,1,,,40.72022197,140.4606093,
1763,E0238100059121,特別養護老人ホーム鶴住荘,青森県板柳町大字野中字鶴住102-2,,,要配慮者,40.72191748,140.4511686,
1764,E0238100060111,沿川北部多目的研修センター,青森県板柳町大字夕顔関字西田178,1,,,40.737191263881,140.50990027976,
1765,E0242500001111,風間浦中学校,青森県風間浦村易国間字古野18-1,,,,41.49080412451,140.98942633708,
1766,E0242500002111,風間浦小学校,青森県風間浦村易国間字古野18-2,,,,41.49035407536,140.98833199581,
1767,E0242500003111,風間浦保育所,青森県風間浦村易国間字古野18-4,,,,41.489871876373,140.98775263866,
1768,E0242500004121,総合福祉センター「げんきかん」,青森県風間浦村易国間字大川目11-2,,,要配慮者,41.482002261478,140.99184877909,
1769,E0242500004111,総合福祉センター「げんきかん」,青森県風間浦村易国間字大川目11-2,,,,41.482002261478,140.99184877909,
1770,E0242500005121,いこくま荘,青森県風間浦村易国間字大川目17-2,,,要配慮者,41.480328,140.995244,
1771,E0242500006111,中央公民館,青森県風間浦村易国間字大川目28-5,,,,41.487141627712,140.9951285611,
1772,E0242500007111,桑畑温泉湯ん湯ん♪,青森県風間浦村易国間字湯ノ上1-1,,,,41.48185206338,141.03566283814,
1773,E0242500008111,桑畑公民館,青森県風間浦村易国間字二タ川2-2,,,,41.48241565922,141.0386406961,
1774,E0242500009111,下風呂公民館,青森県風間浦村下風呂字下風呂1,,,,41.466870159613,141.09365439954,
1775,E0242500010111,甲集会所,青森県風間浦村下風呂字甲平ノ下2-3,,,,41.45746517907,141.11251089903,
1776,E0242500011111,旧下風呂小学校,青森県風間浦村甲平ノ上18-1,,,,41.458986918831,141.10559022966,
1777,E0242500012111,旧蛇浦小学校,青森県風間浦村蛇浦字古釜谷平126,,,,41.50884100142,140.96223187383,
1778,E0242500013111,蛇浦公民館,青森県風間浦村蛇浦字蛇浦17-3,,,,41.502702485313,140.96880328591,
1779,E0242500021111,旧易国間小学校,青森県風間浦村大川目21-3,,,,41.486387882049,140.99388416847,
1780,E0221000020111,さるか交流館,青森県平川市猿賀遠林1-2,1,,,40.613517,140.565573,
1781,E0221000021121,グループホーム　もみじの森,青森県平川市猿賀石林37-3,,左記のうち、事前に市が特定し、環境調整を事前に行った者,要配慮者,40.617412,140.568841,
1782,E0221000022111,平川市ふるさとセンター,青森県平川市猿賀石林94,1,,,40.615589517903,140.56466718213,
1783,E0221000023121,特別養護老人ホームおのえ荘,青森県平川市猿賀池上100-1,,左記のうち、事前に市が特定し、環境調整を事前に行った者,要配慮者,40.618713,140.566069,
1784,E0221000024111,平川市尾上農村環境改善センター,青森県平川市猿賀池上45-1,1,,,40.615910508082,140.56543820582,
1785,E0221000025111,猿賀公園,青森県平川市猿賀池上45-3,1,,,40.61741662,140.5644946,
1786,E0221000026111,みなみの和み館,青森県平川市猿賀南田88-1,1,,,40.614352,140.571882,
1787,E0221000027111,平川市尾上地域福祉センター,青森県平川市猿賀南田96-3,1,,,40.614391948182,140.57266694218,
1788,E0221000028112,平川市立猿賀小学校,青森県平川市猿賀明堂136-2,1,,,40.617226,140.549737,
1789,E0221000028111,平川市立猿賀小学校グラウンド,青森県平川市猿賀明堂136-2,1,,,40.616466776945,140.54969939541,
1790,E0221000029121,障害者支援施設　旭光園,青森県平川市猿賀明堂255,,左記のうち、事前に市が特定し、環境調整を事前に行った者,要配慮者,40.618157664507,140.54654843383,
1791,E0221000030112,平川市立竹館小学校,青森県平川市沖館永田34-3,1,,,40.568499956951,140.59107683173,
1792,E0221000030111,平川市立竹館小学校グラウンド,青森県平川市沖館永田34-3,1,,,40.568031334062,140.59093199244,
1793,E0221000031111,向野町会集会所,青森県平川市沖館向野1-22,1,,,40.577344502619,140.57801054341,
1794,E0221000032111,鳥海会館,青森県平川市沖館長田21-4,1,,,40.571699904797,140.58021200363,
1795,E0236200040121,特別養護老人ホーム緑青園,青森県平川市沖館和田84,,,避難行動要支援者,40.5746463106879,140.571155654491,
1796,E0221000033121,特別養護老人ホーム緑青園,青森県平川市沖館和田84,,左記のうち、事前に市が特定し、環境調整を事前に行った者,要配慮者,40.57491,140.570918,
1797,E0221000034111,一本木コミュニティセンター,青森県平川市葛川一本木平30-1,1,,,40.528017,140.739938,
1798,E0221000037111,蒲田交流センター,青森県平川市蒲田元宮30-3,1,,,40.621244401834,140.53120222091,
1799,E0221000039112,平川市立松崎小学校,青森県平川市館山上亀岡5-1,1,,,40.596321701888,140.53892870202,
1800,E0221000039111,平川市立松崎小学校グラウンド,青森県平川市館山上亀岡5-1,1,,,40.595578325469,140.53915132537,
1801,E0221000138111,館山・松崎交流センター,青森県平川市館山上亀岡5-3,1,,,40.595006,140.539016,
1802,E0221000040121,カリフラワー,青森県平川市館山前田80-1,,左記のうち、事前に市が特定し、環境調整を事前に行った者,要配慮者,40.59571096721,140.53625494229,
1803,E0221000041121,おらんど,青森県平川市館山前田80-4,,左記のうち、事前に市が特定し、環境調整を事前に行った者,要配慮者,40.595466,140.536496,
1804,E0221000042121,介護老人保健施設　三笠ケアセンター,青森県平川市館田西和田200,,左記のうち、事前に市が特定し、環境調整を事前に行った者,要配慮者,40.58665,140.539422,
1805,E0236200041121,介護老人保健施設三笠ケアセンター,青森県平川市館田西和田200,,,避難行動要支援者,40.5866399158428,140.539446426612,
1806,E0221000043121,グループホームサンライフ三笠,青森県平川市館田西和田201-2,,左記のうち、事前に市が特定し、環境調整を事前に行った者,要配慮者,40.587206,140.538908,
1807,E0236200042121,グループホームサンライフ三笠,青森県平川市館田西和田201-2,,,避難行動要支援者,40.5871633322048,140.53892464202,
1808,E0221000044111,苗生松多目的集会所,青森県平川市館田西和田205-3,1,,,40.588939953511,140.53901040492,
1809,E0221000045111,館田地区農業推進拠点施設,青森県平川市館田前田289-2,1,,,40.582049,140.538661,
1810,E0221000046111,平川市立大坊小学校グラウンド,青森県平川市岩館下り松72-2,1,,,40.565714788215,140.54372294082,
1811,E0221000046112,平川市立大坊小学校,青森県平川市岩館下り松72-2,1,,,40.56609875427,140.54309427019,
1812,E0221000047111,岩館地区構造改善センター,青森県平川市岩館下り松96,1,,,40.559745150428,140.54531659467,
1813,E0221000048111,金屋地区多目的研修施設,青森県平川市金屋上松元46-9,1,,,40.61013,140.603888,
1814,E0221000049121,グループホーム　岩木望おのえ,青森県平川市原上原24-4,,左記のうち、事前に市が特定し、環境調整を事前に行った者,要配慮者,40.618227,140.580464,
1815,E0221000050111,尾上南田会館,青森県平川市原大野34-2,1,,,40.615317335586,140.5775938552,
1816,E0221000051111,原田農業研修センター,青森県平川市原田今井121-2,1,,,40.565298312851,140.55107469932,
1817,E0221000052111,平川市文化センター,青森県平川市光城2-30-1,1,,,40.590335,140.562915,
1818,E0221000053111,光城コミュニティセンター,青森県平川市光城6-8,1,,,40.589618735517,140.5606361066,
1819,E0221000054111,広船地区構造改善センター,青森県平川市広船福田207,1,,,40.569874972131,140.61269186476,
1820,E0221000055111,荒田農業研修センター,青森県平川市荒田駒田159-2,1,,,40.60113892324,140.57075879191,
1821,E0221000056111,向陽多目的研修集会施設,青森県平川市高畑前田117,1,,,40.567684373577,140.56878888485,
1822,E0221000057111,四ツ屋集会所,青森県平川市四ツ屋亀田78-2,1,,,40.575576421656,140.53215952852,
1823,E0221000058111,旧平川市立小国小中学校グラウンド,青森県平川市小国川原田12-1,1,,,40.545527912987,140.68509098446,
1824,E0221000059111,小国コミュニティセンター,青森県平川市小国川原田2-1,1,,,40.544748727984,140.68636892923,
1825,E0221000060111,三町会農業研修センター,青森県平川市小杉稲村87-1,1,,,40.576641,140.538267,
1826,E0221000061111,小和森多目的研修集会施設,青森県平川市小和森松村4-1,1,,,40.592904744,140.565062985,
1827,E0221000062111,平成町コミュニティセンター,青森県平川市小和森上松岡184-2,1,,,40.589716,140.566136,
1828,E0221000063111,松館農業研修センター,青森県平川市松館浅井29-2,1,,,40.597596,140.531405,
1829,E0221000064111,新屋多目的集会所,青森県平川市新屋栄館54-6,1,,,40.595209888017,140.597654301,
1830,E0221000065111,新屋町地区農村公園,青森県平川市新屋町松下86-1,1,,,40.6099032435,140.576186331,
1831,E0221000066111,新屋町会館,青森県平川市新屋町松下86-4,1,,,40.610177,140.576012,
1832,E0221000067111,Ｂ＆Ｇ尾上体育館,青森県平川市新屋町北鶉野15-1,1,,,40.613195121012,140.58569551721,
1833,E0221000068112,平川市立平賀東中学校,青森県平川市新館後野104-1,1,,,40.580323878579,140.5847160686,
1834,E0221000068111,平川市立平賀東中学校グラウンド,青森県平川市新館後野104-1,1,,,40.579272714513,140.584952103,
1835,E0221000069111,平賀多目的広場,青森県平川市新館後野180-1,1,,,40.583492,140.574983,
1836,E0221000070111,ひらかわ市民の森,青森県平川市新館東山117-168,1,,,40.570535263473,140.5928326108,
1837,E0221000139111,新館集落センター,青森県平川市新館藤巻43-11,1,,,40.57697,140.582852,
1838,E0221000073111,平川市平賀農村環境改善センター,青森県平川市新館野木和20-1,1,,,40.582969,140.573208,
1839,E0221000074111,新山ふれあいセンター,青森県平川市新山岡部66-2,1,,,40.627876,140.535894,
1840,E0221000076111,石郷集会所,青森県平川市石郷村元261,1,,,40.5756983002,140.551268998,
1841,E0221000077111,大木平集会所,青森県平川市切明温川沢1-28,1,,,40.509883841635,140.7755011573,
1842,E0221000137111,切明コミュニティセンター,青森県平川市切明坂本54-2,,,,40.511589,140.732429,
1843,E0221000078111,井戸沢集会所,青森県平川市切明上井戸42-6,1,,,40.527831364868,140.74635456093,
1844,E0221000080111,大光寺コミュニティセンター,青森県平川市大光寺三村井70-3,1,,,40.590005555592,140.55799508142,
1845,E0221000081112,平川市立小和森小学校,青森県平川市大光寺二村井166,1,,,40.592415,140.559556,
1846,E0221000081111,平川市立小和森小学校グラウンド,青森県平川市大光寺二村井166,1,,,40.592974575964,140.55956989461,
1847,E0221000082111,平川市立平賀西中学校グラウンド,青森県平川市大光寺白山13-2,1,,,40.58645941363,140.5514781345,
1848,E0221000082112,平川市立平賀西中学校,青森県平川市大光寺白山13-2,1,,,40.585749,140.551501,
1849,E0221000083111,大坊コミュニティセンター,青森県平川市大坊竹内225,1,,,40.571328,140.542136,
1850,E0221000084121,ディサービスセンター　おのえ,青森県平川市中佐渡上石田36-1,,左記のうち、事前に市が特定し、環境調整を事前に行った者,要配慮者,40.60794275587,140.56423687122,
1851,E0221000085111,中佐渡集落会館,青森県平川市中佐渡前田32-1,1,,,40.609175,140.565152,
1852,E0221000086111,平川市立尾上中学校,青森県平川市中佐渡南田49,1,,,40.611849619754,140.57190893765,
1853,E0221000087111,平川市立尾上中学校グラウンド,青森県平川市中佐渡南田52,1,,,40.611238066314,140.57227286647,
1854,E0221000088111,平川市尾上体育館,青森県平川市中佐渡南田95-4,1,,,40.611283,140.57091,
1855,E0221000089111,飛鳥会館,青森県平川市町居横山341-2,1,,,40.588944552065,140.58628870258,
1856,E0221000090121,特別養護老人ホーム慶游荘,青森県平川市町居山元304-1,,左記のうち、事前に市が特定し、環境調整を事前に行った者,要配慮者,40.587205,140.589265,
1857,E0236200043121,グレイスハウス平川,青森県平川市町居西田111-1,,,避難行動要支援者,40.5864639199183,140.579100330987,
1858,E0221000091121,グレイスハウス　平川,青森県平川市町居西田112-1,,左記のうち、事前に市が特定し、環境調整を事前に行った者,要配慮者,40.586542433591,140.57914476966,
1859,E0221000092111,ひらかわドリームアリーナ,青森県平川市町居南田249,1,,,40.583990291167,140.57641862529,
1860,E0221000093111,平川市陸上競技場,青森県平川市町居南田252-1,1,,,40.583883276007,140.57806474892,
1861,E0221000094111,長田地区担い手センター,青森県平川市長田沼田32-2,1,,,40.608175912592,140.55395842941,
1862,E0221000095111,中佐渡地区農村公園,青森県平川市長田野田53-2,1,,,40.6103531855,140.559514126,
1863,E0221000096111,久吉地区農村公園,青森県平川市碇ケ関久吉山岸17-1,1,,,40.44394,140.649457,
1864,E0221000097111,平川市碇ヶ関温泉会館,青森県平川市碇ケ関鯨森8-1,1,,,40.473952813848,140.62961047979,
1865,E0236200044121,グループホームサンライフ碇ヶ関,青森県平川市碇ケ関鯨森90-1,,,避難行動要支援者,40.4812146194352,140.627122693314,
1866,E0221000098121,グループホームサンライフ碇ヶ関,青森県平川市碇ケ関鯨森90-1,,左記のうち、事前に市が特定し、環境調整を事前に行った者,要配慮者,40.481174,140.62718,
1867,E0221000100111,古懸不動尊境内,青森県平川市碇ケ関古懸門前1-1,1,,,40.4883257584,140.628652423,
1868,E0221000101112,平川市立碇ヶ関小中学校,青森県平川市碇ケ関三笠山100-2,1,,,40.475853533289,140.63029676376,
1869,E0221000101111,平川市立碇ヶ関小中学校グラウンド,青森県平川市碇ケ関三笠山100-2,1,,,40.475442555724,140.63071879792,
1870,E0221000102111,平川市碇ヶ関地域福祉センター,青森県平川市碇ケ関三笠山120-1,1,,,40.4768469991,140.629776,
1871,E0221000104111,平川市碇ヶ関公民館,青森県平川市碇ケ関三笠山78,1,,,40.473309,140.631064,
1872,E0221000105111,久吉地区集会所,青森県平川市碇ケ関水溜16-3,1,,,40.446086737408,140.64716117004,
1873,E0221000106111,道の駅いかりがせき（屋外）,青森県平川市碇ケ関碇石13-1,1,,,40.481455,140.623297,
1874,E0221000107121,介護老人保健施設　つがる,青森県平川市碇ケ関湯向川添30,,左記のうち、事前に市が特定し、環境調整を事前に行った者,要配慮者,40.478448,140.626272,
1875,E0236200045121,介護老人保健施設つがる,青森県平川市碇ケ関湯向川添30,,,避難行動要支援者,40.4783942880518,140.626348815709,
1876,E0221000108121,障害者支援施設　青葉寮,青森県平川市唐竹高田45,,左記のうち、事前に市が特定し、環境調整を事前に行った者,要配慮者,40.556159,140.601935,
1877,E0236200046121,障害者支援施設　青葉寮,青森県平川市唐竹高田45,,,避難行動要支援者,40.5561047308516,140.601989017243,
1878,E0221000109111,唐竹多目的集会所,青森県平川市唐竹苺原178-13,1,,,40.559951611621,140.6040971854,
1879,E0221000110121,グループホーム　からたけ,青森県平川市唐竹苺原71-2,,左記のうち、事前に市が特定し、環境調整を事前に行った者,要配慮者,40.56287,140.603679,
1880,E0221000111111,南田中ふれあいセンター,青森県平川市南田中西原130,1,,,40.610495,140.593377,
1881,E0221000135121,サービス付き高齢者向け住宅　夢苺の家,青森県平川市南田中西原4-1,,,,40.609947,140.592819,
1882,E0221000112111,南田中地区公園,青森県平川市南田中東林元12,1,,,40.6085502521,140.59289368938,
1883,E0221000113111,平川市立金田小学校グラウンド,青森県平川市南田中北原120-1,1,,,40.613655056052,140.59047991055,
1884,E0221000113112,平川市立金田小学校,青森県平川市南田中北原120-1,1,,,40.614358,140.590664,
1885,E0221000134121,住宅型有料老人ホーム　桜蘭,青森県平川市南田中北原132-3,,,要配慮者,40.613739,140.590271,
1886,E0221000114111,日沼地区農村公園,青森県平川市日沼高田10-1,1,,,40.618920979076,140.52458138378,
1887,E0221000115111,日沼地区コミュニティ施設,青森県平川市日沼高田104-2,1,,,40.618126064216,140.52476454681,
1888,E0221000116121,特別養護老人ホームさわやか園,青森県平川市日沼樋田85,,左記のうち、事前に市が特定し、環境調整を事前に行った者,要配慮者,40.620315,140.516643,
1889,E0221000117111,柏木町コミュニティセンター,青森県平川市柏木町東田167-58,1,,,40.579566326412,140.56587909013,
1890,E0221000118111,中央公園,青森県平川市柏木町藤山27-22,1,,,40.585775858571,140.56644601155,
1891,E0221000120121,ディサービスセンター　なごみ,青森県平川市柏木町藤山3-35,,左記のうち、事前に市が特定し、環境調整を事前に行った者,要配慮者,40.584398336725,140.56370441485,
1892,E0236200047121,グループホームなごみ,青森県平川市柏木町藤山30-35,,,避難行動要支援者,40.5843394228619,140.563650028926,
1893,E0221000119121,グループホーム　なごみ,青森県平川市柏木町藤山30-35,,左記のうち、事前に市が特定し、環境調整を事前に行った者,要配慮者,40.584300560674,140.56369905043,
1894,E0236200048121,みらい会介護医療院,青森県平川市柏木町藤山37-5,,,避難行動要支援者,40.5857805663055,140.563424337721,
1895,E0221000121111,平川市立柏木小学校グラウンド,青森県平川市柏木町柳田8-2,1,,,40.574872313556,140.56493209491,
1896,E0221000121112,平川市立柏木小学校,青森県平川市柏木町柳田8-2,1,,,40.575393730338,140.56497069721,
1897,E0221000122111,八幡崎地区農業研修センター,青森県平川市八幡崎宮本85-3,1,,,40.616110530396,140.53958725371,
1898,E0221000123111,松野地区集会所,青森県平川市尾崎稲元38-20,1,,,40.588116507857,140.59662869255,
1899,E0221000124111,平川市立平賀東小学校グラウンド,青森県平川市尾崎川合69,1,,,40.586280162951,140.59332059513,
1900,E0221000124112,平川市立平賀東小学校,青森県平川市尾崎川合69,1,,,40.586842,140.592706,
1901,E0221000125111,尾崎多目的研修集会施設,青森県平川市尾崎浅井99-1,1,,,40.586631202724,140.61197886612,
1902,E0221000126111,高木会館,青森県平川市尾上栄松37-1,1,,,40.615251185913,140.58244017514,
1903,E0221000127111,西の平団地集会所,青森県平川市苗生松下東田41-2,1,,,40.591275,140.54359,
1904,E0221000128111,平田森多目的集会所,青森県平川市平田森稲村39-1,1,,,40.597369712036,140.58021444027,
1905,E0221000129111,本町コミュニティセンター,青森県平川市本町南柳田84-2,1,,,40.58554,140.55759,
1906,E0221000130111,李平町会センター,青森県平川市李平上安原62-1,1,,,40.614616,140.593627,
1907,E0221000131121,グループホーム　いずみ,青森県平川市李平上山崎53-1,,左記のうち、事前に市が特定し、環境調整を事前に行った者,要配慮者,40.621094679774,140.59325538949,
1908,E0221000132121,介護老人保健施設　のぞみ,青森県平川市李平上山崎54-1,,左記のうち、事前に市が特定し、環境調整を事前に行った者,要配慮者,40.621094648401,140.5926108135,
1909,E0230100001111,稲生漁民センター,青森県平内町大字稲生字稲生15-4,1,,,40.97823366038,140.87338059165,
1910,E0230100002111,旧東栄小学校,青森県平内町大字外童子字葛派平8-3,1,,,40.89242043521,140.99127099804,
1911,E0230100003111,外童子コミュニティセンター,青森県平内町大字外童子字船越39-2,1,,,40.884382262866,140.97877454523,
1912,E0230100004111,口広林業村落コミュニティセンター,青森県平内町大字口広字口広沢154-5,1,,,40.915805186449,141.03880279424,
1913,E0230100005111,東小学校,青森県平内町大字口広字水須3-9,1,,,40.918582355154,141.02860083708,
1914,E0230100006111,山口コミュニティセンター,青森県平内町大字山口字小沢14-1,1,,,40.915627988193,140.91119037549,
1915,E0230100007111,山口小学校,青森県平内町大字山口字小沢20-1,1,,,40.915520051877,140.90730688904,
1916,E0230100008111,旧西平内中学校,青森県平内町大字山口字小沢44-3,1,,,40.915641664638,140.90578875873,
1917,E0230100009111,旧狩場沢小学校助白井分校,青森県平内町大字狩場沢字堀差94-5,1,,,40.891708454156,141.04869816569,
1918,E0230100010111,狩場沢公民分館,青森県平内町大字狩場沢字檜沢24-11,1,,,40.89879893576,141.07615516515,
1919,E0230100011111,小豆沢公民分館,青森県平内町大字小豆沢字茂浦沢137-2,1,,,40.919621680667,140.9128611129,
1920,E0230100012111,山村開発センター,青森県平内町大字小湊字下槻12-1,1,,,40.926029577654,140.961838197,
1921,E0230100013111,町立体育館,青森県平内町大字小湊字下槻3-2,1,,,40.926135770651,140.96130358387,
1922,E0230100014111,小湊小学校,青森県平内町大字小湊字後萢15,1,,,40.926855196652,140.95105153066,
1923,E0230100015111,旧小湊中学校,青森県平内町大字小湊字後萢21-1,1,,,40.923379361996,140.95095545092,
1924,E0230100016111,勤労青少年ホーム,青森県平内町大字小湊字小湊79-3,1,,,40.928289102256,140.95445549782,
1925,E0230100017111,平内中学校（旧青森東高等学校平内校舎）,青森県平内町大字小湊字新道46-26,1,,,40.926163789254,140.9692290088,
1926,E0230100018111,東和コミュニティセンター,青森県平内町大字小湊字雷電際13-168,1,,,40.934721438252,140.97113356086,
1927,E0230100019111,松野木公民分館,青森県平内町大字松野木字一本木1-1,1,,,40.900227,140.996842,
1928,E0230100020111,清水川コミュニティセンター,青森県平内町大字清水川字往来道添26-2,1,,,40.926090317007,141.02238080021,
1929,E0230100021111,旧東平内中学校,青森県平内町大字清水川字道巣5-1,1,,,40.919579526994,141.02603664527,
1930,E0230100022111,盛田公民分館,青森県平内町大字盛田字塚ノ越47,1,,,40.928613177541,140.94351117275,
1931,E0230100023111,中野コミュニティセンター,青森県平内町大字中野字稗田沢13,1,,,40.922969161593,140.8915816509,
1932,E0230100024111,土屋コミュニティセンター,青森県平内町大字土屋字鍵懸地先,1,,,40.909039424927,140.86828613118,
1933,E0230100025111,東滝コミュニティセンター,青森県平内町大字東滝字滝7-7,1,,,40.955951170613,140.9809273127,
1934,E0230100026111,間木コミュニティセンター,青森県平内町大字東滝字鷲ノ沢9-1,1,,,40.94938155993,140.97656334411,
1935,E0230100027111,東田沢集落圏防雪管理センター,青森県平内町大字東田沢字無沢14,1,,,40.991864441245,140.91499529604,
1936,E0230100028111,野内畑集会所,青森県平内町大字東田沢字野内畑6,1,,,40.981134096255,140.90458465337,
1937,E0230100029111,藤沢コミュニティセンター,青森県平内町大字藤沢字八幡33,1,,,40.915509801953,140.93779662535,
1938,E0230100030111,町立体育館内童子分館,青森県平内町大字内童子字観音31-2,1,,,40.885670423127,140.95700459549,
1939,E0230100031111,内童子コミュニティセンター,青森県平内町大字内童子字観音34-1,1,,,40.886193592462,140.95704751083,
1940,E0230100032111,白砂コミュニティセンター,青森県平内町大字白砂字深沢4-6,1,,,40.987826778882,140.94844359149,
1941,E0230100033111,浜子地区総合研修センター,青森県平内町大字浜子字家岸10-1,1,,,40.932327880338,140.9898974197,
1942,E0230100034111,山の手コミュニティセンター,青森県平内町大字福館字平川家ノ下108-2,1,,,40.939983143237,140.95979246343,
1943,E0230100035111,浅所コミュニティセンター,青森県平内町大字福館字雷電林1-50,1,,,40.940747356944,140.97066149207,
1944,E0230100035112,旧浅所小学校,青森県平内町大字福館字雷電林1-50,1,,,40.939940961219,140.96981927843,
1945,E0230100036111,浦田公民分館,青森県平内町大字茂浦字浦田沢114-3,1,,,40.961736825467,140.86427138714,
1946,E0230100037111,旧茂浦小学校,青森県平内町大字茂浦字向田24-1,1,,,40.941534810427,140.87275923879,
1947,E0230100038111,茂浦コミュニティセンター,青森県平内町大字茂浦字向田81,1,,,40.943191289664,140.87229533126,
1948,E0230100039111,薬師野農業構造改善センター,青森県平内町大字薬師野字家岸61-2,1,,,40.917624356788,141.010229924,
1949,E0230100040111,浪打コミュニティセンター,青森県平内町大字浪打字深沢86-1,1,,,40.922695328449,140.86881753242,
1950,E0230400002111,よもっと団地集会場,青森県蓬田村大字阿弥陀川字汐干113-1,1,,,40.97124710402,140.64999701952,
1951,E0230400003111,蓬田小学校,青森県蓬田村大字阿弥陀川字汐干198-148,1,,,40.969546025424,140.64847949373,
1952,E0230400004111,阿弥陀川公民館,青森県蓬田村大字阿弥陀川字汐干56-11,1,,,40.96878259834,140.65581905852,
1953,E0230400005111,ふれあいセンター,青森県蓬田村大字郷沢字浜田136-4,1,,,40.994182495494,140.64746068251,
1954,E0230400006111,ふるさと総合センター,青森県蓬田村大字郷沢字浜田137-76,1,,,40.994705259031,140.6482328893,
1955,E0230400008111,蓬田中学校,青森県蓬田村大字郷沢字浜田138-24,1,,,40.986256237381,140.65114948939,
1956,E0230400009111,郷沢自治会館,青森県蓬田村大字郷沢字浜田153-11,1,,,40.990139701919,140.65373948532,
1957,E0230400011111,文化伝承館,青森県蓬田村大字広瀬字坂元26-1,1,,,41.013367624401,140.64815767143,
1958,E0230400012111,広瀬公民館,青森県蓬田村大字広瀬字坂元608-1,1,,,41.015682900414,140.64832761648,
1959,E0230400013111,高根自治会公民館,青森県蓬田村大字広瀬字坂元672-1,1,,,41.022863865425,140.61253589934,
1960,E0230400014111,いきいき交流館,青森県蓬田村大字瀬辺地字山田35-84,1,,,40.997413594134,140.65191992474,
1961,E0230400015111,瀬辺地民生会館,青森県蓬田村大字瀬辺地字田浦35-2,1,,,41.00637695267,140.6493935213,
1962,E0230400016111,中沢公民館,青森県蓬田村大字中沢字浪返4-1,1,,,40.953186302985,140.65810306844,
1963,E0230400017111,蓬田保育園,青森県蓬田村大字中沢字浪返48-3,1,,,40.956824062232,140.65720209665,
1964,E0230400019111,新長科自治会公民館,青森県蓬田村大字長科字浦田43-1,,,,40.961015533859,140.65519190118,
1965,E0230400020111,旧長科自治会公民館,青森県蓬田村大字長科字川瀬14-2,1,,,40.960675251388,140.65766489789,
1966,E0230400021111,農業者トレーニングセンター,青森県蓬田村大字蓬田字宮本41-11,1,,,40.984773938332,140.64907481852,
1967,E0230400022111,中央公民館,青森県蓬田村大字蓬田字汐越12,1,,,40.973092889379,140.6565952843,
1968,E0230400023111,蓬田公民館,青森県蓬田村大字蓬田字汐越37-1,1,,,40.974656945887,140.6549179208,
1969,E0240100001111,まかどスポーツセンター,青森県野辺地町字家ノ上6-6,1,,,40.876204,141.094333,
1970,E0240100002111,野辺地小学校,青森県野辺地町字寺ノ沢42-4,1,,,40.8631074869393,141.131115124013,
1971,E0240100003111,有戸地区学習等供用センター,青森県野辺地町字小沢平10-8,1,,,40.9170521522133,141.191153805814,
1972,E0240100005111,青森県立野辺地高等学校,青森県野辺地町字松ノ木106-1,1,,,40.8552959232048,141.110029041232,
1973,E0240100007111,若葉小学校,青森県野辺地町字石神裏16,1,,,40.8702379642339,141.133503984562,
1974,E0240100008121,デイサービス　ふる里,青森県野辺地町字大月平34-23,,左記のうち、事前に町が特定し、環境調整を事前に行った者,高齢者・妊産婦・乳幼児,40.875789,141.141849,
1975,E0240100009111,野辺地中学校,青森県野辺地町字浜掛11-5,1,,,40.8685032311645,141.124321847214,
1976,E0240100011111,中央公民館,青森県野辺地町字野辺地1-15,1,,,40.8649376291917,141.12515525983,
1977,E0240100012111,木明地区農作業管理休養施設,青森県野辺地町字有戸鳥井平158-6,1,,,40.8850765121389,141.166590097594,
1978,E0241100001121,ぼんてん荘,青森県六ヶ所村出戸字棚沢130-16,,,要配慮者,41.0062103828907,141.368748067314,
1979,E0241100002111,地域交流ホーム,青森県六ヶ所村出戸字棚沢130-17,1,,,41.0051339102619,141.368510176278,
1980,E0241100003121,かけはし寮,青森県六ヶ所村出戸字棚沢130-23,,,要配慮者,41.0053410756235,141.367600118683,
1981,E0241100005111,旧千歳中学校,青森県六ヶ所村倉内字笹崎1021-1,1,,,40.8857246224106,141.271558536667,
1982,E0241100008111,千歳平小学校,青森県六ヶ所村倉内字笹崎396,1,,,40.8887145964176,141.286358507564,
1983,E0241100010111,第二中学校,青森県六ヶ所村倉内字湯沢112-1,1,,,40.8606868120291,141.341146712204,
1984,E0241100011111,南小学校,青森県六ヶ所村倉内字湯沢12-8,1,,,40.8583621448887,141.336280127663,
1985,E0241100013111,千歳平地区体育館,青森県六ヶ所村大字倉内字笹崎289-1,1,,,40.8884090965048,141.284360856835,
1986,E0241100014111,千歳平こども園,青森県六ヶ所村大字倉内字笹崎289-3,1,,,40.8889259105898,141.283882141763,
1987,E0241100015111,千歳平地区公民館,青森県六ヶ所村大字倉内字笹崎289-5,1,,,40.8884066836939,141.283608527136,
1988,E0241100016111,青森県立六ケ所高等学校,青森県六ヶ所村大字倉内字笹崎305,1,,,40.8881744388002,141.277501706181,
1989,E0241100017111,南こども園,青森県六ヶ所村大字倉内字唐貝地5-328,1,,,40.8577064541318,141.339470813782,
1990,E0241100018111,倉内コミュニティーセンター,青森県六ヶ所村大字倉内字道ノ上21-1,,,,40.8488978591485,141.361911919766,
1991,E0241100023111,泊小学校,青森県六ヶ所村泊字川原75-17,1,,,41.0870747264226,141.387567274355,
1992,E0241100033111,文化交流プラザ（スワニー）,青森県六ヶ所村尾駮字野附1-8,1,,,40.9646554506208,141.363817797528,
1993,E0241100027111,第一中学校,青森県六ヶ所村尾駮字野附1054,1,,,40.9682398426703,141.366258390717,
1994,E0241100029111,尾駮小学校,青森県六ヶ所村尾駮字野附1304-1,1,,,40.9701644006903,141.366426063493,
1995,E0241100034111,総合体育館,青森県六ヶ所村尾駮字野附521-1,,,,40.9807286453472,141.337978113736,
1996,E0240500001121,せせらぎの里きざくら,青森県六戸町小松ケ丘3-77-913,,,知的障がい者、精神障がい者,40.660697444538,141.34380640287,
1997,E0240500002121,デイサービスセンターほのぼの,青森県六戸町小松ケ丘4-77-787,,,高齢者（要支援1以上）,40.661605202246,141.34173827935,
1998,E0240500003121,住宅型有料老人ホーム二の郷,青森県六戸町小松ケ丘4-77-885,,,高齢者（要支援1以上）,40.659909506085,141.33936625796,
1999,E0240500004112,小松ケ丘地域交流館,青森県六戸町小松ケ丘5-77-686,,,,40.661987,141.336093,
2000,E0240500004111,大曲小学校学童保育所,青森県六戸町小松ケ丘5-77-686,,,,40.662118047744,141.335476,
2001,E0240500005111,旧長谷小学校,青森県六戸町大字下吉田字下沼田111-1,1,,,40.589810645373,141.35289781476,
2002,E0240500007111,旧開知小学校,青森県六戸町大字犬落瀬字権現沢14-159,1,,,40.642445,141.299876,
2003,E0240500008111,旧七百中学校,青森県六戸町大字犬落瀬字権現沢54-41,1,,,40.646633,141.301533,
2004,E0240500009121,デイサービスセンターにこにこプラザ六戸,青森県六戸町大字犬落瀬字権現沢54-767,,,高齢者（要支援1以上）,40.647001309203,141.30311233498,
2005,E0240500010111,岡沼地区構造改善センター,青森県六戸町大字犬落瀬字四木35-1,,,,40.666493,141.288688,
2006,E0240500012111,旧六戸中学校,青森県六戸町大字犬落瀬字柴山2-90,1,,,40.612573,141.327052,
2007,E0240500013111,六戸町老人福祉センター,青森県六戸町大字犬落瀬字柴山3-9,,,,40.612150264673,141.33187079762,
2008,E0240500014121,住宅型有料老人ホームかえでの森,青森県六戸町大字犬落瀬字柴山5-425,,,高齢者（要支援1以上）,40.616864533183,141.33925918613,
2009,E0240500015121,グループホームかえでの森,青森県六戸町大字犬落瀬字柴山55-129,,,高齢者（認知症診断者、要支援2以上）,40.616793517938,141.33996385341,
2010,E0240500016111,六戸町総合体育館,青森県六戸町大字犬落瀬字前谷地12,,,,40.608696,141.327638,
2011,E0240500017111,六戸町就業改善センター,青森県六戸町大字犬落瀬字前谷地61,1,,,40.610172244124,141.32625884656,
2012,E0240500018121,エスノス六戸福祉センター,青森県六戸町大字犬落瀬字前谷地98,,,高齢者（要支援1以上）,40.608499995402,141.32256414863,
2013,E0240500020123,養護老人ホーム晴ヶ丘老人ホーム,青森県六戸町大字犬落瀬字堀切沢59-54,,,要配慮者,40.659244271272,141.34652330556,
2014,E0240500020121,グループホームはるが丘,青森県六戸町大字犬落瀬字堀切沢59-54,,,高齢者（認知症診断者、要支援2以上）,40.65956982542,141.34648575462,
2015,E0240500020122,はるが丘デイサービスセンター,青森県六戸町大字犬落瀬字堀切沢59-54,,,高齢者（要支援1以上）,40.658829187431,141.34654476322,
2016,E0240500021111,六戸児童館,青森県六戸町大字犬落瀬字明土60-2,,,,40.600849,141.324316,
2017,E0240500022111,旧六戸小学校,青森県六戸町大字犬落瀬字明土63,1,,,40.600235,141.324903,
2018,E0240500023111,旧大曲小学校,青森県六戸町大字犬落瀬字柳沢91-86,1,,,40.644328,141.336162,
2019,E0240500024111,上吉田公民館,青森県六戸町大字上吉田字前田114-2,,,,40.593967232123,141.3285638281,
2020,E0240500025122,特別養護老人ホームメープル,青森県六戸町大字上吉田字長谷85-11,,,高齢者（要支援1以上）,40.593131236429,141.3396847695,
2021,E0240500025121,デイサービスセンターメープル,青森県六戸町大字上吉田字長谷85-11,,,高齢者（要支援1以上）,40.593465259903,141.3393629044,
2022,E0240500026121,グループホームメープル,青森県六戸町大字上吉田字長谷85-26,,,高齢者（認知症診断者、要支援2以上）,40.593147133263,141.34014925697,
2023,E0240500027111,七百児童館,青森県六戸町大字折茂字上折茂67-45,,,,40.638921,141.299565,
2024,E0240500029111,折茂公民館,青森県六戸町大字折茂字畑刈下36-1,,,,40.607299,141.283582,
2025,E0232100014111,芦萢へき地保健福祉館,青森県鰺ヶ沢町大字芦萢町字鹿子石82-5,,,,40.692777182661,140.22673950219,
2026,E0232100015111,一ツ森林業センター,青森県鰺ヶ沢町大字一ツ森町字上禿88-2,1,,,40.690516726669,140.15145278175,
2027,E0232100015112,（旧）一ツ森小学校,青森県鰺ヶ沢町大字一ツ森町字上禿88-2,1,,,40.689987135122,140.1506229914,
2028,E0232100016111,アグリビジネスホール,青森県鰺ヶ沢町大字建石町字成沢77,,,,40.761989238704,140.30627538296,
2029,E0232100018111,鳴沢農業実習センター,青森県鰺ヶ沢町大字建石町字大曲44-17,,,,40.771717474059,140.28434575917,
2030,E0232100019111,（旧）建石小学校,青森県鰺ヶ沢町大字建石町字島田150,,,,40.762082557909,140.31286444908,
2031,E0232100020111,小森林業センター,青森県鰺ヶ沢町大字小森町字野田99-3,,,,40.700594172217,140.16923511487,
2032,E0232100021111,赤石公民館,青森県鰺ヶ沢町大字赤石町字宇名原232-2,,,,40.762783945501,140.16415548088,
2033,E0232100022111,鰺ヶ沢中学校,青森県鰺ヶ沢町大字赤石町字大和田27,,,,40.773718434869,140.18190628836,
2034,E0232100023111,中下農村婦人の家,青森県鰺ヶ沢町大字中村町字下清水崎142-1,,,,40.762095867607,140.2386049199,
2035,E0232100024111,（旧）中村小学校,青森県鰺ヶ沢町大字中村町字上山ノ井62,,,,40.752524502871,140.22875082937,
2036,E0232100025111,中村公民館,青森県鰺ヶ沢町大字中村町字中山ノ井109,,,,40.757771388375,140.22964199542,
2037,E0232100027111,長平生活改善センター,青森県鰺ヶ沢町大字長平町字甲音羽山65-123,,,,40.711616803004,140.274408478,
2038,E0232100028121,老人保健施設ながだい荘,青森県鰺ヶ沢町大字長平町字甲音羽山65-412,,,要配慮者,40.711737,140.287465,
2039,E0232100029111,南金沢生活改善センター,青森県鰺ヶ沢町大字南金沢町字床夏204-3,,,,40.723652175019,140.18196897165,
2040,E0232100030111,（旧）南金沢小学校,青森県鰺ヶ沢町大字南金沢町字晴間20-8,,,,40.722609082061,140.18372895701,
2041,E0232100031111,南浮田農業センター,青森県鰺ヶ沢町大字南浮田町字早田83-2,,,,40.779548005627,140.25216687501,
2042,E0232100033111,浜横沢生活改善センター,青森県鰺ヶ沢町大字浜横沢町字金沢7-2,,,,40.733688661029,140.23229419945,
2043,E0232100034111,小ノ畑生活改善センター,青森県鰺ヶ沢町大字浜横沢町字深沢8-1,,,,40.719296409884,140.22837490721,
2044,E0232100035111,舞戸小学校,青森県鰺ヶ沢町大字舞戸町字久富27,,,,40.776233546069,140.22465964518,
2045,E0232100036121,鰺ヶ沢町総合保健福祉センター,青森県鰺ヶ沢町大字舞戸町字後家屋敷9-4,,,要配慮者,40.770535914619,140.22908639671,
2046,E0232100036111,鰺ヶ沢町総合保健福祉センター,青森県鰺ヶ沢町大字舞戸町字後家屋敷9-4,,,,40.770535914619,140.22908639671,
2047,E0232100037112,勤労青少年ホーム,青森県鰺ヶ沢町大字舞戸町字小夜151,,,,40.775480405246,140.2069644857,
2048,E0232100037111,勤労者体育センター,青森県鰺ヶ沢町大字舞戸町字小夜151,,,,40.775590088271,140.20739900356,
2049,E0232100038111,西海小学校,青森県鰺ヶ沢町大字舞戸町字小夜190,,,,40.777992808412,140.2069838049,
2050,E0232100039111,室内温水プール,青森県鰺ヶ沢町大字舞戸町字小夜51-1,,,,40.77612346558,140.2071155432,
2051,E0232100040111,天童山公園管理棟,青森県鰺ヶ沢町大字舞戸町字小夜616,,,,40.782321029551,140.20205604321,
2052,E0232100041111,青森県立鰺ヶ沢高等学校,青森県鰺ヶ沢町大字舞戸町字小夜72,1,,,40.776264948633,140.20391521806,
2053,E0232100042111,舞戸公民館,青森県鰺ヶ沢町大字舞戸町字上富田149-2,,,,40.776551495051,140.22035156428,
2054,E0232100043121,住宅型有料老人ホームあっとホームあい,青森県鰺ヶ沢町大字舞戸町字北禿142-1,,,要配慮者,40.779551,140.228463,
2055,E0232100044111,鰺ヶ沢中学校第二体育館,青森県鰺ヶ沢町大字舞戸町字鳴戸390,,,,40.7831500021,140.23481198471,
2056,E0232100045111,（旧）鳴沢小学校,青森県鰺ヶ沢町大字北浮田町字外馬屋51-3,,,,40.779253820014,140.27284062699,
2057,E0232100046111,鳴沢公民館,青森県鰺ヶ沢町大字北浮田町字外馬屋83-3,,,,40.781280789482,140.26889795701,
2058,E0232100047111,川尻営農総合研修所,青森県鰺ヶ沢町大字北浮田町字今須154-178,,,,40.79074265098,140.24795284877,
2059,E0232100048121,特別養護老人ホームつくし荘,青森県鰺ヶ沢町大字北浮田町字今須87-1,,,要配慮者,40.789625,140.253249,
2060,E0232100049111,北浮田集会所,青森県鰺ヶ沢町大字北浮田町字今須前田57-1,,,,40.784668519141,140.25172412641,
2061,E0232100050112,山村開発センター,青森県鰺ヶ沢町大字本町209-2,,,,40.779654524822,140.20953495055,
2062,E0232100050111,中央公民館,青森県鰺ヶ沢町大字本町209-2,,,,40.779760119617,140.20908464595,
2063,E0232100051111,鰺ヶ沢こども園,青森県鰺ヶ沢町大字本町51-2,,,,40.779632577422,140.20645693205,
2064,E0232100052121,地域密着型特別養護老人ホームひばり野,青森県鰺ヶ沢町大字立石町字雲雀野124-18,,,要配慮者,40.76962,140.300919,
2065,E0232100089111,長平青少年旅行村研修センター,青森県鰺ヶ沢町長平町字甲音羽地内,1,,,40.704704938198,140.27395666137,
