NO,共通ID,施設・場所名,住所,洪水,崖崩れ、土石流及び地滑り,高潮,地震,津波,大規模な火事,内水氾濫,火山現象,指定避難所との住所同一,緯度,経度,備考
1,E2934500001201,かしの木台集会所,奈良県安堵町大字かしの木台1-4-1,,,,1,,,1,,,34.601137972763,135.75983602649,
2,E2934500002201,岡崎公民館,奈良県安堵町大字岡崎194-3,,,,,,,1,,,34.604086114209,135.76353848238,
3,E2934500004201,笠目公民館,奈良県安堵町大字笠目534,,,,,,,1,,,34.600710494662,135.74336889725,
4,E2934500005201,上窪田公民館,奈良県安堵町大字窪田137,,,,1,,,1,,,34.597268600553,135.76481410888,
5,E2934500006201,北窪田自治会館,奈良県安堵町大字窪田20-1,,,,1,,,1,,,34.601018871913,135.76673807221,
6,E2934500007201,窪田中央公民館,奈良県安堵町大字窪田316,,,,,,,1,,,34.595225677088,135.76162285525,
7,E2934500008201,中窪田自治会館,奈良県安堵町大字窪田394-6,,,,1,,,,,,34.593500065934,135.75999319789,
8,E2934500010201,安堵中央公園,奈良県安堵町大字窪田628-1,,,,1,,1,,,1,34.598226343597,135.7571056939,
9,E2934500011201,東窪田自治会館,奈良県安堵町大字窪田93-11,,,,1,,,1,,,34.597848948081,135.76616201272,
10,E2934500012201,下窪田自治会館,奈良県安堵町大字窪田984-5,,,,1,,,,,,34.591731852042,135.7558214219,
11,E2934500013201,若草の里集会所,奈良県安堵町大字西安堵17-64,,,,1,,,1,,,34.60250052752,135.75416215933,
12,E2934500014201,西安堵公民館,奈良県安堵町大字西安堵742,,,,1,,,1,,,34.60428197412,135.75138916221,
13,E2934500016201,あつみ台公民館,奈良県安堵町大字東安堵1-34,1,,,1,,,1,,,34.618758174032,135.75955553465,
14,E2934500015201,東安堵南公民館,奈良県安堵町大字東安堵1331,1,,,1,,,1,,,34.604577315962,135.75834865267,
15,E2934500020201,柿の里団地集会所,奈良県安堵町大字東安堵1787-14,,,,,,,1,,,34.600934760427,135.75430757515,
16,E2934500022201,小泉苑公民館,奈良県安堵町大字東安堵34-6,1,,,1,,,1,,,34.61595315462,135.76055295762,
17,E2921200040201,室生山上公園芸術の森,奈良県宇陀市室生181,1,1,,1,,,,,,34.537975,136.032549,
18,E2921200003202,向渕生活改善センター（やまびこホール）,奈良県宇陀市室生向渕3649,1,1,,1,,,,,,34.577248,135.99546,
19,E2921200004202,旧室生東小学校,奈良県宇陀市室生三本松2138,1,1,,1,,,,,,34.573153,136.027292,
20,E2921200005201,音楽の森ふれあい館,奈良県宇陀市室生上笠間444-1,1,,,1,,,,,,34.6113210524173,136.02935238888,
21,E2921200006201,蕨集会所・室生東児童館,奈良県宇陀市室生西谷152,1,1,,,,,,,,34.5726842512642,136.05017761948,
22,E2921200009201,室生小学校,奈良県宇陀市室生大野1912,,1,,1,,,,,,34.56383,136.013237,
23,E2921200011201,室生福祉保健交流センター（ぬく森の郷）,奈良県宇陀市室生大野3776-1,1,1,,1,,,,,,34.5561059522331,136.001784513739,
24,E2921200012201,室生人権交流センター・室生北児童館,奈良県宇陀市室生無山727-2,1,1,,,,,,,1,34.5874790656619,135.973399834637,
25,E2921200025201,たかぎふるさと館,奈良県宇陀市榛原髙井612,1,1,,1,,,,,,34.5073782308544,135.993114828861,
26,E2921200013201,榛原西小学校,奈良県宇陀市榛原下井足1061,1,1,,1,,,,,,34.5211268532215,135.94667626643,
27,E2921200019201,榛原東小学校,奈良県宇陀市榛原赤瀬190,1,1,,1,,,,,,34.545954023502,135.964610341404,
28,E2921200021201,大和富士ホール,奈良県宇陀市榛原天満台西2-45-4,1,1,,1,,,,,,34.5449141057797,135.968656912322,
29,E2921200022201,榛原小学校,奈良県宇陀市榛原萩原2145,1,1,,1,,,,,,34.5324631290871,135.954086613873,
30,E2921200023202,榛原総合センター,奈良県宇陀市榛原萩原2610-1,1,1,,1,,,,,,34.532192,135.957331,
31,E2921200024201,榛原中学校,奈良県宇陀市榛原福地761,1,1,,1,,,,,,34.5337789994037,135.961438215261,
32,E2921200026201,旧守道小学校,奈良県宇陀市大宇陀守道857-1,1,1,,1,,,,,,34.4694298901309,135.953956964744,
33,E2921200027201,大宇陀中学校,奈良県宇陀市大宇陀拾生651,1,1,,1,,,,,,34.4768596601369,135.931182652214,
34,E2921200028201,大宇陀体育館,奈良県宇陀市大宇陀拾生89,1,1,,1,,,,,1,34.4763219232127,135.928213853681,
35,E2921200029201,大宇陀人権交流センター,奈良県宇陀市大宇陀小附1002,1,1,,1,,,,,1,34.4928428175041,135.929330284839,
36,E2921200030201,大宇陀小学校,奈良県宇陀市大宇陀西山72-2,1,1,,1,,,,,,34.4826432459881,135.928720078724,
37,E2921200031201,日本教育学院高等学校（旧田原小学校）,奈良県宇陀市大宇陀田原727,1,1,,1,,,,,1,34.4452272108651,135.953741673793,
38,E2921200034202,宇陀市学校給食センター（附属棟）,奈良県宇陀市大宇陀野依1240,1,1,,1,,,,,,34.50081,135.932005,
39,E2921200042201,宇賀志消防会館,奈良県宇陀市菟田野宇賀志177-1,1,1,,1,,,,,,34.459515,135.984891,
40,E2921200036201,菟田野中学校,奈良県宇陀市菟田野古市場1220,1,1,,1,,,,,1,34.4732344069951,135.968783868544,
41,E2921200037201,宇陀市人権交流センター,奈良県宇陀市菟田野古市場1401-1,1,1,,1,,,,,1,34.4754512057811,135.964538443195,
42,E2921200038201,菟田野小学校,奈良県宇陀市菟田野古市場672,1,1,,1,,,,,,34.4696874619518,135.974449918375,
43,E2942500001201,王寺アリーナ,奈良県王寺町王寺1-1-1,1,1,,1,,1,1,,1,34.594191086803,135.70744779414,
44,E2942500002201,やわらぎ会館,奈良県王寺町王寺2-1-18,1,1,,1,,1,1,,1,34.594847511469,135.70604723182,
45,E2942500003201,大和大学白鳳短期大学部,奈良県王寺町葛下1-7-17,1,1,,1,,1,1,,1,34.59017836529,135.71328953504,
46,E2942500004201,地域交流センター,奈良県王寺町久度2-2-1-501,1,1,,1,,1,1,,1,34.598075478884,135.70495943028,
47,E2942500005201,大和川河川敷,奈良県王寺町久度地内,,,,1,,1,,,,34.600355018421,135.70673001091,
48,E2942500017201,王寺北幼稚園,奈良県王寺町舟戸3-7-10,1,1,,1,,1,1,,1,34.590837,135.713241,
49,E2942500007201,王寺南義務教育学校太子学舎（グラウンド）,奈良県王寺町太子2-1-30,1,1,,1,,1,1,,1,34.581949268037,135.69344047263,
50,E2942500007202,王寺南義務教育学校太子学舎（体育館）,奈良県王寺町太子2-1-30,1,1,,1,,1,1,,1,34.581494356268,135.69222811416,
51,E2942500009201,王寺南義務教育学校畠田学舎（グラウンド）,奈良県王寺町畠田9-1703,1,1,,1,,1,1,,1,34.573410744169,135.6946793295,
52,E2942500009202,王寺南義務教育学校畠田学舎（体育館）,奈良県王寺町畠田9-1703,1,1,,1,,1,1,,1,34.57274818242,135.69363326799,
53,E2942500011202,王寺北義務教育学校（体育館）,奈良県王寺町本町1-20-45,1,1,,1,,1,1,,1,34.594107,135.703012,
54,E2942500014202,王寺町防災コミュニティセンター,奈良県王寺町本町4-645-1,1,1,,1,,1,1,,1,34.582150959602,135.70214334637,
55,E2944300014201,下市こども園,奈良県下市町大字下市2450,1,1,,1,,1,1,1,1,34.366450458254,135.78657969831,
56,E2944300070201,下市あきつ学園,奈良県下市町大字下市3060,1,1,,1,,1,1,1,,34.369051,135.789092,
57,E2944300020201,下市観光文化センター,奈良県下市町大字下市3071,1,1,,1,,1,1,1,1,34.367150136973,135.79067214604,
58,E2944300040201,広橋会館,奈良県下市町大字広橋589-1,1,1,,1,,1,1,1,1,34.335625824165,135.81249326348,
59,E2944300078201,ふれあいセンター（新住）,奈良県下市町大字新住253,1,1,,1,,1,1,1,,34.379834879251,135.78168590504,
60,E2944300052201,交流センター（ごんたくんの家）,奈良県下市町大字善城140-1,1,1,,1,,1,1,1,1,34.359815843151,135.79359555814,
61,E2944300053201,ＫＩＴＯ　ＦＯＲＥＳＴ　ＭＡＲＫＥＴ　ＳＨＩＭＯＩＣＨＩ,奈良県下市町大字善城664-1,1,1,,1,,1,1,1,,34.353966329623,135.80070188281,
62,E2944300058201,柿の里ホール,奈良県下市町大字栃原1222-29,1,1,,1,,1,1,1,1,34.35387408,135.785817797,
63,E2944300061201,平原会館,奈良県下市町大字平原477-1,1,1,,1,,1,1,1,1,34.331237792366,135.77709389106,
64,E2944300062201,梨子堂会館,奈良県下市町大字梨子堂317,1,1,,1,,1,1,1,1,34.335164573467,135.79310470852,
65,E2944300067201,岩森会館,奈良県下市町大字伃邑47-1,1,1,,1,,1,1,1,1,34.353794581325,135.80684063573,
66,E2944300068201,農村コミュニティー体育センター,奈良県下市町大字伃邑619,1,1,,1,,1,1,1,1,34.353793,135.813165,
67,E2945000002201,下北山村保健センター,奈良県下北山村浦向375,1,1,,1,,1,1,,,34.00067223962,135.95647730029,
68,E2945000003201,浦向生活改善センター,奈良県下北山村浦向68,1,1,,1,,1,1,,1,34.0017750022,135.95512342,
69,E2945000004201,小井公民館,奈良県下北山村下桑原365,1,1,,1,,1,1,,1,34.022532975824,135.97582408157,
70,E2945000005201,大里生活改善センター,奈良県下北山村下桑原46,1,1,,1,,1,1,,1,34.0125338841714,135.979513472223,
71,E2945000006201,大小井交流会館ふるさと,奈良県下北山村下桑原560-1,1,1,,1,,1,1,,1,34.027882195011,135.97184769071,
72,E2945000008201,下北山中学校体育館,奈良県下北山村下池原666,1,1,,1,,1,1,,,34.038640424301,135.96254839186,
73,E2945000009201,佐田公民館,奈良県下北山村佐田432-1,1,1,,1,,1,1,,1,34.004884903396,135.9673822553,
74,E2945000011202,旧下北山小学校体育館,奈良県下北山村寺垣内1002,1,1,,1,,1,1,,1,34.00462308107,135.95374549287,
75,E2945000011201,下北山小学校グラウンド,奈良県下北山村寺垣内1002,1,1,,1,,1,1,,1,34.004561563344,135.95427344095,
76,E2945000012201,寺垣内コミュニティセンター,奈良県下北山村寺垣内807-1,1,1,,1,,1,1,,1,34.006230625309,135.95254669617,
77,E2945000014201,桑原公民館駐車場,奈良県下北山村上桑原391,,1,,1,,1,1,,,34.005464,135.979866,
78,E2945000015201,桑原公民館,奈良県下北山村上桑原440,1,1,,1,,1,1,,1,34.00314479162,135.98172744301,
79,E2945000016201,スポーツ公園多目的グラウンド,奈良県下北山村上池原1026,1,1,,1,,1,1,,,34.046766301717,135.96108629906,
80,E2945000017201,池原公民館,奈良県下北山村上池原633,1,1,,1,,1,1,,1,34.037921465021,135.96201213696,
81,E2945000018201,池峰公民館,奈良県下北山村池峰371-1,1,1,,1,,1,1,,1,34.026226541445,135.95620703052,
82,E2945000020201,池の平公園グラウンド,奈良県下北山村池峰764,1,1,,1,,1,1,,,34.03036320379,135.95555021965,
83,E2942700069202,久美ケ丘中央公園,奈良県河合町久美ケ丘1-7-1,1,1,,1,,1,1,,,34.576534,135.729065,
84,E2942700006201,西穴闇児童公園,奈良県河合町穴闇135-4,1,1,,1,,1,1,,,34.585843939546,135.73737915795,
85,E2942700016201,広瀬台公園,奈良県河合町広瀬台2-9,1,1,,1,,1,1,,,34.58450231535,135.72444721462,
86,E2942700017201,赤田池公園,奈良県河合町広瀬台3-7,1,1,,1,,1,1,,,34.5860908,135.7196633,
87,E2942700019201,釘池公園,奈良県河合町高塚台1-18,1,1,,1,,1,1,,,34.578716810199,135.7215111125,
88,E2942700020201,高塚台第１公園,奈良県河合町高塚台1-21,1,1,,1,,1,1,,,34.58121122221,135.72423087657,
89,E2942700022201,高塚台第１緑地,奈良県河合町高塚台2-1,1,1,,1,,1,1,,,34.58431748,135.7313409,
90,E2942700026201,高塚台第２公園,奈良県河合町高塚台2-35-2,1,1,,1,,1,1,,,34.582362442566,135.72686664321,
91,E2942700028201,高塚台公園,奈良県河合町高塚台3-15,1,1,,1,,1,1,,1,34.57917254,135.7262096,
92,E2942400001201,近畿郵政研修センター体育館グラウンド,奈良県河合町高塚台3-4-1,1,1,,1,,1,1,,,34.578437,135.727275,
93,E2942700029202,河合町立公民館駐車場・広場,奈良県河合町高塚台3-4-2,1,1,,1,,1,1,,1,34.580127,135.727171,
94,E2942700030201,県立馬見丘陵公園,奈良県河合町佐味田2202,1,1,,1,,1,1,,,34.56864658,135.7375707,
95,E2942700032201,ほのぼの公園,奈良県河合町佐味田944,1,1,,1,,1,1,,,34.558969733674,135.72734766944,
96,E2942700035201,総合スポーツ公園,奈良県河合町山坊85,1,1,,1,,1,1,,,34.575002970822,135.73802771834,
97,E2942700036201,星和台公園,奈良県河合町星和台1-13,1,1,,1,,1,1,,,34.587418836058,135.71595762632,
98,E2942700038201,河合第二小学校運動場,奈良県河合町星和台2-7-1,1,1,,1,,1,1,,1,34.584275267925,135.71511269686,
99,E2942700039201,河合第二中学校運動場,奈良県河合町星和台2-7-2,1,1,,1,,1,1,,1,34.582905068586,135.71482326532,
100,E2942700052201,泉台第３公園,奈良県河合町泉台1-516,1,1,,1,,1,1,,,34.5894985954,135.73535342898,
101,E2942700057201,河合第一中学校運動場,奈良県河合町池部1-13-1,1,1,,1,,1,1,,1,34.580433553071,135.73754115617,
102,E2942700058201,河合第一小学校運動場,奈良県河合町池部1-15-10,1,1,,1,,1,1,,1,34.580284481903,135.7348571394,
103,E2942700063201,中山台公園,奈良県河合町中山台1-12,1,1,,1,,1,1,,,34.582543334123,135.72222698967,
104,E2942700064201,中山田池公園,奈良県河合町中山台1-16,1,1,,1,,1,1,,1,34.581269298497,135.72157116483,
105,E2942700074201,西大和学園運動場,奈良県河合町薬井295,1,1,,1,,1,1,,1,34.589345095875,135.71410421675,
106,E2942700068201,薬井北山公園,奈良県河合町薬井428-37,1,1,,1,,1,1,,,34.588972630234,135.71268160922,
107,E2920500001201,新沢小学校体育館,奈良県橿原市一町1296,1,1,,1,,1,1,,1,34.475586442406,135.77076611655,
108,E2920500002201,金橋小学校体育館,奈良県橿原市雲悌町216-1,1,1,,1,,1,1,,1,34.5001430087723,135.767228425269,
109,E2920500004201,金橋地区公民館,奈良県橿原市雲梯町927,1,1,,1,,1,1,,1,34.5003776680239,135.772212000391,
110,E2920500003202,橿原運動公園貴賓室,奈良県橿原市雲梯町３２３－２外,1,1,,1,,1,1,,1,34.497529,135.771248,
111,E2920500003201,橿原運動公園,奈良県橿原市雲梯町３２３－２外,1,1,,1,,1,1,,1,34.4980423837111,135.771662075175,
112,E2920500005201,耳成地区公民館,奈良県橿原市葛本町593,1,1,,1,,1,1,,1,34.523167659286,135.805868156715,
113,E2920500006201,耳成小学校体育館,奈良県橿原市葛本町625,1,1,,1,,1,1,,1,34.5221293085559,135.805637709883,
114,E2920500007201,畝傍南小学校体育館,奈良県橿原市見瀬町164,1,1,,1,,1,1,,1,34.479938292206,135.792700403354,
115,E2920500008201,畝傍地区公民館,奈良県橿原市見瀬町202-1,1,1,,1,,1,1,,1,34.4806571691148,135.792632118394,
116,E2920500009201,光陽中学校体育館,奈良県橿原市古川町20,1,1,,1,,1,1,,1,34.4878076382802,135.77205148877,
117,E2920500010201,今井地区公民館,奈良県橿原市今井町2-3-23,1,1,,1,,1,1,,1,34.5053056041499,135.788891125761,
118,E2920500011201,今井小学校体育館,奈良県橿原市今井町3-4-46,1,1,,1,,1,1,,1,34.5052477761321,135.785750429244,
119,E2920500012201,福祉センター「やわらぎの郷」,奈良県橿原市十市町63-1,1,1,,1,,1,1,,1,34.531223925002,135.809904366159,
120,E2920500013201,大成中学校体育館,奈良県橿原市小綱町77-2,1,1,,1,,1,1,,1,34.5094672767819,135.783464067043,
121,E2920500015201,晩成小学校体育館,奈良県橿原市小房町1-54,1,1,,1,,1,1,,1,34.5056204056152,135.797085878535,
122,E2920500014201,市立中央体育館,奈良県橿原市小房町11-1,1,1,,1,,1,1,,1,34.5000846969585,135.797235130008,
123,E2920500016201,中央公民館,奈良県橿原市小房町9-23,1,1,,1,,1,1,,1,34.501517,135.797458,
124,E2920500017201,耳成西小学校体育館,奈良県橿原市上品寺町455-1,1,1,,1,,1,1,,1,34.5222212175632,135.789805876846,
125,E2920500018201,耳成南小学校体育館,奈良県橿原市常盤町3,1,1,,1,,1,1,,1,34.5187807376491,135.80940692186,
126,E2920500019201,八木中学校体育館,奈良県橿原市新賀町33,1,1,,1,,1,1,,1,34.5194710828749,135.804487836863,
127,E2920500020201,多地区公民館,奈良県橿原市新口町244-2,1,1,,1,,1,1,,1,34.5263313771839,135.789209980561,
128,E2920500021201,橿原中学校体育館,奈良県橿原市西新堂町26-1,1,1,,1,,1,1,,1,34.5299685695561,135.786451709042,
129,E2920500022201,畝傍中学校体育館,奈良県橿原市石川町204,1,1,,1,,1,1,,1,34.4853412064446,135.801576119215,
130,E2920500023201,新沢地区公民館,奈良県橿原市川西町611,1,1,,1,,1,1,,1,34.4767334309274,135.771488354932,
131,E2920500025201,橿原市新沢千塚公園拠点施設,奈良県橿原市川西町855-1,1,1,,1,,1,1,,1,34.4798351445393,135.772830438991,
132,E2920500024201,新沢千塚古墳群公園,奈良県橿原市川西町７５５－３外,1,1,,1,,1,1,,,34.4782790165374,135.773353057282,
133,E2920500026201,香久山地区公民館,奈良県橿原市膳夫町477,1,1,,1,,1,1,,1,34.5082404223891,135.822987296018,
134,E2920500027201,香久山小学校体育館,奈良県橿原市膳夫町98-1,1,1,,1,,1,1,,1,34.5046944943895,135.820910369845,
135,E2920500028201,曽我川緑地体育館,奈良県橿原市曽我町1212,1,1,,1,,1,1,,1,34.5181719015783,135.768890459641,
136,E2920500029201,真菅地区公民館,奈良県橿原市曽我町1281-18,1,1,,1,,1,1,,1,34.5120411015166,135.77879028819,
137,E2920500030201,真菅小学校体育館,奈良県橿原市曽我町710,1,1,,1,,1,1,,1,34.5149706521029,135.778587843309,
138,E2920500031201,真菅北小学校体育館,奈良県橿原市大垣町220-1,1,1,,1,,1,1,,1,34.5281395514852,135.779568281615,
139,E2920500032201,大久保コミュニティーセンター,奈良県橿原市大久保町15-1,1,1,,1,,1,1,,1,34.4986808,135.7944516,
140,E2920500033201,畝傍北小学校体育館,奈良県橿原市大久保町156,1,1,,1,,1,1,,1,34.4962865493628,135.794652907686,
141,E2920500034201,畝傍東小学校体育館,奈良県橿原市大軽町283,1,1,,1,,1,1,,1,34.4799090954109,135.801592253981,
142,E2920500035201,鴨公地区公民館,奈良県橿原市醍醐町42-2,1,1,,1,,1,1,,1,34.5046651059949,135.803866052282,
143,E2920500036201,ひがしたけだドーム,奈良県橿原市東竹田町124-1,1,1,,1,,1,1,,1,34.526537,135.819843,
144,E2920500037201,鴨公小学校体育館,奈良県橿原市縄手町324,1,1,,1,,1,1,,1,34.5009839050927,135.803077719023,
145,E2920500038201,香久山体育館,奈良県橿原市南山町624,1,1,,1,,1,1,,1,34.4917404307706,135.824085409862,
146,E2920500039201,白橿地区公民館,奈良県橿原市白橿町2-32-11,1,1,,1,,1,1,,1,34.4750117706289,135.791115505743,
147,E2920500041201,白橿中学校体育館,奈良県橿原市白橿町8-12-1,1,1,,1,,1,1,,1,34.4684927621465,135.791960610615,
148,E2920500042201,白橿小学校体育館,奈良県橿原市白橿町8-19-1,1,1,,1,,1,1,,1,34.4704311610433,135.79031615771,
149,E2920500043201,奈良県立畝傍高等学校,奈良県橿原市八木町3-13-2,1,1,,1,,1,1,,1,34.5094125499119,135.799717247479,
150,E2920500044201,飛騨コミュニティーセンター,奈良県橿原市飛騨町94-2,1,1,,,,1,1,,1,34.4965312473573,135.803219556888,
151,E2920500045201,奈良県立橿原高等学校,奈良県橿原市北越智町282,1,1,,1,,1,1,,1,34.4764482433477,135.777360277561,
152,E2920500046201,八木地区公民館,奈良県橿原市北八木町2-1-6,1,1,,1,,1,1,,1,34.5114999620189,135.796049053454,
153,E2921100001201,公民館加守分館,奈良県葛城市加守585,1,,,,,,,,,34.5319048111495,135.69218997198,
154,E2921100002201,公民館柿本分館,奈良県葛城市柿本145,,1,,,,,,,,34.4908152039602,135.729231557381,
155,E2921100003201,柿本人麻呂コミュニティセンター,奈良県葛城市柿本161,1,1,,1,,,,,,34.4894747014724,135.726973251021,
156,E2921100004201,葛木コミュニティセンター,奈良県葛城市葛木93-3,,1,,1,,,,,,34.4859348852137,135.717778335587,
157,E2921100005201,公民館今在家分館,奈良県葛城市今在家176,1,1,,1,,,,,,34.520623449647,135.703925543933,
158,E2921100006201,山口コミュニティセンター,奈良県葛城市山口180,1,1,,1,,,,,,34.471732616527,135.702299057918,
159,E2921100007201,山田集会所,奈良県葛城市山田111-1,1,1,,1,,,,,,34.4773154933744,135.714914975652,
160,E2921100008201,寺口ふれあい集会場,奈良県葛城市寺口427-1,1,,,1,,,,,,34.4855554760115,135.704531631246,
161,E2921100009201,公民館尺土分館,奈良県葛城市尺土213-12,,1,,1,,,,,,34.5090913366249,135.72399833258,
162,E2921100010201,公民館勝根分館,奈良県葛城市勝根218,1,1,,1,,,,,,34.5182297577692,135.708156887174,
163,E2921100011201,公民館新在家分館,奈良県葛城市新在家159,,1,,,,,,,,34.5231726183134,135.693045692738,
164,E2921100013201,新庄屋敷町コミュニティセンター,奈良県葛城市新庄500-3,1,1,,1,,,,,,34.48814,135.715302,
165,E2921100014201,公民館新町分館,奈良県葛城市新村163-1,1,1,,1,,,,,,34.48082601012,135.736247663145,
166,E2921100015201,公民館新村分館,奈良県葛城市新村345-3,1,1,,1,,,,,,34.4775097351004,135.745574005384,
167,E2921100017201,西室コミュニティセンター,奈良県葛城市西室95-3,,1,,1,,,,,,34.4938729575743,135.728269220029,
168,E2921100018201,西辻コミュニティセンター,奈良県葛城市西辻195-1,1,1,,1,,,,,,34.4750092621038,135.723617082381,
169,E2921100020201,公民館染野分館,奈良県葛城市染野321-1,1,1,,,,,,,,34.521731385559,135.697630700577,
170,E2921100022201,太田集落センター,奈良県葛城市太田201-5,1,,,1,,,,,,34.4987214669264,135.703870444166,
171,E2921100023201,大屋コミュティセンター,奈良県葛城市大屋238,1,,,1,,,,,,34.4871897371457,135.711271299606,
172,E2921100024201,大畑集落センター,奈良県葛城市大畑108-1,1,1,,1,,,,,,34.49925680846,135.716277761449,
173,E2921100025201,竹内集落センター,奈良県葛城市竹内389-1,1,1,,,,,,,,34.5098374795403,135.701180190897,
174,E2921100027201,公民館中戸分館,奈良県葛城市中戸180-4,1,1,,1,,,,,,34.4943082780241,135.711993204022,
175,E2921100029201,磐城地区公民館,奈良県葛城市長尾472-1,1,1,,,,,,,,34.507763852917,135.707802489757,
176,E2921100030201,笛吹集会所,奈良県葛城市笛吹258-1,1,,,1,,,,,,34.4730830559774,135.712275943835,
177,E2921100031201,笛堂コミュニティセンター,奈良県葛城市笛堂240-1,,1,,1,,,,,,34.4879836657504,135.741227567688,
178,E2921100082201,新町公園球技場,奈良県葛城市笛堂376,,1,,1,,,,,,34.483151,135.741408,
179,E2921100033201,東室コミュニティセンター,奈良県葛城市東室262-2,,1,,1,,,,,,34.4943656167235,135.729474093578,
180,E2921100034201,南花内コミュニティセンター,奈良県葛城市南花内129-2,1,1,,1,,,,,,34.4810087377611,135.729535641587,
181,E2921100035201,公民館南今市分館,奈良県葛城市南今市5-1,,1,,1,,,,,,34.5048693869869,135.710116520204,
182,E2921100037201,南藤井コミュニティセンター,奈良県葛城市南藤井111,1,1,,1,,,,,,34.4840254256846,135.713047825654,
183,E2921100038201,屋敷山公園,奈良県葛城市南藤井17,1,1,,1,,,,,1,34.486246,135.713096,
184,E2921100081201,新庄第２健民運動場,奈良県葛城市南藤井25,,1,,1,,,,,,34.485149,135.712936,
185,E2921100039201,新庄コミュニティセンター,奈良県葛城市南道穂147-5,1,1,,1,,,,,,34.488802,135.719524,
186,E2921100041201,大屋北コミュティセンター,奈良県葛城市南道穂234-11,1,1,,1,,,,,,34.4896786310248,135.71641649939,
187,E2921100042201,南道穂コミュニティセンター,奈良県葛城市南道穂86-4,1,1,,1,,,,,,34.4880625554135,135.724425575507,
188,E2921100044201,忍海集会所,奈良県葛城市忍海262-5,1,1,,,,,,,,34.4768586613144,135.729500190293,
189,E2921100046201,公民館京阪忍海分館,奈良県葛城市忍海437-65,,1,,1,,,,,,34.4743305602981,135.727776744851,
190,E2921100079201,南新町区コミュニティセンター,奈良県葛城市忍海88-11,1,1,,1,,,,,,34.477827,135.735759,
191,E2921100048201,公民館南新町わかくさ台分館,奈良県葛城市忍海99-7,1,1,,1,,,,,,34.4785859941079,135.737542819321,
192,E2921100049201,梅室コミュニティセンター,奈良県葛城市梅室234-2,1,,,1,,,,,,34.468013434363,135.705168705387,
193,E2921100050201,公民館八川分館,奈良県葛城市八川280-6,1,1,,1,,,,,,34.5042464992563,135.715867627934,
194,E2921100051201,疋田東和苑コミュニティセンター,奈良県葛城市疋田104-3,,1,,1,,,,,,34.5041410074552,135.722017583599,
195,E2921100052201,疋田フルールコミュニティセンター,奈良県葛城市疋田243-4,1,1,,1,,,,,,34.5062869400361,135.726296789501,
196,E2921100053201,公民館疋田分館,奈良県葛城市疋田400-1,1,1,,,,,,,,34.5026639126516,135.72382943444,
197,E2921100055201,兵家老人憩の家,奈良県葛城市兵家1465-1,1,,,1,,,,,,34.5044926601735,135.699713898527,
198,E2921100056201,公民館兵家分館,奈良県葛城市兵家737,1,1,,,,,,,,34.5003304023164,135.699463690978,
199,E2921100057201,公民館平岡分館,奈良県葛城市平岡65-1,1,1,,1,,,,,,34.4751640847909,135.708681521905,
200,E2921100080201,出花内集会所,奈良県葛城市北花内452,,1,,,,,,,,34.486498,135.735976,
201,E2921100058201,北花内ＪＲ地区コミュニティセンター,奈良県葛城市北花内502-8,1,1,,1,,,,,,34.4875433366912,135.735674911477,
202,E2921100059201,北花内コミュニティセンター,奈良県葛城市北花内51,1,1,,1,,,,,,34.4840837897991,135.729579054146,
203,E2921100060201,公民館北花内近鉄駅前分館,奈良県葛城市北花内570-1,1,1,,,,,,,,34.4874314235473,135.727929708531,「洪水」では2階以上に避難
204,E2921100061201,公民館三才分館,奈良県葛城市北花内771-1,,1,,1,,,,,,34.4860391068399,135.724968799192,
205,E2921100062201,北道穂コミュニティセンター,奈良県葛城市北道穂100,1,1,,1,,,,,,34.4927448881384,135.722491702809,
206,E2921100063201,木戸集落センター,奈良県葛城市木戸151-3,,1,,1,,,,,,34.512013796272,135.715624332858,
207,E2921100065201,公民館林堂南分館,奈良県葛城市林堂229-10,1,1,,1,,,,,,34.4757507057578,135.719797027771,
208,E2921100066201,林堂本郷公民館,奈良県葛城市林堂283-2,1,1,,1,,,,,,34.4801451545616,135.720506696819,
209,E2921100067201,公民館林堂東分館,奈良県葛城市林堂74-2,1,1,,,,,,,,34.4818456635713,135.722777666855,
210,E2921100068201,公民館脇田分館,奈良県葛城市脇田171-1,1,1,,,,,,,,34.4717396584248,135.719923976268,
211,E2921100069201,公民館弁之庄分館,奈良県葛城市辨之庄313-2,1,1,,,,,,,,34.4922462860452,135.718293428385,
212,E2921100083201,當麻健民運動場,奈良県葛城市當麻1018-1,1,,,1,,,,,,34.517634,135.693718,
213,E2921100070201,當麻地区公民館,奈良県葛城市當麻1239,1,,,,,,,,,34.5158205875001,135.696719259416,
214,E2921100071201,當麻集会所,奈良県葛城市當麻83-1,1,1,,1,,,,,,34.5156635871805,135.703024832573,
215,E2921100072201,公民館當麻分館,奈良県葛城市當麻大橋方189,1,1,,,,,,,,34.5149124889166,135.700922969455,
216,E2921100073201,薑コミュニティセンター,奈良県葛城市薑225,,1,,1,,,,,,34.4738631297741,135.736648448979,
217,E2944100001201,河原屋公民館,奈良県吉野町河原屋139,1,1,,1,,1,1,,1,34.39401419,135.8728142,
218,E2944100002202,吉野中学校,奈良県吉野町河原屋200,1,1,,1,,1,1,,1,34.39599839,135.8735974,
219,E2944100002201,吉野中学校運動場,奈良県吉野町河原屋200,,,,1,,1,1,,1,34.39547607,135.8736779,
220,E2944100003201,樫尾林業研修会館,奈良県吉野町樫尾127-2,1,1,,1,,1,1,,1,34.37681387,135.9075355,
221,E2944100004201,喜佐谷多目的研修会館,奈良県吉野町喜佐谷152,1,1,,1,,1,1,,1,34.36615713,135.8906939,
222,E2944100006202,吉野山ふるさとセンター,奈良県吉野町吉野山2548-1,1,1,,1,,1,1,,1,34.36911737,135.8572458,
223,E2944100006201,吉野山ふるさとセンター運動場,奈良県吉野町吉野山2548-1,,,,1,,1,1,,1,34.36888269,135.8571922,
224,E2944100007201,吉野山下千本駐車場,奈良県吉野町吉野山3117,,,,1,,1,1,,,34.37593926,135.8510923,
225,E2944100008201,吉野町野外活動拠点施設運動場,奈良県吉野町宮滝103,,,,1,,1,1,,1,34.37634946,135.8952544,
226,E2944100008202,吉野町野外活動拠点施設,奈良県吉野町宮滝103,1,1,,,,1,1,,1,34.37650442,135.8945142,
227,E2944100009201,中荘総合研修会館,奈良県吉野町宮滝229-2,1,1,,,,1,1,,1,34.37745305,135.8928524,
228,E2944100010201,宮滝河川交流センター,奈良県吉野町宮滝82-1,,1,,1,,1,1,,1,34.37665337,135.8963131,
229,E2944100011201,橋屋林業研修会館,奈良県吉野町橋屋202,,1,,1,,1,1,,1,34.39134523,135.8421845,
230,E2944100012201,（旧）国栖小学校運動場,奈良県吉野町窪垣内49-1,,,,1,,1,1,,1,34.38819042,135.9274019,
231,E2944100012202,（旧）国栖幼稚園,奈良県吉野町窪垣内49-1,1,1,,,,1,1,,1,34.38853867,135.9282816,
232,E2944100013201,御園多目的集会所,奈良県吉野町御園362,1,1,,1,,1,1,,1,34.37756994,135.8878873,
233,E2944100014201,香束多目的集会場,奈良県吉野町香束643-1,1,1,,1,,1,1,,1,34.4188678,135.9040154,
234,E2944100015201,国栖公民館,奈良県吉野町国栖281,1,1,,,,1,1,,1,34.38581027,135.9332006,
235,E2944100016201,佐々羅農事集会所,奈良県吉野町佐々羅119-2,1,1,,1,,1,1,,1,34.40954009,135.8822169,
236,E2944100017201,龍門総合会館,奈良県吉野町佐々羅174,1,1,,1,,1,1,,1,34.40972806,135.8804972,
237,E2944100018201,佐々羅公民館,奈良県吉野町佐々羅446,1,1,,,,1,1,,1,34.40941081,135.8780052,
238,E2944100019201,左曽交流促進センター,奈良県吉野町左曽80-1,1,1,,1,,1,1,,1,34.38680334,135.8371313,
239,E2944100020201,菜摘ふれあいセンター,奈良県吉野町菜摘237-1,,1,,1,,1,1,,1,34.38218433,135.9000614,
240,E2944100021202,吉野見附「三茶屋」,奈良県吉野町三茶屋328-1,1,1,,1,,1,1,,1,34.42115178,135.9379001,
241,E2944100021201,吉野見附「三茶屋」駐車場,奈良県吉野町三茶屋328-1,,,,1,,1,1,,1,34.42158544,135.938002,
242,E2944100022201,三茶屋生活改善センター,奈良県吉野町三茶屋333-3,1,1,,,,1,1,,1,34.42167642,135.9375174,
243,E2944100023201,三津ひばり会館,奈良県吉野町三津112,1,1,,1,,1,1,,1,34.44451239,135.8835101,
244,E2944100024201,山口研修会館,奈良県吉野町山口485-3,1,1,,1,,1,1,,1,34.41445272,135.8905409,
245,E2944100025201,吉野運動公園陸上競技場,奈良県吉野町山口910,,,,1,,1,1,,1,34.41226783,135.8930606,
246,E2944100025202,吉野運動公園総合体育館,奈良県吉野町山口910,1,1,,1,,1,1,,1,34.41193148,135.8920897,
247,E2944100026201,志賀公民館,奈良県吉野町志賀862-2,1,1,,,,1,1,,1,34.40837625,135.8721647,
248,E2944100027201,小名集会所,奈良県吉野町小名152,1,1,,1,,1,1,,1,34.4230284,135.9528775,
249,E2944100028201,殿川多目的集会場,奈良県吉野町小名952,1,1,,1,,1,1,,1,34.41616497,135.9534745,
250,E2944100029201,吉野町中央公民館,奈良県吉野町上市133,1,1,,1,,1,1,,1,34.39594242,135.8572799,
251,E2944100030201,尾仁山憩の家,奈良県吉野町上市2067-4,1,1,,1,,1,1,,1,34.39516936,135.8462833,
252,E2944100031201,吉野小学校運動場,奈良県吉野町上市2298,,,,1,,1,1,,1,34.39193468,135.851339,
253,E2944100031202,吉野小学校,奈良県吉野町上市2298,,1,,1,,1,1,,1,34.39266248,135.8503883,
254,E2944100032201,上ノ町集会所,奈良県吉野町上市28-1,1,1,,,,1,1,,1,34.39593588,135.8551668,
255,E2944100033201,本町老人憩の家,奈良県吉野町上市338,1,1,,,,1,1,,1,34.3960554,135.8548986,
256,E2944100034201,色生生活改善センター,奈良県吉野町色生290-1,1,1,,,,1,1,,1,34.4111,135.931917,
257,E2944100035201,国栖中央公民館（国栖の里総合センター）,奈良県吉野町新子281,1,1,,,,1,1,,1,34.38719723,135.9264398,
258,E2944100036201,新子清水ふれあいセンター,奈良県吉野町新子355,,1,,1,,1,1,,1,34.38605127,135.9281505,
259,E2944100037201,西谷農事集会所,奈良県吉野町西谷767,1,1,,1,,1,1,,1,34.41359545,135.8812481,
260,E2944100038201,千股生活改善センター,奈良県吉野町千股354-1,1,1,,,,1,1,,1,34.4119032,135.8603567,
261,E2944100039201,吉野病院駐車場,奈良県吉野町丹治123-1,,,,1,,1,1,,,34.39032749,135.8468866,
262,E2944100040201,吉野三町村駐車場,奈良県吉野町丹治161,,,,1,,1,1,,,34.39020298,135.8460233,
263,E2944100041201,丹治公民館,奈良県吉野町丹治955,1,1,,1,,1,1,,1,34.38921171,135.8500928,
264,E2944100042201,楢井老人憩の家,奈良県吉野町楢井388,1,1,,1,,1,1,,1,34.385698,135.881839,
265,E2944100043201,吉野町老人福祉センター,奈良県吉野町楢井587,,1,,,,1,1,,1,34.38323721,135.8866143,
266,E2944100044201,南国栖自治会館,奈良県吉野町南国栖415,,1,,1,,1,1,,1,34.3794837,135.9281244,
267,E2944100045201,南大野八坂会館,奈良県吉野町南大野224-2,,1,,1,,1,1,,1,34.38876986,135.9203202,
268,E2944100046201,入野生活改善センター,奈良県吉野町入野746-2,1,1,,1,,1,1,,1,34.39876082,135.924391,
269,E2944100047201,藤田公民館,奈良県吉野町飯貝1098-1,1,1,,1,,1,1,,1,34.38443547,135.8679148,
270,E2944100048201,よしのこども園運動場,奈良県吉野町飯貝465-1,,,,1,,1,1,,1,34.3921507,135.8555743,
271,E2944100048202,よしのこども園,奈良県吉野町飯貝465-1,,1,,1,,1,1,,1,34.39249598,135.8556655,
272,E2944100049201,飯貝老人憩の家,奈良県吉野町飯貝578-3,,1,,1,,1,1,,1,34.39382161,135.8582806,
273,E2944100050201,平尾研修会館,奈良県吉野町平尾359-1,1,1,,1,,1,1,,1,34.41058088,135.8887573,
274,E2944100051201,吉野北小学校運動場,奈良県吉野町平尾87,,,,1,,1,1,,1,34.41072641,135.8846228,
275,E2944100051202,吉野北小学校,奈良県吉野町平尾87,1,1,,1,,1,1,,1,34.4110611,135.8845365,
276,E2944100052201,峰寺多目的集会所,奈良県吉野町峰寺23,1,1,,1,,1,1,,1,34.40456752,135.8784061,
277,E2944100053201,柳児童館,奈良県吉野町柳1390-1,1,1,,1,,1,1,,1,34.41858378,135.9193961,
278,E2944100054201,中竜門ふれあいセンター,奈良県吉野町柳1635-1,1,1,,,,1,1,,1,34.41934578,135.9277662,
279,E2944100055201,田尻金照会館,奈良県吉野町柳267-1,1,1,,1,,1,1,,1,34.41711725,135.915116,
280,E2944100056201,わかばこども園運動場,奈良県吉野町柳542,,,,1,,1,1,,1,34.41848077,135.9190708,
281,E2944100056202,わかばこども園,奈良県吉野町柳542,1,1,,1,,1,1,,1,34.41867548,135.9191298,
282,E2944100057201,別所ふれあいセンター,奈良県吉野町柳739,1,1,,1,,1,1,,1,34.42671786,135.9209465,
283,E2944100058201,立野集会所,奈良県吉野町立野164-2,1,1,,,,1,1,,1,34.39604954,135.8661163,
284,E2944100059201,六田老人憩の家,奈良県吉野町六田1218,1,1,,,,1,1,,1,34.38923341,135.8301379,
285,E2920700001201,なつみ台近隣公園,奈良県五條市なつみ台1-140,1,1,,1,,1,1,,,34.34727072,135.6683754,
286,E2920700002201,五條市役所,奈良県五條市岡口1-3-1,1,1,,1,,1,1,,,34.3557326,135.6956163,
287,E2920700004201,五條高等学校,奈良県五條市岡町1428,1,1,,1,,1,1,,1,34.36965343,135.6941364,
288,E2920700005201,宇智体育館,奈良県五條市岡町989,1,1,,1,,1,1,,1,34.36248272,135.699146,
289,E2920700006201,五條中学校,奈良県五條市下之町50,1,1,,1,,1,1,,1,34.35291537,135.6894707,
290,E2920700007201,旧北宇智小学校,奈良県五條市近内町1158,1,1,,1,,1,1,,1,34.38919299,135.7047957,
291,E2920700008201,北宇智公民館,奈良県五條市近内町735,1,1,,1,,1,1,,1,34.38295853,135.705764,
292,E2920700009201,北宇智体育館,奈良県五條市近内町779,1,1,,1,,1,1,,1,34.38244064,135.7077324,
293,E2920700010201,旧阿太小学校,奈良県五條市原町225,,1,,1,,1,1,,1,34.36305118,135.7466607,
294,E2920700011201,阿太運動場,奈良県五條市原町637,,1,,1,,1,1,,,34.36776494,135.7486907,
295,E2920700013201,人権総合センター,奈良県五條市五條4-1-3,,1,,1,,1,1,,1,34.35133187,135.7016922,
296,E2920700012201,五條中央公園,奈良県五條市五條4-10,,1,,1,,1,1,,,34.35074364,135.7066612,
297,E2920700014201,五條東体育館,奈良県五條市五條4-2-6,,1,,1,,1,1,,1,34.35187628,135.7031132,
298,E2920700015201,今井コミュニティセンター,奈良県五條市今井3-3-20,1,1,,1,,1,1,,1,34.35694177,135.7063724,
299,E2920700016201,宇智公民館,奈良県五條市今井3-3-48,1,1,,1,,1,1,,1,34.35820902,135.7052877,
300,E2920700017201,五條東中学校,奈良県五條市今井5-7-12,1,1,,1,,1,1,,1,34.35784086,135.7107406,
301,E2920700018201,奈良カントリークラブ,奈良県五條市今井町1141,1,1,,1,,1,1,,,34.37189933,135.7015401,
302,E2920700019201,五條東小学校,奈良県五條市今井町1153,1,,,1,,1,1,,1,34.36159696,135.709605,
303,E2920700021201,阿田峯公園,奈良県五條市三在町1680,1,1,,1,,1,1,,1,34.38169424,135.7293393,
304,E2920700022201,阿太ミニ体育館,奈良県五條市山田町2,,1,,1,,1,1,,1,34.368175,135.74858,
305,E2920700023201,上野公園,奈良県五條市上野町246,,1,,1,,1,1,,1,34.33587667,135.6717721,
306,E2920700025201,五条駅前臨時駐車場,奈良県五條市須恵3-240-1,1,1,,1,,1,1,,,34.35586372,135.7001189,
307,E2920700026201,須恵公民館,奈良県五條市須恵3-4-44,,1,,1,,1,1,,1,34.35368376,135.6986601,
308,E2920700027201,西吉野農業高等学校,奈良県五條市西吉野町江出174-1,1,1,,1,,1,1,,1,34.305011,135.724238,
309,E2920700029201,旧西吉野小学校,奈良県五條市西吉野町宗川野77-1,1,,,1,,1,1,,1,34.26375622,135.748611,
310,E2920700031201,西吉野支所,奈良県五條市西吉野町城戸122-1,1,,,1,,1,1,,,34.28107412,135.7489032,
311,E2920700032201,果樹・薬草研究センター,奈良県五條市西吉野町湯塩1345,1,1,,1,,1,1,,,34.322722834746,135.72257645767,
312,E2920700033201,西吉野コミュニティセンター,奈良県五條市西吉野町八ツ川451,1,,,1,,1,1,,1,34.303901134912,135.76488043095,
313,E2920700035201,旧白銀北中学校,奈良県五條市西吉野町平沼田1687,1,1,,1,,1,1,,1,34.32643734,135.7463934,
314,E2920700036201,賀名生体育館,奈良県五條市西吉野町和田77-1,1,,,1,,1,1,,1,34.29675898,135.7211192,
315,E2920700037201,大塔ライフハウス,奈良県五條市大塔町宇井183,1,1,,1,,1,1,,1,34.156751,135.74674,
316,E2920700038201,ロッジ星のくに,奈良県五條市大塔町阪本249,1,1,,1,,1,1,,1,34.21237074,135.7317188,
317,E2920700039201,大塔支所,奈良県五條市大塔町辻堂41,1,,,1,,1,1,,,34.17161356,135.7568224,
318,E2920700040201,五條西中学校,奈良県五條市大澤町374,1,1,,1,,1,1,,1,34.36389467,135.6662985,
319,E2920700041201,芝崎河川公園（駐車場含む）,奈良県五條市滝町261-1,,,,1,,1,1,,,34.35405134,135.7502864,
320,E2920700042201,南阿太公民館,奈良県五條市滝町504,,1,,1,,1,1,,1,34.357858298584,135.75153967871,
321,E2920700043201,阪合部公民館,奈良県五條市中町31,,1,,1,,1,1,,1,34.33505374,135.6791795,
322,E2920700046201,牧野小学校,奈良県五條市中之町921,1,1,,1,,1,1,,1,34.36644441,135.6776153,
323,E2920700047201,田園体育館兼集会所,奈良県五條市田園2-18-2,1,1,,1,,1,1,,1,34.36984844,135.6828592,
324,E2920700048201,岡近隣公園,奈良県五條市田園2-86,1,1,,1,,1,1,,,34.3705875,135.6845349,
325,E2920700049201,田園公民館,奈良県五條市田園4-14-3,1,1,,1,,1,1,,1,34.36863066,135.6884348,
326,E2920700050201,田殿集会所,奈良県五條市田殿町245,1,1,,1,,1,1,,1,34.30780004,135.6705323,
327,E2920700051201,二見公民館,奈良県五條市二見2-5-1,1,1,,1,,1,1,,1,34.344198,135.685858,
328,E2920700052201,二見４丁目公園,奈良県五條市二見4-4-3,,1,,1,,1,1,,,34.344441,135.689279,
329,E2920700053201,クリーン・オアシス,奈良県五條市二見5-4-2,,1,,1,,1,1,,,34.3396019989018,135.686760885064,
330,E2920700054201,二見文化体育センター,奈良県五條市二見7-6-50,1,,,1,,1,1,,1,34.343845,135.67787,
331,E2920700055201,五條小学校,奈良県五條市本町1-1-4,1,1,,1,,1,1,,1,34.35161736,135.6925144,
332,E2920700056201,中央公民館,奈良県五條市本町3-1-13,1,1,,1,,1,1,,1,34.35389176,135.6920311,
333,E2920700057201,シプレカントリーゴルフ場,奈良県五條市木ノ原町963,1,1,,1,,1,1,,,34.35451961,135.6712571,
334,E2920700058201,野原公民館,奈良県五條市野原西3-4-3,1,1,,1,,1,1,,1,34.345115,135.702751,
335,E2920700060201,五條南小学校,奈良県五條市野原中3-5-43,1,1,,1,,1,1,,1,34.34047653,135.7018853,
336,E2920700061201,旧野原小学校,奈良県五條市野原中3-8-38,1,,,1,,1,1,,1,34.33876719,135.7016061,
337,E2920700062201,智辯学園,奈良県五條市野原中4-1-51,1,1,,1,,1,1,,1,34.34260422,135.7054615,
338,E2920700063201,野原東運動場,奈良県五條市野原東2-44,1,1,,1,,1,1,,,34.347822,135.7166812,
339,E2920700064201,野原東住民センター,奈良県五條市野原東2-7-26,1,1,,1,,1,1,,1,34.3493869,135.716311,
340,E2920700065201,南宇智公民館,奈良県五條市霊安寺町2016-3,1,1,,1,,1,1,,1,34.3353748,135.7012151,
341,E2920800001201,葛城公園,奈良県御所市1-15,,1,,1,,,,,,34.4651917622196,135.739431837609,
342,E2920800004201,青翔高等学校,奈良県御所市525,,1,,1,,,,,1,34.4589162135737,135.732910312845,
343,E2920800005201,御所小学校,奈良県御所市610,,1,,1,,,1,,1,34.4640468924664,135.741235889618,
344,E2920800006201,御所中学校,奈良県御所市665-1,,1,,1,,,1,,1,34.4658956287852,135.741884984197,
345,E2920800008201,防災センター,奈良県御所市鴨神791,1,,,1,,,1,,1,34.4035364590365,135.70777979481,
346,E2920800009201,御所実業高等学校,奈良県御所市玉手300,,1,,1,,,1,,1,34.4548110018726,135.746361833601,
347,E2920800011201,健民運動場,奈良県御所市櫛羅1964,,,,1,,,1,,,34.4593206305147,135.720429975403,
348,E2920800012201,大正小学校,奈良県御所市櫛羅2198-1,1,1,,1,,,1,,1,34.4614074525269,135.72421066625,
349,E2920800020201,葛公民館,奈良県御所市戸毛979-1,,1,,1,,,1,,1,34.4318486060482,135.75916519603,
350,E2920800023201,葛上中学校,奈良県御所市佐田1-1,1,,,1,,,1,,1,34.433830888238,135.715154955504,
351,E2920800024201,大正中学校,奈良県御所市三室206-1,1,1,,1,,,1,,1,34.4618330945972,135.727673999142,
352,E2920800029201,市民運動場,奈良県御所市池之内1094,1,1,,1,,,,,,34.4497901435031,135.751405218645,
353,E2920800030201,秋津小学校,奈良県御所市池之内459-3,1,1,,1,,,1,,1,34.4488835989737,135.738279753791,
354,E2920800031201,市民運動公園,奈良県御所市朝町1337,1,1,,1,,,1,,,34.4285700583672,135.731462105403,
355,E2920800032201,掖上小学校,奈良県御所市東寺田55,,1,,1,,,,,1,34.4605632287289,135.757072339304,
356,E2920800034201,葛小学校　葛中学校,奈良県御所市樋野270,1,,,1,,,1,,1,34.422092341752,135.753738093869,
357,E2920800035201,名柄小学校,奈良県御所市名柄185,1,1,,1,,,1,,1,34.4411109999541,135.715189095599,
358,E2920800036201,葛城小学校,奈良県御所市林329,1,,,1,,,1,,1,34.4194753533163,135.718062376259,
359,E2938600001202,神末体育館,奈良県御杖村神末2727,1,,,,,1,,,,34.49921429,136.1957613,
360,E2938600001201,御杖健民グラウンド,奈良県御杖村神末2727,1,1,,1,,1,,,,34.49867178,136.1957756,
361,E2938600002201,神末中央集落センター,奈良県御杖村神末2735,1,,,1,,1,,,,34.49793567,136.1957326,
362,E2938600003201,敷津産地化センター,奈良県御杖村神末3301,1,1,,1,,1,,,,34.50965265,136.2046781,
363,E2938600004201,道の駅「御杖」駐車場,奈良県御杖村神末6325,1,1,,1,,1,,,,34.51568959,136.2001548,
364,E2938600005201,西町集会所,奈良県御杖村神末861-1,1,1,,1,,1,,,,34.49641528,136.1934467,
365,E2938600006201,御杖村老人福祉センター,奈良県御杖村菅野1581,1,1,,1,,1,,,,34.487475,136.167509,
366,E2938600007201,菅野体育館,奈良県御杖村菅野2063-1,1,1,,,,1,,,,34.49103063,136.1682821,
367,E2938600008201,御杖小中学校,奈良県御杖村菅野2470,1,1,,1,,1,,,,34.49480488,136.1731372,
368,E2938600009201,御杖村山村開発センター,奈良県御杖村菅野368,1,1,,,,1,,,,34.48773271,136.1660839,
369,E2938600010201,旧御杖小学校　運動場,奈良県御杖村菅野47,1,1,,1,,1,,,,34.48808194,136.1558303,
370,E2938600010202,旧御杖小学校,奈良県御杖村菅野47,1,1,,1,,1,,,,34.48777737,136.1554258,
371,E2938600011201,土屋原公民館,奈良県御杖村土屋原1405,1,1,,,,1,,,,34.48452158,136.1346479,
372,E2938600012201,御杖保育所,奈良県御杖村土屋原1479-1,1,1,,1,,1,,,,34.48493477,136.1340829,
373,E2938600013201,御杖村民運動場,奈良県御杖村土屋原1717,1,1,,1,,1,,,,34.48356182,136.1379543,
374,E2938600014201,三季館前広場,奈良県御杖村桃俣682,1,1,,1,,1,,,,34.47920018,136.1144373,
375,E2938600014203,桃俣多目的研修センター,奈良県御杖村桃俣682,1,1,,,,1,,,,34.47962849,136.1143969,
376,E2938600014202,三季館,奈良県御杖村桃俣682,1,1,,,,1,,,,34.47943813,136.1145301,
377,E2942600001201,みささぎ公園,奈良県広陵町みささぎ台２２内,1,,,1,,1,1,,,34.53143188,135.73264008,
378,E2942600002201,黒石公園,奈良県広陵町みささぎ台３３内,1,,,1,,1,1,,,34.53147428,135.73066734,
379,E2942600003201,新山緑地,奈良県広陵町みささぎ台８内,1,,,1,,1,1,,,34.532872027884,135.73562449628,
380,E2942600005201,広陵運動公園,奈良県広陵町古寺,,,,1,,1,,,,34.5447823291,135.75568273,
381,E2942600007201,東部地区農業研修センター,奈良県広陵町広瀬1239,,,,1,,1,,,,34.55596090608,135.75766454624,
382,E2942600008201,東部農村広場,奈良県広陵町広瀬796,,,,1,,1,,,,34.558397235598,135.76031525725,
383,E2942600009201,広陵第１号近隣公園,奈良県広陵町三吉,1,,,1,,1,1,,,34.54569348,135.74148846,
384,E2942600010201,竹取公園,奈良県広陵町三吉地内,1,,,1,,1,1,,,34.5552919092,135.736584898,
385,E2942600012201,総合保健福祉会館,奈良県広陵町大字笠161-2,1,,,1,,1,1,,1,34.542879647229,135.74479324022,
386,E2942600013201,グリーンパレス,奈良県広陵町大字笠168,1,,,1,,1,1,,1,34.542780916488,135.74519315901,
387,E2942600014201,広陵中央体育館,奈良県広陵町大字笠350-1,,,,1,,1,,,1,34.54975,135.748241,
388,E2942600015201,広陵中学校,奈良県広陵町大字笠355,,,,1,,1,,,1,34.551447456869,135.74811910107,
389,E2942600016201,広陵中央公民館,奈良県広陵町大字笠382-1,,,,1,,1,,,1,34.548658272584,135.74813063381,
390,E2942600017201,図書館,奈良県広陵町大字三吉396-1,1,,,1,,1,1,,1,34.553178272792,135.73588281052,
391,E2942600025201,広陵北体育館,奈良県広陵町大野546-1,,,,1,,1,,,,34.567592743561,135.7471597407,
392,E2942600026201,広陵高校,奈良県広陵町的場401,,,,1,,1,,,,34.567802046512,135.75905492279,
393,E2942600027201,大福寺児童公園,奈良県広陵町的場地内,,,,1,,1,,,,34.566024858759,135.75285566736,
394,E2942600029201,真美ケ丘中学校,奈良県広陵町馬見中2-17-32,1,,,1,,1,1,,1,34.548949454705,135.72746884744,
395,E2942600028201,見立山公園,奈良県広陵町馬見中１地内,1,,,1,,1,1,,,34.546245185095,135.72906942189,
396,E2942600030201,７号児童公園,奈良県広陵町馬見中５地内,1,,,1,,1,1,,,34.548564291881,135.72100038127,
397,E2942600033201,真美ケ丘第一小学校,奈良県広陵町馬見南2-1-30,1,,,1,,1,1,,1,34.539683151567,135.73204065801,
398,E2942600035201,広陵西体育館,奈良県広陵町馬見南3-9-15,1,,,1,,1,1,,1,34.533450360323,135.73034232455,
399,E2942600031202,８号児童公園,奈良県広陵町馬見南１地内,1,,,1,,1,1,,,34.54181692,135.73045009,
400,E2942600031201,馬見南緑地,奈良県広陵町馬見南１地内,1,,,1,,1,1,,,34.540419740476,135.73187139983,
401,E2942600032201,西谷公園,奈良県広陵町馬見南２地内,1,,,1,,1,1,,,34.536064330343,135.73201448739,
402,E2942600034203,エコセンター芝生広場,奈良県広陵町馬見南３地内,1,,,1,,1,1,,,34.534115,135.730081,
403,E2942600034202,９号児童公園,奈良県広陵町馬見南３地内,1,,,1,,1,1,,,34.53571415,135.72994637,
404,E2942600041201,真美ケ丘体育館,奈良県広陵町馬見北5-13-18,1,,,1,,1,1,,1,34.553813001694,135.72646886123,
405,E2942600044201,真美ケ丘第二小学校,奈良県広陵町馬見北7-1-32,1,,,1,,1,1,,1,34.551484602808,135.7236768555,
406,E2942600036201,５号児童公園,奈良県広陵町馬見北１地内,1,,,1,,1,1,,,34.552684718605,135.73363130785,
407,E2942600037201,６号児童公園,奈良県広陵町馬見北２地内,1,,,1,,1,1,,,34.550775219565,135.73082405171,
408,E2942600038201,４号児童公園,奈良県広陵町馬見北３地内,1,,,1,,1,1,,,34.554537717264,135.7303276099,
409,E2942600039201,２号児童公園,奈良県広陵町馬見北４地内,1,,,1,,1,1,,,34.555197266076,135.72592420228,
410,E2942600042201,横峯公園,奈良県広陵町馬見北６地内,1,,,1,,1,1,,,34.551520711082,135.72778196157,
411,E2942600043201,石ケ谷古墳公園,奈良県広陵町馬見北７地内,1,,,1,,1,1,,,34.5509801291,135.72306395,
412,E2942600045201,牧野史跡公園,奈良県広陵町馬見北８地内,1,,,1,,1,1,,,34.55431489,135.72398177,
413,E2942600046201,３号児童公園,奈良県広陵町馬見北９地内,1,,,1,,1,1,,,34.552053450758,135.72041394283,
414,E2942600047201,広陵東小学校,奈良県広陵町百済1625-1,,,,1,,1,,,,34.546059097539,135.757193613,
415,E2942600048201,広陵東体育館,奈良県広陵町百済1801-1,,,,1,,1,,,,34.546717938532,135.7599404038,
416,E2942600049201,百済寺公園,奈良県広陵町百済地内,,,,1,,1,,,,34.544044040719,135.76270622537,
417,E2942600050201,広陵西小学校,奈良県広陵町平尾542,1,,,1,,1,1,,,34.54106353403,135.73573007743,
418,E2942600051201,はしお元気村,奈良県広陵町弁財天295-3,,,,1,,1,,,,34.562961967475,135.74965844092,
419,E2942600052201,広陵北小学校,奈良県広陵町弁財天303,,,,1,,1,,,,34.563780401602,135.74919251771,
420,E2921000001201,香芝市総合福祉センター,奈良県香芝市逢坂1-374-1,1,1,,1,,1,1,,1,34.54247379,135.6953102,
421,E2921000002201,旭ケ丘近隣公園,奈良県香芝市旭ケ丘2-5,,,,1,,1,,,,34.55196112,135.6907474,
422,E2921000003201,香芝市立旭ケ丘小学校,奈良県香芝市旭ケ丘3-1-3,1,1,,1,,1,1,,1,34.5558309428418,135.694993802125,
423,E2921000004201,香芝市立香芝北中学校,奈良県香芝市旭ケ丘4-14,1,1,,1,,1,1,,1,34.554242868437,135.691088788116,
424,E2921000006201,香芝市立香芝中学校,奈良県香芝市磯壁1-1058-2,1,1,,1,,1,1,,1,34.53899166,135.6987475,
425,E2921000008201,香芝市立下田小学校,奈良県香芝市下田西2-9-41,1,1,,1,,1,1,,1,34.5455222,135.7005571,
426,E2921000011201,香芝市中央公民館,奈良県香芝市下田西3-7-5,1,1,,1,,1,1,,1,34.539871,135.700213,
427,E2921000013201,香芝市立鎌田小学校,奈良県香芝市鎌田370,1,1,,1,,1,1,,1,34.52490874,135.7064485,
428,E2921000015201,金光藤蔭高等学校　香芝キャンパス,奈良県香芝市関屋北1-1331-1,1,1,,1,,1,1,,1,34.5587190814847,135.676936024905,
429,E2921000016201,香芝市立関屋小学校,奈良県香芝市関屋北5-7-1,1,,,1,,1,1,,1,34.5607632,135.6678184,
430,E2921000018201,香芝総合公園,奈良県香芝市穴虫2864-1,,,,1,,1,,,,34.54650706,135.664528,
431,E2921000019201,香芝市立香芝西中学校,奈良県香芝市穴虫3096-2,1,1,,1,,1,1,,1,34.54905347,135.673551,
432,E2921000021201,香芝市立五位堂小学校,奈良県香芝市五位堂2-300-1,1,1,,1,,1,1,,1,34.53220295,135.7150677,
433,E2921000022201,郡ヶ池近隣公園,奈良県香芝市高山台3-14-12,,,,1,,1,,,,34.54746688,135.6754536,
434,E2921000023201,香芝市立志都美小学校,奈良県香芝市今泉104-1,1,1,,1,,1,1,,1,34.56761323,135.6999063,
435,E2921000026201,奈良県香芝健民運動場,奈良県香芝市上中273-1,,,,1,,1,,,,34.55762867,135.701235,
436,E2921000026202,香芝市北部地域体育館,奈良県香芝市上中273-1,1,1,,1,,1,1,,,34.5568732,135.7012135,
437,E2921000027201,香芝市立香芝東中学校,奈良県香芝市真美ケ丘2-12-27,1,1,,1,,1,1,,1,34.53939618,135.7200283,
438,E2921000029201,香芝市立真美ヶ丘東小学校,奈良県香芝市真美ケ丘3-2-70,1,1,,1,,1,1,,1,34.53956378,135.7233398,
439,E2921000031201,観正山近隣公園,奈良県香芝市真美ケ丘3-4,,,,1,,1,,,,34.5384957,135.7249262,
440,E2921000032201,城山児童公園,奈良県香芝市真美ケ丘4-5,,,,1,,1,,,,34.53433544,135.7264658,
441,E2921000033201,奈良県立香芝高等学校,奈良県香芝市真美ケ丘5-1-53,1,1,,1,,1,1,,1,34.54525727,135.7194472,
442,E2921000035201,香芝市立真美ヶ丘西小学校,奈良県香芝市真美ケ丘5-4-20,1,1,,1,,1,1,,1,34.54632771,135.7196215,
443,E2921000037201,高塚地区公園,奈良県香芝市真美ケ丘6-11,,,,1,,1,,,,34.54505661,135.7224115,
444,E2921000038201,智辯学園奈良カレッジ,奈良県香芝市田尻265,1,1,,1,,1,1,,1,34.55102892,135.659987,
445,E2921000040201,香芝市地域交流センター,奈良県香芝市白鳳台1-14-1,1,1,,1,,1,1,,1,34.569452260646,135.695961700453,
446,E2921000041201,香芝市立二上小学校,奈良県香芝市畑4-573,1,1,,1,,1,1,,1,34.54007588,135.6878151,
447,E2921000043201,香芝市総合体育館,奈良県香芝市本町1437,1,1,,1,,1,1,,1,34.540276,135.699718,
448,E2921000044201,香芝市立三和小学校,奈良県香芝市良福寺665-2,1,1,,1,,1,1,,1,34.53031743,135.7052232,
449,E2940100001201,専念寺,奈良県高取町大字羽内320,1,1,1,,1,,1,1,,34.4395130698487,135.783896963795,
450,E2940100002201,越智公民館,奈良県高取町大字越智271-3,1,1,1,1,1,,1,1,,34.4645648103623,135.767551781365,
451,E2940100003201,やすらぎ荘,奈良県高取町大字下子島38,1,1,1,,1,,1,1,,34.4436817968337,135.802235891879,
452,E2940100004201,高取町保健センター,奈良県高取町大字下土佐223-1,1,1,1,1,1,1,1,1,,34.446304904623,135.800099888001,
453,E2940100005201,高取町リベルテホール,奈良県高取町大字観覚寺1023,1,1,1,1,1,1,1,1,,34.4504284606848,135.79048980042,
454,E2940100006201,観覚寺公民館,奈良県高取町大字観覚寺13-1,1,1,1,1,1,,1,1,,34.4508122073139,135.797825189507,
455,E2940100007202,高取中央公園,奈良県高取町大字観覚寺990-1,1,1,1,1,1,1,1,1,,34.4503418927224,135.792307480527,
456,E2940100007201,高取町役場,奈良県高取町大字観覚寺990-1,1,1,1,1,1,1,1,1,,34.449488135655,135.793157204492,
457,E2940100008201,吉備公民館,奈良県高取町大字吉備315,1,1,1,1,1,,1,1,,34.4451496720197,135.790091942518,
458,E2940100009201,高取国際高等学校,奈良県高取町大字佐田455-2,1,1,1,1,1,1,1,1,1,34.4579945972512,135.793600988241,
459,E2940100010201,佐田ふる里館,奈良県高取町大字佐田963,1,1,1,1,1,,1,1,,34.4553952846737,135.787437436071,
460,E2940100011201,市尾公民館,奈良県高取町大字市尾751-8,1,1,1,1,1,,1,1,,34.4416445484461,135.773411785263,
461,E2940100012201,寺崎農業集会所,奈良県高取町大字寺崎749,1,,1,,1,,1,1,,34.465928482365,135.77157601596,
462,E2940100032201,本覚寺,奈良県高取町大字車木238-2,,1,1,,1,,1,1,,34.45668,135.765991,
463,E2940100013201,車木公民館,奈良県高取町大字車木259-2,,1,1,1,1,,1,1,,34.4564526359709,135.766549950875,
464,E2940100014201,松山公民館,奈良県高取町大字松山505-2,1,1,1,1,1,,1,1,,34.4436497701445,135.786984839364,
465,E2940100015201,上子島公民館,奈良県高取町大字上子島772-6,1,,1,,1,,1,1,,34.4411705344105,135.808329642633,
466,E2940100016201,高取中学校,奈良県高取町大字森30,1,1,1,1,1,1,1,1,1,34.4508531440622,135.789446082629,
467,E2940100017201,森公民館,奈良県高取町大字森412-3,1,1,1,1,1,,1,1,,34.4491231111704,135.789456132882,
468,E2940100030201,たかとり幼稚園,奈良県高取町大字清水谷111-3,1,1,1,1,1,1,1,1,1,34.442612,135.795736,
469,E2940100018201,グリーンタウン集会所,奈良県高取町大字清水谷1300-172,1,,1,1,1,,1,1,,34.438175292414,135.793678573441,
470,E2940100019201,たかむち小学校,奈良県高取町大字清水谷205,1,1,1,1,1,1,1,1,1,34.4425541024103,135.796350089372,
471,E2940100020201,清水谷公民館,奈良県高取町大字清水谷298-1,1,,1,,1,,1,1,,34.4387662251629,135.799976910022,
472,E2940100021201,谷田公民館,奈良県高取町大字谷田141-1,1,,1,1,1,,1,1,,34.4327132030944,135.767487016148,
473,E2940100022201,いきいきふれあいセンター,奈良県高取町大字丹生谷1078,1,,1,1,1,,1,1,,34.4300811563088,135.762194403194,
474,E2940100023201,西ケ町集会所,奈良県高取町大字丹生谷122-1,,1,1,,1,,1,1,,34.437087682983,135.763136632387,
475,E2940100024201,清九郎会館,奈良県高取町大字丹生谷575,1,,1,,1,,1,1,,34.4318721228846,135.763105557919,
476,E2940100025201,田井庄公民館,奈良県高取町大字田井庄57,1,1,1,1,1,,1,1,,34.4472953510612,135.778049501519,
477,E2940100026201,藤井構造改善センター,奈良県高取町大字藤井393,1,1,1,1,1,,1,1,,34.4385674498487,135.781760700879,
478,E2940100031201,地域交流スペースいくせい,奈良県高取町大字兵庫202,1,1,1,1,1,1,1,1,1,34.447102,135.776382,
479,E2940100028201,兵庫公民館,奈良県高取町大字兵庫267-5,1,1,1,,1,,1,1,,34.4483878967134,135.773409884329,
480,E2940100029201,与楽公民館,奈良県高取町大字与楽177,1,,1,1,1,,1,1,,34.4600063231689,135.780131339859,
481,E2944400008201,黒滝小学校・中学校,奈良県黒滝村大字寺戸41,1,,,1,,1,,,1,34.3106697445906,135.852318936854,
482,E2944400010201,黒滝村農林トレーニングセンター,奈良県黒滝村大字寺戸47-1,1,1,,1,,1,,,1,34.3106254348429,135.851921969919,
483,E2944400016201,長瀬地区集会所,奈良県黒滝村大字長瀬83-1,1,,,1,,1,,,1,34.307431138202,135.823232567639,
484,E2920600001201,桜井中央児童公園,奈良県桜井市粟殿1001,,,,1,,1,,,,34.51860823,135.8449966,
485,E2920600002201,中央公民館,奈良県桜井市粟殿202,1,1,,,,1,,,1,34.517484,135.842959,
486,E2920600003201,桜井木材協同組合（駐車場）,奈良県桜井市粟殿350,,,,1,,1,,,,34.5176838626922,135.85199409939,
487,E2920600006201,安倍史跡公園,奈良県桜井市安倍木材団地1-8-6,,,,1,,1,,,,34.50158027,135.8396695,
488,E2920600007201,図書館（駐車場）,奈良県桜井市河西31,,,,1,,1,,,1,34.50656877,135.8511421,
489,E2920600007202,図書館（図書館）,奈良県桜井市河西31,1,1,,1,,1,,,1,34.50620628,135.8517698,「崖崩れ土石流及び地滑り」は避難施設が土砂災害警戒区域にあるため周辺状況をみて利用可能か判断する。
490,E2920600011202,城島小学校（体育館）,奈良県桜井市外山330,1,1,,1,,1,,,1,34.51592237,135.8581277,校舎を含む。
491,E2920600011201,城島小学校（グラウンド）,奈良県桜井市外山330,,,,1,,1,,,1,34.51510907,135.8575644,
492,E2920600012202,上之郷体育館（体育館）,奈良県桜井市笠82,1,1,,1,,1,,,1,34.56797209,135.9086974,「崖崩れ土石流及び地滑り」は避難施設が土砂災害警戒区域にあるため周辺状況をみて利用可能か判断する。
493,E2920600012201,上之郷体育館（グラウンド）,奈良県桜井市笠82,,,,1,,1,,,1,34.5684094,135.9087993,
494,E2920600013201,吉隠公民館（グラウンド）,奈良県桜井市吉隠726,,,,1,,1,,,1,34.53218133,135.9336876,
495,E2920600013202,吉隠公民館（公民館）,奈良県桜井市吉隠726,1,1,,,,1,,,1,34.53243764,135.9337145,
496,E2920600014201,桜井西ふれあいセンター,奈良県桜井市吉備646-16,1,1,,,,1,,,1,34.509113,135.828984,
497,E2920600015201,第１保育所,奈良県桜井市吉備648-1,1,1,,1,,1,,,1,34.509167,135.82922,
498,E2920600016202,朝倉小学校（体育館）,奈良県桜井市黒崎626,1,1,,1,,1,,,1,34.52219999,135.8756768,「崖崩れ土石流及び地滑り」は避難施設が土砂災害警戒区域にあるため周辺状況をみて利用可能か判断する。校舎を含む。
499,E2920600016201,朝倉小学校（グラウンド）,奈良県桜井市黒崎626,,,,1,,1,,,1,34.5220453,135.8765834,
500,E2920600017201,まほろばセンター,奈良県桜井市桜井1259,1,1,,1,,1,,,1,34.51264,135.845821,
501,E2920600018201,昭和児童公園,奈良県桜井市桜井243-1,,,,1,,1,,,,34.51049521,135.8459489,
502,E2920600021202,三輪小学校（体育館）,奈良県桜井市三輪324,1,1,,1,,1,,,1,34.5253139,135.850232,「崖崩れ土石流及び地滑り」は避難施設が土砂災害警戒区域にあるため周辺状況をみて利用可能か判断する。校舎を含む。
503,E2920600021201,三輪小学校（グラウンド）,奈良県桜井市三輪324,,,,1,,1,,,1,34.52566747,135.8505646,
504,E2920600023202,芝運動公園,奈良県桜井市三輪686,,,,1,,1,,,1,34.53037112,135.8395053,
505,E2920600023201,総合体育館,奈良県桜井市三輪686,1,1,,1,,1,,,1,34.52914711,135.8408684,
506,E2920600024201,朝倉台２号公園,奈良県桜井市慈恩寺１０００－１３５外,,,,1,,1,,,,34.51509618,135.8694805,
507,E2920600026201,織田小学校（グラウンド）,奈良県桜井市芝1177,,,,1,,1,,,1,34.53625891,135.8434766,
508,E2920600026202,織田小学校（体育館）,奈良県桜井市芝1177,1,1,,1,,1,,,1,34.53583026,135.8431386,校舎を含む。
509,E2920600027202,大三輪中学校（体育館）,奈良県桜井市芝1401,1,1,,1,,1,,,1,34.53184667,135.84243,校舎を含む。
510,E2920600027201,大三輪中学校（グラウンド）,奈良県桜井市芝1401,,,,1,,1,,,1,34.53217812,135.8429557,
511,E2920600028201,高齢者ふれあい広場,奈良県桜井市芝24-1,,,,1,,1,,,,34.53556963,135.8335061,
512,E2920600029201,桜井市民体育館,奈良県桜井市芝54-1,,1,,,,1,,,1,34.5297835,135.8411956,
513,E2920600030202,初瀬小学校（体育館）,奈良県桜井市初瀬1556,1,1,,1,,1,,,1,34.52738834,135.8986223,校舎を含む。
514,E2920600030201,初瀬小学校（グラウンド）,奈良県桜井市初瀬1556,,,,1,,1,,,1,34.52714527,135.8991051,
515,E2920600031202,初瀬観光センター（センター）,奈良県桜井市初瀬1593-2,1,1,,1,,1,,,1,34.52730279,135.9013716,「崖崩れ、土石流及び地滑り」は、避難施設が土砂災害警戒区域にあるため、周辺状況をみて利用可能か判断する。
516,E2920600031201,初瀬観光センター（駐車場）,奈良県桜井市初瀬1593-2,,,,1,,1,,,1,34.52721882,135.9012804,
517,E2920600032201,桜井東ふれあいセンター分館,奈良県桜井市初瀬1626-1,1,1,,1,,1,,,1,34.52627976,135.8987561,
518,E2920600033201,桜井東中学校（グラウンド）,奈良県桜井市初瀬1655,,,,1,,1,,,1,34.52514561,135.8956957,
519,E2920600033202,桜井東中学校（体育館）,奈良県桜井市初瀬1655,,1,,1,,1,,,1,34.5257069,135.8958781,「崖崩れ土石流及び地滑り」は避難施設が土砂災害警戒区域にあるため周辺状況をみて利用可能か判断する。校舎を含む。
520,E2920600034201,桜井東ふれあいセンター,奈良県桜井市初瀬2337,1,1,,,,1,,,1,34.526823,135.905228,「崖崩れ、土石流及び地滑り」は、避難施設が土砂災害警戒区域にあるため、周辺状況をみて利用可能か判断する。
521,E2920600036201,上之郷公民館（駐車場）,奈良県桜井市小夫3266,,,,1,,1,,,1,34.572462,135.915883,
522,E2920600036202,上之郷公民館（公民館）,奈良県桜井市小夫3266,1,1,,,,1,,,1,34.572519,135.915583,
523,E2920600037201,イオン桜井店（駐車場）,奈良県桜井市上之庄278-1,,,,1,,1,,,,34.52068747,135.8371382,
524,E2920600038202,桜井西小学校（体育館）,奈良県桜井市上之庄594-1,1,1,,1,,1,,,1,34.51819194,135.8390287,校舎を含む。
525,E2920600038201,桜井西小学校（グラウンド）,奈良県桜井市上之庄594-1,,,,1,,1,,,1,34.518824,135.8383099,
526,E2920600039202,安倍小学校（体育館）,奈良県桜井市生田578,1,1,,1,,1,,,1,34.49564605,135.839337,校舎を含む。
527,E2920600039201,安倍小学校（グラウンド）,奈良県桜井市生田578,,,,1,,1,,,1,34.49625175,135.8386986,
528,E2920600040201,桜井西ふれあいセンター分館,奈良県桜井市西之宮211-1,1,1,,1,,1,,,1,34.51316747,135.8262132,
529,E2920600043201,天理教明和大教会,奈良県桜井市川合254-1,1,1,,1,,1,,,1,34.51387189,135.8452757,
530,E2920600044202,桜井南小学校（体育館）,奈良県桜井市浅古21,1,1,,1,,1,,,1,34.50260228,135.8526563,校舎を含む。
531,E2920600044201,桜井南小学校（グラウンド）,奈良県桜井市浅古21,,,,1,,1,,,1,34.50259344,135.8517819,
532,E2920600045201,桜井市グリーンパーク,奈良県桜井市浅古485-1,1,1,,1,,1,,,1,34.50253339,135.8704015,
533,E2920600046201,桜井中学校（グラウンド）,奈良県桜井市浅古593,,,,1,,1,,,1,34.49842736,135.8621974,
534,E2920600046202,桜井中学校（体育館）,奈良県桜井市浅古593,1,1,,1,,1,,,1,34.49914357,135.8622188,校舎を含む。
535,E2920600047201,総合福祉センター（旧高齢者総合福祉センター）（駐車場）,奈良県桜井市倉橋1166,,,,1,,1,,,1,34.49146235,135.8624516,
536,E2920600047202,総合福祉センター（旧高齢者総合福祉センター）（センター）,奈良県桜井市倉橋1166,1,1,,1,,1,,,1,34.491554,135.862745,
537,E2920600048201,多武峰第１駐車場,奈良県桜井市多武峰４７３外,,,,1,,1,,,,34.46394168,135.8621401,
538,E2920600049201,大福吉備中央公園,奈良県桜井市大福107,,,,1,,1,,,,34.51055931,135.8279681,
539,E2920600051201,なかつみち児童公園,奈良県桜井市大福370,,,,1,,1,,,,34.51655482,135.8208574,
540,E2920600052201,桜井西中学校（グラウンド）,奈良県桜井市大福747,,,,1,,1,,,1,34.51866574,135.8304421,
541,E2920600052202,桜井西中学校（体育館）,奈良県桜井市大福747,1,1,,1,,1,,,1,34.51790992,135.8310215,校舎を含む。
542,E2920600053201,桜井市西老人憩いの家,奈良県桜井市大福77-1,1,1,,,,1,,,1,34.51024075,135.829043,
543,E2920600054202,大福小学校（体育館）,奈良県桜井市大福820,1,1,,1,,1,,,1,34.51839997,135.8260684,校舎を含む。
544,E2920600054201,大福小学校（グラウンド）,奈良県桜井市大福820,,,,1,,1,,,1,34.51840439,135.8253603,
545,E2920600056201,桜井小学校（グラウンド）,奈良県桜井市谷957,,,,1,,1,,,1,34.50496935,135.845849,
546,E2920600056202,桜井小学校（体育館）,奈良県桜井市谷957,1,1,,1,,1,,,1,34.50514618,135.8463265,校舎を含む。
547,E2920600055201,桜井公園,奈良県桜井市谷５６５外,,,,1,,1,,,,34.50572451,135.8446181,
548,E2920600069201,奈良県農業研究開発センター,奈良県桜井市池之内130-1,1,1,,1,,1,,,,34.49669,135.83396,
549,E2920600058201,朝倉台４号公園,奈良県桜井市朝倉台西6-1370,,,,1,,1,,,,34.51526228,135.8754806,
550,E2920600059201,旧纒向小学校跡地,奈良県桜井市辻24-1,,,,1,,1,,,,34.54413751,135.8403068,
551,E2920600060201,ＬＡＭＵ（ラ・ムー）桜井店（駐車場）,奈良県桜井市東新堂500,,,,1,,1,,,,34.52250519,135.8311808,
552,E2920600061201,纒向小学校（グラウンド）,奈良県桜井市東田339,,,,1,,1,,,1,34.54586926,135.8350868,
553,E2920600061202,纒向小学校（体育館）,奈良県桜井市東田339,1,1,,1,,1,,,1,34.54659832,135.8343143,校舎を含む。
554,E2920600064201,第５保育所,奈良県桜井市豊前267,1,1,,,,1,,,1,34.5386595,135.831555,
555,E2920600065201,桜井北ふれあいセンター分館,奈良県桜井市豊田311-2,1,1,,,,1,,,1,34.53784145,135.832589,
556,E2920600066201,豊田児童公園,奈良県桜井市豊田311-7,,,,1,,1,,,,34.53739416,135.8326083,
557,E2920600067201,桜井北ふれあいセンター,奈良県桜井市豊田314-2,1,1,,1,,1,,,1,34.53749235,135.8323101,
558,E2934300001202,三室自治会館,奈良県三郷町三室1-2-18,1,1,,1,,,1,,1,34.604414043829,135.70682736027,
559,E2934300001201,三室児童遊園地,奈良県三郷町三室1-2-18,1,1,,1,,,1,,1,34.6045751,135.70702436,
560,E2934300002202,城山台第７児童公園,奈良県三郷町城山台2-1-1,1,,,1,,,1,,1,34.599751164813,135.68842293462,
561,E2934300002201,城山台自治会館,奈良県三郷町城山台2-1-1,1,,,1,,,1,,1,34.599841420017,135.68887467209,
562,E2934300004201,万葉荘園,奈良県三郷町城山台2-15-1,1,1,,1,,,1,,1,34.603118011141,135.6863450356,
563,E2934300005202,県立西和清陵高等学校,奈良県三郷町信貴ケ丘4-7-1,1,1,,1,,,1,,1,34.60448588153,135.68662272264,
564,E2934300005201,県立西和清陵高等学校グラウンド,奈良県三郷町信貴ケ丘4-7-1,1,1,,1,,,1,,1,34.604141779107,135.68810105929,
565,E2934300008202,信貴山バス停広場,奈良県三郷町信貴山東3-56,1,1,,1,,,1,,1,34.606681643506,135.67759994433,
566,E2934300008201,信貴山東町自治会館,奈良県三郷町信貴山東3-56,1,1,,1,,,1,,1,34.606619915852,135.6771974487,
567,E2934300009201,老人福祉施設三室園組合,奈良県三郷町信貴南畑1-1-1,1,1,,1,,,1,,1,34.603570684539,135.66700197057,
568,E2934300010202,南畑幼稚園,奈良県三郷町信貴南畑1-2-58,1,1,,1,,,1,,1,34.605812489875,135.66842604349,
569,E2934300010201,南畑幼稚園グラウンド,奈良県三郷町信貴南畑1-2-58,1,1,,1,,,1,,1,34.605551248411,135.66876444893,
570,E2934300011201,株式会社農業公園信貴山のどか村　芝生広場及び駐車場,奈良県三郷町信貴南畑1-7-1,1,1,,1,,,1,,1,34.603082,135.658867,
571,E2934300011202,株式会社農業公園信貴山のどか村　ハウスやまびこ,奈良県三郷町信貴南畑1-7-1,1,1,,1,,,1,,1,34.604639911074,135.66212877444,
572,E2934300013201,三郷町福祉保健センター,奈良県三郷町勢野西1-2-1,,1,,1,,,,,1,34.60081,135.696017,
573,E2934300014201,スポーツセンター,奈良県三郷町勢野西1-2-3,,1,,1,,,,,1,34.601551468026,135.69699237708,
574,E2934300015201,子育て支援センター・ちぃすてっぷ,奈良県三郷町勢野西1-4-4,1,,,1,,,1,,1,34.601018189688,135.69415186432,
575,E2934300016202,三郷小学校体育館,奈良県三郷町勢野西1-6-1,1,,,1,,,1,,1,34.600821211637,135.69243188841,
576,E2934300016201,三郷小学校グラウンド,奈良県三郷町勢野西1-6-1,1,,,1,,,1,,1,34.599773234849,135.6928717707,
577,E2934300018201,里ヶ丘・緑ヶ丘自治会館,奈良県三郷町勢野西5-4-2,1,1,,1,,,1,,1,34.60698236241,135.69025665562,
578,E2934300018202,里ヶ丘・緑ヶ丘第１児童公園,奈良県三郷町勢野西5-4-2,1,1,,1,,,1,,1,34.606947966792,135.68999102882,
579,E2934300064201,勢野東４丁目公園,奈良県三郷町勢野東4-7-6,1,1,,1,,,1,,,34.604731334297,135.70284994115,
580,E2934300020201,介護付有料老人ホーム　チャーム奈良三郷,奈良県三郷町勢野東6-8-6,1,,,1,,,1,,1,34.602356,135.707797,
581,E2934300065201,勢野北１号公園,奈良県三郷町勢野北1-9,1,1,,1,,,1,,,34.607713431437,135.69691962784,
582,E2934300022201,勢野北１・２丁目自治会館,奈良県三郷町勢野北1-9-16,1,1,,1,,,1,,1,34.607309518388,135.69764832408,
583,E2934300023201,ハートランドしぎさん看護専門学校体育館,奈良県三郷町勢野北4-13-1,1,1,,1,,,1,,1,34.608885022539,135.68348121197,
584,E2934300067201,勢野グラウンド,奈良県三郷町勢野北5-13,1,1,,1,,,1,,,34.61060826,135.69073593,
585,E2934300066201,勢野北６号公園,奈良県三郷町勢野北5-2,1,1,,1,,,1,,,34.608149905228,135.68838554524,
586,E2934300026201,イーストヒルズ勢野自治会館,奈良県三郷町勢野北5-4-30,1,1,,1,,,1,,1,34.609079219185,135.68831488836,
587,E2934300069202,ナラディーア（クラブハウス）,奈良県三郷町勢野北5-5-85,1,1,,1,,,1,,1,34.608521,135.686691,
588,E2934300069201,ナラディーア（グラウンド）,奈良県三郷町勢野北5-5-85,1,1,,1,,,1,,1,34.608521,135.686691,
589,E2934300027201,学校給食センター,奈良県三郷町大字勢野5020-1,1,1,,1,,,1,,1,34.610597118628,135.6946330752,
590,E2934300028202,東信貴ヶ丘自治会館,奈良県三郷町東信貴ケ丘2-2-21,1,1,,1,,,1,,1,34.608670460061,135.70440256351,
591,E2934300028201,東信貴ヶ丘自治会館,奈良県三郷町東信貴ケ丘2-2-21,1,1,,1,,,1,,1,34.608670460061,135.70440256351,
592,E2934300058201,三郷北小学校体育館,奈良県三郷町美松ケ丘西2-11-1,1,1,,1,,,1,,1,34.611728122937,135.69712791807,
593,E2934300033201,三郷北小学校グラウンド,奈良県三郷町美松ヶ丘西2-11-1,1,1,,1,,,1,,,34.611996702936,135.69785166741,
594,E2934300035201,夕陽ケ丘自治会館,奈良県三郷町夕陽ケ丘11-34,1,1,,1,,,1,,1,34.608527,135.708907,
595,E2934300036201,株式会社スイデン奈良事業所駐車場,奈良県三郷町夕陽ケ丘3-26,1,1,,1,,,1,,1,34.606425,135.709171,
596,E2934300036202,株式会社スイデン奈良事業所,奈良県三郷町夕陽ケ丘3-26,1,1,,1,,,1,,1,34.606744072165,135.70882891478,
597,E2934300063201,住民広場,奈良県三郷町夕陽ケ丘4,1,1,,1,,,1,,,34.607167091279,135.70714127508,
598,E2934300038201,馬場自治会館,奈良県三郷町立野南1-10-18,1,1,,1,,,1,,1,34.593123454675,135.68902430464,
599,E2934300039201,龍田大社参集殿,奈良県三郷町立野南1-29-1,1,1,,1,,,1,,1,34.593129357247,135.68745077119,
600,E2934300060201,農住２号公園,奈良県三郷町立野南2-21,,,,1,,,1,,,34.592370623129,135.68216784101,
601,E2934300041201,いわせが丘自治会館,奈良県三郷町立野南2-6-22,1,1,,1,,,1,,1,34.590528615922,135.6854671443,
602,E2934300061201,農住３号公園,奈良県三郷町立野南2-8,,1,,1,,,1,,,34.589826586673,135.68636226475,
603,E2934300062201,農住４号公園,奈良県三郷町立野南3-11,1,,,1,,,1,,,34.586209961706,135.68157776116,
604,E2934300044201,みさと緑地公園（カルチャー広場）,奈良県三郷町立野北1-26-12,1,,,1,,,1,,,34.595503914917,135.69221083302,
605,E2934300045202,みさと第２児童遊園地,奈良県三郷町立野北1-29-116,,1,,1,,,1,,1,34.594487039176,135.69433220971,
606,E2934300045201,みさと自治会館,奈良県三郷町立野北1-29-116,1,1,,1,,,1,,1,34.594071269771,135.69422066553,
607,E2934300047202,三郷中学校体育館,奈良県三郷町立野北1-3-1,1,,,1,,,1,,1,34.598633204913,135.69339641097,
608,E2934300047201,三郷中学校グラウンド,奈良県三郷町立野北1-3-1,1,,,1,,,1,,1,34.599484698411,135.69379561302,
609,E2934300048201,三郷中学校福祉避難所,奈良県三郷町立野北1-3-3,1,,,1,,,1,,1,34.598418207118,135.69337228782,
610,E2934300049201,ふれあい交流センター,奈良県三郷町立野北1-36-39,1,,,1,,,1,,1,34.594623908778,135.69177195535,
611,E2934300050201,西部保育園,奈良県三郷町立野北1-45-5,1,,,1,,,1,,1,34.594459941011,135.68923497085,
612,E2934300068201,農住１号公園,奈良県三郷町立野北2-16,1,,,1,,,1,,,34.595858827285,135.68786666373,
613,E2934300052201,立野連合自治会館,奈良県三郷町立野北2-19-7,1,,,1,,,1,,1,34.594673792363,135.68818505521,
614,E2934300053201,竜田運動公園,奈良県三郷町立野北2-31-2,1,1,,1,,,1,,,34.594310002424,135.68406257815,
615,E2934300054201,立野北２丁目自治会館,奈良県三郷町立野北2-31-62,1,1,,1,,,1,,1,34.595268,135.684067,
616,E2934300059201,ＦＳＳ３５スポーツアリーナ,奈良県三郷町立野北3-12-3,1,1,,1,,,1,,1,34.593853,135.679063,
617,E2936200001201,中央公民館小柳分館,奈良県三宅町小柳71-1,,,,1,,1,,,,34.577348695322,135.75811698711,
618,E2936200002201,県立高等技術専門校,奈良県三宅町石見440,1,,,1,,1,1,,,34.572324843841,135.7838965794,
619,E2936200003201,つながり総合センター,奈良県三宅町但馬360-3,1,,,1,,1,1,,,34.566429789054,135.76823781129,
620,E2936200006201,三宅小学校,奈良県三宅町伴堂766,1,,,1,,1,1,,1,34.574537958643,135.77192992,
621,E2936200008201,上但馬団地解放会館,奈良県三宅町屏風250-21,1,,,1,,1,1,,,34.577047602535,135.76540685186,
622,E2936200009201,東屏風体育館,奈良県三宅町屏風44-29,1,,,1,,1,1,,,34.57905669216,135.77715916604,
623,E2932200001201,旧東豊小学校,奈良県山添村大字岩屋2665,1,,,1,,1,1,,,34.642246681474,136.05028068583,
624,E2932200003201,東山公民館,奈良県山添村大字桐山62-1,1,1,,1,,1,1,,1,34.681887457052,135.97406229281,
625,E2932200004201,旧広瀬保育園,奈良県山添村大字広瀬225,1,,,,,1,1,,,34.676402952402,136.0784483062,
626,E2932200005201,五月川センター,奈良県山添村大字広瀬288-2,,,,1,,1,1,,,34.676936802673,136.07931755053,
627,E2932200007201,豊原公民館,奈良県山添村大字三ケ谷970,1,1,,1,,1,1,,1,34.654835280517,136.02620122466,
628,E2932200008201,波多野公民館,奈良県山添村大字春日1770-1,1,1,,,,,1,,1,34.681559611036,136.05213888496,
629,E2932200008202,やまぞえ小学校,奈良県山添村大字春日1770-1,1,1,,1,,1,1,,1,34.680458411883,136.05167607985,
630,E2932200009201,児童館・老人憩の家,奈良県山添村大字西波多4922,1,1,,1,,1,1,,1,34.68249076193,136.03422425258,
631,E2932200010201,山添中学校,奈良県山添村大字大西1044,1,1,,1,,1,1,,1,34.683173513727,136.03737270753,
632,E2932200011201,ふれあいホール,奈良県山添村大字大西1367,1,1,,1,,1,1,,1,34.685735795676,136.04212005494,
633,E2932200013201,総合スポーツセンター,奈良県山添村大字大西69,1,1,,1,,1,1,,1,34.679529167216,136.04508657811,
634,E2932200014201,旧北野小学校,奈良県山添村大字北野1001,1,,,1,,1,1,,,34.679989555961,135.9805386875,
635,E2932200015201,旧西豊小学校,奈良県山添村大字箕輪680,1,1,,1,,1,1,,1,34.668213712275,136.01226186671,
636,E2944900001201,中谷集会所,奈良県十津川村旭744,1,1,,,,1,,,,34.115192831141,135.79918265128,
637,E2944900050201,永井集会所,奈良県十津川村永井166-3,1,1,,,,1,,,,33.967387089359,135.7362357563,
638,E2944900079201,旧西川第一小学校グランド,奈良県十津川村永井239,1,1,,,,1,,,,33.96963521689,135.73552506278,
639,E2944900076201,高森の家ふれあい交流センター,奈良県十津川村猿飼310,1,1,,,,1,,,,33.935260286014,135.76627358279,
640,E2944900075201,樫原集会所,奈良県十津川村樫原267,1,1,,,,1,,,,33.957513300533,135.78598366189,
641,E2944900002201,玉垣内集会所,奈良県十津川村玉垣内376-1,1,1,,,,1,,,,33.972459513863,135.73719348731,
642,E2944900003201,玉置川公会堂,奈良県十津川村玉置川97-2-1,1,1,,,,1,,,,33.905667977429,135.84857203032,
643,E2944900058201,神納川地区生活改善センター,奈良県十津川村五百瀬94-1,1,1,,,,1,,,,34.034106693027,135.69504080717,
644,E2944900059202,旧五百瀬小学校グランド,奈良県十津川村五百瀬95,1,1,,,,1,,,,34.034364820335,135.69501214936,
645,E2944900004201,高滝集会所,奈良県十津川村高滝16-2,1,1,,,,1,,,,33.967512710762,135.81229689413,
646,E2944900005201,高津公会堂,奈良県十津川村高津335,1,1,,,,1,,,,34.079797573672,135.7595189993,
647,E2944900006201,込之上公民館,奈良県十津川村込之上149,1,1,,,,1,,,,33.943564224137,135.79396877689,
648,E2944900007201,下二村公民館,奈良県十津川村山崎190,1,1,,,,1,,,,34.026291284465,135.78415624659,
649,E2944900008201,山手公民館,奈良県十津川村山手270-4,1,1,,,,1,,,,33.954030255487,135.76355724325,
650,E2944900009201,七色公民館,奈良県十津川村七色169-2,1,1,,,,1,,,,33.89045592794,135.75825959567,
651,E2944900077202,旧西川中学校グランド,奈良県十津川村重里465,1,1,,,,1,,,,33.961431707739,135.73762398872,
652,E2944900077201,旧西川中学校,奈良県十津川村重里465,1,1,,,,1,,,,33.961649724254,135.73794585379,
653,E2944900078201,重里地区生活改善センター,奈良県十津川村重里487,1,1,,,,1,,,,33.962011288078,135.73815722522,
654,E2944900010201,出谷公民館,奈良県十津川村出谷337-2,1,1,,,,1,,,,33.93261414629,135.73133971227,
655,E2944900083202,出谷地区ヘリポート,奈良県十津川村出谷416-2,1,1,,,,1,,,,33.924567723056,135.71447227229,
656,E2944900011201,殿井集会所,奈良県十津川村出谷456-1,1,1,,,,1,,,,33.928999793912,135.71185614601,
657,E2944900084201,小井公民館,奈良県十津川村小井82-2,1,1,,,,1,,,,34.011335381363,135.79593966714,
658,E2944900066201,十津川村住民ホール,奈良県十津川村小原225-1,1,1,,,,1,,,,33.988435092877,135.79250063718,
659,E2944900065202,十津川中学校グランド,奈良県十津川村小原460,1,1,,,,1,,,,33.986751738065,135.79673818388,
660,E2944900065201,十津川中学校,奈良県十津川村小原460,1,1,,,,1,,,,33.986932993774,135.79699567594,
661,E2944900063201,十津川第一小学校,奈良県十津川村小原707,1,1,,,,1,,,,33.983714460943,135.79083086711,
662,E2944900064201,小原保育所,奈良県十津川村小原707-5,1,1,,,,1,,,,33.983359027553,135.79071575073,
663,E2944900012201,小原ふれあいセンター,奈良県十津川村小原731-1,1,1,,,,1,,,,33.98358578405,135.79145657701,
664,E2944900013201,小山手公民館,奈良県十津川村小山手268,1,1,,,,1,,,,33.965062479222,135.70016307351,
665,E2944900080201,小山手地区ヘリポート,奈良県十津川村小山手52,1,1,,,,1,,,,33.972073133115,135.71061224474,
666,E2944900068201,２１世紀の森・紀伊半島森林植物公園,奈良県十津川村小川112-1-1,1,1,,,,1,,,,33.968099729928,135.85656729977,
667,E2944900014201,小川公民館,奈良県十津川村小川60-4-1,1,1,,,,1,,,,33.967810038726,135.84393608626,
668,E2944900015201,小坪瀬公民館,奈良県十津川村小坪瀬302,1,1,,,,1,,,,33.963462691287,135.68484093661,
669,E2944900016201,沼田原集会所,奈良県十津川村沼田原323,1,1,,,,1,,,,34.14717900251,135.76500815154,
670,E2944900017201,上葛川公会堂,奈良県十津川村上葛川174-4,1,1,,,,1,,,,33.962726486813,135.86866246742,
671,E2944900055201,上野地河川広場ヘリポート,奈良県十津川村上野地154,1,1,,,,1,,,,34.096574578692,135.7600273375,
672,E2944900056201,上野地保育所,奈良県十津川村上野地215,1,1,,,,1,,,,34.09918189874,135.7605564026,
673,E2944900052202,旧上野地中学校グランド,奈良県十津川村上野地220,1,1,,,,1,,,,34.099836829821,135.75997426002,
674,E2944900052201,上野地地区交流施設,奈良県十津川村上野地220,1,1,,,,1,,,,34.099729931574,135.75953572031,
675,E2944900051201,北部保健センター,奈良県十津川村上野地252,1,1,,,,1,,,,34.09918991962,135.76195154833,
676,E2944900053201,上野地公民館,奈良県十津川村上野地263,1,1,,,,1,,,,34.09851372451,135.76201968331,
677,E2944900054201,上野地駐車場,奈良県十津川村上野地279-3,1,1,,,,1,,,,34.0997357062,135.76273321642,
678,E2944900018201,下葛川公会堂,奈良県十津川村神下134,1,1,,,,1,,,,33.943964045441,135.86844371848,
679,E2944900019201,西中集会所,奈良県十津川村西中379,1,1,,,,1,,,,33.978228814701,135.72626082811,
680,E2944900070202,旧折立中学校グラウンド,奈良県十津川村折立171-2,1,1,,,,1,,,,33.94941790513,135.80258725179,
681,E2944900070201,村民ひろば,奈良県十津川村折立171-2,1,1,,,,1,,,,33.949169320256,135.8021786175,
682,E2944900020201,川津公民館,奈良県十津川村川津656,1,1,,,,1,,,,34.058300886631,135.74799340258,
683,E2944900067201,大野公民館,奈良県十津川村大野661,1,1,,,,1,,,,33.989010888189,135.83187784223,
684,E2944900037201,滝川公会堂,奈良県十津川村滝川688,1,1,,,,1,,,,34.0578453606,135.79307950557,
685,E2944900038201,市川神社,奈良県十津川村滝川752-1,1,1,,,,1,,,,34.057389234266,135.7906916326,
686,E2944900039201,谷垣内公民館,奈良県十津川村谷垣内138,1,1,,,,1,,,,33.969136287885,135.76408069267,
687,E2944900040201,谷瀬公会堂,奈良県十津川村谷瀬435,1,1,,,,1,,,,34.10840634678,135.75689579871,
688,E2944900041201,池穴集会所,奈良県十津川村池穴139,1,1,,,,1,,,,34.021027906,135.78008236978,
689,E2944900069201,竹筒地区ヘリポート,奈良県十津川村竹筒134-6,1,1,,,,1,,,,33.877812257353,135.87659194765,
690,E2944900042201,竹筒公民館,奈良県十津川村竹筒243-1,1,1,,,,1,,,,33.87766475114,135.86445982681,
691,E2944900043201,東中公会堂,奈良県十津川村東中444,1,1,,,,1,,,,33.954412688635,135.85726057242,
692,E2944900062201,体育文化センター,奈良県十津川村湯之原714-2,1,1,,,,1,,,,33.999258361359,135.79295843719,
693,E2944900044201,湯之原公民館,奈良県十津川村湯之原729,1,1,,,,1,,,,33.999026159758,135.79398785227,
694,E2944900045201,那知合集会所,奈良県十津川村那知合69-4,1,1,,,,1,,,,33.973576792543,135.76580073344,
695,E2944900046201,奥里集会所,奈良県十津川村内原372,1,1,,,,1,,,,34.0547567519,135.81341913163,
696,E2944900047201,内原公民館,奈良県十津川村内原590,1,1,,,,1,,,,34.062951782933,135.80773941738,
697,E2944900057201,内野地区ヘリポート,奈良県十津川村内野155,1,1,,,,1,,,,34.043370645909,135.71170268957,
698,E2944900082201,迫西川小学校,奈良県十津川村迫西川115-6,1,1,,,,1,,,,33.966476250854,135.65008732486,
699,E2944900082202,旧迫西川小学校グランド,奈良県十津川村迫西川115-6,1,1,,,,1,,,,33.966342851817,135.6497135796,
700,E2944900081201,迫西川公民館,奈良県十津川村迫西川135-1,1,1,,,,1,,,,33.966129223584,135.65025898624,
701,E2944900048201,武蔵集会所,奈良県十津川村武蔵487,1,1,,,,1,,,,33.993588500029,135.81165593968,
702,E2944900061201,花園保育所,奈良県十津川村風屋1969,1,1,,,,1,,,,34.049811433027,135.7874307948,
703,E2944900049201,風屋公会堂,奈良県十津川村風屋441-2,1,1,,,,1,,,,34.04315812015,135.78046705192,
704,E2944900060201,北部老人憩いの家,奈良県十津川村風屋546-2,1,1,,,,1,,,,34.043272032585,135.78125703984,
705,E2944900073201,十津川第二小学校,奈良県十津川村平谷256,1,1,,,,1,,,,33.939657873716,135.77097034634,
706,E2944900072201,平谷駐車場,奈良県十津川村平谷498,1,1,,,,1,,,,33.941741357583,135.7680177911,
707,E2944900071201,平谷地区生活改善センター,奈良県十津川村平谷626-3,1,1,,,,1,,,,33.941811970663,135.76668559584,
708,E2944900074201,昴の郷芝生広場・駐車場,奈良県十津川村平谷909-4,1,1,,,,1,,,,33.93886254901,135.75429679331,
709,E2945100001201,上北山旧小学校グラウンド,奈良県上北山村大字河合107,1,1,,1,,1,,,1,34.135730767139,136.00043584975,
710,E2945100003201,村民総合会館グラウンド,奈良県上北山村大字河合278,1,1,,1,,1,,,,34.134684836375,135.99967405097,
711,E2945100011201,健民グラウンド,奈良県上北山村大字小橡78-2,1,1,,1,,1,,,,34.148801952523,136.01562981001,
712,E2945100015201,ふれあい会館グラウンド,奈良県上北山村大字西原359,1,1,,1,,1,,,,34.180632426916,136.00412128952,
713,E2945100017201,白川土地造成地,奈良県上北山村大字白川214-64,1,1,,1,,1,,,,34.105478881131,135.99670526986,
714,E2942400002201,ゆりが丘コミュニティセンター,奈良県上牧町ゆりが丘1-7-20,1,1,,1,,1,1,,1,34.572092,135.719511,
715,E2942400004201,下牧文化会館,奈良県上牧町下牧2-9-22,1,1,,,,,,,1,34.57614,135.713646,
716,E2942400005201,葛城台公民館,奈良県上牧町葛城台3-1-2,1,1,,1,,1,1,,1,34.556942,135.722316,
717,E2942400007201,桜ヶ丘公民館,奈良県上牧町桜ケ丘2-15-3,1,1,,1,,1,1,,,34.573668,135.726966,
718,E2942400009201,上牧第二町民体育館,奈良県上牧町桜ケ丘3-12-3,1,1,,1,,1,1,,,34.574243,135.720168,
719,E2942400010201,桜ヶ丘老人憩の家,奈良県上牧町桜ヶ丘3-34-3,1,1,,1,,1,1,,,34.575031,135.720717,
720,E2942400012201,松里園公民館,奈良県上牧町松里園1-11-11,1,1,,1,,1,1,,1,34.551334,135.710803,
721,E2942400013201,松里園消防コミュニティセンター,奈良県上牧町松里園3-11-4,1,1,,1,,1,1,,1,34.549064,135.709695,
722,E2942400014201,上牧小学校,奈良県上牧町上牧1866,1,1,,1,,1,1,,,34.56111936,135.717763,
723,E2942400015201,上牧町健民グラウンド,奈良県上牧町上牧1875-4,1,1,,1,,1,1,,,34.560368582036,135.71642212514,
724,E2942400016201,上牧中学校,奈良県上牧町上牧3349,1,1,,1,,1,1,,,34.561545983086,135.71578149815,
725,E2942400018201,上牧第二中学校,奈良県上牧町大字下牧35,1,1,,1,,1,1,,1,34.571021,135.706856,
726,E2942400019201,梅ヶ丘老人憩の家,奈良県上牧町大字下牧7-22-22,1,,,,,,,,,34.570916,135.704637,
727,E2942400020201,南上牧公民館,奈良県上牧町大字上牧1,1,1,,,,,,,1,34.555714,135.70816,
728,E2942400021201,五軒屋老人憩の家,奈良県上牧町大字上牧1546-5,1,1,,,,,,,1,34.554051,135.719698,
729,E2942400022201,上牧第一町民体育館,奈良県上牧町大字上牧1750,1,1,,1,,1,1,,1,34.559327,135.716032,
730,E2942400024201,新町第一公民館,奈良県上牧町大字上牧2546,1,,,,,,,,1,34.566945,135.726633,
731,E2942400025201,新町老人憩の家,奈良県上牧町大字上牧2622-1,1,,,,,,,,1,34.567927,135.727054,
732,E2942400027201,三軒屋公民館,奈良県上牧町大字上牧3025-2,1,1,,,,,,,,34.56362,135.720189,
733,E2942400028201,上牧３三小学校,奈良県上牧町大字上牧3100,1,1,,1,,1,1,,1,34.570883,135.721655,
734,E2942400029201,上牧町文化センター,奈良県上牧町大字上牧3241,1,1,,1,,1,1,,1,34.56788925,135.7169167,
735,E2942400030201,上牧町保健福祉センター,奈良県上牧町大字上牧3245-1,1,1,,1,,1,1,,,34.567752,135.718118,
736,E2942400032201,上牧町役場西館３階集会室,奈良県上牧町大字上牧3350,1,1,,1,,1,1,,,34.562534,135.716177,
737,E2942400033201,上牧第２集会所,奈良県上牧町大字上牧3719-16,1,1,,1,,1,1,,1,34.566531,135.708238,
738,E2942400034201,北上牧公民館（上牧第１集会所）,奈良県上牧町大字上牧3764,1,1,,1,,1,1,,1,34.564116,135.705344,
739,E2942400035201,上牧町立文化館,奈良県上牧町大字上牧3892,1,1,,,,1,1,,1,34.561708,135.708412,
740,E2942400036201,貴船台集会所,奈良県上牧町大字上牧4118-14,1,1,,1,,1,1,,,34.562392,135.709842,
741,E2942400037201,滝川台公民館,奈良県上牧町滝川台1-10-12,1,1,,1,,1,1,,1,34.569323,135.717416,
742,E2942400038201,服部老人憩の家,奈良県上牧町服部台1-3-41,1,1,,,,,,,1,34.568846,135.714527,
743,E2942400039201,米山台老人憩の家,奈良県上牧町米山台1-1-1,1,1,,,,,,,1,34.560517,135.715149,
744,E2942400040201,米山台公民館,奈良県上牧町米山台5-6-1,1,1,,1,,1,1,,1,34.563218,135.715124,
745,E2942400041201,片岡台１丁目公民館,奈良県上牧町片岡台1-5,1,1,,,,,,,1,34.581296,135.715105,
746,E2942400042201,片岡台２丁目公民館,奈良県上牧町片岡台2-10,1,1,,,,,,,1,34.578933,135.718224,
747,E2942400043202,片岡台３丁目コミュニティセンター,奈良県上牧町片岡台3-1,1,1,,1,,1,1,,1,34.578749,135.714925,
748,E2942400043201,片岡台老人憩の家,奈良県上牧町片岡台3-1,1,1,,,,,,,1,34.578584,135.714716,
749,E2942400044201,上牧第二小学校,奈良県上牧町片岡台3-2,1,1,,1,,1,1,,1,34.57584855,135.7153682,
750,E2942400045201,友が丘公民館,奈良県上牧町友が丘1-10-15,1,1,,1,,1,1,,1,34.572351,135.713517,
751,E2942400046201,緑ヶ丘公民館,奈良県上牧町緑ヶ丘1-8-7,1,1,,1,,1,1,,,34.569079,135.709523,
752,E2920900001201,あすか野小学校,奈良県生駒市あすか野南2-5-1,1,1,,1,,1,,,1,34.709957277728,135.71664081713,
753,E2920900002201,壱分小学校,奈良県生駒市壱分町356-1,1,1,,1,,1,,,1,34.672093061075,135.71523168411,
754,E2920900003201,コミュニティセンター,奈良県生駒市元町1-6-12,1,1,,1,,1,,,1,34.692038015992,135.69868998124,
755,E2920900004201,生駒北スポーツセンター,奈良県生駒市高山町166-2,1,1,,1,,1,,,1,34.770116520308,135.70977371511,
756,E2920900005201,生駒北小中学校,奈良県生駒市高山町6794,1,1,,1,,1,,,1,34.739251487858,135.72131905715,
757,E2920900006201,桜ヶ丘小学校,奈良県生駒市桜ケ丘7-15,1,1,,1,,1,,,1,34.698528446019,135.70515083974,
758,E2920900007201,生駒小学校,奈良県生駒市山崎町4-44,1,1,,1,,1,,,1,34.691159804085,135.70614106353,
759,E2920900008201,鹿ノ台小学校,奈良県生駒市鹿ノ台西1-5-2,,,,1,,1,,,1,34.734863155985,135.74643482299,
760,E2920900009201,鹿ノ台中学校,奈良県生駒市鹿ノ台南2-16,,,,1,,1,,,1,34.733551502004,135.74786338812,
761,E2920900010201,鹿ノ台ふれあいホール,奈良県生駒市鹿ノ台南2-3-3,1,1,,1,,1,,,1,34.733921051164,135.74907828435,
762,E2920900011201,南コミュニティセンターせせらぎ,奈良県生駒市小瀬町18,1,1,,1,,1,,,1,34.666216919772,135.70682684134,
763,E2920900012201,大瀬中学校,奈良県生駒市小瀬町911-1,1,1,,1,,1,,,1,34.665745356764,135.71788656402,
764,E2920900013201,人権文化センター,奈良県生駒市小平尾町1549,1,1,,,,1,,,,34.657556626123,135.70516273292,
765,E2920900014201,小平尾南体育館,奈良県生駒市小平尾町1629,,,,1,,1,,,1,34.658094,135.703386,
766,E2920900015201,井出山体育館,奈良県生駒市小平尾町1766-1,,,,1,,1,,,1,34.652945199293,135.70709899415,
767,E2920900016201,生駒南第二小学校,奈良県生駒市小平尾町927,1,1,,1,,1,,,1,34.65438067435,135.70778643389,
768,E2920900017201,総合公園体育館,奈良県生駒市小明町1807-1,,,,1,,1,,,1,34.711707587227,135.71068509269,
769,E2920900018201,光明中学校,奈良県生駒市小明町55,1,1,,1,,1,,,1,34.712330978682,135.70814002528,
770,E2920900019201,北コミュニティセンターＩＳＴＡはばたき,奈良県生駒市上町1543,1,1,,1,,1,,,1,34.718474429382,135.72250928164,
771,E2920900020201,上中学校,奈良県生駒市上町3000,1,1,,1,,1,,,1,34.724679641366,135.71642512322,
772,E2920900021201,生駒台小学校,奈良県生駒市新生駒台1-33,1,1,,1,,1,,,1,34.709604093437,135.70227497153,
773,E2920900022201,真弓小学校,奈良県生駒市真弓1-11-15,,,,1,,1,,,1,34.720238180186,135.72603480951,
774,E2920900023201,認定こども園生駒幼稚園,奈良県生駒市西旭ケ丘18-12,1,1,,,,1,,,,34.686372065574,135.697856662175,
775,E2920900024201,芸術会館美楽来,奈良県生駒市西松ケ丘2-20,1,1,,1,,1,,,,34.696809735477,135.69494085867,
776,E2920900025201,生駒中学校,奈良県生駒市西松ケ丘9-19,,,,1,,1,,,1,34.699018663932,135.69374497975,
777,E2920900026201,図書会館,奈良県生駒市辻町238,1,1,,1,,1,,,1,34.696377977718,135.70854262237,
778,E2920900027201,生駒東小学校,奈良県生駒市東生駒4-398-110,1,1,,1,,1,,,1,34.680508955603,135.71559347116,
779,E2920900028201,生駒南小学校,奈良県生駒市萩原町335,,,,1,,1,,,1,34.665746487014,135.70579121449,
780,E2920900029201,むかいやま公園体育館,奈良県生駒市萩原町673,,,,1,,1,,,1,34.663214067361,135.69743748993,
781,E2920900030201,生駒南中学校,奈良県生駒市萩原町90,,,,1,,1,,,1,34.667315313171,135.70601028522,
782,E2920900031201,俵口小学校,奈良県生駒市俵口町614-1,1,1,,1,,1,,,1,34.705711835653,135.68888708421,
783,E2920900032201,たけまるホール,奈良県生駒市北新町9-28,1,1,,1,,1,,,1,34.693954442848,135.69668412331,
784,E2920900033201,北大和体育館,奈良県生駒市北大和3-5077,,,,1,,1,,,1,34.72143698132,135.73514676568,
785,E2920900034201,市民体育館,奈良県生駒市門前町9-20,1,1,,1,,1,,,1,34.687782929066,135.69027134004,
786,E2920900035201,緑ヶ丘中学校,奈良県生駒市緑ケ丘2232,,,,1,,1,,,1,34.683462377126,135.69878568648,
787,E2945200035201,ＴｏｃｏＴｏｃｏの森キャンプ場,奈良県川上村大字高原898-3,1,1,,1,,1,,,,34.32045,135.952487,
788,E2945200009201,旧川上中学校,奈良県川上村大字人知270,1,1,,1,,1,,,1,34.330023532455,135.970832170295,
789,E2945200012201,かわかみ源流学園,奈良県川上村大字西河105-1,1,1,,1,,1,,,1,34.3596561547372,135.924223738591,
790,E2945200019201,東川公民館,奈良県川上村大字東川785-1,,1,,1,,1,,,1,34.3713020023165,135.94428666203,
791,E2945200026201,川上総合センターやまぶきホール,奈良県川上村大字迫1374-2,1,1,,1,,1,,,1,34.3335567654968,135.958482905057,
792,E2945200031201,旧川上東小学校,奈良県川上村大字北和田134,1,1,,1,,1,,,1,34.2925133285275,136.003249961441,
793,E2945200033201,ふれあいセンター,奈良県川上村大字北和田312,1,1,,1,,1,,,1,34.2945918787136,136.00376494557,
794,E2936200010201,式下中学校,奈良県川西町結崎1866,1,,,1,,1,1,,,34.580331823732,135.7710290513,
795,E2936100001201,下永体育館,奈良県川西町大字下永1248-1,1,,,1,,1,,,1,34.5885953291279,135.794272922854,
796,E2936100011201,東人権文化センター（２階）,奈良県川西町大字下永1256-1,1,,,1,,1,1,,,34.59015,135.79251,
797,E2936100002201,川西町中央体育館,奈良県川西町大字結崎1287-1,,,,1,,1,1,,1,34.5870375526939,135.773945410854,
798,E2936100003201,保健センター,奈良県川西町大字結崎217-1,,,,1,,1,,,1,34.5835736585762,135.775060089479,
799,E2936100007201,川西小学校,奈良県川西町大字結崎255,1,,,1,,1,,,1,34.584377,135.776962,
800,E2936100010201,川西町文化会館（２階）,奈良県川西町大字結崎32-1,1,,,1,,1,1,,,34.58436,135.77526,
801,E2936100005201,ふれあいセンター,奈良県川西町大字唐院122,,,,1,,1,,,1,34.5812661439098,135.759990842908,
802,E2936100006201,梅戸体育館,奈良県川西町大字唐院556,1,,,1,,1,1,,1,34.585062823913,135.766040430955,
803,E2936100008202,川西町（梅戸）防災空地,奈良県川西町大字梅戸202-1,,,,1,,1,,,,34.58465,135.76746,
804,E2938500001201,曽爾村すすき福祉作業所,奈良県曽爾村大字伊賀見2881-1,1,,,1,,1,1,,1,34.52960234963,136.14106088037,
805,E2938500002201,伊賀見集落センター,奈良県曽爾村大字伊賀見379,1,,,1,,1,1,,1,34.533674656235,136.1437209926,
806,E2938500003201,旧下曽爾小学校体育館,奈良県曽爾村大字伊賀見39,1,1,,1,,1,1,,1,34.528354674344,136.14265109639,
807,E2938500004201,塩井集落センター,奈良県曽爾村大字塩井908-1,1,,,1,,1,1,,1,34.506819530637,136.12798848389,
808,E2938500005201,老人福祉センター,奈良県曽爾村大字塩井991-1,1,,,1,,1,1,,1,34.508697372102,136.12695024192,
809,E2938500006201,掛農業集会所,奈良県曽爾村大字掛650,1,,,1,,1,1,,1,34.499257441797,136.11372630485,
810,E2938500007201,葛集落センター,奈良県曽爾村大字葛800-1,1,,,1,,1,1,,1,34.523322550034,136.13580128519,
811,E2938500008201,曽爾村防災センター,奈良県曽爾村大字今井513-12,1,1,,1,,1,1,,1,34.510920878163,136.12453751311,
812,E2938500009201,曽爾村振興センター,奈良県曽爾村大字今井513-8,1,1,,1,,1,1,,1,34.510880827009,136.1248643062,
813,E2938500010201,今井集落センター,奈良県曽爾村大字今井754,1,,,1,,1,1,,1,34.513661822867,136.12659171669,
814,E2938500011201,曽爾村児童館,奈良県曽爾村大字山粕1286,1,,,1,,1,1,,1,34.489026780182,136.09631356103,
815,E2938500012201,曽爾ふれあいセンター,奈良県曽爾村大字山粕1665,1,1,,1,,1,1,,1,34.489512371179,136.10043305495,
816,E2938500013201,小長尾公民館,奈良県曽爾村大字小長尾249-2,1,1,,1,,1,1,,1,34.509806504442,136.11611429995,
817,E2938500014201,曽爾小中学校体育館,奈良県曽爾村大字小長尾900,1,1,,1,,1,1,,1,34.512515994962,136.12120671613,
818,E2938600018201,国立曽爾少年自然の家（つどいの広場及び第二駐車場）,奈良県曽爾村大字太良路,1,1,,1,,1,1,,,34.52207,136.163114,
819,E2938500015201,曽爾青少年自然の家,奈良県曽爾村大字太良路1170,1,,,1,,1,1,,1,34.522948800782,136.16214289809,
820,E2938500016201,太良路公民館,奈良県曽爾村大字太良路633,1,,,1,,1,1,,1,34.524062939503,136.13980754219,
821,E2938500017201,ファームガーデン,奈良県曽爾村大字太良路839,1,1,,1,,1,1,,1,34.523773148093,136.1502149921,
822,E2938500018201,長野公民館,奈良県曽爾村大字長野1285-3,1,,,1,,1,1,,1,34.506309381896,136.1159578426,
823,E2938500019201,曽爾保育園,奈良県曽爾村大字長野140-1,1,,,1,,1,1,,1,34.505961523685,136.11665398314,
824,E2938500020201,旧曽爾小学校体育館,奈良県曽爾村大字長野62,1,1,,1,,1,1,,1,34.506982411907,136.11713710204,
825,E2944200001201,吉野路大淀　ｉ　センター,奈良県大淀町芦原536-1,1,1,,1,,1,1,,1,34.412259618743,135.79694580277,
826,E2944200002201,奥越部老人憩の家,奈良県大淀町越部548-2,1,1,,1,,1,1,,1,34.403788747307,135.80692912522,
827,E2944200003201,桜ヶ丘総合センター,奈良県大淀町下渕1223,1,1,,1,,1,1,,1,34.388282635958,135.78756376045,
828,E2944200004201,公民館香梨台分館,奈良県大淀町下渕1640-127,1,1,,1,,1,1,,1,34.392781390019,135.77425855046,
829,E2944200005201,西町５丁目コミュニティセンター,奈良県大淀町下渕370-2,,,,1,,1,,,1,34.383272426532,135.78370073219,
830,E2944200006201,県立大淀養護学校体育館,奈良県大淀町下渕414-1,1,1,,1,,1,1,,1,34.386202864376,135.77616537106,
831,E2944200007201,公民館車坂分館,奈良県大淀町下渕626,1,1,,,,1,1,,,34.389899780633,135.77972331727,
832,E2944200009201,公民館西町４丁目分館,奈良県大淀町下渕816,1,1,,,,1,1,,1,34.385407940015,135.78613789366,
833,E2944200010201,大淀桜ヶ丘小学校（運動場、体育館）,奈良県大淀町下渕959,1,1,,1,,1,1,,1,34.384154,135.792282,
834,E2944200011201,大淀西部幼稚園,奈良県大淀町今木779-4,1,1,,1,,1,1,,1,34.403402080367,135.76400810884,
835,E2944200013201,佐名伝公民館,奈良県大淀町佐名伝303,1,1,,1,,1,1,,1,34.380956051824,135.76942363969,
836,E2944200014201,増口コミュニティセンター,奈良県大淀町増口14,,,,1,,1,,,1,34.394706719328,135.841288628,
837,E2944200015201,公民館大岩分館,奈良県大淀町大岩589,1,1,,1,,1,1,,1,34.416445306917,135.76388011209,
838,E2944200036201,奈良県立奈良南高等学校　大淀学舎,奈良県大淀町大字下渕983,1,1,,1,,,1,,1,34.383896,135.790691,
839,E2944200016201,大淀東部幼稚園,奈良県大淀町中増61-2,1,1,,1,,1,1,,1,34.402707,135.843158,
840,E2944200017201,大淀緑ヶ丘小学校（運動場、体育館）,奈良県大淀町土田365,1,1,,1,,1,1,,1,34.390959,135.800031,
841,E2944200018201,公民館南大和分館,奈良県大淀町土田507-59,1,1,,1,,1,1,,1,34.393843926822,135.80106741639,
842,E2944200019201,公民館南大和北分館,奈良県大淀町土田507-851,1,1,,1,,1,1,,1,34.401650861514,135.80328560646,
843,E2944200020201,公民館馬佐分館,奈良県大淀町馬佐579-1,1,1,,1,,1,1,,,34.400793689924,135.81761093792,
844,E2944200022201,旭ヶ丘総合センター,奈良県大淀町比曽327-1,1,1,,1,,1,1,,1,34.398369827494,135.83301567787,
845,E2944200023201,公民館吉野平分館,奈良県大淀町桧垣本1010-326,1,1,,1,,1,1,,1,34.395347972573,135.7920218014,
846,E2944200024201,大淀中学校（運動場、体育館）,奈良県大淀町桧垣本1581,1,1,,1,,1,1,,1,34.386274893398,135.79294325286,
847,E2944200025201,文化会館,奈良県大淀町桧垣本2090,1,1,,1,,1,1,,1,34.389636096227,135.78958546623,
848,E2944200026201,高見台コミュニティセンター,奈良県大淀町桧垣本2245-144,1,1,,1,,1,1,,1,34.396353470498,135.7794437077,
849,E2944200027201,平畑体育館,奈良県大淀町桧垣本2445-19,1,1,,,,1,1,,1,34.396860734027,135.78719301566,
850,E2944200029201,金吾町北郷コミュニティセンター,奈良県大淀町桧垣本587,1,1,,1,,1,1,,1,34.403350901071,135.79672563745,
851,E2944200030201,花吉野ガーデンヒルズ分館,奈良県大淀町福神2-89,,,,1,,1,,,1,34.39271606073,135.74599016459,
852,E2944200031201,花吉野ガーデンヒルズ第２分館,奈良県大淀町福神4-120,1,1,,1,,1,1,,1,34.39789580513,135.74420758688,
853,E2944200032201,鉾立コミュニティセンター,奈良県大淀町鉾立207-1,1,1,,1,,1,1,,1,34.417509208549,135.77522349035,
854,E2944200033201,大淀希望ヶ丘小学校（運動場、体育館）,奈良県大淀町北野54-1,1,1,,1,,1,1,,1,34.397490809582,135.82036235111,
855,E2944200034201,矢走老人憩の家,奈良県大淀町矢走550-1,1,1,,1,,1,1,,1,34.408301155417,135.78851080443,
856,E2944200035201,薬水コミュニティセンター,奈良県大淀町薬水340-1,1,1,,1,,1,1,,1,34.401406055399,135.74554566388,
857,E2920300041201,大和郡山市立治道認定こども園,奈良県大和郡山市横田町254,1,,,1,,,1,,1,34.623691,135.805797,
858,E2920300041202,大和郡山市立治道小学校,奈良県大和郡山市横田町254,1,,,1,,,1,,1,34.62391,135.805861,
859,E2920300042201,大和郡山市立治道地区公民館,奈良県大和郡山市横田町261-1,1,,,1,,1,1,,1,34.623446,135.806624,
860,E2920300043202,大和郡山市立昭和小学校,奈良県大和郡山市額田部北町555,1,,,1,,,1,,1,34.608282,135.780038,
861,E2920300044201,大和郡山市額田部運動公園施設,奈良県大和郡山市額田部北町642,1,,,1,,,1,,1,34.606358,135.775942,
862,E2920300045201,大和郡山市民交流館,奈良県大和郡山市高田町92-16,1,,,1,,,1,,1,34.647508,135.790562,
863,E2920300046201,大和郡山市立矢田南幼稚園,奈良県大和郡山市山田町82,1,,,1,,,1,,1,34.630685,135.745128,
864,E2920300047201,大和郡山市立矢田南小学校,奈良県大和郡山市山田町83,1,1,,1,,,1,,1,34.631487,135.743671,
865,E2920300048201,大和郡山市立郡山東中学校,奈良県大和郡山市若槻町134-2,1,,,1,,,1,,1,34.63568,135.797536,
866,E2920300049201,大和郡山市立平和地区公民館,奈良県大和郡山市若槻町4-4,1,,,1,,1,1,,1,34.639352,135.800605,
867,E2920300050201,大和郡山市立片桐地区公民館,奈良県大和郡山市小泉町105-1,1,,,1,,1,1,,1,34.62945,135.76343,
868,E2920300051201,大和郡山市立片桐西小学校,奈良県大和郡山市小泉町1618,1,,,1,,,1,,1,34.630546,135.755909,
869,E2920300052201,大和郡山市立片桐西幼稚園,奈良県大和郡山市小泉町1658,1,,,1,,,1,,1,34.630496,135.755207,
870,E2920300053201,大和郡山市立片桐中学校,奈良県大和郡山市小泉町173-1,1,,,1,,,1,,1,34.628441,135.761073,
871,E2920300039201,大和郡山市老人福祉センター,奈良県大和郡山市植槻町3-11,1,,,1,,1,1,,1,34.653898,135.779705,
872,E2920300040201,大和郡山市社会福祉会館,奈良県大和郡山市植槻町3-8,1,,,1,,1,1,,1,34.653527,135.779919,
873,E2920300054201,大和郡山市立筒井幼稚園,奈良県大和郡山市丹後庄町177-3,1,,,1,,,1,,1,34.626109,135.783071,
874,E2920300075201,奈良県立盲学校,奈良県大和郡山市丹後庄町222-1,,,,1,,,1,,1,34.625168,135.787003,
875,E2920300076201,奈良県立ろう学校,奈良県大和郡山市丹後庄町456,,,,1,,,1,,1,34.625168,135.787003,
876,E2920300055201,大和郡山市立片桐小学校,奈良県大和郡山市池ノ内町117,1,,,1,,,1,,1,34.630106,135.764958,
877,E2920300056201,大和郡山市立片桐幼稚園,奈良県大和郡山市池之内町167,1,,,1,,,1,,1,34.62922876,135.7649201,
878,E2920300057201,大和郡山市立郡山西小学校,奈良県大和郡山市田中町632,1,,,1,,,1,,1,34.648496,135.770135,
879,E2920300058201,大和郡山市立郡山西幼稚園,奈良県大和郡山市田中町723,1,,,1,,,1,,1,34.647931,135.769427,
880,E2920300059201,大和郡山市立郡山西中学校,奈良県大和郡山市田中町767,1,,,1,,,1,,1,34.643783,135.764577,
881,E2920300060201,大和郡山市立筒井小学校,奈良県大和郡山市筒井町120,1,,,1,,,1,,1,34.627064,135.781872,
882,E2920300061201,大和郡山市立郡山南中学校,奈良県大和郡山市筒井町398,1,,,1,,,1,,1,34.623685,135.77864,
883,E2920300062201,大和郡山市立南部公民館,奈良県大和郡山市筒井町600-4,1,,,1,,1,1,,1,34.620594,135.779435,
884,E2920300063201,大和郡山市立中央公民館,奈良県大和郡山市南郡山町529-1,1,,,1,,1,1,,1,34.648267,135.782258,
885,E2920300064201,大和郡山市立昭和地区公民館,奈良県大和郡山市馬司町331-56,1,,,1,,1,1,,1,34.610002,135.781074,
886,E2920300065201,大和郡山市立平和小学校,奈良県大和郡山市美濃庄町262,1,,,1,,,1,,1,34.639493,135.805111,
887,E2920300066201,大和郡山市立平和認定こども園,奈良県大和郡山市美濃庄町533,1,,,1,,,1,,1,34.640848,135.807254,
888,E2920300067201,大和郡山市立郡山北幼稚園,奈良県大和郡山市北郡山町115,1,,,1,,,1,,1,34.654586,135.786271,
889,E2920300067202,大和郡山市立郡山北小学校,奈良県大和郡山市北郡山町115,1,,,1,,,1,,1,34.653756,135.786872,
890,E2920300068201,やまと郡山城ホール,奈良県大和郡山市北郡山町211-3,1,,,1,,1,1,,1,34.652309,135.782366,
891,E2920300069201,大和郡山市総合公園多目的体育館,奈良県大和郡山市矢田山町2,1,,,1,,1,1,,1,34.646254,135.745887,
892,E2920300070201,大和郡山市矢田コミュニティ会館,奈良県大和郡山市矢田町4547,1,1,,1,,1,1,,1,34.647914,135.74696,
893,E2920300071201,大和郡山市立矢田認定こども園,奈良県大和郡山市矢田町774,1,1,,1,,,1,,1,34.648231,135.754763,
894,E2920300072201,大和郡山市立矢田小学校,奈良県大和郡山市矢田町966-2,1,1,,1,,,1,,1,34.651956,135.749106,
895,E2920300073201,大和郡山市立郡山中学校,奈良県大和郡山市柳町404,1,,,1,,,1,,1,34.654339,135.771508,
896,E2920300074201,大和郡山市立郡山南幼稚園,奈良県大和郡山市柳町85,1,,,1,,,1,,1,34.645548,135.786185,
897,E2920300074202,大和郡山市立郡山南小学校,奈良県大和郡山市柳町85,1,,,1,,,1,,1,34.645672,135.787129,
898,E2920200001201,片塩小学校,奈良県大和高田市旭北町2-1,1,,,1,,,,,1,34.511973871351,135.747480571435,
899,E2920200002201,武道館,奈良県大和高田市幸町11-14,1,,,1,,,,,1,34.5177837671033,135.747583514585,
900,E2920200003201,市立高田商業高等学校,奈良県大和高田市材木町8-3,1,,,1,,,,,1,34.5177583832353,135.755846599112,
901,E2920200004201,浮孔西小学校,奈良県大和高田市曽大根1-5-1,1,,,1,,,,,1,34.4988686263191,135.739285289535,
902,E2920200005201,菅原校区公民館,奈良県大和高田市大字吉井77-1,,,,1,,,,,1,34.4862648041377,135.756047424097,
903,E2920200006201,菅原小学校,奈良県大和高田市大字根成柿436,1,,,1,,,,,1,34.483079739198,135.758132615857,
904,E2920200007201,総合公園コミュニティプール,奈良県大和高田市大字西坊城414,1,,,1,,,,,1,34.4913614031097,135.747514588847,
905,E2920200008201,葛城コミュニティセンター,奈良県大和高田市大字曽大根783-1,1,,,1,,,,,1,34.4957695760882,135.743695747726,
906,E2920200009201,陵西小学校,奈良県大和高田市大字池田3,1,,,1,,,,,1,34.5192081787966,135.724654388519,
907,E2920200010201,高田西中学校,奈良県大和高田市大字池田330,1,,,1,,,,,1,34.5166121087909,135.72942585517,
908,E2920200011201,総合福祉会館（ゆうゆうセンター）,奈良県大和高田市大字池田418-1,1,,,1,,,,,1,34.5193840568155,135.731571218829,
909,E2920200013201,磐園小学校,奈良県大和高田市大字有井1,1,,,1,,,,,1,34.5185372733551,135.739092767778,
910,E2920200014201,高田小学校,奈良県大和高田市大中東町5-15,1,,,1,,,,,1,34.5131652449077,135.740265096299,
911,E2920200015201,高田中学校,奈良県大和高田市大中東町5-48,1,,,1,,,,,1,34.513241609612,135.738949758033,
912,E2920200016201,浮孔小学校,奈良県大和高田市中三倉堂2-5-43,1,,,1,,,,,1,34.5021684587871,135.745808875996,
913,E2920200017201,片塩中学校,奈良県大和高田市中三倉堂2-9-28,1,,,1,,,,,1,34.5010521282376,135.746191681017,
914,E2920200018201,土庫小学校,奈良県大和高田市土庫3-2-61,1,,,1,,,,,1,34.5211670002319,135.755890499286,
915,E2920200019201,文化会館（さざんかホール）,奈良県大和高田市本郷町6-36,1,,,1,,,,,1,34.5137521294869,135.744111321825,
916,E2920200020201,県立高田高等学校,奈良県大和高田市礒野東町6-6,,,,1,,,,,1,34.5090336941683,135.739537838121,
917,E2944600001201,光流寺,奈良県天川村庵住79,1,1,,1,,1,1,,,34.192034680542,135.79734120935,
918,E2944600002201,塩野地区集会所,奈良県天川村塩野774-2,1,1,,1,,1,1,,,34.204668751649,135.75359269626,
919,E2944600003201,沖金地区老人憩の家,奈良県天川村沖金64-1,1,1,,1,,1,1,,,34.240923248653,135.85277106322,
920,E2944600004201,光林寺,奈良県天川村九尾81-1,1,1,,1,,1,1,,,34.214139103,135.830981128,
921,E2944600005201,五色地区集会所,奈良県天川村五色83-1,1,1,,1,,1,1,,,34.230225434458,135.84586150465,
922,E2944600006201,正善寺,奈良県天川村広瀬46,1,1,,1,,1,1,,,34.209302876429,135.76820161199,
923,E2944600007201,広瀬地区老人憩の家,奈良県天川村広瀬98-1,1,1,,1,,1,1,,,34.209085496649,135.76848056174,
924,E2944600008201,天川薬湯センターみずはの湯,奈良県天川村山西298-3,,1,,1,,1,1,,,34.194669711,135.77686437148,
925,E2944600009201,山西地区集会所,奈良県天川村山西299-3,1,,,1,,1,1,,,34.195444650737,135.77614513513,
926,E2944600015201,沢原地区集会所,奈良県天川村沢原35-2,1,1,,1,,1,1,,,34.236180541532,135.84737441233,
927,E2944600016201,天川村山村開発センター,奈良県天川村沢谷60,1,1,,1,,1,1,,,34.242056447273,135.85537086508,
928,E2944600017201,天川小学校,奈良県天川村沢谷92,1,1,,1,,1,1,,,34.240324,135.85404,
929,E2944600018201,中谷地区集会所,奈良県天川村中谷154-3,1,1,,1,,1,1,,,34.239089583354,135.84944040828,
930,E2944600019201,天川村立体育館,奈良県天川村洞川400,1,1,,1,,1,1,,,34.269618585337,135.884425246,
931,E2944600020201,光願寺,奈良県天川村栃尾327,1,1,,1,,1,1,,,34.205118364176,135.8232737541,
932,E2944600021201,南日裏地区集会所,奈良県天川村南日裏180,1,1,,1,,1,1,,,34.228114570424,135.8415532129,
933,E2944600022201,ほほえみポート天川,奈良県天川村南日裏200,1,1,,1,,1,1,,,34.2277311191,135.8410558,
934,E2944600023201,北角地区集会所,奈良県天川村北角71-1,1,1,,1,,1,1,,,34.2381427038,135.864109852,
935,E2944600024201,北小原地区老人憩の家,奈良県天川村北小原34-1,1,1,,1,,1,1,,,34.235820494772,135.84902346608,
936,E2944600025201,ふるさとセンターつどい,奈良県天川村篭山100,1,1,,1,,1,1,,,34.194601198342,135.802512135,
937,E2944600026201,和田区民ホール,奈良県天川村和田436-1,,1,,1,,1,1,,,34.196552670912,135.81838485037,
938,E2944600027201,旧天川西小学校体育館,奈良県天川村和田477,1,1,,1,,1,1,,,34.194184887644,135.81950083382,
939,E2920400001201,奈良県立二階堂養護学校,奈良県天理市庵治町358-1,1,1,,1,,1,1,,1,34.57867418192,135.79656478689,
940,E2920400002201,天理市立式上公民館,奈良県天理市遠田町45-9,,1,,1,,,,,1,34.558562114853,135.82540221738,
941,E2920400003201,天理市立嘉幡保育所,奈良県天理市嘉幡町425,1,1,,1,,,1,,1,34.588656012208,135.79707403417,２階以上の階層又は屋上への垂直避難が可能な施設。
942,E2920400004202,天理市立二階堂公民館,奈良県天理市嘉幡町520,1,1,,1,,,1,,1,34.591391753553,135.79628213958,２階以上の階層又は屋上への垂直避難が可能な施設。
943,E2920400004201,天理市立二階堂体育館,奈良県天理市嘉幡町520,,1,,1,,,,,1,34.591665551623,135.79624995307,
944,E2920400006201,天理市立丹波市南こども園,奈良県天理市勾田町92,1,1,,1,,,1,,1,34.589840667107,135.83810452192,
945,E2920400007201,奈良県立二階堂高等学校,奈良県天理市荒蒔町100-1,1,1,,1,,1,1,,1,34.600071102124,135.80526679199,
946,E2920400008202,天理市立山の辺幼稚園,奈良県天理市三島町140-1,,1,,1,,,,,1,34.603783320117,135.83734833189,
947,E2920400008201,天理市立三島体育館,奈良県天理市三島町140-1,1,1,,1,,,1,,1,34.603500731064,135.83691917845,洪水・内水氾濫発生時は床下浸水が想定される施設。
948,E2920400009201,天理市立朝和公民館,奈良県天理市三昧田町460-3,1,1,,1,,,1,,1,34.575331579931,135.84081005764,
949,E2920400010201,天理市立やまだこども園,奈良県天理市山田町1560,1,1,,1,,,1,,1,34.627553125039,135.93781138459,
950,E2920400011201,天理市立前栽こども園,奈良県天理市杉本町243-1,1,1,,1,,,1,,1,34.603373793302,135.81664348056,２階以上の階層又は屋上への垂直避難が可能な施設。
951,E2920400012201,天理市立前栽公民館,奈良県天理市杉本町351-3,1,1,,1,,,1,,1,34.598960377928,135.81688876288,
952,E2920400013201,天理市立朝和幼稚園,奈良県天理市成願寺町386,1,1,,1,,,1,,1,34.571053337656,135.84276828163,
953,E2920400014201,天理市立朝和小学校,奈良県天理市成願寺町420,1,1,,1,,1,1,,1,34.572120876601,135.84238007835,
954,E2920400015201,天理市立井戸堂公民館,奈良県天理市西井戸堂町122-4,1,1,,1,,,1,,1,34.581986100119,135.81711273462,
955,E2920400016201,天理市立井戸堂小学校,奈良県天理市西井戸堂町301,1,1,,1,,1,1,,1,34.587183306518,135.81467315565,洪水・内水氾濫発生時は床下浸水が想定される施設。
956,E2920400017201,天理市立井戸堂幼稚園,奈良県天理市西井戸堂町406,1,1,,1,,,1,,1,34.587575705122,135.81436851901,"洪水・内水氾濫発生時は床下浸水が想定される施設。
"
957,E2920400018201,天理市長柄運動公園,奈良県天理市西長柄町595,1,1,,1,,1,1,,1,34.574641892293,135.81937683431,
958,E2920400018202,天理市立総合体育館,奈良県天理市西長柄町595,1,1,,1,,,1,,1,34.57566662889,135.82032097189,
959,E2920400019201,旧天理市立北保育所,奈良県天理市石上町511-2,1,1,,1,,,1,,,34.614846912634,135.83081335355,
960,E2920400020201,天理市立北中学校,奈良県天理市石上町777,1,1,,1,,1,1,,1,34.612926904398,135.8360138767,
961,E2920400021201,天理市民会館,奈良県天理市川原城町739,1,1,,1,,,1,,1,34.598024320023,135.83261208037,
962,E2920400022201,天理駅前広場,奈良県天理市川原城町803,,1,,1,,1,,,,34.600417854412,135.83100310074,
963,E2920400023201,天理市立前栽小学校,奈良県天理市前栽町329,1,1,,1,,1,1,,1,34.598703650755,135.81878107475,２階以上の階層又は屋上への垂直避難が可能な施設。
964,E2920400025201,天理市立丹波市小学校,奈良県天理市丹波市町180,1,1,,1,,1,1,,1,34.594759091971,135.83024895228,２階以上の階層又は屋上への垂直避難が可能な施設。
965,E2920400026201,天理市立丹波市公民館,奈良県天理市丹波市町285-2,1,1,,1,,,1,,1,34.596209670884,135.83410773308,２階以上の階層又は垂直避難が可能な施設。
966,E2920400028201,天理市立中央保育所,奈良県天理市田部町553,1,1,,1,,,1,,1,34.603067111753,135.82937241422,２階以上の階層又は屋上への垂直避難が可能な施設。
967,E2920400029201,天理市立西中学校,奈良県天理市二階堂上ノ庄町210-1,1,1,,1,,1,1,,1,34.599965126605,135.80319076222,
968,E2936100009201,川西町（東方）防災空地,奈良県天理市二階堂菅田町55,,,,1,,1,,,,34.59099,135.79421,
969,E2920400030201,天理市立二階堂幼稚園,奈良県天理市二階堂南菅田町38-1,,1,,1,,,,,1,34.593446151244,135.79482403954,
970,E2920400031201,天理市立二階堂小学校,奈良県天理市二階堂南菅田町640-1,,1,,1,,1,,,1,34.59456240801,135.79583240511,
971,E2920400032201,天理市立福住小中学校,奈良県天理市福住町1954-1,1,,,1,,1,1,,1,34.613328963025,135.91757802381,２階以上の階層又は屋上への垂直避難が可能な施設。
972,E2920400033201,天理市立福住公民館,奈良県天理市福住町2025-1,,1,,1,,,,,1,34.611498640162,135.91564706039,
973,E2920400034201,（旧）天理市立福住中学校,奈良県天理市福住町2105,1,1,,1,,1,1,,1,34.612805480579,135.91442397308,
974,E2920400035201,高原地域振興館,奈良県天理市福住町3902,1,1,,1,,,1,,1,34.608825196236,135.91124276098,
975,E2920400036201,旧天理市福祉センター,奈良県天理市福住町4890,1,1,,,,,1,,1,34.605632215684,135.90262789221,
976,E2920400039201,天理市立南中学校,奈良県天理市兵庫町336-2,1,1,,1,,1,1,,1,34.571439205166,135.83454194148,２階以上の層又は屋上への垂直避難が可能な施設。
977,E2920400040201,天理市立山の辺小学校,奈良県天理市別所町380,1,1,,1,,1,1,,1,34.609118948864,135.83739988762,
978,E2920400041201,天理市立東部公民館,奈良県天理市豊井町87,1,1,,1,,,1,,1,34.601937157933,135.85102338617,
979,E2920400042201,天理市立柳本公民館,奈良県天理市柳本町1127,1,1,,1,,,1,,1,34.559393322041,135.84374631132,
980,E2920400043201,天理市立柳本小学校,奈良県天理市柳本町1213,1,1,,1,,1,1,,1,34.558872969237,135.84384002452,
981,E2920400044201,天理市トレイルセンター,奈良県天理市柳本町577-1,1,1,,1,,,1,,1,34.560267703655,135.84916995728,
982,E2920400045201,天理市障害者ふれあいセンター,奈良県天理市柳本町719,1,1,,1,,,1,,1,34.560610384,135.84405517486,
983,E2920400046201,天理市立柳本幼稚園,奈良県天理市柳本町891-2,1,1,,1,,,1,,1,34.561325618301,135.8356899089,
984,E2920400047201,奈良県立添上高等学校,奈良県天理市櫟本町1532-2,1,1,,1,,1,1,,1,34.620927199968,135.82318430342,２階以上の階層又は屋上への垂直避難が可能な施設。
985,E2920400054201,天理市立櫟本北こども園,奈良県天理市櫟本町1765-1,1,1,,1,,,1,,1,34.622724,135.817863,
986,E2920400048201,旧天理市立櫟本幼稚園,奈良県天理市櫟本町2066,1,1,,1,,,1,,1,34.623167597161,135.82901396591,
987,E2920400049201,天理市立櫟本小学校,奈良県天理市櫟本町2426-1,1,1,,1,,1,1,,1,34.62020871652,135.83090560163,２階以上の階層又は屋上への垂直避難が可能な施設。
988,E2920400050201,天理市立櫟本公民館,奈良県天理市櫟本町2460-1,1,1,,1,,,1,,1,34.619778560692,135.83287008399,
989,E2920400051201,櫟本高塚公園,奈良県天理市櫟本町2533-4,1,1,,1,,1,1,,,34.623480753886,135.83783612355,
990,E2936300001201,磯城野高等学校,奈良県田原本町258,,,,1,,,,,1,34.554907954281,135.7864017659,
991,E2936300002201,田原本中学校,奈良県田原本町33,,,,1,,,,,1,34.550763724046,135.79335520403,
992,E2936300003201,高等養護学校,奈良県田原本町宮森34-1,1,,,1,,,1,,1,34.5371444412633,135.791110188588,
993,E2936300004201,やすらぎ体育館,奈良県田原本町金剛寺58-2,1,,,1,,,1,,1,34.552827574729,135.76974676465,
994,E2936300005201,北小学校,奈良県田原本町鍵155,,,,1,,,,,1,34.5670189418,135.80105613683,
995,E2936300006201,北中学校,奈良県田原本町鍵71,,,,1,,,,,1,34.565318176653,135.79599292663,
996,E2936300007201,青垣生涯学習センター,奈良県田原本町阪手233-1,1,,,1,,,1,,1,34.557653666689,135.80227540476,
997,E2936300008201,社会福祉協議会,奈良県田原本町阪手336-1,,,,1,,,,,1,34.556031015866,135.79773754889,
998,E2936300009201,田原本小学校,奈良県田原本町新町48,,,,1,,,,,1,34.558008326494,135.79123122695,
999,E2936300010201,奈良県立教育研究所,奈良県田原本町秦庄22-1,1,,,1,,,1,,1,34.539186225949,135.78989208771,
1000,E2936300011201,南小学校,奈良県田原本町千代306,,,,1,,,,,1,34.541818689299,135.79650254261,
1001,E2936300012201,東小学校,奈良県田原本町大木1-1,,,,1,,,,,1,34.549134985566,135.81460121332,
1002,E2936300013201,中央体育館,奈良県田原本町平田46,1,,,1,,,1,,1,34.556087862906,135.80970650981,
1003,E2936300014201,平野小学校,奈良県田原本町平野62-3,,,,1,,,,,1,34.550014294798,135.77451537986,
1004,E2945300003201,旧四郷小学校グランド,奈良県東吉野村大字三尾51-1,1,1,,,,1,1,1,1,34.3773411114581,135.993121613504,
1005,E2945300006201,東吉野こども園グランド,奈良県東吉野村大字小223,1,1,,1,,1,1,1,1,34.3957232588851,135.972720574262,
1006,E2945300007201,東吉野村奉仕活動リハビリセンター前広場,奈良県東吉野村大字小670,1,,,,,1,1,1,1,34.3918986928372,135.98173279655,
1007,E2945300012201,東吉野中学校グランド,奈良県東吉野村大字小栗栖825,,1,,1,,1,1,1,1,34.3956187981874,135.96046995104,
1008,E2945300015201,東吉野小学校グランド,奈良県東吉野村大字小川604,1,,,1,,1,1,1,1,34.4025906666178,135.970139397561,
1009,E2945300017201,東吉野村役場駐車場,奈良県東吉野村大字小川99,,1,,1,,1,1,1,1,34.4029713117871,135.968272580093,
1010,E2945300022201,ふるさと村前広場,奈良県東吉野村大字大豆生739,1,1,,,,1,1,1,1,34.3762528944654,136.019289574525,
1011,E2945300026201,東吉野村運動公園グランド,奈良県東吉野村大字中黒1222,1,1,,1,,1,1,1,1,34.3805907018034,135.941270026563,
1012,E2945300031201,平野公民館前広場,奈良県東吉野村大字平野896,1,1,,,,1,1,1,1,34.4394218230579,136.059795220139,
1013,E2945300034201,旧高見小学校グランド,奈良県東吉野村大字木津319,,1,,,,1,1,1,1,34.4230491771693,136.03138165322,
1014,E2945300039201,鷲家集会センターグランド,奈良県東吉野村大字鷲家95,1,1,,,,1,1,1,1,34.4229152436822,135.98888877366,
1015,E2920100001201,あやめ池小学校,奈良県奈良市あやめ池南9-939-39,1,1,,1,,1,,,1,34.6927657452505,135.757972750555,
1016,E2920100002201,近畿大学附属小学校,奈良県奈良市あやめ池北1-33-3,1,1,,1,,1,,,1,34.699310381796,135.7623419861,
1017,E2920100003201,南人権文化センター,奈良県奈良市杏町401-1,1,1,,1,,1,,,1,34.66140135,135.8005511,
1018,E2920100004201,北部会館（市民文化ホール）,奈良県奈良市右京1-1-4,1,1,,1,,1,,,1,34.721900751847,135.79120053622,
1019,E2920100005201,平城第１号近隣公園,奈良県奈良市右京2-1,1,1,,1,,1,,,,34.710744158187,135.80395554516,
1020,E2920100006201,平城第３号近隣公園,奈良県奈良市右京3-18,1,1,,1,,1,,,,34.719104624587,135.78646754239,
1021,E2920100007201,右京コミュニティスポーツ会館,奈良県奈良市右京4-11-1,1,1,,1,,1,,,1,34.72167293,135.7864337,
1022,E2920100009201,横井児童館,奈良県奈良市横井5-337-2,1,1,,1,,1,,,1,34.65071666,135.8301141,
1023,E2920100010201,田原小学校,奈良県奈良市横田町199-1,1,1,,1,,1,,,1,34.65939763,135.9113322,
1024,E2920100011201,田原中学校,奈良県奈良市横田町295-1,1,1,,1,,1,,,1,34.65982399,135.9122082,
1025,E2920100012201,興東公民館狭川分館,奈良県奈良市下狭川町3109-2,1,1,,1,,1,,,1,34.73504709,135.912975,
1026,E2920100013201,二名公民館,奈良県奈良市学園赤松町3684,1,1,,1,,1,,,1,34.705236,135.738125,
1027,E2920100014201,私立帝塚山大学（学園前キャンパス）,奈良県奈良市学園南3-1-3,1,1,,1,,1,,,1,34.696084248187,135.7497935529,
1028,E2920100015201,西部公民館,奈良県奈良市学園南3-1-5,1,1,,1,,1,,,1,34.69663629,135.7502448,
1029,E2920100015202,西部会館（市民ホール）,奈良県奈良市学園南3-1-5,1,1,,1,,1,,,1,34.696722611523,135.75021296777,
1030,E2920100016201,飛鳥小学校,奈良県奈良市紀寺町785,1,1,,1,,1,,,1,34.67500639,135.8359357,
1031,E2920100017201,飛鳥公民館,奈良県奈良市紀寺町984,1,1,,1,,1,,,1,34.67581612,135.8353399,
1032,E2920100018201,興隆寺町公民館,奈良県奈良市興隆寺町356-2,1,,,,,1,,,1,34.62612364,135.876197,
1033,E2920100019201,月ヶ瀬小中学校及び月ヶ瀬体育館,奈良県奈良市月ヶ瀬尾山2551,1,1,,1,,1,,,1,34.711355741996,136.04353694665,
1034,E2920100021201,東人権文化センター,奈良県奈良市古市町1226,1,1,,1,,1,,,1,34.663345,135.83472,
1035,E2920100022201,古市児童館,奈良県奈良市古市町1263,1,1,,1,,1,,,1,34.66151735,135.8347679,
1036,E2920100023201,東市小学校,奈良県奈良市古市町268,1,1,,1,,1,,,1,34.65612446,135.8419301,
1037,E2920100203201,古市公園,奈良県奈良市古市町98-1,1,1,,1,,1,,,,34.653598201582,135.8425159787,
1038,E2920100025201,都跡公民館,奈良県奈良市五条町204-1,1,1,,1,,1,,,1,34.67510876,135.7891228,
1039,E2920100026201,奈良教育大学,奈良県奈良市高畑町,1,1,,1,,1,,,1,34.674319768635,135.84211718981,
1040,E2920100027201,飛鳥中学校,奈良県奈良市高畑町1475-1,1,1,,1,,1,,,1,34.67537561,135.8491484,
1041,E2920100028201,南部公民館精華分館,奈良県奈良市高樋町640-1,1,1,,1,,1,,,1,34.63331181,135.8537978,
1042,E2920100029201,平城宮跡,奈良県奈良市佐紀町外,1,1,,1,,1,,,,34.69194278,135.79783,
1043,E2920100031201,佐保山近隣公園,奈良県奈良市佐保台2-902-374,1,1,,1,,1,,,,34.706934045075,135.8168516061,
1044,E2920100032201,佐保台小学校,奈良県奈良市佐保台3-902-341,1,1,,1,,1,,,1,34.71006304,135.8166795,
1045,E2920100033201,左京小学校,奈良県奈良市左京3-1-1,1,1,,1,,1,,,1,34.71399619,135.8058945,
1046,E2920100034201,鼓阪小学校,奈良県奈良市雑司町97,1,1,,1,,1,,,1,34.69236708,135.8359525,
1047,E2920100035201,富雄中学校,奈良県奈良市三碓2-3-12,1,1,,1,,1,,,1,34.68962136,135.735914,
1048,E2920100036201,育英西中学校・高等学校,奈良県奈良市三松4-637-1,1,1,,1,,1,,,1,34.702908817635,135.72808085568,
1049,E2920100037201,奈良女子高等学校,奈良県奈良市三条宮前町3-6,1,1,,1,,1,,,1,34.681513515403,135.81482755624,
1050,E2920100038201,なら１００年会館,奈良県奈良市三条宮前町7-1,1,1,,1,,1,,,1,34.680222897925,135.81658206946,
1051,E2920100039201,三笠中学校,奈良県奈良市三条川西町3-1,1,1,,1,,1,,,1,34.67981742,135.8063517,
1052,E2920100040201,南部公民館,奈良県奈良市山町27-1,1,1,,1,,1,,,1,34.64375013,135.8287365,
1053,E2920100041201,関西文化芸術高等学校,奈良県奈良市山陵町1179,1,1,,1,,1,,,1,34.711487659893,135.78664017975,
1054,E2920100042201,学校法人東大寺学園,奈良県奈良市山陵町1375,1,1,,1,,1,,,1,34.712939324076,135.78886300232,
1055,E2920100043201,学校法人奈良大学,奈良県奈良市山陵町1500,1,1,,1,,1,,,1,34.715234801441,135.783189749,
1056,E2920100044201,都跡小学校,奈良県奈良市四条大路5-6-1,,1,,1,,1,,,1,34.68057213,135.7882397,
1057,E2920100045201,大安寺西地域ふれあい会館,奈良県奈良市四条大路南町1-22,1,1,,1,,1,,,1,34.677077534711,135.80654869345,
1058,E2920100046201,奈良東国際介護福祉学院,奈良県奈良市鹿野園町806,1,1,,1,,1,,,1,34.663941424573,135.84437650747,
1059,E2920100047201,県立奈良東養護学校（体育館）,奈良県奈良市七条2-670,1,1,,1,,1,,,1,34.664235128867,135.77777929928,
1060,E2920100048201,県立奈良養護学校（体育館）,奈良県奈良市七条町135,,1,,1,,1,,,1,34.662428458844,135.79101444973,
1061,E2920100049201,帯解小学校,奈良県奈良市柴屋町9,1,1,,1,,1,,,1,34.64474334,135.829,
1062,E2920100050201,県立奈良高等学校,奈良県奈良市朱雀2-11,1,1,,1,,1,,,1,34.71952874819,135.79397949041,
1063,E2920100051201,平城第２号公園,奈良県奈良市朱雀2-12,1,1,,1,,1,,,,34.718875340368,135.79532956097,
1064,E2920100052201,朱雀小学校,奈良県奈良市朱雀6-10-1,1,1,,1,,1,,,1,34.71619707,135.7980363,
1065,E2920100053201,平城東中学校,奈良県奈良市朱雀6-11,1,1,,1,,1,,,1,34.71554761,135.8000189,
1066,E2920100054201,平城東公民館,奈良県奈良市朱雀6-9-1,1,1,,1,,1,,,1,34.71603493,135.7972643,
1067,E2920100055201,平城中学校,奈良県奈良市秋篠町1333,1,1,,1,,1,,,1,34.70901508,135.7737473,
1068,E2920100056201,平城小学校,奈良県奈良市秋篠町1394,1,1,,1,,1,,,1,34.71100055,135.7782431,
1069,E2920100057201,平城公民館,奈良県奈良市秋篠町1468,1,1,,1,,1,,,1,34.70621243,135.7776193,
1070,E2920100058201,私立奈良大学附属高等学校,奈良県奈良市秋篠町50,1,1,,1,,1,,,1,34.707629761633,135.78046475915,
1071,E2920100059201,中部公民館,奈良県奈良市上三条町23-4,1,1,,1,,1,,,1,34.68229604,135.8258411,
1072,E2920100060202,ならやま中学校,奈良県奈良市神功2-1,1,1,,1,,1,,,1,34.71966828,135.7803715,
1073,E2920100060203,ならやま小学校,奈良県奈良市神功2-1,1,1,,1,,1,,,1,34.719524,135.781097,
1074,E2920100061202,ならやま小学校,奈良県奈良市神功2-2,1,1,,1,,1,,,1,34.719524,135.781097,
1075,E2920100062201,平城西公民館,奈良県奈良市神功4-25,1,1,,1,,1,,,1,34.720632,135.777422,
1076,E2920100195201,（旧）六郷小学校,奈良県奈良市針ヶ別所町820,1,1,,1,,1,,,1,34.62522636,135.9719169,
1077,E2920100064201,都祁公民館,奈良県奈良市針町2191,1,1,,1,,1,,,1,34.61263685,135.9557221,
1078,E2920100065201,都祁中学校,奈良県奈良市針町2554,1,1,,1,,1,,,1,34.60675566,135.9547433,
1079,E2920100066201,興東小学校,奈良県奈良市須川町1424,1,1,,1,,1,,,1,34.71740135,135.9118986,
1080,E2920100067201,東里地域ふれあい会館,奈良県奈良市須川町776,1,1,,1,,1,,,1,34.716265345647,135.91025460483,
1081,E2920100068201,（旧）水間小学校,奈良県奈良市水間町450-2,1,1,,1,,1,,,1,34.67177334,135.9451116,
1082,E2920100196201,生涯学習センター,奈良県奈良市杉ヶ町23,1,1,,1,,1,,,,34.67745856,135.8211504,
1083,E2920100070201,伏見小学校,奈良県奈良市菅原町370,1,1,,1,,1,,,1,34.68791873,135.7745579,
1084,E2920100071201,辰市小学校,奈良県奈良市西九条町1-7-1,1,1,,1,,1,,,1,34.65903398,135.8068453,
1085,E2920100197201,三碓小学校,奈良県奈良市西千代ヶ丘1-20-9,1,1,,1,,1,,,1,34.68344401,135.7416389,
1086,E2920100073201,西大寺北小学校,奈良県奈良市西大寺赤田町1-6-1,1,1,,1,,1,,,1,34.69915289,135.7733435,
1087,E2920100074201,西大寺北地域ふれあい会館,奈良県奈良市西大寺東町1-1-15,1,1,,1,,1,,,1,34.696159245169,135.78362873346,
1088,E2920100075201,西大寺近隣公園,奈良県奈良市西大寺東町1-72-5,1,1,,1,,1,,,,34.696764064499,135.78360830758,
1089,E2920100076201,伏見中学校,奈良県奈良市西大寺野神町1-6-1,1,1,,1,,1,,,1,34.6959271,135.7739629,
1090,E2920100198201,登美ヶ丘小学校,奈良県奈良市西登美ヶ丘4-21-1,1,1,,1,,1,,,1,34.71981461,135.7392867,
1091,E2920100078201,（旧）男女共同参画センター,奈良県奈良市西之阪町12,1,1,,1,,1,,,1,34.68330109,135.8225173,
1092,E2920100079201,大宮児童館,奈良県奈良市西之阪町5-1,1,1,,1,,1,,,1,34.6826266,135.8225941,
1093,E2920100080201,済美小学校,奈良県奈良市西木辻町5-2,1,1,,1,,1,,,1,34.67497878,135.8237695,
1094,E2920100081201,春日中学校,奈良県奈良市西木辻町67,1,1,,1,,1,,,1,34.67365497,135.819991,
1095,E2920100082201,青山近隣公園,奈良県奈良市青山3-2,1,1,,1,,1,,,,34.706913022384,135.83375032282,
1096,E2920100083201,鼓阪北小学校,奈良県奈良市青山9-3-1,1,1,,1,,1,,,1,34.70868597,135.8374715,
1097,E2920100084201,伏見公民館,奈良県奈良市青野町2-13-4,1,1,,1,,1,,,1,34.6894893912082,135.774146711909,
1098,E2920100085201,北人権・コミュニティセンター,奈良県奈良市川上町418-1,1,1,,1,,1,,,1,34.69625988,135.8370443,
1099,E2920100086201,東之阪児童館,奈良県奈良市川上町461-1,1,1,,1,,1,,,1,34.69689026,135.8360158,
1100,E2920100087201,若草公民館,奈良県奈良市川上町575,,1,,1,,1,,,1,34.69254027,135.8324171,
1101,E2920100088201,公立大学法人奈良県立大学,奈良県奈良市船橋町10,1,1,,1,,1,,,1,34.687553939753,135.82098530885,
1102,E2920100089201,大安寺小学校,奈良県奈良市大安寺2-15-1,1,1,,1,,1,,,1,34.66886173,135.81146,
1103,E2920100090201,大安寺西小学校,奈良県奈良市大安寺西1-342,1,1,,1,,1,,,1,34.67455533,135.8052875,
1104,E2920100091201,大宮小学校,奈良県奈良市大宮町4-223-1,1,1,,1,,1,,,1,34.68372113,135.8111499,
1105,E2920100092201,三笠公民館,奈良県奈良市大宮町4-313-3,1,1,,1,,1,,,1,34.68295712,135.8086619,
1106,E2920100093201,興東公民館大平尾分館,奈良県奈良市大平尾町471,1,1,,1,,1,,,1,34.68294959,135.926472,
1107,E2920100094201,興東公民館,奈良県奈良市大柳生町3633,1,1,,1,,1,,,1,34.70731613,135.9289142,
1108,E2920100095201,（旧）興東中学校,奈良県奈良市大柳生町4736,1,1,,1,,1,,,1,34.716285,135.922291,
1109,E2920100096201,興東館柳生中学校,奈良県奈良市大柳生町832,1,1,,1,,1,,,1,34.71279652,135.9338837,
1110,E2920100097201,大渕池公園,奈良県奈良市大渕池町外,1,1,,1,,1,,,,34.70827178545,135.74587372491,
1111,E2920100098201,柳生地域ふれあい会館,奈良県奈良市丹生町847,1,,,1,,1,,,1,34.696548328638,135.96664334086,
1112,E2920100099201,登美ヶ丘南公民館,奈良県奈良市中山町西2-921-1,1,1,,1,,1,,,1,34.71314654,135.7546335,
1113,E2920100100201,近畿大学農学部,奈良県奈良市中町3327-204,1,1,,1,,1,,,1,34.672102776357,135.73205100595,
1114,E2920100101201,富雄南小学校,奈良県奈良市中町4185,1,1,,1,,1,,,1,34.67451338,135.7494381,
1115,E2920100102201,富雄南公民館,奈良県奈良市中町501-3,1,1,,1,,1,,,1,34.67859221,135.7504538,
1116,E2920100104201,登美ヶ丘公民館,奈良県奈良市中登美ケ丘3-4162-81,1,1,,1,,1,,,,34.7197633,135.7485647,
1117,E2920100105201,中登美ヶ丘近隣公園,奈良県奈良市中登美ケ丘3-6,1,1,,1,,1,,,,34.720886341459,135.75046696686,
1118,E2920100192201,奈良学園大学登美ヶ丘キャンパス,奈良県奈良市中登美ヶ丘3-15-1,1,1,,1,,1,,,,34.720507273552,135.74606708533,
1119,E2920100199201,登美ヶ丘公民館,奈良県奈良市中登美ヶ丘3-4162-81,1,1,,1,,1,,,1,34.7197633,135.7485647,
1120,E2920100106201,中畑町公民館,奈良県奈良市中畑町1276,1,,,,,1,,,1,34.62578541,135.8880791,
1121,E2920100107201,富雄公民館,奈良県奈良市鳥見町2-9,1,1,,1,,1,,,1,34.68926653,135.7268453,
1122,E2920100108201,鳥見小学校,奈良県奈良市鳥見町3-11-2,1,1,,1,,1,,,1,34.69520789,135.7250189,
1123,E2920100109201,椿井小学校,奈良県奈良市椿井町25,1,1,,1,,1,,,1,34.68055564,135.8282022,
1124,E2920100110201,鶴舞小学校,奈良県奈良市鶴舞東町2-1,1,1,,1,,1,,,1,34.70646741,135.7529905,
1125,E2920100111201,私立帝塚山大学（東生駒キャンパス）,奈良県奈良市帝塚山7-1-1,1,1,,1,,1,,,1,34.685880377193,135.72229239088,
1126,E2920100112201,県立奈良西養護学校（体育館）,奈良県奈良市帝塚山西2-1-1,1,1,,1,,1,,,1,34.679379988433,135.72534958757,
1127,E2920100113201,富雄第三小中学校,奈良県奈良市帝塚山南2-11-1,1,1,,1,,1,,,1,34.67566405,135.7327871,
1128,E2920100114201,奈良公園,奈良県奈良市登大路町外,1,1,,1,,1,,,,34.683989118301,135.83389867453,
1129,E2920100115201,（旧）吐山小学校,奈良県奈良市都祁吐山町3939,1,1,,1,,1,,,1,34.57405055,135.9651165,
1130,E2920100116201,都祁小学校,奈良県奈良市都祁白石町974,1,1,,1,,1,,,1,34.60478119,135.9589696,
1131,E2920100117201,県立山辺高等学校,奈良県奈良市都祁友田町937,1,1,,1,,1,,,1,34.596375071523,135.93786651951,
1132,E2920100118201,奈良女子大学附属中等教育学校,奈良県奈良市東紀寺町1-60-1,1,1,,1,,1,,,1,34.673301143496,135.83772607639,
1133,E2920100119201,ならまちセンター（市民文化ホール）,奈良県奈良市東寺林町38,1,1,,1,,1,,,1,34.679906871259,135.8314004294,
1134,E2920100120201,登美ヶ丘中学校,奈良県奈良市東登美ケ丘3-1059,1,1,,1,,1,,,,34.71366843,135.7619975,
1135,E2920100122201,東登美ヶ丘小学校,奈良県奈良市東登美ケ丘4-21-33,1,1,,1,,1,,,,34.72045364,135.7562803,
1136,E2920100200201,登美ヶ丘中学校,奈良県奈良市東登美ヶ丘3-1059,1,1,,1,,1,,,1,34.71366843,135.7619975,
1137,E2920100201201,東登美ヶ丘小学校,奈良県奈良市東登美ヶ丘4-21-33,1,1,,1,,1,,,1,34.72045364,135.7562803,
1138,E2920100123201,富雄南中学校,奈良県奈良市藤ノ木台1-5-13,1,1,,1,,1,,,1,34.6820027,135.7532799,
1139,E2920100124201,都南中学校,奈良県奈良市南永井町98-1,1,1,,1,,1,,,1,34.6486389049996,135.824012364523,
1140,E2920100125201,春日公民館,奈良県奈良市南京終町1-86-1,1,1,,1,,1,,,1,34.67194826,135.8224794,
1141,E2920100126201,済美南小学校,奈良県奈良市南京終町676,1,1,,1,,1,,,1,34.6640923793508,135.821462471517,
1142,E2920100127201,二名中学校,奈良県奈良市二名1-3667-2,1,1,,1,,1,,,1,34.70633449,135.7376574,
1143,E2920100128201,二名小学校,奈良県奈良市二名1-3716-1,1,1,,1,,1,,,1,34.70813737,135.7372089,
1144,E2920100129201,飛鳥カンツリー倶楽部,奈良県奈良市二名7-1441,1,1,,1,,1,,,,34.70259548,135.7177585,
1145,E2920100130201,県立国際中学校・高等学校,奈良県奈良市二名町1944-12,1,1,,1,,1,,,1,34.721115738742,135.74217307343,
1146,E2920100131201,（旧）大柳生幼稚園,奈良県奈良市忍辱山町1303,1,,,1,,1,,,1,34.695721587312,135.91644237861,
1147,E2920100132201,都跡中学校,奈良県奈良市柏木町13,1,1,,1,,1,,,1,34.67640154,135.7959574,
1148,E2920100133201,県立奈良商工高等学校,奈良県奈良市柏木町248,,1,,1,,1,,,1,34.669388557479,135.79658849901,
1149,E2920100134201,柏木公園,奈良県奈良市柏木町255-1,,1,,1,,1,,,,34.666155236659,135.79660656164,
1150,E2920100135201,県立高円芸術高等学校,奈良県奈良市白毫寺町633,1,,,1,,1,,,1,34.668311781708,135.84628486557,
1151,E2920100136201,中人権・コミュニティセンター,奈良県奈良市畑中町4-4,1,1,,1,,1,,,1,34.68691296,135.8201822,
1152,E2920100137201,奈良市消防局第２庁舎,奈良県奈良市八条5-404-1,1,1,,1,,1,,,1,34.669432896128,135.80150260437,
1153,E2920100138201,奈良女子大学附属小学校,奈良県奈良市百楽園1-7-28,1,1,,1,,1,,,1,34.69892862945,135.74672938228,
1154,E2920100139201,青和小学校,奈良県奈良市百楽園4-1-1,1,1,,1,,1,,,1,34.70031307,135.7431163,
1155,E2920100140201,富雄北小学校,奈良県奈良市富雄北1-13-6,1,1,,1,,1,,,1,34.69714717,135.7328044,
1156,E2920100141201,京西中学校,奈良県奈良市平松4-3-1,1,1,,1,,1,,,1,34.674356117961,135.7762102952,
1157,E2920100142201,米谷町集会所,奈良県奈良市米谷町566-1,1,1,,1,,1,,,1,34.61791407,135.8804993,
1158,E2920100143201,奈良国際ゴルフ倶楽部,奈良県奈良市宝来5-10-1,1,1,,1,,1,,,,34.68265904,135.7583564,
1159,E2920100144201,伏見南小学校,奈良県奈良市宝来5-2-1,1,1,,1,,1,,,1,34.68062579446,135.77012129739,
1160,E2920100145201,一条高等学校及び附属中学校,奈良県奈良市法華寺町1351,1,1,,1,,1,,,1,34.69259456,135.8109896,
1161,E2920100030201,鴻ノ池運動公園,奈良県奈良市法蓮佐保山4-1516-1,1,1,,1,,1,,,,34.69867777,135.8295106,
1162,E2920100146201,学校法人奈良育英学園（中学校・高等学校）,奈良県奈良市法蓮町1000,1,1,,1,,1,,,1,34.690953602378,135.8243912404,
1163,E2920100147201,若草中学校,奈良県奈良市法蓮町1416-1,1,1,,1,,1,,,1,34.69511334,135.831437,
1164,E2920100148201,奈良教育大学附属中学校,奈良県奈良市法蓮町2058-2,1,1,,1,,1,,,1,34.697056064979,135.81703296231,
1165,E2920100149201,佐保川小学校,奈良県奈良市法蓮町229-1,1,1,,1,,1,,,1,34.68857164,135.8154905,
1166,E2920100150201,佐保小学校,奈良県奈良市法蓮町280-1,1,1,,1,,1,,,1,34.69113669,135.8208014,
1167,E2920100151201,明治小学校,奈良県奈良市北永井町414,1,1,,1,,1,,,1,34.65627824,135.8224401,
1168,E2920100152201,奈良女子大学,奈良県奈良市北魚屋東町,1,1,,1,,1,,,1,34.688310523793,135.82858265036,
1169,E2920100153201,北椿尾町集会所,奈良県奈良市北椿尾町659,1,1,,,,1,,,1,34.63149,135.867561,
1170,E2920100204201,登美ヶ丘近隣公園,奈良県奈良市北登美ヶ丘1-1761-1,1,1,,1,,1,,,,34.723055644706,135.75424351715,
1171,E2920100156201,柳生小学校,奈良県奈良市柳生下町138,1,1,,1,,1,,,1,34.7381467,135.9512112,
1172,E2920100157201,（旧）柳生中学校,奈良県奈良市柳生町212-2,1,1,,1,,1,,,1,34.73106075,135.9518958,
1173,E2920100158201,柳生公民館,奈良県奈良市柳生町340,1,,,1,,1,,,1,34.728161027723,135.95293909069,
1174,E2920100159201,柳生公民館邑地分館,奈良県奈良市邑地町451-4,1,1,,1,,1,,,1,34.71631042,135.9791433,
1175,E2920100160201,六条小学校,奈良県奈良市六条2-14-1,1,1,,1,,1,,,1,34.67072496,135.771543,
1176,E2920100161201,京西公民館,奈良県奈良市六条西1-3-43-2,1,1,,1,,1,,,1,34.67196403,135.7709684,
1177,E2920100162201,奈良県立大学附属高等学校,奈良県奈良市六条西3-24-1,1,1,,1,,1,,,1,34.667833648367,135.76739568683,
1178,E2920100163201,田原公民館,奈良県奈良市茗荷町1078-1,1,1,,1,,1,,,1,34.657095,135.907699,
1179,E2920100164201,（旧）並松小学校,奈良県奈良市藺生町1894,1,1,,1,,1,,,1,34.59373268,135.9418365,
1180,E2934400001201,斑鳩町あわ保育園,奈良県斑鳩町阿波3-5-33,,1,,1,,1,,,1,34.601459410174,135.741822681604,
1181,E2934400002201,いかるがホール,奈良県斑鳩町興留10-6-43,,1,,1,,1,,,1,34.596787663276,135.738039614892,
1182,E2934400003201,斑鳩町立斑鳩東公民館,奈良県斑鳩町興留5-5-28,,1,,1,,1,,,1,34.6048269166143,135.738088483594,
1183,E2934400004201,斑鳩町立斑鳩東幼稚園,奈良県斑鳩町興留東1-1-16,,1,,1,,1,,,1,34.6091926665207,135.741471565193,
1184,E2934400005201,奈良県立法隆寺国際高等学校,奈良県斑鳩町高安2-1-1,1,1,,1,,1,1,,1,34.6098157470261,135.74879046671,
1185,E2934400006201,斑鳩町総合保健福祉会館（生き生きプラザ斑鳩）,奈良県斑鳩町小吉田1-12-35,,1,,1,,1,,,1,34.6023952783563,135.726402967762,
1186,E2934400007201,斑鳩町立斑鳩西小学校,奈良県斑鳩町神南2-4-25,,1,,1,,1,,,1,34.5976645652122,135.718990140636,
1187,E2934400021202,レイモンド斑鳩こども園,奈良県斑鳩町神南2-4-29,,1,,,,1,,,1,34.597838,135.720359,
1188,E2934400009201,法隆寺五丁地区地域交流館,奈良県斑鳩町法隆寺東1-4-6,1,1,,1,,1,1,,1,34.6136048771359,135.741232074698,"洪水内水氾濫時は2階以上が使用可能
"
1189,E2934400010201,斑鳩町立斑鳩幼稚園,奈良県斑鳩町法隆寺南1-13-15,1,1,,1,,1,1,,1,34.6071178150628,135.732466830103,
1190,E2934400011201,斑鳩町立斑鳩小学校,奈良県斑鳩町法隆寺南1-13-46,1,1,,1,,1,1,,1,34.6079636962139,135.731767947145,
1191,E2934400012201,斑鳩町立斑鳩東小学校,奈良県斑鳩町法隆寺南2-11-5,1,1,,1,,1,1,,1,34.6100823632471,135.743899882338,
1192,E2934400013201,斑鳩町ふれあい交流センターいきいきの里,奈良県斑鳩町法隆寺北1-13-15,1,1,,1,,1,1,,1,34.617593034761,135.738046973423,
1193,E2934400014201,斑鳩町立斑鳩南中学校,奈良県斑鳩町目安北3-1-77,,1,,1,,1,,,1,34.596469102555,135.735050951275,
1194,E2934400015201,斑鳩町たつた保育園,奈良県斑鳩町龍田1-5-1,1,1,,1,,1,1,,1,34.60808573645,135.7254430163,
1195,E2934400016201,斑鳩町立斑鳩西公民館,奈良県斑鳩町龍田西4-2-25,,1,,1,,1,,,1,34.605972211263,135.716579355049,
1196,E2934400022201,斑鳩町龍田西地区地域交流館,奈良県斑鳩町龍田西7-4-17,1,1,,1,,1,1,,1,34.602828,135.713725,
1197,E2934400017201,斑鳩町立斑鳩中央体育館,奈良県斑鳩町龍田南1-1-61,1,1,,1,,1,1,,1,34.6069118873364,135.730746745726,
1198,E2934400018201,斑鳩町立斑鳩中央公民館,奈良県斑鳩町龍田南2-2-43,1,1,,1,,1,1,,1,34.6067428216225,135.728010893838,
1199,E2934400019201,斑鳩町消防コミュニティセンター,奈良県斑鳩町龍田南5-7-47,1,1,,1,,1,1,,1,34.6055571277141,135.722432020762,
1200,E2934400020201,斑鳩町立斑鳩中学校,奈良県斑鳩町龍田北1-20-1,1,,,1,,1,1,,1,34.6131183359131,135.725350394829,
1201,E2934200002201,平群小学校,奈良県平群町吉新2-2-3,1,1,,1,,,,,,34.630493292214,135.70075509326,
1202,E2934200003201,平群町総合文化センター,奈良県平群町吉新3-1-34,1,1,,1,,,,,1,34.630327,135.703363,
1203,E2934200005201,かんぽの宿　大和平群,奈良県平群町上庄2-16-1,1,1,,1,,,,,1,34.64139843622,135.70450221653,
1204,E2934200006201,プリズムへぐり,奈良県平群町西宮2-1-6,,1,,1,,,,,1,34.620074,135.705182,
1205,E2934200012201,市民生活協同組合ならコープ「ディアーズコープたつたがわ」,奈良県平群町椿井734-1,1,1,,1,,,,,1,34.61256775988,135.70890073558,
1206,E2934200013201,平群南小学校,奈良県平群町椿井820,1,1,,1,,,,,1,34.614585514872,135.70962605768,
1207,E2934200014201,平群中学校,奈良県平群町福貴1301,1,1,,1,,,,,1,34.631683651707,135.69473405767,
1208,E2934200015201,総合スポーツセンター　（メインアリーナ）,奈良県平群町福貴72,1,1,,1,,,,,1,34.626307373008,135.68866366257,
1209,E2934200016201,活性化センター　「くまがしステーション」,奈良県平群町平等寺75-1,,1,,1,,,,,1,34.62352322,135.70625822884,
1210,E2934200017201,老人福祉センター　「かしのき荘」,奈良県平群町梨本351-1,,1,,1,,,,,1,34.632210191804,135.69891727302,
1211,E2934200019201,平群北小学校,奈良県平群町緑ヶ丘1-4-1,1,,,1,,,,,,34.645000576038,135.69779482883,
1212,E2940200001201,国営飛鳥歴史公園　キトラ古墳周辺地区,奈良県明日香村大字阿部山67,1,1,,1,,1,1,1,,34.452348128082,135.80441299008,
1213,E2940200002201,近鉄飛鳥駅前広場,奈良県明日香村大字越6,,1,,1,,1,1,1,,34.46471249,135.7984409,
1214,E2940200005201,旧高市小学校跡,奈良県明日香村大字島庄154-3,1,1,,1,,1,1,1,,34.46701084,135.8240937,
1215,E2940200006201,国営飛鳥歴史公園　石舞台地区,奈良県明日香村大字島庄254,1,1,,1,,1,1,1,,34.46610619,135.8257441,
1216,E2940200008201,旧飛鳥小学校跡,奈良県明日香村大字飛鳥225-2,1,1,,1,,1,1,1,,34.4809491,135.8180272,
1217,E2940200009201,国営飛鳥歴史公園　高松塚周辺地区,奈良県明日香村大字平田538,1,1,,1,,1,1,1,,34.46417527,135.8045608,
1218,E2940200010201,国営飛鳥歴史公園　甘樫丘地区,奈良県明日香村大字豊浦788,1,1,,1,,1,1,1,,34.48096796,135.8155335,
1219,E2940200013201,明日香村近隣公園,奈良県明日香村大字檜前209,1,1,,1,,1,1,1,,34.455526815161,135.80112027952,
1220,E2944700001201,弓手原生活改善センター,奈良県野迫川村大字弓手原150,,1,,,,,,,1,34.1009012586125,135.570232584956,
1221,E2944700002201,旧今井小学校,奈良県野迫川村大字今井105,,1,,,,,,,1,34.2034823753584,135.694719417623,
1222,E2944700003201,上生活改善センター,奈良県野迫川村大字上448,,1,,,,,,,1,34.2084950171416,135.653881296809,
1223,E2944700004201,池津川生活改善センター,奈良県野迫川村大字池津川246,,1,,1,,,,,1,34.1761778413283,135.668438053595,
1224,E2944700017201,野迫川村公民館,奈良県野迫川村大字中157,,1,,,,,,,1,34.208794,135.6582,
1225,E2944700005201,健民グランド,奈良県野迫川村大字中369,,1,,,,,,,1,34.2090940227638,135.665901871297,
1226,E2944700005202,旧野川小学校,奈良県野迫川村大字中369,,1,,,,1,,,1,34.2091916219085,135.666352482404,
1227,E2944700007201,平生活改善センター,奈良県野迫川村大字平54,,1,,1,,,,,,34.1131817581278,135.643562765994,
1228,E2944700008201,上垣内生活改善センター,奈良県野迫川村大字北股29,,1,,,,,,,1,34.1683499903125,135.631232651149,
1229,E2944700009201,野迫川小中学校,奈良県野迫川村大字北股51,,1,,1,,1,,,1,34.1741148266934,135.636542877928,
1230,E2944700010201,旧北股小学校,奈良県野迫川村大字北股539,,1,,,,,,,1,34.1450248756946,135.638372489827,
1231,E2944700012201,旧北今西小学校,奈良県野迫川村大字北今西301,,1,,,,,,,1,34.1164962109469,135.618394384635,
1232,E2944700013201,大股生活改善センター,奈良県野迫川村大字北今西50,,1,,,,,,,1,34.1052681230127,135.629970798746,
1233,E2944700014201,立里生活改善センター,奈良県野迫川村大字立里84,,1,,1,,,,,1,34.1421207568511,135.695342859381,
1234,E2944700015201,柞原生活改善センター,奈良県野迫川村大字柞原21,,1,,,,,,,1,34.2075708731197,135.674071274296,
1235,E2944700016201,檜股生活改善センター,奈良県野迫川村大字檜股122,,1,,,,,,,1,34.1259195689384,135.598811214379,
